date,open,high,low,close,volume,change,pct_chg,amplitude,close_5_sma,close_10_sma,close_15_sma,close_20_sma,close_25_sma,close_30_sma,close_35_sma,close_40_sma,close_45_sma,close_50_sma,close_60_sma,close_200_sma,close_12_ema,close_26_ema,macd,macds,macdh,rsi_6,rsi_12,rsi_24,kdjk,kdjd,kdjj,boll,boll_ub,boll_lb,volume_5_sma,volume_10_sma
2020-09-22,0.85000000,7.00000000,0.85000000,5.31930000,166715315.42381001,,,723.52941176,5.31930000,5.31930000,5.31930000,5.31930000,5.31930000,5.31930000,5.31930000,5.31930000,5.31930000,5.31930000,5.31930000,5.31930000,5.31930000,5.31930000,0.00000000,0.00000000,0.00000000,,,,57.55718157,52.51906052,67.63342367,5.31930000,,,166715315.42381001,166715315.42381001
2020-09-23,5.32790000,5.36000000,3.40000000,3.53500000,53155220.86928200,-1.78430000,-33.54388735,36.78747724,4.42715000,4.42715000,4.42715000,4.42715000,4.42715000,4.42715000,4.42715000,4.42715000,4.42715000,4.42715000,4.42715000,4.42715000,4.35280417,4.39283654,-0.04003237,-0.02224021,-0.01779217,0.00000000,0.00000000,0.00000000,52.92429991,52.65414032,53.46461909,4.42715000,6.95053126,1.90376874,109935268.14654601,109935268.14654601
2020-09-24,3.53050000,4.88730000,3.40330000,4.64110000,28912533.31870800,1.10610000,31.28995757,42.03370627,4.49846667,4.49846667,4.49846667,4.49846667,4.49846667,4.49846667,4.49846667,4.49846667,4.49846667,4.49846667,4.49846667,4.49846667,4.46532610,4.48203519,-0.01670909,-0.01997336,0.00326426,42.65687970,40.34345983,39.27836379,55.83083409,53.71303824,60.06642578,4.49846667,6.29978821,2.69714513,82927689.87060000,82927689.87060000
2020-09-25,4.63660000,5.02340000,4.20010000,4.71340000,17910676.09614700,0.07230000,1.55782034,17.75654574,4.55220000,4.55220000,4.55220000,4.55220000,4.55220000,4.55220000,4.55220000,4.55220000,4.55220000,4.55220000,4.55220000,4.55220000,4.54363333,4.54671468,-0.00308135,-0.01425113,0.01116978,44.51341094,42.01165298,40.86268167,58.16039346,55.19548998,64.09020041,4.55220000,6.03859470,3.06580530,66673436.42698675,66673436.42698675
2020-09-26,4.71640000,4.82000000,4.32940000,4.52000000,8304263.78359900,-0.19340000,-4.10319515,10.40200153,4.54576000,4.54576000,4.54576000,4.54576000,4.54576000,4.54576000,4.54576000,4.54576000,4.54576000,4.54576000,4.54576000,4.54576000,4.53721224,4.54051944,-0.00330719,-0.01099556,0.00768836,40.32285507,38.84210208,38.08874167,58.66519455,56.35205817,63.29146732,4.54576000,5.83333771,3.25818229,54999601.89830921,54999601.89830921
2020-09-27,4.52140000,4.71340000,4.10680000,4.64840000,6626177.40545900,0.12840000,2.84070796,13.41619852,4.41158000,4.56286667,4.56286667,4.56286667,4.56286667,4.56286667,4.56286667,4.56286667,4.56286667,4.56286667,4.56286667,4.56286667,4.56423672,4.56212705,0.00210966,-0.00744331,0.00955298,44.48645973,42.01074019,40.86956399,59.69766358,57.46725997,64.15847079,4.56286667,5.71755641,3.40817692,22981774.29463900,46937364.48283417
2020-09-28,4.64850000,4.70500000,4.16670000,4.20210000,5281810.91244600,-0.44630000,-9.60115308,11.58007960,4.54500000,4.51132857,4.51132857,4.51132857,4.51132857,4.51132857,4.51132857,4.51132857,4.51132857,4.51132857,4.51132857,4.51132857,4.48342717,4.49809811,-0.01467093,-0.00927243,-0.00539850,34.45870846,35.11258023,35.14420638,57.96700607,57.63384201,58.63333420,4.51132857,5.60011838,3.42253876,13407092.30327180,40986571.11563586
2020-09-29,4.19990000,4.28990000,3.96070000,4.13940000,4361852.97110400,-0.06270000,-1.49211109,7.83828186,4.44466000,4.46483750,4.46483750,4.46483750,4.46483750,4.46483750,4.46483750,4.46483750,4.46483750,4.46483750,4.46483750,4.46483750,4.41163401,4.44030295,-0.02866895,-0.01393378,-0.01473517,33.19717511,34.25065223,34.43699072,56.47339700,57.24702700,54.92613699,4.46483750,5.50660369,3.42307131,8496956.23375100,36408481.34756938
2020-09-30,4.14290000,4.41100000,3.99580000,4.32930000,3839122.43215200,0.18990000,4.58762139,10.02196529,4.36784000,4.44977778,4.44977778,4.44977778,4.44977778,4.44977778,4.44977778,4.44977778,4.44977778,4.44977778,4.44977778,4.44977778,4.39534541,4.42384988,-0.02850447,-0.01729968,-0.01120479,41.04196652,39.18326823,38.35730236,56.50692591,57.00032664,55.52012446,4.44977778,5.42844106,3.47111450,5682645.50095200,32789663.69030078
2020-10-01,4.32930000,4.53000000,4.01400000,4.15000000,6232982.47650600,-0.17930000,-4.14154713,11.91878595,4.29384000,4.41980000,4.41980000,4.41980000,4.41980000,4.41980000,4.41980000,4.41980000,4.41980000,4.41980000,4.41980000,4.41980000,4.34885255,4.38606126,-0.03720871,-0.02176046,-0.01544825,36.22247457,36.37263301,36.22332988,50.42638598,54.80901309,41.66113177,4.41980000,5.36177044,3.47782956,5268389.23953340,30133995.56892130
2020-10-02,4.14220000,4.21980000,3.63320000,3.91150000,7189956.87541700,-0.23850000,-5.74698795,14.16155666,4.14646000,4.27902000,4.37359091,4.37359091,4.37359091,4.37359091,4.37359091,4.37359091,4.37359091,4.37359091,4.37359091,4.37359091,4.26882758,4.32451052,-0.05568294,-0.02918250,-0.02650043,30.50467597,32.94360091,33.62666416,44.07373534,51.23058717,29.76003167,4.37359091,5.31832886,3.42885296,5381145.13352500,14181459.71408200
2020-10-03,3.91560000,4.19000000,3.86960000,4.01680000,2729615.96465700,0.10530000,2.69206187,8.18265400,4.10940000,4.32720000,4.34385833,4.34385833,4.34385833,4.34385833,4.34385833,4.34385833,4.34385833,4.34385833,4.34385833,4.34385833,4.22401790,4.28670343,-0.06268553,-0.03637755,-0.02630798,35.86814496,35.85619573,35.74860669,38.58020758,47.01379397,21.71303479,4.34385833,5.26788429,3.41983237,4870706.14396720,9138899.22361950
2020-10-04,4.02020000,4.07980000,3.83340000,3.96400000,2483672.14201200,-0.05280000,-1.31447919,6.12904831,4.07432000,4.25949000,4.31463846,4.31463846,4.31463846,4.31463846,4.31463846,4.31463846,4.31463846,4.31463846,4.31463846,4.31463846,4.17886892,4.24889878,-0.07002987,-0.04349955,-0.02653032,34.27640453,35.02404825,35.16046290,35.01122928,43.01293907,19.00780968,4.31463846,5.22407214,3.40520478,4495069.97814880,6496013.10594990
2020-10-05,3.95820000,4.04560000,3.87000000,3.98130000,1883990.19066800,0.01730000,0.43642785,4.43635996,4.00472000,4.18628000,4.29082857,4.29082857,4.29082857,4.29082857,4.29082857,4.29082857,4.29082857,4.29082857,4.29082857,4.29082857,4.14522924,4.21884425,-0.07361502,-0.04979973,-0.02381529,35.40351285,35.55861470,35.52314309,34.08265745,40.03617853,22.17561528,4.29082857,5.18256614,3.39909100,4104043.52985200,4893344.51540200
2020-10-06,3.99490000,4.00000000,3.50000000,3.54240000,3553458.05934700,-0.43890000,-11.02403737,12.51595785,3.88320000,4.08852000,4.24093333,4.24093333,4.24093333,4.24093333,4.24093333,4.24093333,4.24093333,4.24093333,4.24093333,4.24093333,4.04424502,4.14566956,-0.10142453,-0.06050121,-0.04092332,23.25980818,28.96367595,30.94143637,23.89466237,34.65567314,2.37264081,4.24093333,5.18314789,3.29871878,3568138.64642020,4418263.94297680
2020-10-07,3.54010000,3.54620000,3.20700000,3.44200000,3329160.07209500,-0.10040000,-2.83423668,9.58165024,3.78930000,3.96788000,4.11578000,4.19100000,4.19100000,4.19100000,4.19100000,4.19100000,4.19100000,4.19100000,4.19100000,4.19100000,3.94471928,4.07205994,-0.12734066,-0.07425627,-0.05308438,21.25819310,27.68244599,30.01729380,21.85066178,30.38733602,4.77731330,4.19100000,5.18506103,3.19693897,2795979.28575580,4088562.20964040
2020-10-08,3.44090000,3.95990000,3.32280000,3.91470000,3300534.46696100,0.47270000,13.73329460,18.51550466,3.76888000,3.93914000,4.14109333,4.17474706,4.17474706,4.17474706,4.17474706,4.17474706,4.17474706,4.17474706,4.17474706,4.17474706,3.93981433,4.05608653,-0.11627220,-0.08285304,-0.03341916,47.01773332,41.07123247,38.97220850,32.39779569,31.05748924,35.07840857,4.17474706,5.14652906,3.20296506,2910162.98621660,3890434.56509190
2020-10-09,3.91470000,4.32520000,3.80340000,4.24910000,2339370.56800600,0.33440000,8.54216160,13.32924617,3.82590000,3.95011000,4.11496000,4.17887778,4.17887778,4.17887778,4.17887778,4.17887778,4.17887778,4.17887778,4.17887778,4.17887778,3.98987163,4.07515592,-0.08528429,-0.08334821,-0.00193608,58.53348269,48.43828948,44.23921298,47.85451433,36.65649761,70.25054778,4.17887778,5.12229612,3.23545943,2881302.67141540,3688186.32478210
2020-10-10,4.24270000,4.26930000,4.00010000,4.02300000,3382885.21893500,-0.22610000,-5.32112683,6.34501615,3.83424000,3.91948000,4.06893333,4.17067368,4.17067368,4.17067368,4.17067368,4.17067368,4.17067368,4.17067368,4.17067368,4.17067368,3.99519083,4.07012734,-0.07493651,-0.08164127,0.00670476,49.75853055,44.34878013,41.70005148,56.22781728,43.18027083,82.32291018,4.17067368,5.09029695,3.25105042,3181081.67706880,3642562.60346040
2020-10-11,4.02050000,4.17620000,3.93330000,4.09600000,2203938.04742900,0.07300000,1.81456624,6.04153712,3.94496000,3.91408000,4.04066667,4.16694000,4.16694000,4.16694000,4.16694000,4.16694000,4.16694000,4.16694000,4.16694000,4.16694000,4.01126908,4.07256733,-0.06129824,-0.07752521,0.01622697,52.51648324,45.95587587,42.80601048,63.98613563,50.11555910,91.72728868,4.16694000,5.06265831,3.27122169,2911177.67468520,3239658.16055270
2020-10-12,4.08410000,4.71000000,4.05400000,4.41000000,3741254.63913600,0.31400000,7.66601562,16.06229035,4.13856000,3.96393000,4.02477333,4.12147500,4.17851429,4.17851429,4.17851429,4.17851429,4.17851429,4.17851429,4.17851429,4.17851429,4.07450643,4.10375868,-0.02925225,-0.06778074,0.03852849,63.00013624,52.40530084,47.29370740,69.33739714,56.52283844,94.96651452,4.12147500,4.84706469,3.39588531,2993596.58809340,2894787.93692460
2020-10-13,4.40990000,4.56360000,4.32030000,4.48060000,3461676.16187700,0.07060000,1.60090703,5.51713191,4.25174000,4.01031000,4.04334000,4.16875500,4.19224545,4.19224545,4.19224545,4.19224545,4.19224545,4.19224545,4.19224545,4.19224545,4.13860697,4.13796473,0.00064224,-0.05399442,0.05463666,65.08029565,53.75882190,48.24644170,74.47066219,62.50544636,98.40109384,4.16875500,4.85563839,3.48187161,3025824.92707660,2967993.95664660
2020-10-14,4.48080000,4.48480000,4.01250000,4.15960000,2172949.68079700,-0.32100000,-7.16421908,10.54052848,4.23384000,4.02987000,4.04468667,4.14468000,4.19082609,4.19082609,4.19082609,4.19082609,4.19082609,4.19082609,4.19082609,4.19082609,4.14190744,4.13989632,0.00201112,-0.04272680,0.04473792,49.80334749,47.11316919,44.43557406,70.77374374,65.26154549,81.79814025,4.14468000,4.79461501,3.49474499,2992540.74963480,2936921.71052510
2020-10-15,4.15000000,4.23120000,3.99850000,4.12690000,1255397.29857300,-0.03270000,-0.78613328,5.60722892,4.25462000,4.04443000,4.03119333,4.11535500,4.18816250,4.18816250,4.18816250,4.18816250,4.18816250,4.18816250,4.18816250,4.18816250,4.13955593,4.13875339,0.00080254,-0.03397962,0.03478217,48.41408975,46.47470605,44.06558893,67.58391521,66.03566873,70.68040818,4.11535500,4.70761175,3.52309825,2567043.16556240,2874062.42131560
2020-10-16,4.12660000,4.15820000,3.87550000,4.04330000,2158279.79059500,-0.08360000,-2.02573360,6.85067610,4.24408000,4.09452000,4.02408000,4.09152000,4.18236800,4.18236800,4.18236800,4.18236800,4.18236800,4.18236800,4.18236800,4.18236800,4.12451641,4.13047380,-0.00595740,-0.02835393,0.02239653,44.59750731,44.78214069,43.10805570,62.36899615,64.81344453,57.48009937,4.09152000,4.65276682,3.53027318,2557911.51419560,2734544.59444040
2020-10-17,4.04620000,4.21000000,3.96730000,4.19460000,1059554.14978100,0.15130000,3.74199293,5.99822055,4.20100000,4.16978000,4.04295333,4.06883000,4.13738000,4.18283846,4.18283846,4.18283846,4.18283846,4.18283846,4.18283846,4.18283846,4.13544042,4.13596652,-0.00052609,-0.02277149,0.02224540,52.69616629,48.48616550,45.35067290,55.96274131,61.86321013,44.16180368,4.06883000,4.56860972,3.56905028,2021571.41632460,2507584.00220900
2020-10-18,4.18740000,4.24610000,4.07010000,4.11950000,576945.33393700,-0.07510000,-1.79039718,4.20308545,4.12878000,4.19026000,4.04980000,4.06470000,4.16076000,4.18049259,4.18049259,4.18049259,4.18049259,4.18049259,4.18049259,4.18049259,4.13296079,4.13457223,-0.00161144,-0.01852922,0.01691778,48.47543435,46.78672283,44.44328099,47.05484931,56.92708985,27.31036822,4.06470000,4.56119706,3.56820294,1444625.25073660,2235225.08890660
2020-10-19,4.13710000,4.17480000,3.99260000,4.05000000,1117039.44878900,-0.06950000,-1.68709795,4.40405115,4.10686000,4.17035000,4.05553333,4.06023000,4.13711600,4.17583214,4.17583214,4.17583214,4.17583214,4.17583214,4.17583214,4.17583214,4.12007775,4.12748626,-0.00740850,-0.01630077,0.00889226,44.51585054,45.18774382,43.60084989,38.34014120,50.73144030,13.55754300,4.06023000,4.55550360,3.56495640,1233443.20433500,2112991.97698490
2020-10-20,4.05680000,4.09080000,3.69250000,3.80400000,2274226.08162400,-0.24600000,-6.07407407,9.81808322,4.04228000,4.14845000,4.04371333,4.03396500,4.10074000,4.16301034,4.16301034,4.16301034,4.16301034,4.16301034,4.16301034,4.16301034,4.07106462,4.10064333,-0.02957870,-0.01896047,-0.01061823,33.04951847,39.91973332,40.74806530,29.21283779,43.55857280,0.52136777,4.03396500,4.52485331,3.54307669,1437208.96094520,2002126.06325380
2020-10-21,3.80070000,4.10300000,3.79180000,3.95850000,1268228.48236600,0.15450000,4.06151420,8.18796537,4.02532000,4.13470000,4.07145333,4.02439000,4.07828000,4.15619333,4.15619333,4.15619333,4.15619333,4.15619333,4.15619333,4.15619333,4.05363088,4.08895238,-0.03532150,-0.02223673,-0.01308477,43.93350235,44.36365601,43.18430024,29.65392645,38.92369068,11.11439799,4.02439000,4.51321482,3.53556518,1259198.69929940,1908555.10674750
2020-10-22,3.95740000,4.49040000,3.95110000,4.33850000,3221997.41567300,0.38000000,9.59959581,13.62763431,4.05410000,4.12755000,4.13122000,4.04574000,4.06588400,4.12350000,4.16207419,4.16207419,4.16207419,4.16207419,4.16207419,4.16207419,4.09770528,4.10931068,-0.01160540,-0.02010836,0.00850296,62.11240268,53.57689793,48.60749202,46.75679318,41.53472485,57.20092984,4.04574000,4.55083313,3.54064687,1691687.35247780,1856629.38440120
2020-10-23,4.34060000,4.48720000,4.13540000,4.25680000,1398999.50802800,-0.08170000,-1.88313933,8.10487029,4.08156000,4.10517000,4.15402667,4.05774000,4.06807200,4.14756000,4.16503438,4.16503438,4.16503438,4.16503438,4.16503438,4.16503438,4.12229866,4.12125332,0.00104534,-0.01587426,0.01691960,57.31758833,51.57376509,47.58840880,54.74557821,45.93834263,72.36004935,4.05774000,4.57127150,3.54420850,1856098.18729600,1650361.71901630
2020-10-24,4.25390000,4.36200000,4.14000000,4.18210000,933338.63013400,-0.07470000,-1.75483932,5.21874045,4.10798000,4.10742000,4.14956000,4.06864500,4.06978000,4.13226000,4.16555152,4.16555152,4.16555152,4.16555152,4.16555152,4.16555152,4.13153614,4.12614650,0.00538964,-0.01161879,0.01700842,52.84197747,49.71960611,46.65517974,56.95074308,49.60914278,71.63394367,4.06864500,4.58305712,3.55423288,1819358.02356500,1526400.61395000
2020-10-25,4.18030000,4.25260000,4.10000000,4.14790000,877035.36595300,-0.03420000,-0.81777098,3.65045571,4.17676000,4.10952000,4.15788667,4.07697500,4.06252400,4.11341000,4.16503235,4.16503235,4.16503235,4.16503235,4.16503235,4.16503235,4.13406228,4.12788485,0.00617743,-0.00805774,0.01423517,50.66833652,48.84258342,46.22214170,56.99210252,52.07012936,66.83604884,4.07697500,4.59082704,3.56312296,1539919.88043080,1488564.42068800
2020-10-26,4.14090000,4.48970000,4.01410000,4.14800000,2796040.22995100,0.00010000,0.00241086,11.48542587,4.21466000,4.11999000,4.16135333,4.10725500,4.06244400,4.10101000,4.16454571,4.16454571,4.16454571,4.16454571,4.16454571,4.16454571,4.13621276,4.12948295,0.00672981,-0.00509903,0.01182884,50.67545565,48.84546168,46.22366461,57.02385311,53.72137061,63.62881812,4.10725500,4.55567801,3.65883199,1845482.22994780,1552340.46462360
2020-10-27,4.14540000,4.35000000,4.03430000,4.12170000,1224513.04193800,-0.02630000,-0.63404050,7.61567038,4.17130000,4.11270000,4.14213333,4.14124000,4.07085200,4.08345333,4.13032857,4.16335556,4.16335556,4.16335556,4.16335556,4.16335556,4.13397455,4.12886792,0.00510664,-0.00305723,0.00816387,48.46799361,48.06950914,45.86720314,55.94630271,54.46301465,58.91287884,4.14124000,4.46232042,3.82015958,1445985.35520080,1568836.35383930
2020-10-28,4.12140000,4.17920000,3.93080000,4.05960000,1446616.72349300,-0.06210000,-1.50665987,6.02707818,4.13186000,4.10671000,4.11406667,4.14848500,4.07256400,4.07870333,4.14531714,4.16055135,4.16055135,4.16055135,4.16055135,4.16055135,4.12250860,4.12342113,-0.00091253,-0.00262818,0.00171565,43.14295712,46.17983160,45.01194878,52.63362571,53.85321833,50.19444047,4.14848500,4.45421448,3.84275552,1455508.79829380,1655803.49279490
2020-10-29,4.06070000,4.10510000,3.72960000,3.77580000,1634343.73554500,-0.28380000,-6.99083654,9.24717413,4.05060000,4.07929000,4.08848000,4.12482000,4.06503600,4.06658333,4.12059429,4.15042632,4.15042632,4.15042632,4.15042632,4.15042632,4.06907530,4.09621046,-0.02713516,-0.00753059,-0.01960457,26.92199004,38.61231758,41.33634022,37.11326888,48.27323518,14.79333627,4.12482000,4.46865443,3.78098557,1595709.81937600,1707533.92147050
2020-10-30,3.77440000,3.82260000,3.57810000,3.72240000,3139921.29191900,-0.05340000,-1.41426982,6.47785078,3.96550000,4.07113000,4.06151333,4.10979000,4.05468000,4.04635333,4.09228000,4.13945128,4.13945128,4.13945128,4.13945128,4.13945128,4.01566154,4.06707223,-0.05141070,-0.01630807,-0.03510262,24.81531863,37.35577819,40.68405440,30.01456772,42.18701269,5.66967777,4.10979000,4.49603006,3.72354994,2048287.00456920,1794103.44250000
2020-10-31,3.71160000,3.76120000,3.58760000,3.64560000,1268757.58993300,-0.07680000,-2.06318504,4.67722815,3.86502000,4.03984000,4.03500000,4.08727000,4.05880800,4.02954000,4.06729714,4.12710500,4.12710500,4.12710500,4.12710500,4.12710500,3.95865756,4.03434563,-0.07568807,-0.02818565,-0.04750242,21.86277612,35.54113974,39.74288315,22.47789961,35.61730833,-3.80091782,4.08727000,4.52586842,3.64867158,1742830.47656560,1794156.35325670
2020-11-01,3.63550000,3.71420000,3.55210000,3.68140000,1075668.74943000,0.03580000,0.98200571,4.45880897,3.77696000,3.97413000,4.00078667,4.05084000,4.06838400,4.02187000,4.03966857,4.08615750,4.11623415,4.11623415,4.11623415,4.11623415,3.91595728,4.00703761,-0.09108033,-0.04076592,-0.05031441,26.73866905,37.09505551,40.41338251,19.58210941,30.27224203,-1.79815581,4.05084000,4.49753162,3.60414838,1713061.61806400,1579523.48663240
2020-11-02,3.68510000,3.87750000,3.61450000,3.61700000,1196807.92325200,-0.06440000,-1.74933449,7.13684839,3.68844000,3.91015000,3.96728667,4.00766000,4.05647600,4.00854333,4.02295143,4.08820750,4.10434762,4.10434762,4.10434762,4.10434762,3.86992255,3.97695891,-0.10703636,-0.05402114,-0.05301522,23.56444560,35.41942684,39.58653810,15.36204905,25.30217770,-4.51820825,4.00766000,4.44632229,3.56899771,1663099.85801580,1559304.32815480
2020-11-03,3.61740000,3.65130000,3.23680000,3.32300000,2257175.60509200,-0.29400000,-8.12828311,11.45850611,3.59788000,3.82424000,3.91882000,3.96583000,4.01943200,3.98717667,3.99962571,4.05525500,4.08617674,4.08617674,4.08617674,4.08617674,3.78571670,3.92668028,-0.14096359,-0.07141081,-0.06955278,14.27854055,28.91468280,36.07092747,12.53471214,21.04635585,-4.48857528,3.96583000,4.49392398,3.43773602,1787666.23192520,1691688.02565060
2020-11-04,3.32990000,3.37590000,3.00000000,3.17180000,1474605.41632300,-0.15120000,-4.55010533,11.28862729,3.48776000,3.72663000,3.87667333,3.91807500,3.98538400,3.96019333,3.96655429,4.01671500,4.06539545,4.06539545,4.06539545,4.06539545,3.69120727,3.86880507,-0.17759780,-0.09264937,-0.08494844,11.48536868,26.21376647,34.43004057,12.59845007,18.23038725,1.33457569,3.91807500,4.54779921,3.28835079,1454603.05680600,1751445.03068760
2020-11-05,3.17360000,3.38410000,3.02110000,3.33480000,2097043.28514100,0.16300000,5.13903777,11.43811444,3.42560000,3.64531000,3.83509333,3.88265000,3.95493600,3.95327333,3.94326286,3.98708500,4.04916000,4.04916000,4.04916000,4.04916000,3.63634556,3.82796986,-0.19162430,-0.11244521,-0.07917908,29.36146162,33.51718929,37.62210236,17.86301013,18.10792821,17.37317397,3.88265000,4.56058100,3.20471900,1620260.19584760,1681545.33620660
2020-11-06,3.33500000,3.66660000,3.31940000,3.59130000,3199980.72489200,0.25650000,7.69161569,10.41079460,3.40758000,3.59227000,3.78528000,3.85248500,3.92218800,3.95825000,3.93411429,3.96065750,4.01076000,4.03920652,4.03920652,4.03920652,3.62941229,3.80991503,-0.18050275,-0.12605720,-0.05444555,48.86316007,43.17310290,42.23933474,29.74416342,21.98667328,45.25914370,3.85248500,4.52564378,3.17932622,2045122.59094000,1879092.10450200
2020-11-07,3.59400000,3.91930000,3.37000000,3.41260000,3034525.37252800,-0.17870000,-4.97591401,15.28380634,3.36670000,3.52757000,3.72900000,3.81714000,3.87946800,3.94151333,3.91685143,3.94092000,4.00804000,4.02587447,4.02587447,4.02587447,3.59604356,3.77967201,-0.18362844,-0.13757177,-0.04605668,39.70009608,38.88120431,40.08245514,34.79010075,26.25448244,51.86133738,3.81714000,4.50533282,3.12894718,2412666.08079520,2037882.96940550
2020-11-08,3.40930000,3.67000000,3.36130000,3.47540000,1902820.87779200,0.06280000,1.84023911,9.05464465,3.39718000,3.49753000,3.68188667,3.78841000,3.85210000,3.91572333,3.90289143,3.92432000,3.98213556,4.01440625,4.01440625,4.01440625,3.57747690,3.75655853,-0.17908163,-0.14587392,-0.03320770,44.11923684,41.12503708,41.18380240,40.43115387,30.98003958,59.33338243,3.78841000,4.48361140,3.09320860,2341795.13533520,2064730.68363020
2020-11-09,3.46740000,3.53990000,3.26190000,3.41250000,1828111.81139500,-0.06290000,-1.80986361,8.01753475,3.44532000,3.46654000,3.63286000,3.76883500,3.82352400,3.89537333,3.88664000,3.90140000,3.95322667,4.00212245,4.00212245,4.00212245,3.55208877,3.73047202,-0.17838325,-0.15237591,-0.02600735,40.54766559,39.53897330,40.40754257,41.91113510,34.62373809,56.48592913,3.76883500,4.48395006,3.05371994,2412496.41434960,1933549.73557780
2020-11-10,3.42100000,3.63000000,3.36900000,3.57130000,1695101.15596300,0.15880000,4.65347985,7.62934814,3.49262000,3.45911000,3.59441333,3.74947500,3.80464400,3.87788333,3.88746571,3.88693250,3.93214444,3.99350600,3.99350600,3.99350600,3.55504504,3.71842463,-0.16337960,-0.15457667,-0.00880292,52.25678179,45.34443964,43.22663036,48.65579354,39.30108990,67.36520080,3.74947500,4.46393488,3.03501512,2332107.98851400,1976184.09218080
2020-11-11,3.57750000,3.82000000,3.46000000,3.48420000,1409573.37188700,-0.08710000,-2.43888780,10.06289308,3.47120000,3.43939000,3.55191333,3.70676000,3.77622800,3.84702333,3.88867143,3.87625000,3.90627333,3.95680400,3.98351961,3.98351961,3.54414363,3.70072524,-0.15658162,-0.15497767,-0.00160395,46.26010403,42.88078119,42.08712179,49.99403242,42.86540407,64.25128910,3.70676000,4.37350075,3.04001925,1974026.51791300,2009574.55442650
2020-11-12,3.49180000,3.56910000,3.32000000,3.42430000,1075162.17142600,-0.05990000,-1.71918948,7.13385646,3.47354000,3.42012000,3.50956000,3.66513500,3.74842000,3.81181333,3.87466000,3.86143750,3.88898889,3.95459000,3.97276538,3.97276538,3.52570303,3.67986804,-0.15416501,-0.15481513,0.00065013,42.25818073,41.20133914,41.30573045,48.71424925,44.81501913,56.51270948,3.66513500,4.28991575,3.04035425,1582153.87769260,1997409.97924390
2020-11-13,3.42680000,3.70180000,3.39110000,3.67450000,2067256.88164900,0.25020000,7.30660281,9.06676783,3.51336000,3.45527000,3.50280667,3.63975500,3.73340000,3.79564333,3.85824286,3.85420000,3.87865778,3.93525800,3.96713774,3.96713774,3.54859814,3.67946356,-0.13086542,-0.15002516,0.01915974,59.72291316,50.10569232,45.69977900,56.72466316,48.78490047,72.60418853,3.63975500,4.21542288,3.06408712,1615041.07846400,1978418.10689960
2020-11-14,3.67790000,3.70420000,3.39600000,3.48940000,1558296.05820400,-0.18510000,-5.03742006,8.37978194,3.52874000,3.48703000,3.48727333,3.60683000,3.72081600,3.77439333,3.84299714,3.84190250,3.85999333,3.91077800,3.95829074,3.95829074,3.53948964,3.66516063,-0.12567099,-0.14515429,0.01948330,47.08089195,44.64872136,43.20297027,49.35178335,48.97386143,50.10762718,3.60683000,4.13335453,3.08030547,1561077.92782580,1986787.17108770
2020-11-15,3.48400000,3.64150000,3.41010000,3.54530000,1550016.68820200,0.05590000,1.60199461,6.64179104,3.52354000,3.50808000,3.48058667,3.57669500,3.70428800,3.75779333,3.82726286,3.84197500,3.84655556,3.89128400,3.95078182,3.95078182,3.54038363,3.65615133,-0.11576770,-0.13927695,0.02350925,50.85118588,46.56596155,44.16429905,47.27092828,48.40621705,45.00035074,3.57669500,4.03772176,3.11566824,1532061.03427360,1932084.51139380
2020-11-16,3.53480000,3.82000000,3.45500000,3.70000000,2430446.32783600,0.15470000,4.36352354,10.32590246,3.56670000,3.51895000,3.48182667,3.55561000,3.67874800,3.74130667,3.80697714,3.84842500,3.84185556,3.87231600,3.94630357,3.94630357,3.56494212,3.65944361,-0.09450149,-0.13032182,0.03582033,60.25501596,51.62467236,46.76622820,57.68011118,51.49751509,70.04530335,3.55561000,3.94463688,3.16658312,1736235.62546340,1855131.07168820
2020-11-17,3.70620000,3.93330000,3.68810000,3.83550000,1866137.89559700,0.13550000,3.66216216,6.61594086,3.64894000,3.56124000,3.49639333,3.54440500,3.66189600,3.73184000,3.78854571,3.84644500,3.83782667,3.86498400,3.94435965,3.94435965,3.60656946,3.67264911,-0.06607966,-0.11747335,0.05139369,66.90963904,55.63771101,48.94087750,66.93121502,56.64208173,87.50948159,3.54440500,3.88179297,3.20701703,1894430.77029760,1738292.32399510
2020-11-18,3.84760000,3.87390000,3.55000000,3.74450000,1983620.13266600,-0.09100000,-2.37257202,8.41823474,3.66294000,3.58815000,3.52449333,3.54284000,3.64439200,3.72165667,3.77668571,3.83383000,3.83294889,3.85708600,3.94091379,3.94091379,3.62779085,3.67803342,-0.05024257,-0.10402716,0.05378459,58.95460226,52.44995411,47.57880256,67.69271609,60.32562652,82.42689524,3.54284000,3.87597216,3.20970784,1877703.42050100,1746372.24948250
2020-11-19,3.74980000,3.82720000,3.55630000,3.63990000,1423279.11502300,-0.10460000,-2.79343036,7.22438530,3.69304000,3.61089000,3.55570000,3.53871500,3.62407200,3.71618667,3.76277143,3.82425250,3.82536222,3.84329800,3.93581186,3.93581186,3.62965390,3.67517827,-0.04552437,-0.09232658,0.04680221,50.64859272,48.93428465,46.04186627,62.51529190,61.05551498,65.43484573,3.53871500,3.86444639,3.21298361,1850700.03186480,1705888.97984530
2020-11-20,3.64320000,4.01110000,3.62240000,3.71500000,2485341.37747400,0.07510000,2.06324350,10.66919192,3.72698000,3.62526000,3.58104667,3.54218500,3.60675200,3.70807000,3.75339143,3.81472750,3.82919778,3.83459800,3.93213167,3.93213167,3.64278465,3.67815745,-0.03537280,-0.08093581,0.04556301,55.99065685,51.48150803,47.31685318,60.72861451,60.94654815,60.29274721,3.54218500,3.87413003,3.21023997,2037764.96971920,1784913.00199640
2020-11-21,3.71240000,4.09830000,3.67000000,4.02810000,2180220.32288000,0.31310000,8.42799462,11.53701110,3.79260000,3.67965000,3.61016667,3.55952000,3.60300800,3.69772333,3.74863429,3.80518000,3.84222222,3.83693000,3.91061167,3.93370492,3.70206616,3.70431835,-0.00225219,-0.06519907,0.06294688,71.45113173,60.45330601,52.22764979,70.51025281,64.13444971,83.26185901,3.55952000,3.95264866,3.16639134,1987719.76872800,1861977.69709570
2020-11-22,4.02910000,4.06020000,3.71000000,3.88920000,2174569.09352200,-0.13890000,-3.44827586,8.69176739,3.80334000,3.72614000,3.64194000,3.57313000,3.59619200,3.68547000,3.74205429,3.79039500,3.84165556,3.83437800,3.91651500,3.93298710,3.73085690,3.71813023,0.01272667,-0.04961390,0.06234057,60.19391652,55.48765386,50.06723839,70.41563486,66.22817809,78.79054841,3.57313000,3.99260172,3.15365828,2049406.00831300,1971918.38930530
2020-11-23,3.90660000,4.25750000,3.85190000,4.07470000,2502647.90818800,0.18550000,4.76961843,10.38242973,3.86938000,3.76616000,3.68189333,3.61071500,3.60814800,3.68189000,3.74276000,3.78827250,3.83778000,3.83659200,3.90707500,3.93523651,3.78375726,3.74475151,0.03900575,-0.03188996,0.07089571,68.21845076,60.24513181,52.78872843,73.08646761,68.51427460,82.23085364,3.61071500,4.06875391,3.15267609,2153211.56341740,2015457.49195920
2020-11-24,4.07480000,4.33340000,3.86500000,4.26000000,3523674.51983300,0.18530000,4.54757405,11.49504270,3.99340000,3.84322000,3.73839333,3.66512500,3.62965200,3.68562667,3.75578857,3.79160000,3.84304667,3.84216600,3.89951833,3.94031094,3.85702704,3.78319714,0.07382989,-0.01074598,0.08457587,74.40373583,64.39237389,55.32668538,79.27227774,72.10027565,93.61628193,3.66512500,4.16063409,3.16961591,2573290.64437940,2211995.33812210
2020-11-25,4.26000000,4.39890000,3.90010000,4.04530000,3224315.91348600,-0.21470000,-5.03990610,11.70892019,4.05946000,3.89322000,3.76999333,3.70065000,3.64564000,3.68220333,3.75826857,3.79165000,3.84192000,3.85222400,3.89160667,3.94192615,3.88599267,3.80274355,0.08324912,0.00805305,0.07519607,58.55810477,56.89074042,51.95019318,72.29688348,72.16581159,72.55902725,3.70065000,4.19831653,3.20298347,2721085.55158180,2379425.26065050
2020-11-26,4.03630000,4.08900000,3.28000000,3.54470000,3583580.90367000,-0.50060000,-12.37485477,20.04310879,3.96278000,3.87769000,3.77402667,3.69832000,3.64017200,3.66297000,3.73558857,3.77540250,3.82269111,3.85427800,3.87321167,3.93590758,3.83348525,3.78350951,0.04997574,0.01643759,0.03353815,36.69342579,43.88615992,45.23379641,56.08364341,66.80508886,34.64075251,3.69832000,4.19857178,3.19806822,3001757.66773980,2494738.71823390
2020-11-27,3.53990000,3.75810000,3.41780000,3.59420000,1370077.82828900,0.04950000,1.39645104,9.61326591,3.90378000,3.85356000,3.78535333,3.70740000,3.63926000,3.64745667,3.71665714,3.76227000,3.80299333,3.84786800,3.86308000,3.93080746,3.79667162,3.76940531,0.02726632,0.01860334,0.00866298,39.37922284,45.23651734,45.95474534,46.74947932,60.11988568,20.00866659,3.70740000,4.19216851,3.22263149,2840859.41469320,2445132.71150310
2020-11-28,3.59030000,3.69980000,3.47520000,3.62710000,921787.75397900,0.03290000,0.91536364,6.25574465,3.81426000,3.84182000,3.78219333,3.71498500,3.65142400,3.64250000,3.70080000,3.75169750,3.79116000,3.83542800,3.85454167,3.92634118,3.77058338,3.75880763,0.01177575,0.01723782,-0.00546207,41.36333221,46.17567095,46.44370887,41.50683255,53.91553464,16.68942837,3.71498500,4.18909932,3.24087068,2524687.38385140,2338949.47363440
2020-11-29,3.62990000,3.76620000,3.53100000,3.70130000,812005.09810600,0.07420000,2.04571145,6.47951734,3.70252000,3.84796000,3.79632000,3.72942500,3.67260400,3.64179667,3.68804000,3.74913000,3.78170222,3.82899400,3.84407500,3.92307971,3.75992429,3.75452665,0.00539764,0.01486978,-0.00947215,46.13469545,48.35474777,47.56024043,40.22223907,49.35110278,21.96451164,3.72942500,4.18184439,3.27700561,1982353.49950600,2277822.07194270
2020-11-30,3.71240000,3.82000000,3.64180000,3.70240000,993718.70958400,0.00110000,0.02971929,4.80012930,3.63394000,3.84670000,3.80679333,3.73598000,3.68730800,3.64369000,3.67530857,3.74272750,3.77412667,3.82112200,3.83661500,3.91992714,3.75107433,3.75064768,0.00042665,0.01198116,-0.01155451,46.21255719,48.38854004,47.57714691,39.39861369,46.03360642,26.12862824,3.73598000,4.18251358,3.28944642,1536234.05872560,2128659.80515370
2020-12-01,3.70440000,3.81280000,3.45010000,3.55430000,1646953.63585400,-0.14810000,-4.00010804,9.79105928,3.63586000,3.79932000,3.79708000,3.73948500,3.68582800,3.63945333,3.65909714,3.72312250,3.75989778,3.80400800,3.83066167,3.91477746,3.72080114,3.73604154,-0.01524040,0.00653685,-0.02177724,37.46340668,44.14597021,45.51557509,34.43745873,42.16822386,18.97592848,3.73948500,4.17873841,3.30023159,1148908.60516240,2075333.13645110
2020-12-02,3.55000000,3.84580000,3.50590000,3.74000000,957259.82532700,0.18570000,5.22465746,9.57464789,3.66502000,3.78440000,3.79071333,3.75527000,3.69892400,3.64355333,3.64996571,3.71020250,3.75146444,3.78919600,3.82604833,3.91235000,3.72375483,3.73633591,-0.01258108,0.00271326,-0.01529434,51.32839842,50.12726334,48.43880708,36.66224123,40.33289632,29.32093107,3.75527000,4.16876786,3.34177214,1066345.00457000,1953602.20963160
2020-12-03,3.73840000,3.89660000,3.71030000,3.81230000,826292.00677500,0.07230000,1.93315508,4.98341536,3.70206000,3.75816000,3.79523333,3.76216000,3.71240000,3.65986333,3.65100857,3.70095750,3.74618222,3.78225000,3.82352000,3.91097945,3.73737723,3.74198339,-0.00460616,0.00124938,-0.00585553,55.89678918,52.29697225,49.53872166,40.29933072,40.32170778,40.25457660,3.76216000,4.17458197,3.34973803,1047245.85512920,1785966.61949030
2020-12-04,3.80760000,3.86000000,3.50910000,3.53480000,1127218.75355900,-0.27750000,-7.27907038,9.21577897,3.66876000,3.68564000,3.78822667,3.76443000,3.71729200,3.67196333,3.64564857,3.68563000,3.74020000,3.77040800,3.81607833,3.90589595,3.70621137,3.72658470,-0.02037333,-0.00307516,-0.01729816,39.02566953,44.23851252,45.63944167,37.36477837,39.33606465,33.42220582,3.76443000,4.17098884,3.35787116,1110288.58621980,1546321.04286290
2020-12-05,3.53370000,3.71820000,3.50590000,3.63820000,643773.56503800,0.10340000,2.92520086,6.00786711,3.65592000,3.64493000,3.78310667,3.76907500,3.71996800,3.68207667,3.64543714,3.67288500,3.73308222,3.76230600,3.81767500,3.90232667,3.69574804,3.72001723,-0.02426919,-0.00731397,-0.01695522,46.27609383,47.52529962,47.25369837,40.25376759,39.64196563,41.47737152,3.76907500,4.16712617,3.37102383,1040299.55731060,1288266.80801810
2020-12-06,3.63840000,3.67330000,3.50770000,3.60550000,712690.46415800,-0.03270000,-0.89879611,4.55145119,3.66616000,3.65101000,3.75493333,3.76435000,3.72482000,3.68255000,3.64326857,3.65998000,3.71679333,3.75052400,3.82040000,3.89842105,3.68186369,3.71150995,-0.02964627,-0.01178043,-0.01786584,44.27801339,46.57811442,46.79513431,38.43718885,39.24037337,36.83081980,3.76435000,4.16805687,3.36064313,853446.92297140,1001177.76406690
2020-12-07,3.60360000,3.60960000,3.30000000,3.38950000,1099574.28148200,-0.21600000,-5.99084732,8.59140859,3.59606000,3.63054000,3.72162000,3.74205000,3.72342800,3.68178000,3.63676857,3.64322750,3.69752000,3.73592400,3.81164667,3.89181169,3.63688454,3.68759353,-0.05070899,-0.01956614,-0.03114284,32.98790219,40.72878533,43.86130303,30.62535129,36.36869934,19.13865518,3.74205000,4.17725250,3.30684750,881909.81420240,974127.40938620
2020-12-08,3.38960000,3.39480000,3.08500000,3.11720000,3046976.72763200,-0.27230000,-8.03363328,9.13972150,3.45704000,3.57955000,3.65778667,3.71068500,3.70113600,3.66984000,3.63088857,3.62676250,3.67385556,3.71726800,3.79278167,3.88188077,3.55693290,3.64523748,-0.08830458,-0.03331383,-0.05499075,23.80540502,34.73061167,40.51953582,21.73939141,31.49226336,2.23364750,3.71068500,4.22784568,3.19352432,1326046.75837380,1186646.30675150
2020-12-09,3.11850000,3.44110000,2.80010000,3.26520000,4695416.74056900,0.14800000,4.74785064,20.55475389,3.40312000,3.53594000,3.59146667,3.69195000,3.69216800,3.66493000,3.63355714,3.61533250,3.65424000,3.70649200,3.78015167,3.87407468,3.51205083,3.61702198,-0.10497115,-0.04764529,-0.05732586,35.51313481,39.97230801,42.98327327,28.63185450,30.53879374,24.81797601,3.69195000,4.24575757,3.13814243,2039686.35577580,1574987.47099780
2020-12-10,3.26440000,3.35830000,3.06430000,3.14990000,3565572.16802000,-0.11530000,-3.53117726,9.00624923,3.30546000,3.48069000,3.53177333,3.66369500,3.67635200,3.65088333,3.62827429,3.60294000,3.63206000,3.69032000,3.76438333,3.86502250,3.45633523,3.58234688,-0.12601165,-0.06331857,-0.06269309,31.05252456,37.41840864,41.58308080,29.72173793,30.26644180,28.63233017,3.66369500,4.26791845,3.05947155,2624046.07637220,1832172.81684140
2020-12-11,3.14820000,3.30700000,3.01310000,3.23750000,2337159.33137000,0.08760000,2.78104067,9.33549330,3.23186000,3.44901000,3.51129333,3.62416500,3.65785200,3.64266000,3.61816571,3.59184250,3.61241111,3.66830000,3.74484167,3.85727531,3.42266823,3.55675246,-0.13408423,-0.07747170,-0.05661253,38.13677447,40.56575587,43.05373874,33.11134558,31.21474306,36.90455061,3.62416500,4.23144663,3.01688337,2948939.84981460,1901193.38639300
2020-12-12,3.23200000,3.45000000,3.23180000,3.33320000,2344805.08418400,0.09570000,2.95598456,6.75123762,3.22060000,3.40833000,3.49389333,3.59636500,3.63776000,3.63962333,3.61589714,3.58474750,3.59626889,3.64982800,3.72571833,3.85088415,3.40890387,3.54016288,-0.13125901,-0.08822916,-0.04302985,45.48050014,43.92662168,44.64243630,38.83996300,33.75648304,49.00692292,3.59636500,4.20346639,2.98926361,3197986.01035500,2039947.91227870
2020-12-13,3.34090000,3.41730000,3.28060000,3.34050000,2004392.17329300,0.00730000,0.21900876,4.09171181,3.26526000,3.36115000,3.47478667,3.55965500,3.62160000,3.62849000,3.61204286,3.58518500,3.58659556,3.63299600,3.71206667,3.84473494,3.39838019,3.52534812,-0.12696793,-0.09597692,-0.03099102,46.06654958,44.18924411,44.76509095,45.51353885,37.67550164,61.18961327,3.55965500,4.13281384,2.98649616,2989469.09948720,2157757.92893050
2020-12-14,3.34010000,3.34240000,3.13570000,3.14330000,3373687.91354700,-0.19720000,-5.90330789,6.18843747,3.24088000,3.32200000,3.43758667,3.50382000,3.60173600,3.61695333,3.60435143,3.58447250,3.57372667,3.61290400,3.69567333,3.83638452,3.35913705,3.49700411,-0.13786706,-0.10435495,-0.03351212,34.16244696,38.82987468,42.13359339,43.44359607,39.59819978,51.13438863,3.50382000,4.00243807,3.00520193,2725123.33408280,2382404.84492930
2020-12-15,3.14390000,3.54410000,3.06000000,3.30140000,2892716.32849400,0.15810000,5.02974581,15.39807246,3.27118000,3.28832000,3.41085333,3.46662500,3.58519200,3.60882333,3.59664000,3.58363750,3.56607778,3.59597200,3.68330833,3.83009059,3.35025442,3.48249400,-0.13223958,-0.10993187,-0.02230770,47.27128918,44.69619355,44.84596479,49.60476921,42.93372293,62.94686178,3.46662500,3.90216431,3.03108569,2590552.16617760,2607299.12127490
2020-12-16,3.30120000,3.38440000,3.14510000,3.34090000,2159766.50723000,0.03950000,1.19646211,7.24887920,3.29186000,3.26186000,3.39662667,3.45643500,3.55770400,3.59685333,3.59254571,3.57737750,3.55851111,3.58035600,3.66908000,3.82440233,3.34881528,3.47199153,-0.12317625,-0.11258075,-0.01059550,50.24161057,46.10492801,45.51181057,57.29923682,47.72222756,76.45325535,3.45643500,3.89381552,3.01905448,2555073.60134960,2752006.72558210
2020-12-17,3.34440000,3.38230000,3.17610000,3.20790000,2081508.25075400,-0.13300000,-3.98096321,6.16553044,3.26680000,3.24370000,3.36115333,3.43712000,3.53045200,3.57593333,3.58636286,3.57226000,3.54942000,3.56332200,3.65388667,3.81731609,3.32713599,3.45240498,-0.12526898,-0.11511839,-0.01015059,40.92634849,42.16017659,43.65991212,56.47010053,50.63818522,68.13393117,3.43712000,3.88292199,2.99131801,2502414.23466360,2850200.12250930
2020-12-18,3.20680000,3.47370000,3.14240000,3.40810000,2155784.99468600,0.20020000,6.24084292,10.33117126,3.28032000,3.27279000,3.33420667,3.42617000,3.50378800,3.56472000,3.57875143,3.57057750,3.55131111,3.55596800,3.64318833,3.81266591,3.33959200,3.44911937,-0.10952737,-0.11400019,0.00447282,55.74701599,49.28551227,47.04445730,62.44271611,54.57302885,78.18209064,3.42617000,3.86299200,2.98934800,2532692.79894220,2761080.94921470
2020-12-19,3.40810000,3.60760000,3.37830000,3.46510000,1766889.22922900,0.05700000,1.67248614,6.72808896,3.34468000,3.29278000,3.32956000,3.41436000,3.47199200,3.55889333,3.57805714,3.57189250,3.55782889,3.55082200,3.63754000,3.80876067,3.35890093,3.45030437,-0.09140344,-0.10948084,0.01807740,59.24076721,51.15448269,47.97300817,66.97190326,58.70598698,83.50373580,3.41436000,3.83222259,2.99649741,2211333.06207860,2468228.19808070
2020-12-20,3.45800000,3.49800000,3.27550000,3.30400000,1410347.25904600,-0.16110000,-4.64921647,6.43435512,3.34520000,3.30819000,3.30728000,3.39444000,3.44234000,3.54519333,3.57116286,3.56521000,3.55714444,3.54399000,3.62663167,3.80315222,3.35045463,3.43945637,-0.08900174,-0.10538502,0.01638328,46.72856417,45.93504436,45.61417001,59.50062603,58.97086667,60.56014476,3.39444000,3.79197705,2.99690295,1914859.24818900,2252705.70718330
2020-12-21,3.30410000,3.35640000,2.92500000,3.08920000,2612957.51676400,-0.21480000,-6.50121065,13.05650555,3.29486000,3.29336000,3.27286000,3.37118500,3.42412000,3.51389667,3.55371143,3.55533500,3.54598667,3.53214600,3.60581000,3.79530659,3.31026160,3.41348785,-0.10322625,-0.10495327,0.00172701,34.92588684,39.99876949,42.69348362,47.68544519,55.20905951,32.63821655,3.37118500,3.78348789,2.95888211,2005497.45009580,2280285.52572270
2020-12-22,3.09220000,3.13310000,2.91980000,3.07610000,1491311.87434900,-0.01310000,-0.42405801,6.89800142,3.26850000,3.26765000,3.25196667,3.33799000,3.40339600,3.48679333,3.53201429,3.54663000,3.53850889,3.52132800,3.58613167,3.78748913,3.27423673,3.38847511,-0.11423838,-0.10681029,-0.00742809,34.29200367,39.65779335,42.52022251,39.36517321,49.92776408,18.23999148,3.33799000,3.73175254,2.94422746,1887458.17481480,2194936.20473920
2020-12-23,3.07050000,3.69370000,2.75010000,2.94650000,9261933.81255100,-0.12960000,-4.21312701,30.73115128,3.17618000,3.22825000,3.24058667,3.29470000,3.37617200,3.44918667,3.50921429,3.52843000,3.52675556,3.51379800,3.56553833,3.77844624,3.22381569,3.35571069,-0.13189500,-0.11182723,-0.02006777,28.21307374,36.31657748,40.81048901,33.18141687,44.34564834,10.85295394,3.29470000,3.65810391,2.93129609,3308687.93838780,2920690.36866500
2020-12-24,2.95250000,3.11530000,2.76790000,3.10060000,2685159.91549900,0.15410000,5.22993382,11.76629975,3.10328000,3.22398000,3.22961333,3.27299000,3.35214400,3.41054000,3.49380571,3.51871000,3.51982444,3.51237400,3.54808333,3.77123511,3.20485942,3.33679996,-0.13194053,-0.11584989,-0.01609064,42.70510033,42.59058858,43.62313366,34.50260348,41.06463339,21.37854366,3.27299000,3.62777584,2.91820416,3492342.07564180,2851837.56886020
2020-12-25,3.11710000,3.13010000,2.84000000,2.95170000,2616820.76836000,-0.14890000,-4.80229633,9.30672741,3.03282000,3.18901000,3.21640000,3.23866500,3.32211600,3.37408667,3.47199714,3.50387000,3.50605556,3.50471200,3.52814500,3.76260842,3.16591182,3.30825497,-0.14234315,-0.12114854,-0.02119461,34.60491651,38.58373249,41.62861747,30.12339737,37.41755472,15.53508269,3.23866500,3.57713883,2.90019117,3733636.77750460,2824248.01284680
2020-12-26,2.94970000,2.99750000,2.85000000,2.91780000,1389240.08446800,-0.03390000,-1.14849070,5.00050853,2.99854000,3.14670000,3.19508667,3.20428000,3.29665600,3.35319000,3.44027429,3.48431500,3.49346889,3.49124200,3.50808000,3.75380833,3.12774076,3.27931448,-0.15157372,-0.12723358,-0.02434014,32.90002181,37.70277098,41.18130682,26.00638530,33.61383158,10.79149276,3.20428000,3.52510833,2.88345167,3488893.29104540,2747195.37057060
2020-12-27,2.92230000,3.07590000,2.84010000,2.90260000,1671043.03238800,-0.01520000,-0.52094043,8.06898676,2.96384000,3.11617000,3.16638000,3.17993500,3.26316000,3.33013667,3.41208571,3.46099250,3.48187556,3.48104200,3.48879667,3.74503299,3.09310372,3.25139371,-0.15829000,-0.13344486,-0.02484513,32.05041392,37.28634770,40.97530703,22.72475991,29.98414102,8.20599768,3.17993500,3.51515596,2.84471404,3524839.52265320,2706148.84873400
2020-12-28,2.91680000,3.04960000,2.86850000,2.95770000,2756574.76055400,0.05510000,1.89829808,6.20885902,2.96608000,3.07113000,3.14086000,3.17196000,3.22897600,3.30782333,3.38017143,3.44132250,3.46594667,3.47068800,3.47516167,3.73699898,3.07227238,3.22962708,-0.15735471,-0.13822683,-0.01912788,38.91261073,39.91089284,42.07140916,22.48345588,27.48391264,12.48254235,3.17196000,3.52077842,2.82314158,2223767.71225380,2766227.82532080
2020-12-29,2.96090000,3.01000000,2.83220000,2.92480000,2414759.35066800,-0.03290000,-1.11235081,6.00493093,2.93092000,3.01710000,3.12629333,3.15494000,3.20457600,3.28194000,3.34202286,3.42344500,3.45340000,3.46093400,3.46186833,3.72879495,3.04958432,3.20703621,-0.15745189,-0.14207184,-0.01538005,36.28687244,38.85179543,41.59019768,21.16037090,25.37606539,12.72898190,3.15494000,3.51754857,2.79233143,2169687.59928760,2831014.83746470
2020-12-30,2.92500000,2.94000000,2.83270000,2.91620000,1281341.75020800,-0.00860000,-0.29403720,3.66837607,2.92382000,2.97832000,3.10061333,3.14325500,3.17569600,3.25573333,3.30976286,3.40347500,3.43942000,3.44783200,3.44971167,3.72066900,3.02906365,3.18548299,-0.15641934,-0.14494134,-0.01147799,35.53473375,38.56000392,41.46084572,19.97451320,23.57554799,12.77244360,3.14325500,3.52128152,2.76522848,1902591.79565720,2818114.28658090
2020-12-31,2.91660000,3.29970000,2.78000000,3.18590000,2566199.28913500,0.26970000,9.24833688,17.81869300,2.97744000,2.98799000,3.09028000,3.14067500,3.15891200,3.24345333,3.29951143,3.38242000,3.42799556,3.44186600,3.44145333,3.71537426,3.05319232,3.18551389,-0.13232157,-0.14241739,0.01009582,63.78419898,51.11940873,46.86839945,28.71128349,25.28745983,35.55893082,3.14067500,3.51669224,2.76465776,2137983.63659060,2813438.46381800
2021-01-01,3.18590000,3.86000000,3.01780000,3.64970000,13320352.51523900,0.46380000,14.55789573,26.43523023,3.12686000,3.04535000,3.11973333,3.15650000,3.16932000,3.24044333,3.30109714,3.37643250,3.42386667,3.44637400,3.44199833,3.71473039,3.14496274,3.21991145,-0.07494871,-0.12892365,0.05397494,80.98215424,64.66868369,54.42332579,46.05536288,32.21009418,73.74590028,3.15650000,3.58902735,2.72397265,4467845.53316080,3996342.52790700
2021-01-02,3.65440000,3.93900000,3.28510000,3.49560000,6320501.64306500,-0.15410000,-4.22226484,17.89349825,3.23444000,3.10026000,3.12556667,3.16425500,3.18445600,3.22988667,3.29734000,3.36195500,3.41833556,3.44279600,3.44487500,3.71260291,3.19890693,3.24034020,-0.04143326,-0.11142557,0.06999231,68.09025705,58.76455873,51.86639654,51.28453585,38.56824140,76.71712475,3.16425500,3.61581593,2.71269407,5180630.90966300,3702199.31095840
2021-01-03,3.50050000,3.83000000,3.39160000,3.46910000,3561844.03736200,-0.02650000,-0.75809589,12.52392515,3.34330000,3.13711000,3.12583333,3.18054500,3.19261200,3.22769667,3.29070571,3.34218250,3.41454000,3.44239000,3.44983000,3.71026154,3.24047510,3.25729103,-0.01681593,-0.09250365,0.07568771,65.92455264,57.77501861,51.43278551,54.00849989,43.71499423,74.59551120,3.18054500,3.65199152,2.70909848,5410047.84700180,3789867.72314470
2021-01-04,3.47700000,3.83000000,3.22830000,3.59990000,4375481.17398600,0.13080000,3.77043037,17.30514812,3.48004000,3.20193000,3.14556000,3.19547000,3.21061200,3.22642000,3.28777714,3.33104750,3.41198222,3.44348200,3.45424833,3.70921048,3.29577124,3.28267733,0.01309391,-0.07138414,0.08447805,71.32637108,61.28531725,53.43769155,59.58633958,49.00544268,80.74813339,3.19547000,3.70071433,2.69022567,6028875.73175740,3965733.76370730
2021-01-05,3.59990000,4.35560000,3.47030000,4.25010000,9663679.90445100,0.65020000,18.06161282,24.59234979,3.69288000,3.33516000,3.22295333,3.24093000,3.25111600,3.24790667,3.30765714,3.34868250,3.41691556,3.45448400,3.46522833,3.71431321,3.44259105,3.35435880,0.08823225,-0.03946086,0.12769311,85.26250903,73.31529429,61.64958837,70.82560576,56.27883037,99.91915653,3.24093000,3.93105639,2.55080361,7448371.85482060,4793177.74570560
2021-01-06,4.25020000,4.97730000,4.13610000,4.57880000,13394273.80601700,0.32870000,7.73393567,19.79200979,3.87870000,3.50278000,3.32313333,3.30947500,3.30094000,3.28755000,3.33162286,3.37329750,3.43224000,3.46935000,3.48466500,3.72239252,3.61739243,3.44508221,0.17231022,0.00289336,0.16941686,88.61833577,77.21920034,64.91382168,74.50510582,62.35425552,98.80680642,3.30947500,4.22220836,2.39674164,7463156.11297620,5965500.82306850
2021-01-07,4.58030000,4.82050000,4.18270000,4.47070000,6716608.54905900,-0.10810000,-2.36088058,13.92485208,4.07372000,3.65408000,3.42474667,3.36260500,3.34614800,3.33266667,3.35043429,3.39438750,3.44104000,3.48387400,3.50125333,3.72932130,3.74867052,3.52107257,0.22759795,0.04783428,0.17976368,81.31140983,73.36831965,63.07154841,75.31821448,66.67557518,92.60349309,3.36260500,4.41285821,2.31235179,7542377.49417500,6361504.20191900
2021-01-08,4.47280000,5.90000000,4.00000000,5.70000000,15644301.38181200,1.22930000,27.49681258,42.47898408,4.51990000,3.93160000,3.59804000,3.47435000,3.44841600,3.41382667,3.41229714,3.44435500,3.47304000,3.52507600,3.53937833,3.74740092,4.04887506,3.68251131,0.36636375,0.11154017,0.25482358,91.20614152,83.54713226,72.37485017,81.40872418,71.58662485,101.05292286,3.47435000,4.95706247,1.99163753,9958868.96306500,7684458.40503340
2021-01-09,5.69990000,7.48700000,5.57610000,7.18770000,26852840.18414100,1.48770000,26.10000000,33.52514956,5.23746000,4.35875000,3.88044000,3.66853500,3.60386800,3.54842000,3.51371143,3.53148750,3.54287111,3.59453000,3.59965167,3.77867636,4.53177121,3.94220960,0.58956161,0.20714446,0.38241715,95.02861065,89.06493323,79.04230885,85.37350012,76.18224994,103.75600049,3.66853500,5.89035811,1.44671189,14454340.76509600,10241608.24842670
2021-01-10,7.21150000,7.49690000,6.15000000,6.54160000,12731233.06348200,-0.64610000,-8.98896726,18.67711294,5.69576000,4.69432000,4.12202667,3.84115500,3.73189600,3.65855667,3.59760000,3.60617000,3.60946889,3.64480000,3.65060833,3.80356757,4.84097564,4.13479459,0.70618106,0.30695178,0.39922928,77.47746266,76.85363648,71.24931768,82.78909910,78.38453299,91.59823132,3.84115500,6.38637902,1.29593098,15067851.39690220,11258111.62586140
2021-01-11,6.54100000,7.00000000,5.72000000,6.47130000,12868656.30174700,-0.07030000,-1.07466063,19.56887326,6.07426000,4.97648000,4.35994000,4.01091500,3.86243200,3.76316000,3.68565143,3.67445250,3.67340444,3.69644200,3.70139167,3.82738661,5.09179478,4.30790031,0.78389446,0.40234031,0.38155415,75.65308552,75.62293503,70.46058506,80.51719509,79.09542036,83.36074455,4.01091500,6.78399118,1.23783882,14962727.89604820,11212942.00451220
2021-01-12,6.46230000,8.23560000,6.41980000,7.72000000,23895551.54681900,1.24870000,19.29596835,28.09835507,6.72412000,5.39892000,4.67742667,4.24959000,4.03490800,3.90914333,3.81716000,3.77214500,3.76435778,3.76934800,3.76881667,3.86183451,5.49613404,4.56069069,0.93544335,0.50896092,0.42648243,83.78933302,81.39579227,75.48962649,83.57914125,80.58999399,89.55743577,4.24959000,7.42887449,1.07030551,18398516.49560020,12970446.99488760
2021-01-13,7.72540000,8.50000000,7.13560000,8.46950000,13278110.42544300,0.74950000,9.70854922,17.66122143,7.27802000,5.89896000,5.04707333,4.51803500,4.23508400,4.08668333,3.96585429,3.89551250,3.87031778,3.85353800,3.85181833,3.90225263,5.95357496,4.85027694,1.10329802,0.62782834,0.47546968,86.93425088,83.89335586,77.85134245,88.85062817,83.34353871,99.86480707,4.51803500,8.16158720,0.87448280,17925278.30432640,13942073.63369570
2021-01-14,8.46930000,9.60040000,8.21000000,9.31770000,23016359.06724200,0.84820000,10.01475884,16.41694119,7.70402000,6.47074000,5.47384000,4.83633500,4.47563200,4.28722667,4.14207714,4.03750000,3.99510222,3.95898600,3.94802500,3.94934348,6.47113266,5.18124460,1.28988806,0.76024029,0.52964778,89.65876323,86.18330002,80.11407660,90.88446754,85.85718165,100.93903930,4.83633500,8.98147993,0.69119007,17157982.08094660,15806161.42302130
2021-01-15,9.31920000,9.89000000,8.57000000,9.37940000,18532898.36309300,0.06170000,0.66218058,14.16430595,8.27158000,6.98367000,5.88674000,5.15941500,4.72724000,4.48851000,4.31756000,4.18184750,4.12454889,4.07568000,4.04268167,3.99615431,6.91855841,5.49226034,1.42629807,0.89345184,0.53284622,89.84363095,86.33744423,80.26709633,91.03333489,87.58256607,97.93487255,5.15941500,9.66640665,0.65242335,18318315.14086880,16693083.26888550
2021-01-16,9.37950000,13.49910000,9.16290000,12.84210000,46191726.75562500,3.46270000,36.91813975,46.23060931,9.54574000,7.81000000,6.49956667,5.65639000,5.11788000,4.80965000,4.58924286,4.41816250,4.32681778,4.26063800,4.19279167,4.07176068,7.82987250,6.03675981,1.79311270,1.07338401,0.71972868,95.39169093,91.88217797,86.39695930,91.71674169,88.96062461,97.22897585,5.65639000,11.19054000,0.12224000,24982929.23164440,19972828.56384630
2021-01-17,12.82220000,14.69000000,12.32310000,13.17460000,47561869.48093300,0.33250000,2.58914041,18.45939074,10.63666000,8.68039000,7.14483333,6.16723500,5.52700400,5.13520000,4.87021714,4.66959750,4.53486889,4.45158800,4.34996000,4.14890339,8.65213827,6.56554887,2.08658941,1.27602509,0.81056432,95.66458340,92.21321185,86.80758329,88.93537798,88.95220907,88.90171581,6.16723500,12.48344103,-0.14897103,29716192.81846720,24057354.65703370
2021-01-18,13.17480000,13.85800000,12.57370000,12.70350000,17372363.79810000,-0.47110000,-3.57582014,9.74815557,11.48346000,9.38074000,7.76046000,6.65617000,5.91112000,5.44314667,5.14336571,4.90555500,4.73861778,4.63163200,4.50102000,4.22079076,9.27542469,7.02025981,2.25516488,1.47185305,0.78331183,86.91390167,86.74568623,83.09899229,85.24157120,87.71532978,80.29405405,6.65617000,13.41404113,-0.10170113,30535043.49299860,24230160.89866250
2021-01-19,12.68250000,14.00000000,11.34330000,11.73670000,22865911.29878100,-0.96680000,-7.61050104,20.94776267,11.96726000,9.83564000,8.30291333,7.09719500,6.26252000,5.72423667,5.38437429,5.12022500,4.91858444,4.79231800,4.63471500,4.28342333,9.65408243,7.36965983,2.28442261,1.63436696,0.65005564,70.93472565,76.58023892,76.13376160,79.18631688,84.87232548,67.81429969,7.09719500,13.97754465,0.21684535,30504953.93930640,23831468.01012650
2021-01-20,11.73460000,13.07650000,11.03000000,12.37680000,18387717.90791600,0.64010000,5.45383285,17.43987865,12.56674000,10.41916000,8.84469333,7.55674000,6.64088000,6.03382333,5.64254286,5.34870750,5.11350222,4.96876800,4.77386000,4.35031074,10.07296206,7.74059260,2.33236946,1.77396746,0.55840200,74.63915477,78.40781298,77.44014497,76.80077692,82.18180929,66.03871217,7.55674000,14.56370829,0.54977171,30475917.84827100,24397116.49456990
2021-01-21,12.37680000,13.01470000,11.06590000,11.32250000,20679197.77660200,-1.05430000,-8.51835693,15.74558852,12.26282000,10.90428000,9.29427333,7.94038000,6.97767600,6.30870333,5.87438857,5.54844000,5.28979111,5.12041800,4.89774833,4.40745984,10.26519867,8.00594126,2.25925741,1.87102545,0.38823196,59.62024952,68.76575612,70.78121473,69.67496109,78.01285989,52.99916350,7.94038000,14.88657950,0.99418050,25373412.05246640,25178170.64205540
2021-01-22,11.33290000,13.38990000,10.67300000,12.70970000,27350603.58519400,1.38720000,12.25171119,23.97356370,12.16984000,11.40325000,9.84354000,8.40108500,7.36775600,6.63414333,6.14014857,5.78267000,5.50295778,5.29836600,5.04166500,4.47495772,10.64127580,8.35439481,2.28688098,1.95419656,0.33268443,69.35606300,73.45182304,73.86649262,69.59657900,75.20743293,58.37487115,8.40108500,15.32824555,1.47392445,21331158.87331860,25523675.84589290
2021-01-23,12.71530000,13.48000000,12.50590000,12.86690000,15877090.57172300,0.15720000,1.23685059,7.66084953,12.20252000,11.84299000,10.32133333,8.87097500,7.76544000,6.95968667,6.40877143,6.02576000,5.71632889,5.48500800,5.18511333,4.54263468,10.98367952,8.68867842,2.29500110,2.02235747,0.27264363,70.32889325,73.93525241,74.18877577,69.80131411,73.40539332,62.59315567,8.87097500,15.66314500,2.07880500,21032104.22804320,25783573.86052090
2021-01-24,12.89140000,13.17250000,12.20000000,12.48010000,11543137.09072100,-0.38680000,-3.00616310,7.54378888,12.35120000,12.15923000,10.67416000,9.31498500,8.14799600,7.27730000,6.67094571,6.25522750,5.92366667,5.66184600,5.32569333,4.60613440,11.21389806,8.96954311,2.24435495,2.06675696,0.17759799,64.30150948,70.48979366,71.91180518,66.53987844,71.11688836,57.38585860,9.31498500,15.81086430,2.81910570,18767549.38643120,24636251.66286880
2021-01-25,12.48010000,12.95000000,12.05980000,12.18160000,7718176.26232500,-0.29850000,-2.39180776,7.13295567,12.31216000,12.43945000,11.05016000,9.71156000,8.50782400,7.58609333,6.93072857,6.47624500,6.12242444,5.83336800,5.46964167,4.66625714,11.36277528,9.20748787,2.15528741,2.08446305,0.07082436,59.57340967,67.82872794,70.17737192,56.87838216,66.37071963,37.89370722,9.71156000,15.86490080,3.55821920,16633641.05731300,23554779.45279200
2021-01-26,12.18160000,12.73330000,11.38040000,12.20880000,10551226.82174300,0.02720000,0.22328758,11.10609444,12.48942000,12.37612000,11.43266000,10.09306000,8.85018800,7.89630000,7.19166286,6.70126750,6.31966000,6.00975400,5.61321833,4.72564724,11.49293293,9.42981994,2.06311299,2.08019304,-0.01708005,59.89585828,67.94900534,70.24560838,53.30615719,62.01586548,35.88674060,10.09306000,15.83912962,4.34699038,14608046.86634120,19990729.45940380
2021-01-27,12.17800000,12.21500000,10.77000000,11.15800000,8456320.86245100,-1.05080000,-8.60690649,11.86565939,12.17908000,12.17446000,11.66186000,10.42742500,9.15668400,8.16964333,7.42627714,6.89501500,6.49338222,6.17057000,5.73873333,4.77590000,11.44140478,9.55784003,1.88356476,2.04086738,-0.15730262,43.72710521,58.70002649,64.31352285,40.39667067,54.80946721,11.57107758,10.42742500,15.53921566,5.31563434,10829190.32179260,16080174.59755560
2021-01-28,11.13790000,12.75240000,10.80000000,11.96150000,13283239.24078400,0.80350000,7.20111131,17.52933677,11.99800000,12.10026000,11.89466000,10.74050000,9.49638000,8.47086667,7.67944571,7.10742500,6.68934222,6.34449600,5.87640333,4.83160233,11.52141943,9.73589760,1.78552183,1.98979827,-0.20427644,54.89871411,62.91124099,66.56631777,42.23214691,50.61702711,25.46238651,10.74050000,15.37819311,6.10280689,10310420.05560480,15671262.14182400
2021-01-29,11.95960000,12.67570000,11.31450000,11.61580000,17407967.39137200,-0.34570000,-2.89010576,11.38165156,11.82514000,12.08817000,12.04786667,10.96190500,9.81701600,8.76085333,7.92699143,7.31522000,6.87410667,6.51381400,6.00829333,4.88378846,11.53593952,9.87515592,1.66078360,1.92399534,-0.26321174,49.79488692,60.03791279,64.73175627,39.35058458,46.86154627,24.32866121,10.96190500,15.29846430,6.62534570,11483386.11573500,15125467.75108310
2021-01-30,11.61580000,12.65000000,11.29300000,12.04330000,13368057.50110100,0.42750000,3.68033196,11.68236368,11.79748000,12.05482000,12.22546000,11.23699000,10.12874400,9.05610000,8.18772000,7.53907250,7.06749333,6.68993000,6.14977667,4.93844122,11.61399498,10.03576590,1.57822907,1.85484209,-0.27661301,55.88146081,62.35724865,65.94292657,42.50613726,45.40974326,36.69892524,11.23699000,15.06057829,7.41340171,12613362.36349020,14623501.71040160
2021-01-31,12.01250000,15.37280000,11.83000000,13.47040000,67959449.92963500,1.42710000,11.84974218,29.49261186,12.04980000,12.26961000,12.26734667,11.58694500,10.48440800,9.38345667,8.48965714,7.79893000,7.29554889,6.89267400,6.31195000,5.00307727,11.89959575,10.29019310,1.60940265,1.80575420,-0.19635155,70.30356880,68.92520925,69.58172242,47.89363700,46.23770784,51.20549531,11.58694500,14.80763891,8.36625109,24095006.98506860,19351526.92570490
2021-02-01,13.47040000,13.64080000,12.57410000,13.21530000,23742473.71999500,-0.25510000,-1.89378192,7.91884428,12.46126000,12.32017000,12.27006000,11.86171000,10.83419200,9.70744667,8.78273143,8.05565000,7.51348667,7.09017000,6.46866667,5.06482331,12.10201179,10.50687545,1.59513633,1.76363063,-0.16849429,65.69687219,66.65722001,68.22211047,49.63787729,47.37109766,54.17143655,11.86171000,14.59395370,9.12946630,27152237.55657740,18990713.93918500
2021-02-02,13.21050000,13.72500000,12.76500000,13.47030000,9847127.11012700,0.25500000,1.92958162,7.26694675,12.76302000,12.38051000,12.32118000,12.11175000,11.14500400,10.04082000,9.08403143,8.31489250,7.73582444,7.29671000,6.63425833,5.12755075,12.31251767,10.72639567,1.58612199,1.72812890,-0.14200690,68.19662155,67.81219490,68.85684988,52.64740616,49.12986716,59.68248416,12.11175000,14.41915512,9.80434488,26465015.13044600,18387717.59302540
2021-02-03,13.47000000,14.94090000,13.18140000,14.84000000,17830836.17423500,1.36970000,10.16829618,13.06236080,13.40786000,12.61650000,12.52806667,12.38786500,11.45109600,10.41549000,9.42471143,8.61210000,7.99218000,7.52748200,6.82095500,5.19949481,12.70136110,11.03111647,1.67024463,1.71655205,-0.04630742,78.36077108,73.24318476,71.99240807,64.57308320,54.27760584,85.16403793,12.38786500,14.60746218,10.16826782,26549588.88701860,19016487.50137680
2021-02-04,14.84000000,15.87950000,13.79780000,15.26970000,24697727.37414200,0.42970000,2.89555256,14.02762803,14.05314000,12.92531000,12.72092667,12.68238000,11.80022000,10.78281000,9.76996286,8.92089750,8.26285778,7.76605800,7.01535833,5.27354044,13.09649016,11.34509456,1.75139560,1.72352076,0.02787485,80.68468830,74.70391303,72.88605973,72.40384495,60.31968554,96.57216376,12.68238000,14.78103796,10.58372204,28815522.86162680,20714442.61255850
2021-02-05,15.27380000,18.03210000,15.12060000,17.89730000,27800463.32470600,2.62760000,17.20793467,19.06205397,14.93852000,13.49416000,13.15924667,12.93514000,12.25726000,11.22676000,10.17703714,9.29576500,8.59221778,8.05984600,7.25715500,5.36568467,13.83507629,11.83045591,2.00462039,1.77974068,0.22487970,89.19755773,81.45694449,77.47256191,80.98125920,67.20687676,108.53002409,12.93514000,16.07446150,9.79581850,20783725.54064100,22439366.26285480
2021-02-06,17.89710000,18.62280000,15.80000000,18.12160000,26968310.68858400,0.22430000,1.25326167,15.77238771,15.91978000,14.19052000,13.52004000,13.18249000,12.67332400,11.68179000,10.59492286,9.67486250,8.92944222,8.35411600,7.50722833,5.45811884,14.49454148,12.29647796,2.19806352,1.86340525,0.33465827,89.66418513,81.90674577,77.80695651,85.04155945,73.15177099,108.82113637,13.18249000,17.08744632,9.27753368,21428892.93435880,24290565.24546810
2021-02-07,18.12320000,24.42680000,17.88020000,23.70500000,105018387.33370900,5.58340000,30.81074519,36.12275978,17.96672000,15.36487000,14.24258000,13.73256500,13.28274400,12.28195667,11.17309143,10.19436750,9.38731778,8.75891400,7.84789167,5.58939137,15.91153510,13.14157276,2.76996234,2.04471667,0.72524567,95.48718353,89.09200414,83.98270400,88.19579170,78.16644456,108.25448598,13.73256500,19.83473689,7.63039311,40463144.97907521,33464080.05476060
2021-02-08,23.73740000,33.81670000,23.55000000,30.05600000,168277152.42364299,6.35100000,26.79181607,43.25115640,21.00992000,17.20889000,15.41430667,14.64853000,14.11227600,13.04423333,11.92898000,10.87286250,9.98963556,9.29395400,8.29632667,5.76415286,18.08760662,14.39451952,3.69308711,2.37439076,1.31869635,97.44894548,92.69285626,87.95957332,86.42905069,80.92064661,97.44585887,14.64853000,24.08044222,5.21661778,70552408.22895679,48550998.55798770
2021-02-09,30.05640000,33.00000000,27.47690000,31.91940000,80005562.71964300,1.86340000,6.19976045,18.37578685,24.33986000,19.19650000,16.73016000,15.62566000,15.01387600,13.89016000,12.71953143,11.59120000,10.63411556,9.87055800,8.77435833,5.94965106,20.21557483,15.69268396,4.52289087,2.80409078,1.71880009,97.78756662,93.39115088,88.81016874,87.97550684,83.27226668,97.38198714,15.62566000,27.73560486,3.51571514,81613975.29805700,55214749.07984190
2021-02-10,31.84870000,60.30350000,31.34080000,54.68610000,472308716.50087398,22.76670000,71.32558883,90.93840565,31.69762000,23.31807000,19.56198000,17.79384000,16.68763600,15.49732000,14.15116857,12.86711000,11.78486000,10.90275800,9.63024000,6.29286549,25.51873255,18.58113697,6.93759558,3.63079174,3.30680384,99.24903481,97.09337463,94.11264534,88.04482867,84.86312068,94.40824466,17.79384000,38.86900287,-3.28132287,170515625.93329057,95649675.73696581
2021-02-11,54.68720000,56.49980000,41.67280000,46.96730000,209524738.66764399,-7.71880000,-14.11473848,27.11237730,37.46676000,26.69327000,21.94926667,19.50672000,18.03934400,16.80556333,15.36535714,13.95390250,12.76285111,11.78317400,10.35735333,6.57730210,28.81851216,20.68385064,8.13466152,4.53156569,3.60309582,78.22577761,80.42904011,80.60045310,82.59609569,84.10744568,79.57339571,19.50672000,44.11452774,-5.10108774,207026911.52910259,114227902.23173070
2021-02-12,46.97260000,54.47750000,43.50000000,48.29780000,157898795.67838100,1.33050000,2.83282198,23.37000720,42.38532000,30.17602000,24.37168667,21.27826500,19.46311600,18.13317333,16.58243714,15.07462000,13.77114000,12.68711800,11.10992833,6.86702778,31.81532567,22.72935983,9.08596584,5.44244572,3.64352012,79.13976307,81.04092425,81.08881861,79.79221540,82.66903559,74.03857502,21.27826500,48.80205989,-6.24552989,217602993.19803700,129033069.08855610
2021-02-13,48.29610000,51.90000000,43.40140000,44.08320000,88751004.95806000,-4.21460000,-8.72627739,17.59686600,45.19076000,33.10034000,26.53618000,22.85842000,20.75697600,19.29202333,17.63659429,16.08670250,14.68596222,13.50974800,11.78962500,7.12369103,33.70269095,24.31114830,9.39154266,6.23226511,3.15927755,68.24992246,73.13894636,74.85970297,74.56174333,79.96660484,63.75202032,22.85842000,51.84526333,-6.12842333,201697763.70492038,136125085.96693861
2021-02-14,44.06910000,45.75000000,38.37240000,39.17110000,118907734.08572100,-4.91210000,-11.14279363,16.74098178,46.64110000,35.49048000,28.34470000,24.20789500,21.82874800,20.28508000,18.56886571,16.95972750,15.48563333,14.23481400,12.38679500,7.34319384,34.54398465,25.41189998,9.13208468,6.81222902,2.31985565,57.23501907,65.07173875,68.46354682,67.21289403,75.71536790,50.20794629,24.20789500,53.61184586,-5.19605586,209478197.97813600,145546086.63809651
2021-02-15,39.17000000,44.98000000,33.50000000,38.30900000,152184241.31997901,-0.86210000,-2.20085726,29.30814399,43.36568000,37.53165000,30.00060667,25.51290500,22.90820800,21.13397667,19.47851429,17.80298250,16.25584000,14.94294200,12.97181333,7.55384558,35.12321778,26.36725238,8.75596540,7.20097630,1.55498910,55.35355580,63.72597135,67.40876848,60.86015259,70.76362947,41.05319885,25.51290500,54.99123034,-3.96542034,145453302.94195700,157984464.43762380
2021-02-16,38.33620000,40.00000000,35.14170000,36.54020000,95755859.45082000,-1.76880000,-4.61719178,12.67287838,41.28026000,39.37351000,31.55560000,26.78201500,23.86142800,21.91283000,20.30194857,18.60472000,16.99016444,15.61459200,13.52401500,7.74969932,35.34121505,27.12081258,8.22040247,7.40486153,0.81554094,51.20895984,60.90660426,65.25633866,52.35480736,64.62735543,27.80971122,26.78201500,55.84072342,-2.27669342,122699527.09859221,164863219.31384739
2021-02-17,36.54020000,42.12990000,34.13860000,37.30030000,115394864.04463200,0.76010000,2.08017471,21.86988577,39.08076000,40.73304000,33.14426667,28.04895500,24.83876400,22.73272333,21.12568571,19.39472750,17.74196889,16.30210200,14.08793500,7.94802550,35.64261273,27.87485658,7.76775616,7.47744046,0.29031570,53.02279211,61.70093953,65.74678261,44.87824547,58.04431878,18.54609886,28.04895500,56.59190309,-0.49399309,114198740.77184241,165900866.98493969
2021-02-18,37.30460000,44.49070000,36.19000000,40.96560000,128006105.53933400,3.66530000,9.82646252,22.25114329,38.45724000,41.82400000,34.88597333,29.51644500,25.97818400,23.70702000,22.02991143,20.23917500,18.57231778,17.06309000,14.71562833,8.16814267,36.46153385,28.84455067,7.61698318,7.50534900,0.11163418,61.33939136,65.39932655,68.01840492,40.99606644,52.36156800,18.26506332,29.51644500,57.51473462,1.51815538,122049760.88809720,161873762.29650882
2021-02-19,41.02300000,41.27540000,37.50000000,38.72740000,80331238.93135101,-2.23820000,-5.46360849,9.20312995,38.36850000,42.50480000,36.44982000,30.85065000,27.04001600,24.58537333,22.86842571,21.04382000,19.33848000,17.77392000,15.30959833,8.37052185,36.81012864,29.57662016,7.23350849,7.45098090,-0.21747241,54.29578178,61.44657223,65.26063019,34.90671887,46.54328495,11.63358669,30.85065000,57.86906045,3.83223955,114334461.85722320,161906329.91767961
2021-02-20,38.72640000,42.84630000,31.93760000,35.99850000,131944005.24296001,-2.72890000,-7.04643224,28.16863948,37.90640000,40.63604000,37.65656667,31.97705500,27.99160400,25.40790667,23.53003714,21.78200000,20.03669556,18.42089600,15.85830500,8.55228487,36.68526270,30.05231891,6.63294378,7.28737348,-0.65442969,46.48586039,56.87441867,62.05943401,29.27664431,40.78773807,6.25445678,31.97705500,57.79636803,6.15774197,110286414.64181940,127869858.79188819
2021-02-21,35.95530000,38.00370000,34.79060000,36.18550000,55466645.90333400,0.18700000,0.51946609,8.93637378,37.83546000,39.55786000,38.86082667,33.12556500,28.99270400,26.19043333,24.18749143,22.49363750,20.74146889,19.07469400,16.41228833,8.73289412,36.60837613,30.50663212,6.10174401,7.05024758,-0.94850357,47.11143283,57.11297536,62.19204564,26.61093136,36.06213584,7.70852242,33.12556500,57.43000015,8.82112985,102228571.93232220,112464049.51545720
2021-02-22,36.19320000,36.29410000,25.47000000,32.15020000,95725194.54965700,-4.03530000,-11.15170441,29.90644651,36.80544000,37.94310000,39.42384000,34.05956000,29.80025200,26.83321000,24.74311143,23.08565500,21.32925111,19.64831600,16.89644833,8.88495455,35.92250288,30.62837876,5.29412412,6.69902289,-1.40489877,36.16421874,50.53259456,57.65442616,28.72056831,33.61494666,18.93181161,34.05956000,56.55178748,11.56733252,98294638.03332719,106246689.40258481
2021-02-23,32.15040000,32.41080000,22.51000000,27.59240000,99042615.36109599,-4.55780000,-14.17658366,30.79526227,34.13080000,36.29402000,39.25960000,34.69718000,30.43931600,27.33695333,25.19613143,23.54252250,21.78268889,20.12816600,17.30712667,9.00564774,34.64094859,30.40348996,4.23745863,6.20671004,-1.96925141,27.50240782,44.25052594,53.08920041,26.68657973,31.30549102,17.44875717,34.69718000,55.55927303,13.83508697,92501939.99767961,107275850.44288841
2021-02-24,27.59660000,32.26990000,25.25010000,29.73960000,94109405.71157201,2.14720000,7.78185297,25.43719154,32.33324000,35.35087000,39.11428000,35.42067500,31.14716800,27.92222000,25.69221143,24.05152750,22.29820000,20.63795600,17.75415667,9.13855769,33.88689496,30.35431262,3.53258234,5.67188450,-2.13930216,36.14813766,47.59848919,54.84679547,28.75461058,30.45519754,25.35343666,35.42067500,54.36107802,16.48027198,95257573.35372379,104796017.60547350
2021-02-25,29.73200000,32.18360000,26.44390000,26.70000000,72135109.50513700,-3.03960000,-10.22071581,19.30478945,30.47354000,34.18997000,37.24854000,35.86081000,31.67635200,28.40526000,26.13156857,24.39797500,22.74772667,21.08038000,18.15078000,9.25041401,32.78121881,30.08362127,2.69759754,5.07702711,-2.37942956,30.05874353,43.55879693,51.97052054,25.52379948,28.81139819,18.94860206,35.86081000,53.44738826,18.27423174,83295794.20615920,96791104.42398930
2021-02-26,26.77180000,28.04740000,24.77030000,25.96950000,47862698.95858400,-0.73050000,-2.73595506,12.24086539,28.43034000,33.13290000,35.84868667,36.25320500,32.18652000,28.89897667,26.51042000,24.71784750,23.15327111,21.51035600,18.53431000,9.35623101,31.73326207,29.77886995,1.95439212,4.45250011,-2.49810799,28.66609440,42.61067141,51.29591621,22.26213539,26.62831059,13.52978501,36.25320500,52.47012733,20.03628267,81775004.81720921,92001788.37476569
2021-02-27,25.96950000,27.49990000,25.00000000,25.76160000,44679099.43978200,-0.20790000,-0.80055450,9.62629238,27.15262000,31.97903000,34.34627333,36.35603500,32.67817200,29.35898000,26.87884000,25.04430000,23.53754000,21.91158800,18.91492333,9.45940943,30.81454483,29.48129295,1.33325188,3.82865046,-2.49539859,28.21957850,42.32464501,51.09893646,20.17113779,24.47591965,11.56157405,36.35603500,52.26101968,20.45105032,71565785.79523419,84930211.91428070
2021-02-28,25.74230000,25.92990000,22.12370000,23.95660000,43076550.45175000,-1.80500000,-7.00655239,14.78578060,26.42546000,30.27813000,33.00450000,36.05106500,33.04283600,29.77034000,27.20674000,25.34979750,23.86284889,22.24696600,19.26559667,9.55001688,29.75947639,29.07205460,0.68742179,3.20040473,-2.51298294,24.27944357,39.79462788,49.38100878,16.39573605,21.78252512,5.62215792,36.05106500,52.68201881,19.42011119,60372572.81336500,76437256.40552230
2021-03-01,23.96980000,27.82270000,23.60730000,27.51070000,58489792.63280100,3.55410000,14.83557767,17.58629609,25.97968000,29.15646000,32.22714000,35.83063000,33.53247600,30.28592000,27.64471429,25.72814500,24.26576667,22.66634800,19.67101000,9.66157391,29.41351080,28.95639822,0.45711257,2.65174630,-2.19463373,43.06335811,46.64544869,52.65165565,22.23821530,21.93442185,22.84580221,35.83063000,52.80548021,18.85577979,53248650.19761080,74253111.77566729
2021-03-02,27.51890000,31.99000000,25.86040000,27.11010000,147909795.02755699,-0.40060000,-1.45616069,22.27414613,26.06170000,28.26762000,31.48054667,34.45183000,33.90098800,30.74057667,28.07046571,26.12283500,24.58283333,23.07912400,20.06201667,9.76928086,29.05913990,28.81963487,0.23950504,2.16929805,-1.92979301,41.66534938,46.00179538,52.25454735,26.55509165,23.47464512,32.71598473,34.45183000,49.32808037,19.57557963,68403587.30209479,75849690.75412700
2021-03-03,27.11440000,29.45030000,26.52020000,27.22000000,79768539.27251200,0.10990000,0.40538397,10.80643496,26.31180000,27.37107000,30.85920000,33.46446500,34.26492400,31.20740000,28.52938000,26.48559250,24.89495333,23.46912400,20.45742333,9.87634049,28.77619530,28.70114297,0.07505233,1.75044890,-1.67539657,42.28219965,46.22387441,52.35741112,34.21695673,27.05541565,48.54003888,33.46446500,47.43701706,19.49191294,74784755.36488040,78279880.09104480
2021-03-04,27.21260000,28.82000000,24.22220000,25.77810000,82004242.21191899,-1.44190000,-5.29720794,16.89584972,26.31510000,26.73386000,30.09105333,32.33848000,34.34784800,31.61766000,28.92414000,26.80837250,25.18550000,23.81529600,20.82924000,9.97330244,28.31494987,28.48462056,-0.16967068,1.36642499,-1.53609567,36.24756852,43.65418785,50.85736324,34.81711290,29.64264807,45.16604256,32.33848000,44.82888505,19.84807495,82249783.91930780,76907784.85727100
2021-03-05,25.77810000,25.77810000,23.52690000,24.24140000,58170274.49893000,-1.53670000,-5.96126169,8.73299429,26.37206000,26.39876000,28.97610667,31.34639000,34.11526400,31.93104000,29.28487143,27.10240500,25.46338222,24.11377000,21.17326500,10.05977576,27.68824989,28.17030696,-0.48205707,0.99672857,-1.47878564,30.65262155,41.00396626,49.28701200,30.22837696,29.83789103,31.00934881,31.34639000,43.03523257,19.65754743,85268528.72874379,72820550.77105440
2021-03-06,24.27080000,25.50000000,23.82670000,24.91100000,36645391.39976300,0.66960000,2.76221670,6.89429273,25.85212000,25.91590000,28.05501333,30.63338500,33.83492800,32.25241667,29.65252000,27.42064000,25.74192000,24.42440200,21.51761333,10.14924096,27.26098068,27.92887613,-0.66789546,0.66380377,-1.33169922,35.83161988,42.65873926,49.98914120,29.56915531,29.74831246,29.21084102,30.63338500,42.04905823,19.21771177,80899648.48213620,67074149.33987349
2021-03-07,24.92250000,27.95000000,24.92250000,26.68630000,80354448.91957800,1.77530000,7.12657059,12.14765774,25.76736000,25.91453000,27.43420000,30.05225000,32.71493600,32.54538333,30.03011714,27.78257750,26.08333778,24.70128600,21.88607167,10.24826527,27.17256827,27.83683322,-0.66426495,0.39819002,-1.06245497,48.15111015,46.96154138,51.83406136,35.12753224,31.54138572,42.29982529,30.05225000,40.99630520,19.10819480,67388579.26054040,67896083.28131759
2021-03-08,26.68840000,27.11470000,24.89210000,25.61790000,56470863.50784100,-1.06840000,-4.00355238,8.32796271,25.44694000,25.87937000,26.72969333,29.50613500,31.86096000,32.79526000,30.38447714,28.14407500,26.37018667,24.95015200,22.23852500,10.33975119,26.93338853,27.67246739,-0.73907886,0.17073625,-0.90981511,42.28795106,44.75662486,50.66044066,35.22352326,32.76876490,40.13303999,29.50613500,40.17358443,18.83868557,62729044.10760619,68756899.73624331
2021-03-09,25.61780000,34.78570000,23.41020000,34.31400000,301188369.88839501,8.69610000,33.94540536,44.40467175,27.15412000,26.73461000,26.87394667,29.35682000,31.30160800,33.14889333,30.98001143,28.70288750,26.84678889,25.38236200,22.71542500,10.48161065,28.06886722,28.16443388,-0.09556666,0.11747567,-0.21304232,73.63923316,61.01102202,58.61827913,55.43347187,40.32366722,85.65308116,29.35682000,39.64165222,19.07198778,106565869.64290139,94407826.78110459
2021-03-10,34.30070000,35.80000000,28.69100000,29.58580000,268928184.72301102,-4.72820000,-13.77921548,20.72552455,28.22300000,27.29753000,27.00684000,28.78783000,30.72171200,33.13322000,31.40132000,29.15213750,27.22691556,25.73934400,23.08872667,10.59398824,28.30224149,28.26972048,0.03252102,0.10048474,-0.06796372,54.36881170,51.94539957,53.70398563,53.57039015,44.73924153,71.23268738,28.78783000,37.50874367,20.06691633,148717451.68771762,116992990.20823069
2021-03-11,29.61710000,32.83330000,28.40000000,30.80050000,163000352.00026199,1.21470000,4.10568584,14.96871740,29.40090000,27.62651000,27.07756667,28.39148500,30.38688800,33.09592333,31.84505714,29.62106750,27.64066889,26.10781800,23.49304167,10.71215497,28.68658896,28.45718599,0.22940297,0.12626838,0.10313459,57.77527144,53.86657396,54.72158274,55.59634645,48.35827650,70.07248634,28.39148500,35.83774289,20.94522711,173988443.80781740,127444046.14497678
2021-03-12,30.79800000,31.58230000,26.78370000,27.95610000,117715647.47824199,-2.84440000,-9.23491502,15.58088188,29.65486000,27.71111000,27.16130667,27.98936500,29.97277200,32.20492333,32.13245143,29.98321000,27.99060889,26.44049000,23.85112167,10.81241047,28.57420604,28.42006844,0.15413760,0.13184223,0.02229537,47.75721719,48.87509095,51.93240776,49.29445260,48.67033520,50.54268739,27.98936500,34.51802194,21.46070806,181460683.51955020,124424631.39004532
2021-03-13,27.94690000,33.22490000,26.85680000,30.87990000,139834255.84171700,2.92380000,10.45854035,22.78642712,30.70726000,28.07710000,27.48866667,27.72408500,29.74636000,31.66867667,32.49697429,30.42482500,28.42887333,26.80389400,24.23712000,10.92840751,28.92892819,28.60227849,0.32664970,0.17080372,0.15584598,56.96231705,53.68741454,54.42409109,52.95933799,50.10000280,58.67800838,27.72408500,33.19615881,22.25201119,198133361.98632541,130431203.04696581
2021-03-14,30.90860000,32.30000000,28.80000000,28.84230000,88838731.68897399,-2.03760000,-6.59846696,11.32370926,29.61292000,28.38352000,27.69404667,27.55869000,29.40804000,31.02016000,32.64375429,30.80912500,28.80400222,27.12340200,24.57666667,11.03136092,28.91560077,28.62005788,0.29554289,0.19575156,0.09979133,49.64678602,50.10201701,52.44704770,49.92066624,50.04022395,49.68155083,27.55869000,32.65450586,22.46287414,155663434.34644121,131114651.99467130
2021-03-15,28.83830000,30.64720000,27.00000000,28.94720000,93338211.24774900,0.10490000,0.36370192,12.64707004,29.48520000,28.85410000,28.02675333,27.62643000,28.92730400,30.51562667,32.61207429,31.16180500,29.18914444,27.45274400,24.90382500,11.13373714,28.92046219,28.64429067,0.27617153,0.21183555,0.06433598,50.04314717,50.28846902,52.53966578,48.17710647,49.41918479,45.69294983,27.62643000,32.76001213,22.49284787,120545439.65138879,134631445.66955322
2021-03-16,28.92210000,33.25000000,27.51890000,33.03600000,119092720.44189800,4.08880000,14.12502764,19.81564271,29.93230000,29.66660000,28.39510667,27.79125000,28.69964800,30.31112333,32.64397714,31.60596250,29.65564889,27.86983200,25.29810167,11.25818182,29.55362186,28.96960290,0.58401896,0.28627223,0.29774673,63.48675748,57.10413720,56.02339037,58.01517989,52.28451649,69.47650670,27.79125000,33.40016318,22.18233682,111763913.33971600,142876178.57376668
2021-03-17,33.03600000,33.98990000,30.53070000,32.67890000,119320054.28937700,-0.35710000,-1.08094200,10.47100133,30.87686000,30.26586000,28.76636000,28.09019500,28.56686400,30.12345333,32.01520000,31.97550250,30.08250444,28.27923400,25.62871500,11.37920282,30.03443388,29.24436598,0.79006790,0.38703137,0.40303653,61.74535030,56.36781977,55.65111502,63.61315899,56.06073065,78.71801565,28.09019500,34.07870140,22.10168860,112084794.70194300,146772739.11074659
2021-03-18,32.67890000,35.60730000,31.81870000,33.21320000,127302178.87650301,0.53430000,1.63499995,11.59341349,31.34352000,31.02539000,29.16590667,28.45238000,28.44797200,30.01255333,31.62222571,32.35279250,30.52690222,28.72033800,25.96269167,11.50186573,30.52347482,29.53835401,0.98512081,0.50664925,0.47847155,63.54090893,57.26719880,56.10649495,66.17868567,59.43338233,79.66929235,28.45238000,34.76810416,22.13665584,109578379.30890021,153855870.64761281
2021-03-19,33.21310000,38.48660000,31.34090000,37.31660000,165120789.34748700,4.10340000,12.35472643,21.51470354,33.03838000,31.32565000,29.93514000,29.03013000,28.65462800,30.01309667,31.30847714,32.69308250,31.05682000,29.22744000,26.37291000,11.64608212,31.56857100,30.11452098,1.45405002,0.69612941,0.75792061,74.54985156,63.56021545,59.44376176,74.11994978,64.32890481,93.70203973,29.03013000,36.34454207,21.71571793,124834790.84060280,140249112.59352201
2021-03-20,37.32190000,39.30000000,34.17010000,34.20220000,93664051.04024400,-3.11440000,-8.34588360,13.74501298,34.08938000,31.78729000,30.59919333,29.54241000,28.91902000,29.78765000,31.02616286,32.79673750,31.48709111,29.67916800,26.74733500,11.77139389,31.97374469,30.41731231,1.55643238,0.86819000,0.68824238,58.46992414,56.65248219,56.06764891,69.17020352,65.94267105,75.62526847,29.54241000,36.79556103,22.28925897,124899958.79910180,122722699.22524531
2021-03-21,34.17830000,35.45160000,32.00010000,32.81170000,94243400.62207399,-1.39050000,-4.06552795,10.09851280,34.04452000,31.98841000,31.12590667,29.80746000,29.04190400,29.59046000,30.84446571,32.81904500,31.87691333,30.09453600,27.08791667,11.88763867,32.10266089,30.59467452,1.50798637,0.99614928,0.51183710,52.41297458,53.80439604,54.62233903,62.06568924,64.65034378,56.89638015,29.80746000,37.13504782,22.47987218,119930094.83513701,115847004.08742650
2021-03-22,32.81090000,33.58920000,28.62020000,29.17000000,88760164.34178300,-3.64170000,-11.09878488,15.14435752,33.34274000,32.10980000,31.29148667,29.91045500,29.14070400,29.36284333,30.58335143,32.18114250,32.12741778,30.40852800,27.38537500,11.98259670,31.65148230,30.48914299,1.16233931,1.02938728,0.13295203,39.54014313,47.04688468,51.02757695,47.25788496,58.85285751,24.06793988,29.91045500,37.13559788,22.68531212,113818116.84561820,112951455.77378061
2021-03-23,29.18050000,30.88990000,28.11110000,28.47040000,65350105.51350000,-0.69960000,-2.39835447,9.52279776,32.39418000,31.86885000,31.48165333,29.97297500,29.24074000,29.10567333,30.35278571,31.71872000,32.35739111,30.71363000,27.64805333,12.07269399,31.16208502,30.33960636,0.82247866,0.98800556,-0.16552690,37.42138209,45.84031932,50.36315824,35.49008049,51.06526517,4.33971114,29.97297500,37.12132499,22.82462501,101427702.17301759,105503040.74095890
2021-03-24,28.45410000,30.49140000,24.66520000,25.83870000,82857014.15835500,-2.63170000,-9.24363550,20.47578381,30.09860000,31.56849000,30.91663333,29.97600500,29.24382400,28.89529000,30.02531143,31.15724250,32.40480667,30.96099800,27.86425000,12.14750924,30.34310271,30.00620565,0.33689706,0.85778386,-0.52088680,30.13269179,41.47531375,47.91425495,26.33290650,42.82114561,-6.64357173,29.97600500,37.11691576,22.83509424,84974947.13519120,104904868.98789701
2021-03-25,25.80000000,27.51520000,24.32910000,25.82500000,67993951.52700000,-0.01370000,-0.05302124,12.34922481,28.42316000,31.25627000,30.66591333,30.05518500,29.31856000,28.83637667,29.59272286,30.70078750,32.31078444,31.18069800,28.08666500,12.22144162,29.64800998,29.69648651,-0.04847653,0.67653178,-0.72500831,30.09607292,41.45289740,47.90160245,20.88595475,35.50941532,-8.36096641,30.05518500,36.95956407,23.15080593,79840927.23254240,102370443.01582210
2021-03-26,25.81090000,28.87820000,25.78730000,28.25270000,58791812.93687300,2.42770000,9.40058083,11.97517328,27.51136000,30.77794000,30.49606000,30.22227000,29.34824000,28.78681333,29.29344571,30.42782750,32.22930222,31.44035800,28.35451667,12.30763118,29.43334691,29.58953930,-0.15619239,0.50998695,-0.66617933,44.45094640,46.99130890,50.32703666,22.66002890,31.22628651,5.52751366,30.22227000,36.75417718,23.69036282,72750609.69550219,96340352.26531960
2021-03-27,28.27440000,28.66670000,26.78900000,27.62250000,46300539.74985500,-0.63020000,-2.23058327,6.64098973,27.20186000,30.27230000,30.47382000,30.26908000,29.36873600,28.81756333,29.05413143,30.16066500,31.62788889,31.63486200,28.61141167,12.38952888,29.15475508,29.44383260,-0.28907752,0.35017405,-0.63925158,41.77846378,45.76531527,49.70029169,22.43957841,28.29738381,10.72396760,30.26908000,36.70703490,23.83112510,64258684.77711660,89038400.81136739
2021-03-28,27.62260000,29.55780000,27.22000000,28.71670000,61369232.96412900,1.09420000,3.96126346,8.46335971,27.25112000,29.82265000,30.32960667,30.42402000,29.42860400,28.90913667,28.84073714,29.96507750,31.22232000,31.84676400,28.90405667,12.47637553,29.08736199,29.38997090,-0.30260891,0.21961746,-0.52222637,48.25976003,48.31923071,50.81014794,24.72889336,27.10788699,19.97090609,30.42402000,36.53131988,24.31672012,63462510.26724239,82445106.22013000
2021-03-29,28.73920000,30.37020000,28.20000000,29.50000000,57274429.92867700,0.78330000,2.72768111,7.55135842,27.98338000,29.04099000,30.37345333,30.18332000,29.57748000,29.03375000,28.76501714,29.77007000,30.80459111,31.96266400,29.19636500,12.56644762,29.15084476,29.39812121,-0.24727645,0.12623868,-0.37351513,52.77577823,50.15236356,51.60776018,31.98274467,28.73283955,38.48255490,30.18332000,36.01849320,24.34814680,58345993.42130680,71660470.27824900
2021-03-30,29.50000000,30.98020000,28.60230000,29.60090000,57190846.01957600,0.10090000,0.34203390,8.06067797,28.73856000,28.58086000,30.41703333,30.18407500,29.79186000,29.22189333,28.82240286,29.48595250,30.48276222,31.95356200,29.49611667,12.65610263,29.22008403,29.41314186,-0.19305784,0.06237938,-0.25543721,53.40443860,50.39959392,51.71300311,40.29858669,32.58808860,55.71958287,30.18407500,36.01892658,24.34922342,56185372.31982200,68013149.77618220
2021-03-31,29.60090000,29.96410000,25.90000000,28.72180000,56337213.74550100,-0.87910000,-2.96984213,13.72965011,28.83238000,28.17187000,30.12942000,30.08014000,29.94429200,29.26226333,28.79332286,29.23581250,30.25055556,31.88961000,29.77409167,12.74021623,29.14342495,29.36193133,-0.21850639,0.00620222,-0.22470861,46.87968237,48.13069554,50.71036441,48.88062926,38.01893549,70.60401682,30.08014000,35.94274783,24.21753217,55694452.48154759,64222531.08852490
2021-04-01,28.72170000,29.37300000,27.69210000,28.24560000,44363776.97676800,-0.47620000,-1.65797408,5.85236946,28.95700000,28.07943000,29.83386667,30.09461500,30.00666400,29.30011333,28.83748286,29.04199000,30.02692444,31.36080000,30.02034500,12.82097344,29.00529803,29.27924009,-0.27394206,-0.04982663,-0.22411543,43.43051497,46.88346320,50.16064343,52.21541833,42.75109644,71.14406212,30.09461500,35.93653449,24.25269551,55307099.92693020,59782892.35202340
2021-04-02,28.26860000,29.58050000,27.94290000,29.03530000,43378511.81810900,0.78970000,2.79583369,5.79300001,29.02072000,28.13592000,29.55534000,30.00238500,30.14336000,29.36062333,28.92507714,28.86323500,29.86014889,31.00216000,30.28401167,12.90498549,29.00991372,29.26117045,-0.25125673,-0.09011265,-0.16114408,50.65528823,49.26205233,51.07834791,58.39635237,47.96618175,79.25669361,30.00238500,35.85034387,24.15442613,51708955.69772620,57585732.98248430
2021-04-03,29.01370000,32.87270000,27.82740000,28.17870000,123148734.45141800,-0.85660000,-2.95020200,17.38937123,28.75646000,28.36992000,28.94614667,29.96920500,29.89794800,29.44064333,28.99413714,28.76394750,29.65744667,30.59977800,30.52915167,12.98371598,28.88203469,29.18098743,-0.29895274,-0.13188067,-0.16707207,43.43465122,46.78301873,50.03553050,50.18126618,48.70454322,53.13471209,29.96920500,35.85230247,24.08610753,64883816.60227440,61614905.01179060
2021-04-04,28.17090000,29.91710000,27.56070000,29.15730000,47959269.94984500,0.97860000,3.47283587,8.36465999,28.66774000,28.70315000,28.60982000,29.97971000,29.88080800,29.60450667,29.14272857,28.80307000,29.39504000,30.30126000,30.76777333,13.06665744,28.92438320,29.17923280,-0.25484961,-0.15647446,-0.09837515,52.68143451,49.92365905,51.22266532,49.02585939,48.81164861,49.45428095,29.97971000,35.85586984,24.10355016,63037501.38832819,59611436.85407510
2021-04-05,29.17400000,33.00000000,28.54550000,31.25590000,122497268.10382500,2.09860000,7.19751143,15.26873243,29.17456000,29.00347000,28.50610000,29.89070500,29.89902400,29.81600333,29.24973429,28.84097750,29.22900667,30.14295600,31.03421000,13.15945969,29.28307809,29.33306005,-0.04998196,-0.13517596,0.08519400,66.69288122,55.99866661,53.68511421,57.82897668,51.81742464,69.85208078,29.89070500,35.62413923,24.15727077,76269512.25999300,65981982.37077030
2021-04-06,31.29130000,34.55780000,30.00000000,31.46350000,125832561.85724100,0.20760000,0.66419460,14.56570996,29.81814000,29.38757000,28.65900000,29.82993500,30.03932000,29.97524333,29.37411714,28.96006500,29.12822889,30.00604600,31.26031333,13.25237360,29.61852761,29.49087045,0.12765716,-0.08260933,0.21026649,67.82388471,56.56728055,53.92521499,59.97264234,54.53583054,70.84626595,29.82993500,35.46383738,24.19603262,92563269.23608759,73935184.58150890
2021-04-07,31.48380000,34.15000000,28.60230000,29.50680000,92723601.16042000,-1.95670000,-6.21895212,17.62080816,29.91244000,29.46658000,28.72809333,29.64461500,29.98439600,30.10487333,29.43945429,29.04849750,28.97981333,29.86537800,31.45006667,13.33446667,29.60133875,29.49205042,0.10928833,-0.04422980,0.15351813,49.00338651,49.93258271,51.30915253,53.86827623,54.31331244,52.97820381,29.64461500,35.04909911,24.24013089,102432287.10454980,77070621.40113799
2021-04-08,29.54000000,31.61370000,29.22870000,30.75100000,48670912.61887600,1.24420000,4.21665514,8.07379824,30.42690000,29.59168000,29.05558000,29.31633500,30.06074400,29.98610667,29.58153714,29.17323250,28.94872000,29.73439200,31.56750000,13.42198693,29.77820971,29.58530597,0.19290375,0.00319691,0.18970684,57.91443513,53.69957987,52.82757893,54.58898426,54.40520304,54.95654670,29.31633500,33.39321485,25.23945515,87536722.73804142,76210269.67015789
2021-04-09,30.74750000,32.48200000,30.30310000,31.51780000,75504333.05986600,0.76680000,2.49357744,7.08642979,30.89900000,29.78337000,29.43510000,29.18211500,30.16356800,30.05050667,29.78943429,29.36226250,29.03595111,29.54543600,31.59186333,13.51246600,30.04583899,29.72845370,0.31738529,0.06603458,0.25135070,62.73071475,55.92890989,53.75502000,55.24379927,54.68473512,56.36192757,29.18211500,32.72327093,25.64095907,93045735.36004560,78041618.37418690
2021-04-10,31.51780000,33.97000000,30.86500000,31.77600000,108430389.72758099,0.25820000,0.81921962,9.85157593,31.00302000,30.08879000,29.66998667,29.13033000,30.11316800,30.08302333,29.98557714,29.46889500,29.08120444,29.40640800,31.58947333,13.64474950,30.31201760,29.88012383,0.43189378,0.13920642,0.29268736,64.37793983,56.69484457,54.07229107,56.91037600,55.42661541,59.87789717,29.13033000,32.47271171,25.78794829,90232359.68479680,83250935.97239490
2021-04-11,31.76280000,32.33000000,30.89280000,31.59760000,57506834.78195000,-0.17840000,-0.56143001,4.52479001,31.02984000,30.42399000,29.93499333,29.25171000,30.06991600,30.20440667,30.12590000,29.58108250,29.19004000,29.31839000,31.20466500,13.78506250,30.50979951,30.00734431,0.50245520,0.21185618,0.29059903,62.10216909,55.96175600,53.80614518,57.17155125,56.00826069,59.49813237,29.25171000,32.77175438,25.73166562,76567214.26973860,84565241.75291309
2021-04-12,31.58530000,35.64180000,31.10000000,33.80550000,134405366.70285100,2.20790000,6.98755602,14.37947400,31.88958000,30.90101000,30.27424667,29.51846500,30.09360800,30.30192667,30.35983143,29.74572000,29.36417333,29.27079000,30.98530167,13.93088450,31.01683036,30.28868922,0.72814114,0.31511317,0.41302797,75.14892249,62.50713261,56.56693556,63.87323696,58.62991945,74.35987199,29.51846500,33.55929028,25.47763972,84903567.37822480,93667927.24138731
2021-04-13,33.81250000,34.88800000,31.70000000,33.64620000,102492762.39518900,-0.15930000,-0.47122510,9.42846580,32.46862000,31.44776000,30.55066000,29.90884000,29.94679200,30.46205667,30.34075143,29.94242250,29.53938667,29.30071000,30.74110833,14.07554850,31.42134876,30.53739376,0.88395500,0.42888154,0.45507347,72.97385366,61.78434939,56.31354997,66.54159223,61.26714371,77.09048928,29.90884000,33.96136230,25.85631770,95667937.33348739,91602330.03576440
2021-04-14,33.64260000,39.45000000,32.89070000,38.33910000,278784648.51029098,4.69290000,13.94778608,19.49700677,33.83288000,32.36594000,31.13320667,30.53454500,30.11226800,30.77512000,30.59084571,30.29486500,29.85899778,29.51564400,30.64537333,14.24464400,32.48561818,31.11529801,1.37032018,0.61716927,0.75315091,86.64182633,72.13819732,61.60101962,74.28076797,65.60501846,91.63226698,30.53454500,35.65561294,25.41347706,136324000.42357239,114684867.89180902
2021-04-15,38.38920000,40.75900000,36.21000000,37.01740000,180469601.54740500,-1.32170000,-3.44739444,11.84968689,34.88116000,32.94209000,31.68624667,30.97278000,30.28049600,30.90783333,30.76847143,30.59752500,30.07025778,29.66120000,30.60947833,14.40648900,33.18281539,31.55249080,1.63032458,0.81980033,0.81052425,73.99466094,66.59474124,59.48516983,72.59448216,67.93483970,81.91376710,30.97278000,36.73198214,25.21357786,150731842.78753719,120482101.23616700
2021-04-16,37.02560000,37.54120000,33.06180000,35.45000000,130494095.60965399,-1.56740000,-4.23422499,12.09811590,35.65164000,33.34074000,32.16654000,31.36415500,30.53169600,31.00020333,30.98258286,30.81661750,30.25558889,29.83620000,30.56182833,14.56272850,33.53161302,31.84119522,1.69041780,0.99392382,0.69649397,61.26768388,60.57290121,57.05990946,66.38168754,67.41712231,64.31081799,31.36415500,37.22764739,25.50066261,165329294.95307797,120948254.61140831
2021-04-17,35.43830000,36.90620000,33.51000000,33.93420000,86641993.55815400,-1.51580000,-4.27588152,9.58341681,35.67738000,33.78348000,32.49313333,31.62503000,30.75024800,31.02423667,31.06984857,31.02452500,30.40479333,29.99549400,30.51839500,14.71170250,33.59354948,31.99623263,1.59731685,1.11460243,0.48271442,51.07327809,55.29761198,54.80506881,55.83037881,63.55487448,40.38138748,31.62503000,37.45675047,25.79330953,155776620.32413858,120340093.85118170
2021-04-18,33.96730000,34.30000000,22.54730000,29.33480000,166326205.42192799,-4.59940000,-13.55387780,34.60004180,34.81510000,33.64186000,32.57020667,31.61677000,30.89009200,30.75817667,31.08392000,30.90004500,30.48383111,30.06695800,30.38563667,14.83673000,32.93835725,31.79908945,1.13926780,1.11953550,0.01973230,31.80435149,42.92357021,48.71041187,49.64358479,58.91777792,31.09519855,31.61677000,37.46161683,25.77192317,168543308.92948639,132105623.13148689
2021-04-19,29.32300000,30.57960000,25.54720000,26.18270000,90979934.53238000,-3.15210000,-10.74525819,17.16195478,32.38382000,33.10835000,32.37190000,31.44586000,30.90440000,30.49086000,31.00493429,30.81496750,30.52697111,30.11148000,30.13925500,14.94689350,31.89902537,31.38306056,0.51596480,0.99882136,-0.48285656,24.27307438,36.77171078,45.12202445,39.74968741,52.52841441,14.19223339,31.44586000,37.72283202,25.16888798,130982366.13390419,133653183.27873829
2021-04-20,26.20290000,29.97520000,23.87660000,27.40580000,90912258.53880900,1.22310000,4.67140516,23.27452305,30.46150000,32.67133000,32.11522667,31.38006000,30.87052400,30.31066333,30.84407143,30.73010000,30.58241111,30.10938200,29.95056167,15.06436500,31.20775992,31.08844864,0.11931128,0.82291934,-0.70360806,31.79363495,40.38824841,46.71150907,35.39242656,46.81641846,12.54444275,31.38006000,37.80315621,24.95696379,113070897.53218500,131901370.15986109
2021-04-21,27.40590000,28.48990000,25.75000000,25.81310000,74969648.92741799,-1.59270000,-5.81154354,9.99748229,28.53412000,32.09288000,31.73853333,31.25843500,30.79814800,30.19876667,30.64790571,30.67652500,30.56300667,30.08344200,29.78080500,15.17334650,30.37781224,30.69768205,-0.31986980,0.59436152,-0.91423132,27.52251929,37.35317206,44.94273186,29.57242706,41.06842133,6.58043852,31.25843500,38.01490768,24.50196232,101966008.19573779,133647651.57440789
2021-04-22,25.81310000,27.75190000,22.87000000,23.97030000,89712278.56233799,-1.84280000,-7.13901081,18.91249017,26.54134000,31.10936000,31.36943333,31.00518500,30.60829200,30.04876333,30.38382286,30.50378500,30.52639333,30.01844800,29.57721833,15.27337800,29.39204113,30.19935741,-0.80731628,0.31402596,-1.12134224,23.19599098,34.11709108,42.97791442,22.31950412,34.81878226,-2.67905215,31.00518500,38.45648663,23.55388337,102580065.19657460,129178342.76035662
2021-04-23,23.96920000,26.55700000,19.80000000,23.53170000,105328377.18568100,-0.43860000,-1.82976433,28.19034428,25.38072000,30.09791000,30.88814667,30.77283500,30.36956000,29.97186333,29.98996857,30.37102000,30.28678667,29.97352000,29.43357667,15.37113000,28.49045019,29.70545683,-1.21500664,0.00821944,-1.22322608,22.19929607,33.36653696,42.51628669,20.81458997,30.15071816,2.14233359,30.77283500,38.85808129,22.68758871,90380499.54932520,129461904.23940580
2021-04-24,23.55000000,23.93810000,21.38010000,21.85230000,50480605.99209100,-1.67940000,-7.13675595,10.86199575,24.51464000,28.44923000,30.24378000,30.40758500,30.05961600,29.83944000,29.63711429,30.19364750,30.11493111,29.92573800,29.33790833,15.46267950,27.46919631,29.12374147,-1.65454516,-0.32433348,-1.33021168,18.53909739,30.55842117,40.76675572,17.73238953,26.01127529,1.17461801,30.40758500,39.40829931,21.40687069,82280633.84126739,106631499.98758580
2021-04-25,21.84290000,23.75000000,20.35900000,21.62400000,37881647.72113900,-0.22830000,-1.04474129,15.52449537,23.35828000,26.90989000,29.56698000,29.92599000,29.77570400,29.61848333,29.31746571,29.90834750,29.91100889,29.85999800,29.20264833,15.55358950,26.56993534,28.56820503,-1.99826969,-0.65912072,-1.33914897,18.05351793,30.18172752,40.53017468,15.37585989,22.46613682,1.19530604,29.92599000,39.73043720,20.12154280,71674511.67773339,92372704.60495920
2021-04-26,21.62800000,26.50000000,21.39000000,26.45100000,75465416.01002000,4.82700000,22.32241953,23.62678010,23.48586000,26.00999000,29.22387333,29.67536500,29.70392000,29.57943333,29.23978000,29.75265000,29.87756222,29.85529200,29.19849833,15.66627100,26.55163760,28.41137502,-1.85973742,-0.89924406,-0.96049336,50.76943845,45.63822146,47.28015790,25.54022843,23.49083403,29.63901725,29.67536500,39.57017479,19.78055521,71773665.09425381,86869836.64499579
2021-04-27,26.44100000,28.00000000,25.70000000,27.94900000,63681712.66651600,1.49800000,5.66330195,8.69861200,24.28160000,25.41147000,28.83344000,29.59747500,29.66046800,29.55384333,29.22488286,29.62104500,29.81243111,29.90191400,29.23149000,15.78477050,26.76661643,28.37712502,-1.61050859,-1.04149697,-0.56901162,57.14152039,49.42849735,49.14921103,42.22565132,29.73577312,67.20540771,29.59747500,39.52235149,19.67259851,66567551.91508941,84573808.55583200
2021-04-28,27.96100000,29.07700000,25.82600000,28.23300000,70419912.59010600,0.28400000,1.01613653,11.62690891,25.22186000,25.30129000,28.47256000,29.47157500,29.66264000,29.51161000,29.29329143,29.39395500,29.79889111,29.78029400,29.27268000,15.90582050,26.99221390,28.36644909,-1.37423519,-1.10804461,-0.26619058,58.36745497,50.14738365,49.50337131,55.77642682,38.41599102,90.49729842,29.47157500,39.39872257,19.54442743,59585858.99597440,74983179.27264979
2021-04-29,28.24600000,29.76500000,26.60000000,27.91200000,63709226.53237600,-0.32100000,-1.13696738,11.20512639,26.43380000,25.47422000,27.77742000,29.29128500,29.61282800,29.45531333,29.35292000,29.23670000,29.77588667,29.74681800,29.33860333,16.02490050,27.13371945,28.33278619,-1.19906674,-1.12624904,-0.07281770,56.18754513,49.28354713,49.10004721,64.31925695,47.05041300,98.85694486,29.29128500,39.19289973,19.38967027,62231583.10403140,72256108.47264940
2021-04-30,27.92600000,33.00000000,27.50100000,32.80000000,103924073.25336100,4.88800000,17.51218114,19.69132708,28.66900000,26.01364000,27.49626000,29.34248500,29.67459200,29.59125333,29.48284286,29.23640750,29.77064222,29.78680800,29.42675833,16.16685050,28.00545492,28.66369093,-0.65823601,-1.03264643,0.37441042,73.95923980,60.56731934,54.93417924,75.70778746,56.60287115,113.91762008,29.34248500,39.30857721,19.37639279,75440068.21047580,73557289.94410460
2021-05-01,32.81900000,35.68000000,31.72200000,31.80500000,120606500.59768100,-0.99500000,-3.03353659,12.06008714,29.73980000,26.61283000,27.25326000,29.35285500,29.68825200,29.70990000,29.60234286,29.30228250,29.75122222,29.86378600,29.50500667,16.30347250,28.59000032,28.89638050,-0.30638018,-0.88739318,0.58101300,67.29169626,57.71577321,53.62851963,75.67127057,62.95900429,101.09580312,29.35285500,39.32925354,19.37645646,84468285.12800799,78120975.11113091
2021-05-02,31.81500000,32.68100000,30.38300000,31.28000000,68800524.69914199,-0.52500000,-1.65068385,7.22300802,30.40600000,27.34380000,27.07631333,29.22658000,29.75918000,29.78472333,29.67558000,29.37252250,29.70826222,29.87178800,29.57267333,16.43907450,29.00384642,29.07294492,-0.06909849,-0.72373424,0.65463575,63.65803752,56.19295281,52.93580166,74.20792970,66.70864609,89.20649691,29.22658000,39.02807763,19.42508237,85492047.53453320,76029799.72481130
2021-05-03,31.26200000,37.36000000,30.69700000,35.87100000,184269843.68858999,4.59100000,14.67710997,21.31341565,31.93360000,28.57773000,27.51206000,29.33782000,29.96398000,30.04113333,29.85760857,29.62333000,29.67613778,30.01236200,29.74088833,16.59779500,30.06033159,29.57650457,0.48382702,-0.48222199,0.96604901,76.80269800,65.00208116,57.89821105,79.88585035,71.10104751,97.45545603,29.33782000,39.39761208,19.27802792,108262033.75422999,83923946.37510219
2021-05-04,35.88500000,36.19400000,29.50100000,30.28700000,145089846.10521701,-5.58400000,-15.56689248,18.65124704,32.40860000,29.42120000,27.78568000,28.93521500,29.91474800,30.07879000,29.87721143,29.73488000,29.58913333,30.03915800,29.84164833,16.72901350,30.09520365,29.62913386,0.46606979,-0.29256363,0.75863343,50.26648769,51.31128944,51.06469541,71.82746943,71.34318815,72.79603198,28.93521500,38.08120422,19.78922578,124538157.66879821,93384870.38641480
2021-05-05,30.30700000,35.61600000,29.70000000,35.25800000,109473038.55279399,4.97100000,16.41298247,19.52024285,32.90020000,30.78460000,28.30916000,28.84724500,30.05402800,30.21219333,30.06396000,29.91001250,29.64349556,30.08359800,30.01409833,16.88433050,30.88948001,30.04608692,0.84339309,-0.06537229,0.90876538,63.67425701,59.57915814,55.89975478,75.20916487,72.63184706,80.36380049,28.84724500,37.69489632,19.99959368,125647950.72868481,100544009.46958031
2021-05-06,35.22500000,39.30000000,34.66000000,38.00300000,230357016.40610600,2.74500000,7.78546713,13.17246274,34.13980000,31.93980000,29.12182000,28.97489500,30.31024400,30.43017667,30.34274286,30.16952500,29.83978444,30.19008000,30.20271000,17.05374800,31.98386770,30.63548790,1.34837980,0.21737813,1.13100167,69.18004227,63.33027111,58.27525564,80.26412782,75.17594065,90.44050218,28.97489500,38.28521775,19.66457225,147598053.89036980,116033169.50918889
2021-05-07,38.00200000,43.88500000,35.96900000,37.87500000,273821708.08021218,-0.12800000,-0.33681551,20.83048261,35.45880000,32.93240000,30.04880000,29.17193500,30.47302400,30.70911667,30.59530571,30.39848250,30.04877556,30.28331600,30.40699500,17.22287300,32.89019575,31.17174807,1.71844768,0.51759204,1.20085564,68.59825170,63.03270946,58.12291611,75.25274128,75.20154086,75.35514211,29.17193500,39.07228788,19.27158212,188602290.56658381,137047169.05055851
2021-05-08,37.85200000,39.84400000,37.15700000,38.39900000,95715259.47812800,0.52400000,1.38349835,7.09870020,35.96440000,33.94900000,31.03995333,29.62514500,30.66313600,30.96405000,30.88731429,30.62095750,30.32789333,30.30496400,30.47507833,17.39584800,33.73770410,31.70710008,2.03060402,0.82019443,1.21040958,69.84408773,63.79246597,58.58538948,72.34053194,74.24787122,68.52585340,29.62514500,40.35223718,18.89805282,170891373.72449142,139576703.73936072
2021-05-09,38.39900000,39.50000000,35.01700000,38.96900000,89501364.02466500,0.57000000,1.48441366,11.67478320,37.70080000,35.05470000,32.18106667,30.26446000,30.68833200,31.21242333,31.16764857,30.85516000,30.61998222,30.40030000,30.63146500,17.57090050,34.54251885,32.24501860,2.29750025,1.11565560,1.18184465,71.32891522,64.65449739,59.09810993,70.16806690,72.88793645,64.72832781,30.26446000,41.63263008,18.89628992,159773677.30838102,142155917.48858961
2021-05-10,38.98800000,41.80000000,29.69000000,34.65200000,159738078.07214499,-4.31700000,-11.07803639,31.06083923,37.57960000,35.23990000,33.04960000,30.62677000,30.59371600,31.30829000,31.26468000,31.00341500,30.76218889,30.43710600,30.69565667,17.72246800,34.55936210,32.42331352,2.13604858,1.31973419,0.81631439,49.27735382,54.02700515,53.83124604,58.71558557,68.16381949,39.81911774,30.62677000,42.07294455,19.18059545,169826685.21225125,147737317.97046798
2021-05-11,34.65000000,37.30000000,32.57500000,36.80000000,95271679.57301299,2.14800000,6.19877641,13.63636364,37.33900000,35.73940000,33.73953333,31.17611500,30.64771600,31.48170333,31.41715143,31.21727500,30.96613333,30.58970600,30.84305500,17.88518400,34.90407563,32.74751253,2.15656310,1.48709997,0.66946312,57.18124937,57.79282174,55.87306800,56.05835108,64.12866335,39.91772653,31.17611500,42.70386260,19.64836740,142809617.84563261,145203835.86800122
2021-05-12,36.76800000,41.47000000,32.00000000,32.80000000,210662204.12867799,-4.00000000,-10.86956522,25.75609225,36.32400000,35.89140000,34.06293333,31.61760000,30.60234800,31.44818667,31.51124286,31.31139250,31.05687333,30.67629800,30.87505667,18.02827350,34.58037168,32.75140049,1.82897120,1.55547422,0.27349698,42.41259074,49.54774769,51.45149466,45.01730265,57.75820978,19.53548837,31.61760000,42.64901576,20.58618424,130177717.05532579,159390003.81095481
2021-05-13,32.87200000,37.17000000,30.73900000,35.07500000,156789885.05228999,2.27500000,6.93597561,19.56376247,35.65920000,35.81180000,34.51906667,32.19476500,30.83195600,31.49581333,31.63478571,31.48380000,31.18076222,30.86102400,30.97893500,18.18290900,34.65646835,32.92351897,1.73294937,1.59096925,0.14198012,51.04255188,53.65050335,53.62931783,42.65683274,52.72441744,22.52166334,32.19476500,42.63705838,21.75247162,142392642.17015821,156642007.94732481
2021-05-14,35.03600000,38.00000000,33.27600000,36.99900000,90688909.49718800,1.92400000,5.48538845,13.48327435,35.26520000,36.48300000,35.12486667,32.95210000,31.26460800,31.45114333,31.79139143,31.67984250,31.34516444,31.08450400,31.11313167,18.34716400,35.01685783,33.22540646,1.79145137,1.63106567,0.16038570,57.50534843,56.88520097,55.39509713,45.60120891,50.35001459,36.10359754,32.95210000,42.38429624,23.51990376,142630151.26466280,151201914.28652191
2021-05-15,36.99300000,39.99000000,34.03100000,34.43900000,184846636.83431399,-2.56000000,-6.91910592,16.10845295,35.22260000,36.40110000,35.23413333,33.59285000,31.54593600,31.36519667,31.86747714,31.75942000,31.47221333,31.20823000,31.13651500,18.49875050,34.92795663,33.31530228,1.61265435,1.62738341,-0.01472906,47.49468486,51.65274556,52.61341360,41.55261996,47.41754972,29.82276045,33.59285000,41.38304436,25.80265564,147651863.01709661,158739274.11467391
2021-05-16,34.46400000,39.70000000,32.50000000,36.60000000,190808554.56056699,2.16100000,6.27486280,20.89136490,35.18260000,36.26080000,35.55380000,34.10030000,31.97741200,31.40353000,32.01040286,31.88783250,31.65786667,31.38778000,31.20186667,18.66145250,35.18519407,33.55861323,1.62658084,1.62722290,-0.00064205,55.36552521,55.42820434,54.62062497,46.72184023,47.18564655,45.79422757,34.10030000,41.22550623,26.97509377,166759238.01460737,154784427.93012002
2021-05-17,36.59700000,37.93600000,31.75000000,33.67000000,165234150.12218300,-2.93000000,-8.00546448,16.90302484,35.35660000,35.84030000,35.71313333,34.38635000,32.36540000,31.39472333,32.00653143,31.99191250,31.76086000,31.48684600,31.20948000,18.81092350,34.95208729,33.56686410,1.38522319,1.57882296,-0.19359976,44.50962447,49.68890641,51.53236389,42.10302698,45.49144003,35.32620089,34.38635000,40.90532397,27.86737603,157673627.21330839,143925672.13431710
2021-05-18,33.68400000,37.70000000,33.26800000,36.87500000,132738977.36407700,3.20500000,9.51885952,13.15758223,35.71660000,35.68790000,35.78006667,34.81845000,32.89913200,31.64606333,32.09878286,32.14501250,31.95411111,31.63434600,31.20212000,18.97668650,35.24792001,33.81191120,1.43600881,1.55026013,-0.11425132,55.86811410,55.22170077,54.47064066,47.84572842,46.27620283,50.98477961,34.81845000,40.73819941,28.89870059,152863445.67566580,147628043.92291197
2021-05-19,36.90700000,38.53500000,17.77500000,23.05200000,223825127.90984499,-13.82300000,-37.48610169,56.24949197,32.92720000,34.09620000,35.29773333,34.57545000,32.94712000,31.54170667,31.66200857,31.93336750,31.81843778,31.50336800,31.01628333,19.07371850,33.37162463,33.01488074,0.35674389,1.31155688,-0.95481299,27.12839425,36.39182538,42.79477075,39.32065935,43.95768833,30.04660138,34.57545000,41.91712084,27.23377916,179490689.35819718,161060420.31143001
2021-05-20,23.06400000,28.20000000,20.80900000,25.08600000,115628255.55487899,2.03400000,8.82352941,32.04561221,31.05660000,33.13960000,34.61960000,34.18975000,33.08560000,31.46438000,31.32111143,31.76611750,31.68132889,31.43065200,30.88752167,19.18074150,32.09691315,32.42755623,-0.33064309,0.98311689,-1.31375997,33.19642932,39.69281332,44.61753740,36.49864313,41.47133993,26.55324951,34.18975000,42.64953437,25.72996563,165647013.10231018,156649438.05970341
2021-05-21,25.04200000,26.71200000,18.36800000,21.82700000,85878210.50720701,-3.25900000,-12.99130989,33.32002236,28.10200000,31.64230000,33.54120000,33.69085000,32.90064000,31.33151000,30.93188286,31.52185250,31.46718444,31.30228000,30.76513833,19.27179150,30.51692651,31.64232984,-1.12540333,0.56141284,-1.68681617,28.61502583,36.39173562,42.36082325,30.41240474,37.78502820,15.66715782,33.69085000,43.76552174,23.61617826,144660944.29163820,155710091.15312278
2021-05-22,21.82500000,22.47400000,18.30000000,18.79700000,52186116.31586300,-3.03000000,-13.88188940,19.12485682,25.12740000,30.24200000,32.26933333,33.06670000,32.53456000,31.15906667,30.49939143,31.14664000,31.22918889,31.09751400,30.60391500,19.34916150,28.71386089,30.69082392,-1.97696303,0.05373767,-2.03070069,24.79694694,33.56084204,40.37942072,21.80843488,32.45949709,0.50631046,33.06670000,45.12221724,21.01118276,122051337.53037421,139862482.37184128
2021-05-23,18.80900000,19.66800000,12.08600000,15.60600000,82687662.97950700,-3.19100000,-16.97611321,40.31048966,20.87360000,28.29510000,30.74980000,32.05345000,32.02948000,30.89487667,30.10714000,30.69563500,30.89263333,30.84606000,30.43337000,19.41133250,26.69726691,29.57342955,-2.87616264,-0.53224239,-2.34392024,21.21894929,30.80755935,38.40532871,18.74384955,27.88761458,0.45631950,32.05345000,46.32024650,17.78665350,112041074.65346019,132452260.16456299
2021-05-24,15.60300000,20.50000000,15.03400000,19.39500000,78219280.06030400,3.78900000,24.27912341,35.03172467,20.14220000,26.53470000,29.44486667,31.50885000,31.68880000,30.81296667,29.91320571,30.22203250,30.62323778,30.65081400,30.32620333,19.49163350,25.57384123,28.81947180,-3.24563057,-1.07492003,-2.17071054,34.65401499,37.45420374,41.92328589,21.31871905,25.69798274,12.56019166,31.50885000,46.85061459,16.16708541,82919905.08355199,131205297.22087459
2021-05-25,19.39500000,20.24300000,17.00100000,19.44600000,53730357.65711000,0.05100000,0.26295437,16.71564836,19.01420000,25.03540000,28.43113333,30.71825000,31.15464000,30.74036667,29.68578286,29.78274750,30.34923778,30.41461600,30.17942500,19.57090700,24.63109643,28.12514055,-3.49404412,-1.55874485,-1.93529928,34.83351692,37.54230131,41.96983702,23.48819237,24.96138595,20.54180522,30.71825000,46.85556554,14.58093446,70540325.50399821,118093669.30315419
2021-05-26,19.43100000,21.45300000,18.91800000,20.79700000,62721216.86484800,1.35100000,6.94744420,13.04616335,18.80820000,23.45510000,27.36426667,29.85795000,30.71432000,30.55190000,29.54246571,29.41642250,30.10922444,30.20128600,30.06566667,19.65782900,24.04123544,27.58231532,-3.54107988,-1.95521185,-1.58586803,40.06690944,39.98515902,43.22769963,26.63715578,25.51997589,28.87151557,29.85795000,46.19339949,13.52250051,65908926.77552639,105284935.53358230
2021-05-27,20.79400000,21.19800000,18.71700000,19.11800000,37144061.89919700,-1.67900000,-8.07327980,11.93132634,18.87240000,21.99990000,26.45213333,28.92010000,30.22784000,30.25753333,29.40382857,29.04601750,29.78283556,29.99351000,29.90568833,19.73604200,23.28381460,26.95532900,-3.67151440,-2.29847236,-1.37304203,35.78148379,37.97164123,42.04579948,26.62044270,25.88679816,28.08773177,28.92010000,45.46989730,12.37030270,62900515.89219321,92475926.71128370
2021-05-28,19.13300000,19.56800000,16.01500000,16.72700000,40285104.07871700,-2.39100000,-12.50653834,18.57000993,19.09660000,19.98510000,25.22893333,27.83650000,29.46208000,29.87400000,29.20940857,28.73082250,29.40685333,29.71303000,29.69280500,19.80261450,22.27507389,26.19767499,-3.92260110,-2.62329811,-1.29930299,30.25213187,35.21663880,40.40423541,27.34730932,26.37363521,29.29465754,27.83650000,44.60955715,11.06344285,54420004.11203520,83230539.38274769
2021-05-29,16.72700000,17.59200000,15.16900000,16.16800000,20444938.26396300,-0.55900000,-3.34190231,14.48556226,18.45120000,19.29670000,23.84020000,26.69645000,28.89732000,29.48253333,29.04700000,28.48045500,28.91416222,29.40603400,29.46892333,19.86559800,21.33552406,25.45473610,-4.11921204,-2.92248090,-1.19673114,28.99507868,34.57680342,40.02302846,27.53460714,26.76062586,29.08256972,26.69645000,43.38284802,10.01005198,42865135.75276700,62892520.41815950
2021-05-30,16.19400000,17.46800000,15.10100000,16.51800000,18967076.15311300,0.35000000,2.16476992,14.61652464,17.86560000,18.43990000,22.64546667,25.78975000,28.14772000,28.93980000,28.90111429,28.20826000,28.45862000,29.10087400,29.26552667,19.93076700,20.59436651,24.79275565,-4.19838913,-3.17766254,-1.02072659,31.14475072,35.37874099,40.39047085,32.57794243,28.69973138,40.33436454,25.78975000,42.62604160,8.95345840,35912479.45196760,53226402.47798290
2021-05-31,16.50400000,18.19800000,15.67100000,18.14000000,23344234.82288600,1.62200000,9.81959075,15.31143965,17.33420000,18.07120000,21.41480000,24.85675000,27.35320000,28.48430000,28.66365714,28.01643250,28.07395333,28.83172200,29.09710000,20.00434550,20.21677167,24.29995893,-4.08318726,-3.35876749,-0.72441978,41.06692617,39.14962706,42.10564087,43.26234560,33.55393612,62.67916454,24.85675000,41.18445771,8.52904229,28037083.04357520,46973004.90955080
2021-06-01,18.15300000,18.58300000,17.06600000,17.74800000,21252314.19634600,-0.39200000,-2.16097023,8.35674544,17.06020000,17.96630000,20.35333333,24.10415000,26.54812000,28.03323333,28.37220000,27.86087500,27.71426000,28.51057200,28.90897833,20.07471300,19.83696064,23.81462864,-3.97766800,-3.48254759,-0.49512041,39.41953109,38.55644399,41.80231432,42.93514009,36.68100411,55.44341205,24.10415000,40.27711416,7.93118584,24858733.50300500,43879624.69759910
2021-06-02,17.74800000,19.41900000,17.14500000,18.68700000,31441233.73313100,0.93900000,5.29073698,12.81271129,17.45220000,18.27440000,19.14080000,23.28475000,25.75964000,27.46043333,28.09945714,27.73975750,27.47764222,28.21138800,28.75078333,20.15070100,19.66004362,23.43480429,-3.77476067,-3.54099021,-0.23377047,45.68283433,40.89658371,42.83172384,47.44164671,40.26788498,61.78917018,23.28475000,38.76302199,7.80647801,23089959.43388780,38754981.77296150
2021-06-03,18.68600000,20.70000000,18.21900000,20.26800000,34768091.11969400,1.58100000,8.46042703,13.27731992,18.27220000,18.36170000,18.95520000,22.44820000,25.01160000,27.12646667,27.88105714,27.70015000,27.34620444,27.84996600,28.60262833,20.23431450,19.75357537,23.20022620,-3.44665083,-3.52212233,0.07547150,55.06857452,44.76085188,44.55476780,58.74258395,46.42611797,83.37551592,22.44820000,36.55317563,8.34322437,25954590.00503400,34409862.87890051
2021-06-04,20.24700000,20.55000000,17.41000000,18.24300000,34131796.22218600,-2.02500000,-9.99111901,15.50847039,18.61720000,18.24140000,18.49900000,21.63840000,24.35524000,26.55930000,27.46514286,27.61562500,27.14258667,27.47447800,28.38574667,20.30702950,19.52117916,22.83302425,-3.31184510,-3.48006688,0.16822179,43.51229953,41.01398424,42.82948354,56.33956966,49.73060187,69.55750526,21.63840000,34.66309723,8.61370277,28987534.01884860,32450006.73540810
2021-06-05,18.23600000,19.14200000,16.86000000,17.23000000,28105158.81873900,-1.01300000,-5.55281478,12.51370915,18.43520000,17.88470000,18.19253333,20.66990000,23.57244000,25.86686667,27.04871429,27.38510000,26.95185111,27.11007800,28.14852167,20.37400200,19.16869006,22.41798542,-3.24929536,-3.43391258,0.18461722,38.64415452,39.22224252,41.98091639,50.23459553,49.89859975,50.90658708,20.66990000,31.74502790,9.59477210,29939718.81801920,28988400.93079720
2021-06-06,17.23300000,18.00000000,17.09000000,17.38300000,13149046.69052300,0.15300000,0.88798607,5.28056636,18.36220000,17.71120000,18.09826667,19.85555000,22.95576000,25.18380000,26.65165714,27.12095000,26.80546667,26.77905400,27.94645833,20.44219450,18.89396851,22.04502354,-3.15105503,-3.37734107,0.22628604,39.86357176,39.65659649,42.16151967,47.07548971,48.95756307,43.31134299,19.85555000,29.15937456,10.55172544,28319065.31685460,26588899.40992980
2021-06-07,17.38000000,18.05300000,15.30400000,15.53600000,48358814.14306000,-1.84700000,-10.62532359,15.81703107,17.73200000,17.59210000,18.09360000,18.78860000,22.17420000,24.42170000,26.07065714,26.80352500,26.62778444,26.50307800,27.69287500,20.50167500,18.37735797,21.56287364,-3.18551567,-3.33897599,0.15346032,30.95219905,36.24533317,40.57068168,33.97340798,43.96284471,13.99453452,18.78860000,23.75998457,13.81721543,31702581.39884040,27396270.41636410
2021-06-08,15.53300000,16.04800000,13.63900000,14.79200000,38874804.23242900,-0.74400000,-4.78887745,15.50891650,16.63680000,17.45450000,17.78673333,18.37560000,21.28592000,23.61580000,25.62794286,26.47552500,26.47088889,26.27526400,27.41411167,20.55706000,17.82576444,21.06132745,-3.23556301,-3.31829339,0.08273038,27.93374324,34.92515440,39.93728228,28.09198260,38.67255734,6.93083313,18.37560000,23.22663372,13.52456628,32523924.02138740,29239257.01321070
2021-06-09,14.80300000,15.76500000,13.65000000,15.40000000,37197544.87271000,0.60800000,4.11032991,14.28764440,16.06820000,17.34270000,17.51700000,17.89130000,20.52436000,22.97406667,25.06057143,26.04052500,26.33257778,26.03514800,27.14117833,20.61391950,17.45256991,20.64196986,-3.18939995,-3.29251470,0.10311476,34.22405670,36.97176399,40.72639803,27.04125848,34.79545772,11.53285999,17.89130000,21.75512157,14.02747843,33137073.75149220,31062303.88517040
2021-06-10,15.40300000,15.57800000,13.73000000,14.19300000,34900914.84187700,-1.20700000,-7.83766234,11.99766279,15.46080000,16.94800000,17.07673333,17.50960000,19.62808000,22.22050000,24.38028571,25.60022500,26.06017778,25.80274600,26.85110167,20.66543850,16.95109761,20.16426839,-3.21317077,-3.27664592,0.06347515,28.33272353,34.61417500,39.64735915,20.64281038,30.07790861,1.77261392,17.50960000,21.24244418,13.77675582,34496224.95611980,32217971.88706950
2021-06-11,14.19300000,14.61600000,13.14000000,13.40800000,27700725.96289600,-0.78500000,-5.53089551,10.39949271,14.66580000,16.51400000,16.69606667,17.24015000,18.81760000,21.57410000,23.68122857,25.15342500,25.73704444,25.59150000,26.51114333,20.71210500,16.40600567,19.66380406,-3.25779839,-3.27287641,0.01507803,24.97713739,33.11592014,38.94706322,14.94353143,25.03311621,-5.23563813,17.24015000,21.34151703,13.13878297,37406560.81059439,32862813.06372450
2021-06-12,13.42300000,14.00000000,12.63800000,13.54500000,22830447.28466100,0.13700000,1.02177804,10.14676302,14.26760000,15.99980000,16.48393333,17.13710000,17.88440000,20.85643333,22.97111429,24.59527500,25.41064444,25.39176600,26.17612333,20.75853000,15.96585095,19.21055931,-3.24470836,-3.26724280,0.02253444,26.79292594,33.66259569,39.14281850,13.78355415,21.28326219,-1.21586193,17.13710000,21.50617929,12.76802071,32300887.43891460,32001734.41887750
2021-06-13,13.55100000,14.99900000,13.24100000,14.76100000,26854958.58503000,1.21600000,8.97748247,12.97321231,14.26140000,15.44910000,16.39013333,16.90540000,17.55276000,20.11516667,22.27945714,24.20712500,25.11840000,25.24994000,25.78315500,20.81210850,15.78048927,18.88096233,-3.10047306,-3.23388885,0.13341579,41.79705680,38.52765614,40.89793519,20.06951991,20.87868143,18.45119686,16.90540000,21.26178906,12.54901094,29896918.30943480,31210421.16541110
2021-06-14,14.76200000,15.41900000,14.37100000,15.11300000,26069796.79790100,0.35200000,2.38466229,7.09930904,14.20400000,15.13610000,16.29646667,16.68875000,17.15384000,19.47096667,21.72120000,23.70350000,24.72535556,25.11972000,25.41808167,20.86995000,15.67779861,18.60185401,-2.92405539,-3.17192216,0.24786677,45.66539672,39.91909423,41.40834897,28.61513700,23.45749996,38.93041110,16.68875000,20.94292199,12.43457801,27671368.69447300,30404221.22298260
2021-06-15,15.11100000,15.63200000,14.58100000,14.71400000,24356226.18104300,-0.39900000,-2.64011116,6.95519820,14.30820000,14.88450000,16.06806667,16.38460000,16.86932000,18.74143333,21.09017143,23.12127500,24.34555556,24.88498000,25.07248167,20.92554900,15.52952190,18.31386482,-2.78434292,-3.09440631,0.31006339,41.87930903,38.83218145,40.98964457,31.85607471,26.25702487,43.05417439,16.38460000,20.25451573,12.51468427,25562430.96230620,30029327.95921300
2021-06-16,14.71500000,14.95100000,13.91300000,14.07800000,22971491.58311300,-0.63600000,-4.32241403,7.05402650,14.44220000,14.55400000,15.82340000,16.13260000,16.68056000,18.08836667,20.55525714,22.52635000,23.96328889,24.60756000,24.74154500,20.97780350,15.30621084,18.00009706,-2.69388621,-3.01430229,0.32041608,36.14686827,37.07673231,40.31166290,35.31362948,29.27589308,47.38910228,16.13260000,19.90831254,12.35688746,24616584.08634960,31011572.44847200
2021-06-17,14.08100000,15.49800000,14.02000000,14.84400000,32446965.98547200,0.76600000,5.44111379,10.49641361,14.70200000,14.48480000,15.56720000,16.03845000,16.65008000,17.35400000,19.97722857,21.93747500,23.49602222,24.33978000,24.50003167,21.03351700,15.23510148,17.76631209,-2.53121061,-2.91768396,0.38647335,46.69267601,40.60457853,41.52715759,47.05803632,35.20327416,70.76756065,16.03845000,19.84553257,12.23136743,26539887.82651180,29420387.63271320
2021-06-18,14.85800000,15.30000000,13.10000000,13.64000000,23345824.08595500,-1.20400000,-8.11102129,14.80683807,14.47780000,14.36960000,15.12533333,15.91205000,16.41988000,17.04026667,19.30982857,21.30425000,23.12608889,24.05434000,24.29098667,21.08320500,14.98970125,17.46065934,-2.47095809,-2.82833878,0.35738069,35.60213654,37.04338691,40.18498454,42.52766884,37.64473905,52.29352841,15.91205000,19.86605287,11.95804713,25838060.92669680,27867489.61806580
2021-06-19,13.63500000,14.04000000,13.20900000,13.38300000,9272511.48766300,-0.25700000,-1.88416422,6.09460946,14.13180000,14.16790000,14.80133333,15.75530000,16.17736000,16.65016667,18.70822857,20.77252500,22.63997778,23.66600000,24.05727333,21.13234850,14.74251644,17.15861050,-2.41609406,-2.74588984,0.32979578,33.56031483,36.30199804,39.89776438,36.64614574,37.31187461,35.31468798,15.75530000,19.85407173,11.65652827,22478603.86464920,25074986.27956110
2021-06-20,13.37400000,14.18800000,12.78300000,13.91700000,15764150.00571400,0.53400000,3.99013674,10.50545835,13.97240000,14.14030000,14.58046667,15.54415000,15.90216000,16.38650000,18.06014286,20.20045000,22.10473333,23.30824000,23.85900500,21.18323350,14.61551391,16.91849120,-2.30297729,-2.65730733,0.35433004,41.87245931,39.06632519,40.81494465,38.67035412,37.76470111,40.48166012,15.54415000,19.55992239,11.52837761,20760188.62958340,23161309.79594480
2021-06-21,13.91400000,14.06900000,11.07700000,11.20000000,27106302.10066000,-2.71700000,-19.52288568,21.50352163,13.39680000,13.91950000,14.16826667,15.21675000,15.58544000,16.13326667,17.41814286,19.66045000,21.51195556,22.90664000,23.64616667,21.22017200,14.09005024,16.49489926,-2.40484903,-2.60681567,0.20196664,23.73907330,31.48276075,37.75593339,26.68034585,34.06991602,11.90120549,15.21675000,19.53248380,10.90101620,21587150.73309280,23101867.40972120
2021-06-22,11.19000000,11.76400000,9.32500000,10.57800000,34589702.59977600,-0.62200000,-5.55357143,21.79624665,12.54360000,13.62280000,13.83773333,14.81130000,15.33948000,15.96566667,16.66680000,19.04802500,20.89371111,22.40078000,23.43027167,21.25538800,13.54973481,16.05661043,-2.50687561,-2.58682766,0.07995204,21.21513762,30.02705734,37.09184716,24.40916878,30.84966694,11.52817246,14.81130000,19.27540182,10.34719818,22015698.05595360,24277792.94123270
2021-06-23,10.58500000,11.89900000,10.15000000,11.45600000,23569095.29318800,0.87800000,8.30024579,16.52338214,12.10680000,13.29230000,13.61533333,14.37070000,15.15100000,15.70103333,16.33548571,18.40945000,20.28231111,22.02416000,23.25700000,21.29447700,13.22762177,15.71582447,-2.48820270,-2.56710267,0.07889996,33.23850113,34.67811269,38.68048718,27.53539744,29.74491044,23.11637144,14.37070000,18.27100688,10.47039312,22060352.29740020,23949206.61204850
2021-06-24,11.46700000,11.75700000,10.82200000,11.49300000,14628465.68749400,0.03700000,0.32297486,8.15383274,11.72880000,12.93030000,13.35486667,14.03320000,14.95000000,15.43593333,15.94711429,17.83580000,19.76766667,21.54886000,23.08815000,21.33391450,12.96075688,15.40302266,-2.44226578,-2.54213529,0.09986951,33.74978132,34.87711164,38.74850549,30.06382725,29.85121605,30.48904966,14.03320000,17.68277662,10.38362338,23131543.13736640,22805073.50100780
2021-06-25,11.49900000,11.75600000,10.20000000,10.23500000,14874246.00790300,-1.25800000,-10.94579309,13.53161144,10.99240000,12.48240000,13.09100000,13.68345000,14.63380000,15.08386667,15.61591429,17.17667500,19.17733333,20.99350000,22.81788333,21.36814200,12.54140967,15.02020616,-2.47879650,-2.52946753,0.05067103,25.71492220,31.33626749,37.28133380,24.95642374,28.21961861,18.43003400,13.68345000,17.38344963,9.98345037,22953562.33780420,21856875.48369380
2021-06-26,10.23800000,10.60000000,9.78400000,10.31800000,11552426.25393200,0.08300000,0.81094284,7.97030670,10.81600000,12.10640000,12.88500000,13.33020000,14.33660000,14.79053333,15.37365714,16.59287500,18.67773333,20.44236000,22.52403333,21.40414600,12.19934664,14.67189460,-2.47254795,-2.51808361,0.04553566,27.08921035,31.83436890,37.44440340,22.17736478,26.20553400,14.12102634,13.33020000,16.88936487,9.77103513,19842787.16845860,20714968.95077570
2021-06-27,10.31700000,10.98000000,10.08700000,10.94100000,7234629.50074800,0.62300000,6.03799186,8.65561694,10.88860000,11.71610000,12.71140000,13.10045000,14.02676000,14.59766667,15.24037143,15.94452500,18.14142222,19.89320000,22.23583333,21.44252500,12.00575485,14.39553203,-2.38977718,-2.49242233,0.10264515,37.50336565,35.65640016,38.69288018,25.86174857,26.09093886,25.40336799,13.10045000,16.65331040,9.54758960,14371772.54865300,18193735.30230330
2021-06-28,10.95300000,11.46900000,10.69400000,11.32200000,11386590.08131600,0.38100000,3.48231423,7.07568703,10.86180000,11.48430000,12.48213333,12.92695000,13.66892000,14.43613333,15.00971429,15.65127500,17.57082222,19.34026000,21.95933333,21.48338550,11.90056180,14.16786299,-2.26730120,-2.44739810,0.18009691,43.43282275,37.97651989,39.46387113,30.92956108,27.70381293,37.38105737,12.92695000,16.47089603,9.38300397,11935271.50627860,16997811.90183940
2021-06-29,11.33300000,12.34800000,11.07700000,11.92000000,16385766.89055400,0.59800000,5.28175234,11.21503574,10.94720000,11.33800000,12.26926667,12.75295000,13.41600000,14.28286667,14.79468571,15.32212500,17.07040000,18.88562000,21.61133333,21.52679800,11.90355229,14.00135462,-2.09780233,-2.37747895,0.27967661,52.00869520,41.58319960,40.68555392,38.85326556,31.42029714,53.71920241,12.75295000,16.12310792,9.38279208,12286731.74689060,17709137.44212850
2021-06-30,11.92100000,12.16600000,11.03500000,11.94900000,13240407.45750800,0.02900000,0.24328859,9.48745911,11.29000000,11.14120000,12.08493333,12.64075000,13.20476000,14.07650000,14.54188571,15.07517500,16.52260000,18.38860000,21.28040000,21.56987700,11.91054424,13.84932836,-1.93878411,-2.28973998,0.35095587,52.42839587,41.76235941,40.74606588,54.83590733,39.22550054,86.05672092,12.64075000,15.95804585,9.32345415,11959964.03681160,17456763.18730790
2021-07-01,11.94000000,12.08000000,11.00000000,11.18100000,8116281.30165400,-0.76800000,-6.42731609,9.04522613,11.46260000,11.13930000,11.89180000,12.52940000,12.95668000,13.85760000,14.31511429,14.88477500,16.02284444,17.95622000,20.94541667,21.60907950,11.79830667,13.65167440,-1.85336773,-2.20246553,0.34909780,41.02631571,38.36321507,39.62884565,54.71899802,44.38999970,75.37699467,12.52940000,15.88751246,9.17128754,11272735.04635600,15557761.10740730
2021-07-02,11.19000000,11.35500000,10.57200000,11.11200000,10654044.47094800,-0.06900000,-0.61711833,6.99731903,11.49680000,11.19270000,11.64300000,12.40775000,12.77972000,13.60510000,14.15468571,14.77242500,15.45033333,17.47696000,20.53276667,21.64892300,11.69272103,13.46355037,-1.77082935,-2.11613829,0.34530895,40.08641103,38.05959868,39.52723929,53.74402260,47.50800733,66.21605314,12.40775000,15.78716047,9.02833953,11956618.04039600,13164195.29452450
2021-07-03,11.11700000,11.67600000,10.87800000,11.50900000,8372964.61025400,0.39700000,3.57271418,7.17819556,11.53420000,11.19800000,11.50093333,12.24515000,12.64840000,13.31313333,14.02157143,14.57527500,15.19382222,16.96716000,20.21980000,21.68996100,11.66445625,13.31876886,-1.65431261,-2.02377316,0.36946055,48.26906660,40.99089179,40.44400790,58.25524544,51.09042004,72.58489624,12.24515000,15.45658229,9.03371771,11353892.94618360,11644582.22623110
2021-07-04,11.49900000,12.90000000,11.21000000,12.34500000,16615785.97994200,0.83600000,7.26388044,14.69693017,11.61920000,11.28320000,11.43173333,12.10675000,12.52620000,13.11653333,13.90234286,14.39775000,14.91068889,16.52528000,19.83791667,21.73498150,11.76915529,13.24663784,-1.47748255,-1.91451504,0.43703249,61.54167582,46.77702840,42.36397221,66.23306478,56.13796828,86.42325777,12.10675000,15.02278472,9.19071528,11399896.76406120,11843314.25547590
2021-07-05,12.34200000,12.44000000,11.51900000,12.04200000,17011192.52485500,-0.30300000,-2.45443499,7.46232377,11.63780000,11.46390000,11.30673333,11.97315000,12.44016000,12.94360000,13.72811429,14.17887500,14.69324444,16.03412000,19.40523333,21.77915200,11.81113140,13.15740540,-1.34627400,-1.80086683,0.45459283,55.36366810,45.03117481,41.85367749,67.32162845,59.86585500,82.23317533,11.97315000,14.61850098,9.32779902,12154053.77753060,12057008.90717110
2021-07-06,12.04100000,14.22600000,12.02600000,13.38400000,32055829.00677500,1.34200000,11.14432818,18.27090773,12.07840000,11.77050000,11.45233333,11.93845000,12.43920000,12.81030000,13.60342857,14.03552500,14.57295556,15.62840000,18.99705000,21.82903150,12.05311119,13.17419019,-1.12107900,-1.66490926,0.54383026,70.89334826,53.42936654,44.91995847,70.53333887,63.42168296,84.75665069,11.93845000,14.48386739,9.39303261,16941963.31855480,14107349.18245540
2021-07-07,13.36900000,14.20000000,13.04000000,13.10500000,27867267.41859000,-0.27900000,-2.08457860,8.67678959,12.47700000,11.98690000,11.62080000,11.85150000,12.42160000,12.72926667,13.44394286,13.94497500,14.51737778,15.15300000,18.57548333,21.87723100,12.21494023,13.16906499,-0.95412476,-1.52275236,0.56862761,65.23142699,51.64001393,44.41188792,70.12932316,65.65756303,79.07284342,11.85150000,14.07781974,9.62518026,20384607.90808320,16170612.97423960
2021-07-08,13.09100000,13.11800000,11.83800000,12.09800000,18101804.61805000,-1.00700000,-7.68409004,9.77770988,12.59480000,12.06450000,11.66360000,11.77440000,12.31508000,12.63946667,13.21051429,13.84322500,14.35522222,14.93392000,18.12763333,21.92120100,12.19694943,13.08972684,-0.89277741,-1.39675737,0.50397996,48.46636110,45.62382551,42.59731038,60.67369947,63.99627518,54.02854807,11.77440000,13.84100234,9.70779766,22330375.90964240,16842134.42791300
2021-07-09,12.09300000,12.88000000,11.63900000,12.55200000,16789649.40947200,0.45400000,3.75268639,10.26213512,12.63620000,12.12770000,11.73420000,11.73285000,12.21264000,12.54453333,13.04791429,13.74407500,14.20202222,14.68324000,17.75930000,21.96851500,12.25157259,13.04989522,-0.79832263,-1.27707042,0.47874779,54.75716090,48.57069356,43.67986489,58.51153036,62.16802690,51.19853726,11.73285000,13.69400189,9.77169811,22365148.59554840,16882522.67980480
2021-07-10,12.55900000,12.85100000,11.83800000,12.01500000,8962435.35984700,-0.53700000,-4.27820268,8.06592882,12.63080000,12.13430000,11.85286667,11.63775000,12.10468000,12.47193333,12.89891429,13.59095000,14.00686667,14.48700000,17.34621667,22.01320950,12.21517681,12.97323632,-0.75805951,-1.17326824,0.41520873,46.67069116,45.39617210,42.68627396,52.17134317,58.83579899,38.84243153,11.63775000,13.31717796,9.95832204,20755397.16254680,16454725.47003870
2021-07-11,12.02300000,12.49000000,11.91200000,12.43300000,7017301.60589300,0.41800000,3.47898460,4.80745238,12.44060000,12.25950000,11.99386667,11.69940000,12.03888000,12.43943333,12.75748571,13.45807500,13.85831111,14.35972000,17.00676667,22.06064200,12.24868807,12.93321881,-0.68453074,-1.07552074,0.39099000,53.13536377,48.26734463,43.72600140,50.26277518,55.97812439,38.83207676,11.69940000,13.40153827,9.99726173,15747691.68237040,16344827.50046260
2021-07-12,12.43700000,12.84100000,11.70000000,12.15700000,13650203.06066400,-0.27600000,-2.21989866,9.17423816,12.25100000,12.36400000,12.07493333,11.77835000,11.93140000,12.39316667,12.66094286,13.29482500,13.75675556,14.29074000,16.62480000,22.10592400,12.23458221,12.87572112,-0.64113891,-0.98864438,0.34750546,48.47898652,46.50591321,43.18621467,43.97491820,51.97705566,27.97064328,11.77835000,13.40634538,10.15035462,12904278.81078520,16644443.35943420
2021-07-13,12.16200000,12.43400000,11.74400000,11.91000000,11351440.84070100,-0.24700000,-2.03175125,5.67340898,12.21340000,12.40410000,12.11413333,11.80105000,11.86220000,12.29813333,12.57860000,13.08587500,13.66213333,14.14104000,16.20665000,22.15071550,12.18464649,12.80418623,-0.61953974,-0.91482345,0.29528371,44.30907972,44.90601170,42.69403808,34.13129013,46.02846715,10.33693609,11.80105000,13.42276897,10.17933103,11554206.05531540,16942290.98247890
2021-07-14,11.91600000,12.11000000,11.11100000,11.79300000,10660796.48320800,-0.11700000,-0.98236776,8.38368580,12.06160000,12.34890000,12.10566667,11.81605000,11.79860000,12.18746667,12.47554286,12.92462500,13.55713333,13.98798000,15.82921667,22.19509150,12.12439318,12.72928354,-0.60489036,-0.85283683,0.24794647,42.24367728,44.12165371,42.45488510,30.05221375,40.70304935,8.75054255,11.81605000,13.43130875,10.20079125,10328435.47006260,16346792.03280550
2021-07-15,11.79100000,12.10200000,11.12800000,11.39100000,9211057.89878900,-0.40200000,-3.40880183,8.26053770,11.93680000,12.28380000,12.06846667,11.87385000,11.69756000,12.07670000,12.39548571,12.77865000,13.40715556,13.79986000,15.40906667,22.23753350,12.01156346,12.63015143,-0.61858797,-0.80598706,0.18739909,35.43364430,41.41052975,41.61904298,23.05628321,34.82079397,-0.47273830,11.87385000,13.32532261,10.42237739,10378159.97785100,15566778.57019890
2021-07-16,11.39100000,11.82000000,10.80000000,10.81400000,9833877.12302100,-0.57700000,-5.06540251,8.95443771,11.61300000,12.02680000,12.04400000,11.89865000,11.68212000,11.96790000,12.32137143,12.61442500,13.25306667,13.63378000,15.02813333,22.27681500,11.82732293,12.49562169,-0.66829876,-0.77844940,0.11015064,27.73316246,37.77597208,40.42697508,15.57217846,28.40458880,-10.09264223,11.89865000,13.25181258,10.54548742,10941475.08127660,13344583.38182350
2021-07-17,10.81600000,11.14400000,10.71600000,10.95800000,6416594.54344100,0.14400000,1.33160718,3.95710059,11.37320000,11.81210000,12.03373333,11.89950000,11.69732000,11.83836667,12.24745714,12.49997500,13.08131111,13.51840000,14.59618333,22.31698100,11.69358094,12.38172379,-0.68814285,-0.76038809,0.07224524,32.14912573,39.22814557,40.86803873,14.10911712,23.63943157,-4.95151178,11.89950000,13.25014873,10.54885127,9494753.37783200,11199516.09430860
2021-07-18,10.95600000,11.27500000,10.65000000,10.69000000,7325338.19870100,-0.26800000,-2.44570177,5.70463673,11.12920000,11.67130000,11.97913333,11.86790000,11.66668000,11.74003333,12.13114286,12.39742500,12.86846667,13.40884000,14.39015000,22.35585000,11.53918387,12.25641092,-0.71722704,-0.75175588,0.03452884,28.28856125,37.45349209,40.28875521,10.01186333,19.09690883,-8.15822766,11.86790000,13.30240779,10.43339221,8689532.84943200,10121869.45237370
2021-07-19,10.69000000,10.75700000,10.01000000,10.18300000,6325661.84891000,-0.50700000,-4.74275023,6.98783910,10.80720000,11.43440000,11.83500000,11.78105000,11.61428000,11.63336667,11.99028571,12.26700000,12.68935556,13.28214000,14.14176667,22.39083550,11.33054020,12.10282492,-0.77228472,-0.75586165,-0.01642307,22.22883772,34.25529499,39.19211871,8.71154718,15.63512161,-5.13560169,11.78105000,13.40066171,10.16143829,7822505.92257240,9075470.69631750
2021-07-20,10.18600000,10.36600000,9.32700000,9.63900000,7538086.81733700,-0.54400000,-5.34223706,10.20027489,10.45680000,11.19680000,11.67480000,11.66555000,11.59044000,11.49076667,11.84528571,12.15315000,12.52066667,13.11212000,13.93863333,22.42078200,11.07030325,11.92031937,-0.85001613,-0.77469254,-0.07532358,17.42327780,31.14253021,38.03303663,8.76728833,13.34584385,-0.38982271,11.66555000,13.54358318,9.78751682,7487911.70628200,8933035.84206650
2021-07-21,9.64700000,10.75200000,9.47300000,10.42500000,10267860.30323300,0.78600000,8.15437286,13.25800767,10.37900000,10.99600000,11.47753333,11.62775000,11.59472000,11.46493333,11.74091429,12.07857500,12.36604444,12.96566000,13.79910000,22.45542900,10.97102582,11.80955497,-0.83852915,-0.78745987,-0.05106929,39.93669277,39.76930871,40.67810859,17.62471083,14.77213284,23.32986681,11.62775000,13.57596861,9.67953139,7574708.34232440,9258091.71180050
2021-07-22,10.44000000,10.96000000,10.23800000,10.83300000,9345434.27226600,0.40800000,3.91366906,6.91570881,10.35400000,10.86360000,11.32606667,11.61380000,11.59040000,11.47343333,11.62631429,12.01077500,12.26153333,12.80858000,13.71955000,22.49224850,10.94979108,11.73721757,-0.78742649,-0.78745319,0.00002670,48.65617709,43.75932175,42.01866928,29.78789562,19.77738710,49.80891265,11.61380000,13.58146638,9.64613362,8160476.28808940,8827614.83296070
2021-07-23,10.84000000,11.17400000,10.53000000,11.08600000,7538887.71093300,0.25300000,2.33545648,5.94095941,10.43320000,10.78120000,11.25860000,11.59265000,11.58096000,11.46110000,11.55334286,11.91890000,12.17917778,12.62494000,13.58106667,22.52967900,10.97074630,11.68897923,-0.71823293,-0.77360914,0.05537621,53.66184363,46.17154394,42.85427044,40.98772621,26.84750014,69.26817835,11.59265000,13.57410457,9.61119543,8203186.19053580,8446359.51998390
2021-07-24,11.09200000,11.44700000,10.95400000,11.14200000,9397797.98906400,0.05600000,0.50514162,4.44464479,10.62500000,10.71610000,11.16460000,11.53250000,11.54984000,11.44940000,11.48931429,11.81962500,12.08455556,12.48292000,13.44266667,22.56413850,10.99709302,11.64846225,-0.65136923,-0.74916116,0.09779193,54.83149958,46.72331639,43.04385474,51.59310106,35.09603378,84.58723564,11.53250000,13.49069278,9.57430722,8817613.41856660,8320059.67056950
2021-07-25,11.14200000,11.33900000,10.76500000,11.24700000,6648354.32815000,0.10500000,0.94238018,5.15167833,10.94660000,10.70170000,11.11340000,11.49275000,11.52176000,11.48313333,11.41302857,11.73295000,12.01908889,12.36326000,13.28350000,22.59747950,11.03554025,11.61872431,-0.58318406,-0.71596574,0.13278168,57.25893267,47.81743237,43.41116579,64.58407996,44.92538250,103.90147486,11.49275000,13.43963868,9.54586132,8639666.92072920,8063789.31350560
2021-07-26,11.24700000,12.70000000,11.21300000,11.46000000,24821128.42290100,0.21300000,1.89383836,13.22130346,11.15360000,10.76630000,11.04853333,11.39655000,11.53292000,11.52120000,11.42045714,11.66750000,11.97580000,12.24480000,13.15586667,22.63242600,11.10084175,11.60696695,-0.50612520,-0.67399763,0.16787243,62.20356480,50.08587854,44.17326126,64.13521132,51.32865878,89.74831641,11.39655000,13.12820214,9.66489786,11550320.54466280,9562514.44349360
2021-07-27,11.45500000,12.35200000,11.17500000,11.91700000,11458152.58263800,0.45700000,3.98778360,10.27498909,11.37040000,10.86220000,11.03253333,11.33715000,11.56512000,11.55373333,11.45871429,11.59432500,11.93962222,12.17242000,13.07570000,22.66351100,11.22640456,11.62993236,-0.40352780,-0.61990366,0.21637586,70.87779157,54.69554112,45.80721627,68.35222212,57.00317989,91.05030657,11.33715000,12.89480955,9.77949045,11972864.20673720,10066670.24741330
2021-07-28,11.92100000,12.48500000,11.69100000,12.32000000,18422159.01294100,0.40300000,3.38172359,6.66051506,11.61720000,11.02520000,11.05986667,11.34825000,11.59756000,11.58700000,11.48340000,11.56132500,11.88537778,12.12298000,13.01156667,22.68917250,11.39465001,11.68104848,-0.28639847,-0.55320263,0.26680415,76.56832899,58.39211002,47.22846413,75.14616962,63.05084313,99.33682259,11.34825000,12.93168915,9.76481085,14149518.46713880,11176352.32883730
2021-07-29,12.33100000,12.65000000,11.98000000,12.43300000,20162756.48491500,0.11300000,0.91720779,5.43346038,11.87540000,11.25020000,11.10253333,11.34230000,11.60108000,11.60410000,11.51025714,11.53757500,11.82582222,12.06364000,12.94348333,22.71862950,11.55439616,11.73674860,-0.18235243,-0.47903259,0.29668015,78.01387624,59.40529606,47.63031519,80.67280020,68.92482882,104.16874295,11.34230000,12.90748290,9.77711710,16302510.16630900,12560061.79243780
2021-07-30,12.43300000,13.00000000,11.93000000,12.97800000,19599467.04265600,0.54500000,4.38349554,8.60612885,12.22160000,11.58410000,11.20833333,11.39045000,11.63852000,11.63840000,11.58862857,11.51410000,11.78724444,12.03934000,12.85745000,22.75116300,11.77341214,11.82869314,-0.05528101,-0.39428227,0.33900126,83.79858285,64.01564545,49.56323604,86.84969205,74.89978323,110.74950968,11.39045000,13.09574571,9.68515429,18892732.70921020,13766199.81496970
2021-07-31,12.97800000,13.63000000,12.58500000,13.52500000,16272148.75360300,0.54700000,4.21482509,8.05208815,12.63460000,11.89410000,11.38906667,11.44505000,11.64416000,11.71653333,11.68025714,11.57222500,11.77495556,12.04168000,12.78706667,22.78018800,12.04288719,11.95434550,0.08854169,-0.29771748,0.38625917,87.69718715,67.99539968,51.44032190,90.10409577,79.96788741,110.37651250,11.44505000,13.34922430,9.54087570,17182936.77535060,14366628.66000670
2021-08-01,13.53500000,14.07700000,12.61700000,12.85300000,25152192.02907400,-0.67200000,-4.96857671,10.78684891,12.82180000,12.09610000,11.51540000,11.47985000,11.63408000,11.77456667,11.73488571,11.62910000,11.73071111,12.02784000,12.68983333,22.80210550,12.16751993,12.02091250,0.14660743,-0.20885250,0.35545993,64.73323408,59.21798407,49.09789962,81.08388994,80.33988825,82.57189330,11.47985000,13.46262629,9.49707371,19921744.66463780,15947304.43568750
2021-08-02,12.84600000,13.37400000,12.61600000,12.99300000,12133849.91965800,0.14000000,1.08923987,5.90066947,12.95640000,12.28680000,11.66893333,11.53400000,11.66988000,11.82403333,11.78262857,11.66752500,11.71633333,11.99248000,12.56858333,22.82048200,12.29451687,12.09291898,0.20159788,-0.12676242,0.32836030,66.90007957,60.38035577,49.59685455,76.47943709,79.05307120,71.33216887,11.53400000,13.62257080,9.44542920,18664082.84598120,16406800.65656000
2021-08-03,12.99200000,13.52200000,12.32500000,12.55700000,15258298.67764500,-0.43600000,-3.35565304,9.21336207,12.98120000,12.42830000,11.82720000,11.57220000,11.67008000,11.83110000,11.80082857,11.69412500,11.69797778,11.94136000,12.47381667,22.83637000,12.33489889,12.12729536,0.20760353,-0.05988923,0.26749276,54.40729750,55.04972608,48.06575563,66.86040120,74.98884787,50.60350788,11.57220000,13.70812683,9.43627317,17683191.28452720,16992850.72541810
2021-08-04,12.56800000,13.78000000,12.41000000,13.69600000,16255550.76616500,1.13900000,9.07063789,10.90070019,13.12480000,12.67320000,12.09766667,11.68745000,11.73732000,11.88623333,11.85074286,11.78065000,11.69306667,11.92100000,12.41491667,22.84063950,12.54429906,12.24349570,0.30080336,0.01224929,0.28855407,71.24210377,64.08571794,52.09694302,73.53064192,74.50277922,71.58636733,11.68745000,14.02174412,9.35315588,17014408.02922900,17953570.36921960
2021-08-05,13.69600000,14.00000000,12.84900000,13.83400000,18478805.54198800,0.13800000,1.00759346,8.40391355,13.18660000,12.91060000,12.32493333,11.83845000,11.79336000,11.90123333,11.92654286,11.86855000,11.75160000,11.91612000,12.35576667,22.84393650,12.74271459,12.36131083,0.38140375,0.08608018,0.29532357,72.70730033,65.01525378,52.56246485,78.95895826,75.98817223,84.90053033,11.83845000,14.32085778,9.35604222,17455739.38690600,17319338.08112830
2021-08-06,13.83400000,15.08000000,13.38800000,14.77000000,29965356.38663100,0.93600000,6.76593899,12.23073587,13.57000000,13.19590000,12.58740000,12.02905000,11.89788000,11.95673333,12.03105714,11.96427500,11.84475556,11.91464000,12.34300000,22.85426900,13.05460465,12.53973225,0.51487240,0.17183862,0.34303377,80.70755821,70.63823281,55.61521402,82.69221556,78.22285334,91.63094000,12.02905000,14.79589814,9.26220186,18418372.25841740,19170058.46152760
2021-08-07,14.77400000,15.95200000,14.61200000,15.83400000,35897227.53200900,1.06400000,7.20379147,9.06998782,14.13820000,13.54730000,12.90393333,12.28625000,12.05484000,12.08126667,12.15462857,12.07707500,11.94204444,11.95852000,12.36036667,22.87475550,13.48220394,12.78375209,0.69845185,0.27716127,0.42129058,86.21827503,75.51790507,58.76300039,87.48352246,81.30974305,99.83108128,12.28625000,15.45600622,9.11649378,23171047.78088760,20917565.31343440
2021-08-08,15.85000000,16.10000000,14.55700000,14.82600000,20289977.62886000,-1.00800000,-6.36604775,9.73501577,14.59200000,13.78660000,13.14953333,12.51840000,12.17616000,12.15706667,12.22551429,12.14972500,12.01611111,11.98738000,12.35080000,22.88700150,13.68894179,12.93502971,0.75391208,0.37251143,0.38140065,65.08370878,64.44840295,54.91310084,80.40623352,81.00857320,79.20155414,12.51840000,15.71950937,9.31729063,24177383.57113060,20930287.42782890
2021-08-09,14.83000000,16.75900000,14.42400000,16.16900000,40344963.22669700,1.34300000,9.05841090,15.74511126,15.08660000,14.10570000,13.47766667,12.84490000,12.36728000,12.29553333,12.34342857,12.25522500,12.14797778,12.03242000,12.38373333,22.91123400,14.07048921,13.17458306,0.89590614,0.47719037,0.41871577,74.91490698,70.69239718,58.67698558,82.50206577,81.50640406,84.49338918,12.84490000,16.14011573,9.54968427,28995266.06323700,23004837.04623300
2021-08-10,16.16700000,17.18400000,15.80100000,16.42000000,34191887.71139300,0.25100000,1.55235327,8.55446279,15.60380000,14.39520000,13.80833333,13.14465000,12.59152000,12.42843333,12.43017143,12.38620000,12.28357778,12.13682000,12.43393333,22.92978550,14.43195241,13.41498432,1.01696809,0.58514592,0.43182217,76.40488351,71.70558591,59.33896651,83.09357722,82.03546178,85.20980810,13.14465000,16.59980769,9.68949231,32137882.49711800,24796810.94201200
2021-08-11,16.43000000,17.54700000,16.37800000,16.68800000,31656313.72536700,0.26800000,1.63215591,7.11503348,15.98740000,14.77870000,14.12640000,13.43740000,12.82072000,12.57946667,12.53254286,12.52560000,12.41128889,12.25902000,12.48631667,22.94889100,14.77903665,13.65742992,1.12160673,0.69243808,0.42916865,78.07356716,72.80084072,60.05197270,83.24583943,82.43892099,84.85967629,13.43740000,17.05616969,9.81863031,32476073.96486520,25447223.11164130
2021-08-12,16.67400000,17.53800000,15.42900000,16.57500000,27961277.71387400,-0.11300000,-0.67713327,12.64843469,16.13560000,15.13690000,14.41006667,13.71185000,13.05612000,12.73496667,12.66045714,12.65225000,12.52802222,12.36140000,12.51655000,22.96936550,15.05533871,13.87354623,1.18179248,0.79030896,0.39148352,75.37637416,71.52728367,59.59221242,82.52337644,82.46707281,82.63598369,13.71185000,17.41142587,10.01227413,30888884.00123820,27029965.89106290
2021-08-13,16.57400000,18.29100000,16.38900000,18.03100000,26964549.42389400,1.45600000,8.78431373,11.47580548,16.77660000,15.68430000,14.78326667,14.05630000,13.37004000,12.94290000,12.81700000,12.79440000,12.66382222,12.49216000,12.56518333,22.99861250,15.51313275,14.18150577,1.33162699,0.89857256,0.43305442,83.94977724,77.14681648,63.36345933,86.75636587,83.89683716,92.47542328,14.05630000,18.02169251,10.09090749,32223798.36024500,28200590.96568780
2021-08-14,18.04400000,18.43300000,17.16900000,18.09300000,25525639.09653300,0.06200000,0.34385225,7.00509865,17.16140000,16.12400000,15.12426667,14.39860000,13.70820000,13.16630000,12.99065714,12.94567500,12.80035556,12.64932000,12.62150000,23.02803350,15.91003540,14.47124608,1.43878933,1.00661592,0.43217341,84.23034324,77.35443844,63.51476346,88.92446195,85.57271209,95.62796167,14.39860000,18.52170559,10.27549441,29259933.53421220,29127599.79872460
2021-08-15,18.09000000,18.85500000,17.05800000,18.76200000,24987998.01130000,0.66900000,3.69756259,9.93366501,17.62980000,16.61680000,15.47340000,14.76370000,14.04168000,13.43123333,13.17148571,13.08012500,12.96882222,12.81820000,12.69956667,23.06605350,16.34879919,14.78907970,1.55971949,1.11723663,0.44248286,87.14092269,79.54223870,65.13594644,91.91669163,87.68737194,100.37533101,14.76370000,19.07983687,10.44756313,27419155.59419360,29778519.04565580
2021-08-16,18.76200000,21.13000000,18.44100000,19.07100000,75257840.61299500,0.30900000,1.64694595,14.33216075,18.10640000,17.04690000,15.88793333,15.12140000,14.37120000,13.70166667,13.36902857,13.22927500,13.14568889,12.98080000,12.77001667,23.10160100,16.76759931,15.10625898,1.66134033,1.22605737,0.43528296,88.33430960,80.49188276,65.86692733,84.37651198,86.58375195,79.96203205,15.12140000,19.62585568,10.61694432,36139460.97171921,34307767.46829220
2021-08-17,19.07100000,25.46000000,18.41800000,23.44600000,232692122.49374899,4.37500000,22.94059043,36.92517435,19.48060000,17.80810000,16.58480000,15.67770000,14.86560000,14.12686667,13.69862857,13.51297500,13.41095556,13.22328000,12.93345000,23.16075200,17.79504557,15.72401758,2.07102799,1.39505150,0.67597650,95.47277187,88.63816403,73.93952706,83.50121942,85.55624111,79.39117604,15.67770000,21.32784772,10.02755228,77085629.92769420,53987256.96446620
2021-08-18,23.45200000,30.88500000,21.45400000,29.99300000,329590346.41597402,6.54700000,27.92373966,40.21405424,21.87300000,19.32480000,17.74720000,16.55570000,15.61964000,14.78720000,14.21862857,13.94900000,13.80313333,13.58474000,13.21028333,23.25050050,19.67165395,16.78097924,2.89067471,1.69417614,1.19649857,97.84299934,93.24386166,80.96810844,87.07707244,86.06318488,89.10484754,16.55570000,24.89863726,8.21276274,137610789.32611021,84917293.84317760
2021-08-19,29.99200000,33.75500000,28.71400000,30.65300000,367827425.34607112,0.66000000,2.20051345,16.80781542,24.38500000,20.77320000,18.87766667,17.43945000,16.39588000,15.48766667,14.76897143,14.41495000,14.21671111,13.95882000,13.48921667,23.33641350,21.36109180,17.80853633,3.55255547,2.06585200,1.48670346,97.97147500,93.53219444,81.49316082,85.74245805,85.95627594,85.31482228,17.43945000,27.70882715,7.17007285,206071146.57601780,117665540.05511503
2021-08-20,30.65300000,39.22900000,29.94300000,39.15500000,292804357.41178298,8.50200000,27.73627377,30.29393534,28.46360000,23.04670000,20.56573333,18.72095000,17.50368000,16.44533333,15.57871429,15.08300000,14.78940000,14.51830000,13.95513333,23.46611200,24.09861614,19.38975586,4.70886028,2.59445366,2.11440662,98.94387426,95.95695823,86.49959112,90.39133058,87.43462749,96.30473676,18.72095000,32.67073104,4.77116896,259634418.45611444,143526787.02515402
2021-08-21,39.14800000,50.27000000,37.67600000,43.67600000,603282807.71899796,4.52100000,11.54641808,32.17022581,33.38460000,25.74550000,22.49280000,20.26210000,18.77404000,17.54010000,16.51351429,15.87097500,15.46875556,15.16958000,14.50676667,23.61714050,27.11052135,21.18873691,5.92178444,3.25991981,2.66186462,99.19125702,96.67916527,88.26157723,87.10680856,87.32535451,86.66971666,20.26210000,37.82492961,2.69927039,365239411.87731504,200689436.42451710
2021-08-22,43.69300000,45.03000000,40.53700000,43.66300000,373450451.66882801,-0.01300000,-0.02976463,10.28311171,37.42800000,28.45430000,24.34806667,21.79560000,20.02776000,18.62600000,17.45560000,16.66480000,16.17020000,15.81266000,15.04355000,23.76125550,29.65705653,22.85349714,6.80355939,3.96864773,2.83491166,99.11115076,96.62502249,88.22702712,84.77340170,86.47470358,81.37079795,21.79560000,41.86328303,1.72791697,393391077.71233082,235238353.82001251
2021-08-23,43.68200000,53.62300000,43.61400000,46.45100000,538289839.35215604,2.78800000,6.38526899,22.91332814,40.71960000,31.29630000,26.45640000,23.49030000,21.38848000,19.80296667,18.49182857,17.53125000,16.92351111,16.49478000,15.62618333,23.91716200,32.24074014,24.60146031,7.63927982,4.70277415,2.93650568,99.26409859,97.01599413,89.17528622,83.31080602,85.42007106,79.09227595,23.49030000,45.86499620,1.11560380,435130976.29956722,286370882.81283873
2021-08-24,46.40700000,58.97700000,44.15100000,55.47400000,688067868.65039098,9.02300000,19.42477019,31.94776650,45.68380000,35.03440000,29.07673333,25.57920000,23.08832000,21.27720000,19.80140000,18.63332500,17.88926667,17.36342000,16.38016667,24.10504550,35.81508781,26.88831511,8.92677270,5.54757386,3.37919884,99.55888460,97.88217869,91.49006172,85.99493711,85.61169307,86.76142518,25.57920000,51.60646134,-0.44806134,499179064.96043122,352625105.76822454
2021-08-25,55.47500000,57.58400000,45.65000000,46.20800000,580655281.69301701,-9.26600000,-16.70332047,21.51239297,47.09440000,37.77900000,31.06260000,27.19790000,24.39564000,22.43546667,20.82377143,19.51817500,18.63982222,18.01990000,16.97833333,24.24547750,37.41399738,28.31940288,9.09459450,6.25697799,2.83761651,66.65523457,73.86260544,74.43368690,80.16911420,83.79750012,72.91234237,27.19790000,54.15959194,0.23620806,556749249.81667805,408191834.13639623
2021-08-26,46.21100000,48.46300000,41.20000000,41.32000000,411045221.73969698,-4.88800000,-10.57825485,15.71703707,46.62320000,40.00390000,32.70473333,28.52540000,25.53432000,23.41556667,21.69482857,20.27722500,19.28788889,18.58420000,17.48465000,24.33355250,38.01492086,29.28241007,8.73251079,6.75208455,1.98042624,55.12292137,64.72262539,67.50615565,71.09391879,79.56297301,54.15581035,28.52540000,55.52507578,1.52572422,518301732.62081784,441770572.24906647
2021-08-27,41.32000000,50.47000000,40.30000000,50.14000000,499580728.29196203,8.82000000,21.34559535,24.61277832,47.91860000,42.67330000,34.94240000,30.24070000,27.02020000,24.67623333,22.81065714,21.26347500,20.13744444,19.34504000,18.13161667,24.43397250,39.88031765,30.82741673,9.05290092,7.21224782,1.84065310,67.35330384,71.63246764,72.35127866,70.99572116,76.70722239,59.57271870,30.24070000,58.18779685,2.29360315,543527787.94544470,468459432.82888776
2021-08-28,50.12000000,51.79000000,46.12000000,50.20000000,349338313.78982300,0.06000000,0.11966494,11.31284916,48.66840000,44.69400000,37.08700000,32.00940000,28.52592000,25.93513333,23.92660000,22.26390000,20.99093333,20.09800000,18.76961667,24.52537550,41.46796109,32.26242290,9.20553819,7.61090589,1.59463229,67.42577305,71.67364266,72.38051247,70.58712241,74.66718907,62.42698911,32.00940000,60.32393316,3.69486684,505737482.83297807,470434229.56627262
2021-08-29,50.20000000,52.40000000,46.66000000,47.39000000,254017057.60815299,-2.81000000,-5.59760956,11.43426295,47.05160000,46.36770000,39.04013333,33.57045000,29.87368000,27.08220000,24.95925714,23.20767500,21.79091111,20.80550000,19.36030000,24.48889500,42.37904400,33.38298417,8.99605983,7.88793668,1.10812315,59.94718880,66.72544137,68.82427722,62.25924587,70.53120800,45.71532162,33.57045000,61.64944678,5.49145322,418927320.62453043,459053192.79248083
2021-08-30,47.43000000,48.33000000,41.00000000,41.44000000,302290628.14560002,-5.95000000,-12.55539143,15.45435378,46.09800000,46.59620000,40.55200000,34.82145000,30.97792000,28.01270000,25.81582857,23.98305000,22.47148889,21.38564000,19.86461667,24.46125850,42.23457569,33.97980015,8.25477554,7.96130445,0.29347108,46.76692358,57.54807830,62.08449263,43.54075191,61.53438931,7.55347712,34.82145000,61.89458544,7.74831456,363254389.91504699,460001819.86586249
2021-08-31,41.42000000,44.22000000,38.17000000,39.50000000,285271157.08256602,-1.94000000,-4.68146718,14.60647030,45.73400000,46.17860000,41.91393333,35.96205000,31.96712000,28.90093333,26.60391429,24.69972500,23.10575556,21.93250000,20.33775000,24.41726950,41.81387174,34.38870385,7.42516789,7.85407714,-0.42890925,43.06250049,54.86404673,60.08268715,31.15786114,51.40887992,-9.34417642,35.96205000,61.70810581,10.21599419,338099576.98362082,428200654.80221927
2021-09-01,39.51000000,45.71000000,38.55000000,42.47000000,337278992.78760803,2.97000000,7.51898734,18.12199443,44.20000000,46.05930000,43.18220000,37.25680000,33.03256000,29.88350000,27.46534286,25.48432500,23.81197778,22.54370000,20.85376667,24.40920350,41.91481455,34.98731838,6.92749617,7.66876095,-0.74126478,50.29542759,58.12576858,62.03804151,27.66061475,43.49279153,-4.00373880,37.25680000,61.45575716,13.05784284,305639229.88275003,424583508.91409731
2021-09-02,42.50000000,47.98000000,41.00000000,47.58000000,285384060.93920201,5.11000000,12.03202260,16.42352941,43.67600000,46.17220000,44.35466667,38.73425000,34.34272000,31.05093333,28.46954286,26.39527500,24.64302222,23.25944000,21.44101667,24.45124800,42.78638154,35.92010961,6.86627193,7.50826314,-0.64199121,60.62310872,63.12708964,65.10673583,34.59713522,40.52757276,22.73626015,38.73425000,61.56004408,15.90845592,292848379.31262583,399292931.07280195
2021-09-03,47.60000000,51.66000000,44.45000000,45.89000000,438178527.62419999,-1.69000000,-3.55191257,15.14705882,43.37600000,45.21380000,45.37046667,40.12410000,35.53156000,32.12406667,29.40988571,27.26135000,25.44860000,23.94942000,22.00515000,24.48915300,43.26386130,36.65862001,6.60524130,7.32765877,-0.72241748,56.00484107,60.51922176,63.33975986,41.14861720,40.73458757,41.97667646,40.12410000,60.95595847,19.29224153,329680673.31583524,374303996.97018278
2021-09-04,45.90000000,49.88000000,44.07000000,47.15000000,285561090.48839998,1.26000000,2.74569623,12.65795207,44.51800000,45.30800000,45.90346667,41.54350000,36.76076000,33.23460000,30.37060000,28.15360000,26.26471111,24.67614000,22.56791667,24.54220200,43.86172879,37.43575927,6.42596953,7.14732092,-0.72135140,58.81205861,61.80266104,64.09780142,48.46778275,43.31231930,58.77870965,41.54350000,59.97727953,23.10972047,326334765.78439522,344794577.84972107
2021-09-05,47.19000000,49.40000000,45.44000000,48.15000000,279244419.51749998,1.00000000,2.12089077,8.39160839,46.24800000,45.99100000,46.20173333,42.99745000,38.01924000,34.34726667,31.37908571,29.05942500,27.09397778,25.41998000,23.15200000,24.59645050,44.52146283,38.22940673,6.29205610,6.97626796,-0.68421186,61.17161932,62.84831071,64.70224757,55.68969541,47.43811134,72.19286356,42.99745000,58.28709737,27.70780263,325129418.27138203,331614497.62750137
2021-09-06,48.14000000,51.36000000,42.45000000,47.10000000,378046443.81919998,-1.05000000,-2.18068536,18.50851683,47.17400000,45.68700000,46.43086667,44.18015000,39.24024000,35.38946667,32.35357143,29.92892500,27.89428889,26.14818000,23.73536667,24.62712250,44.91816085,38.88648771,6.03167314,6.78734900,-0.75567585,57.05336750,60.93750886,63.53034769,58.04471144,50.97364470,72.18684491,44.18015000,56.46638011,31.89391989,333282908.47770035,319461069.18022519
2021-09-07,47.11000000,47.20000000,32.23000000,37.93000000,517373750.96837503,-9.17000000,-19.46921444,31.77669285,45.24400000,44.46000000,45.86280000,44.57700000,40.03620000,36.15960000,33.07851429,30.56635000,28.48957778,26.70312000,24.15833333,24.62313550,43.84305918,38.81563677,5.02742241,6.43536368,-1.40794127,33.45170924,47.25078100,54.52980792,48.47516704,50.14081881,45.14386348,44.57700000,55.35376585,33.80023415,379680846.48353499,336264612.89808041
2021-09-08,37.97000000,39.50000000,33.08000000,37.00000000,270862112.86930001,-0.93000000,-2.45188505,16.90808533,43.46600000,43.42100000,44.63120000,44.89435000,40.79248000,36.85396667,33.74434286,31.16690000,29.06186667,27.25034000,24.57475000,24.62814300,42.79028085,38.68114516,4.10913569,5.97011808,-1.86098239,31.84830715,46.10509390,53.72432687,40.49999985,46.92721249,27.64557455,44.89435000,54.22091277,35.56778723,346217563.53255498,337949118.42419511
2021-09-09,37.03000000,44.60000000,36.21000000,40.77000000,423030611.97267801,3.77000000,10.18918919,22.65730489,42.19000000,43.35400000,44.26866667,44.97510000,41.67280000,37.66563333,34.51394286,31.84802500,29.71320000,27.85724000,25.04703333,24.65106550,42.47946841,38.83587515,3.64359326,5.50481312,-1.86121985,44.73433778,51.32442755,56.44573604,41.65088341,45.16843613,34.61577797,44.97510000,54.11860371,35.83159629,373711467.82941061,350023116.80690289
2021-09-10,40.75000000,49.70000000,40.38000000,49.30000000,796849170.94610000,8.53000000,20.92224675,22.87116564,42.42000000,44.33400000,44.80066667,45.25630000,42.88196000,38.75270000,35.50051429,32.75920000,30.54393333,28.62658000,25.66608333,24.73681450,43.52878096,39.61099550,3.91778546,5.18740759,-1.26962213,63.48175190,60.71496984,61.75577867,57.05186703,49.12957977,72.89644157,45.25630000,54.57581000,35.93679000,477232418.11513060,401180918.19325626
2021-09-11,49.33000000,59.25000000,48.11000000,57.02000000,855169399.89139509,7.72000000,15.65922921,22.58260693,44.40400000,45.78900000,45.25933333,45.92415000,44.22492000,40.10086667,36.67725714,33.85987500,31.53726667,29.54526000,26.41791667,24.88395250,45.60435312,40.90055139,4.70380173,5.09068641,-0.38688469,73.31344021,67.00052286,65.70449720,68.61686275,55.62534076,94.59990673,45.92415000,56.58128081,35.26701919,572657009.32956958,452969958.90363503
2021-09-12,57.02000000,64.90000000,53.59000000,59.22000000,975563399.09736478,2.20000000,3.85829533,19.83514556,48.66200000,46.95300000,45.86066667,46.56260000,45.39400000,41.47383333,37.94565714,35.02645000,32.57697778,30.50682000,27.20836667,25.03135450,47.69906803,42.25754759,5.44152044,5.16085322,0.28066722,75.56326156,68.56415807,66.72610176,73.28258149,61.51108767,96.82556913,46.56260000,58.76983051,34.35536949,664294938.95536757,521987892.71945131
2021-09-13,59.21000000,60.92000000,47.66000000,53.15000000,916467701.79159999,-6.07000000,-10.24991557,22.39486573,51.89200000,47.67900000,46.24466667,46.44640000,46.29388000,42.64240000,39.00225714,36.01280000,33.46968889,31.34488000,27.90435000,25.16360450,48.53767294,43.06439591,5.47327703,5.22333798,0.24993905,59.07406323,60.00604609,61.45554895,70.19981507,64.40733014,81.78478493,46.44640000,58.33659060,34.55620940,793416056.73982751,569816810.13619125
2021-09-14,53.14000000,57.63000000,48.80000000,51.50000000,433586433.93010002,-1.65000000,-3.10442145,16.61648476,54.03800000,48.11400000,46.91533333,46.71100000,46.78768000,43.73366667,40.00454286,36.95445000,34.31357778,32.14568000,28.58245000,25.29125700,48.99341557,43.68925548,5.30416009,5.23950240,0.06465769,55.14852469,57.86426504,60.10882886,66.46113577,65.09193201,69.19954327,46.71100000,58.81250734,34.60949266,795527221.13131201,584619344.48036122
2021-09-15,51.51000000,58.18000000,50.30000000,57.84000000,363330100.73970002,6.34000000,12.31067961,15.29800039,55.74600000,49.08300000,48.13800000,47.53700000,47.35424000,45.02596667,41.18031429,38.03120000,35.31328889,33.06414000,29.36381667,25.45164900,50.35442856,44.73745877,5.61696978,5.31499588,0.30197390,65.66788850,63.34794681,63.33069598,70.43741058,66.87375820,77.56471534,47.53700000,60.32488094,34.74911906,708823407.09003198,593027912.60258126
2021-09-16,57.83000000,68.33000000,57.17000000,67.56000000,944283890.77511406,9.72000000,16.80497925,19.29794224,57.85400000,51.12900000,49.81066667,48.40800000,48.31012000,46.49643333,42.63702857,39.32435000,36.52588889,34.16894000,30.31165000,25.66966600,53.00143955,46.42801738,6.57342217,5.56668114,1.00674103,76.01652453,69.89970661,67.52654411,79.56347467,71.10366369,96.48309662,48.40800000,64.00650951,32.80949049,726646305.26677585,649651657.29817271
2021-09-17,67.59000000,70.90000000,60.36000000,70.11000000,714550797.02138901,2.55000000,3.77442274,15.59402278,60.03200000,54.34700000,51.31266667,49.40350000,49.25648000,47.83366667,44.12500000,40.70645000,37.80484444,35.32248000,31.31043333,25.88266250,55.63352577,48.18223832,7.45128746,5.94360240,1.50768505,78.09515786,71.36466216,68.51284150,85.61654533,75.94129090,104.96705418,49.40350000,67.77787721,31.02912279,674443784.85158062,669369361.90347409
2021-09-18,70.15000000,75.59000000,67.16000000,69.02000000,751508106.45511997,-1.09000000,-1.55469976,12.01710620,63.20600000,57.54900000,52.85466667,50.48500000,49.79832000,49.11256667,45.58005714,42.02772500,39.03426667,36.44332000,32.30011667,26.09221200,57.69298335,49.72577622,7.96720713,6.34832335,1.61888378,74.77111078,69.78098842,67.59709113,84.19120631,78.69126270,95.19109351,50.48500000,70.80374582,30.16625418,641451865.78428459,717433961.26205611
2021-09-19,69.02000000,76.27000000,66.42000000,70.07000000,682471352.19935691,1.05000000,1.52129817,14.27122573,66.92000000,60.47900000,54.38266667,51.91650000,50.75280000,50.14306667,47.04600000,43.36897500,40.28395556,37.57422000,33.29420000,26.30646200,59.59713975,51.23275576,8.36438400,6.75153548,1.61284852,75.95422296,70.46964474,68.02666638,82.23722271,79.87324937,86.96516937,51.91650000,73.54406844,30.28893156,691228849.43813598,743378035.28472400
2021-09-20,70.06000000,70.45000000,55.00000000,57.33000000,955076944.96070004,-12.74000000,-18.18181818,22.05252641,66.81800000,61.28200000,54.99466667,52.80800000,51.39320000,50.59820000,48.13911429,44.38502500,41.22973333,38.46376000,34.06915000,26.46422150,59.24834902,51.68440348,7.56394554,6.91401749,0.64992805,45.13580418,54.13906165,58.24953887,66.09127209,75.27925694,47.71530237,52.80800000,73.73927461,31.87672539,809578218.28233600,759200812.68618393
2021-09-21,57.34000000,66.24000000,52.55000000,58.98000000,963082835.44610000,1.65000000,2.87807431,23.87513080,65.10200000,61.47800000,55.78666667,53.63350000,51.74680000,51.10876667,49.15437143,45.44515000,42.18853333,39.38350000,34.86738333,26.63791450,59.20706456,52.22481804,6.98224652,6.92766330,0.05458322,48.39031273,55.59302635,59.04503230,57.24970976,69.26940788,33.21031352,53.63350000,74.14615106,33.12084894,813338007.21653318,769992156.24165452
2021-09-22,59.00000000,74.69000000,57.72000000,74.07000000,855939922.62080002,15.09000000,25.58494405,28.76271186,65.89400000,62.96300000,58.19600000,54.95800000,52.70160000,52.02940000,50.41371429,46.84612500,43.50506667,40.61376000,35.91618333,26.88370950,61.49367001,53.84297966,7.65069035,7.07226871,0.57842164,68.74040230,66.26389405,65.34612451,68.83022757,69.12301445,68.24465383,54.95800000,77.17497653,32.74102347,841615832.33641541,758029808.59399796
2021-09-23,74.04000000,79.80000000,72.76000000,76.44000000,861656035.00866699,2.37000000,3.19967598,9.50837385,67.37800000,65.29200000,60.82533333,56.48550000,53.86360000,52.72826667,51.72191429,48.30480000,44.84442222,41.86864000,37.00273333,27.13247800,63.79310539,55.51683302,8.27627237,7.31306944,0.96320293,70.90275865,67.59793427,66.19841726,75.42354155,71.22319015,83.82424435,56.48550000,80.22600190,32.74499810,863645418.04712486,752548641.91570473
2021-09-24,76.43000000,78.86000000,66.59000000,72.31000000,825634622.99749994,-4.13000000,-5.40293040,16.05390553,67.82600000,67.37300000,62.92800000,57.74350000,55.09840000,53.59833333,52.66920000,49.64350000,46.08642222,43.03816000,38.01690000,27.36593850,65.10339687,56.76077132,8.34262555,7.51898066,0.82364489,61.94258983,62.87165752,63.36461904,74.45361485,72.29999838,78.76084780,57.74350000,82.06055598,33.42644402,892278072.20675337,791753460.82244468
2021-09-25,72.30000000,72.60000000,67.50000000,68.28000000,346671054.99570000,-4.03000000,-5.57322639,7.05394191,70.01600000,68.41700000,64.19333333,58.75000000,56.24960000,54.49700000,53.37217143,50.87372500,47.23291111,44.10836000,38.95628333,27.53576850,65.59210505,57.61404752,7.97805753,7.61079604,0.36726149,53.95811958,58.51646496,60.71808324,68.87733345,71.15911007,64.31378021,58.75000000,83.06152207,34.43847793,770596894.21375346,790087556.24804473
2021-09-26,68.28000000,71.44000000,61.59000000,66.77000000,425416235.94970000,-1.51000000,-2.21148213,14.42589338,71.57400000,68.33800000,64.84333333,59.73350000,57.22160000,55.05133333,54.03237143,51.95682500,48.34835556,45.12708000,39.86378333,27.72168950,65.77331965,58.29226622,7.48105343,7.58484752,-0.10379408,51.00216018,56.90520755,59.74248826,63.31271771,68.54364595,52.85086123,59.73350000,83.64887913,35.81812087,663063574.31447339,738200790.76550317
2021-09-27,66.77000000,72.69000000,65.31000000,66.33000000,414345004.83899999,-0.44000000,-0.65897858,11.05286805,70.02600000,67.96000000,65.31733333,61.15350000,57.97160000,55.58900000,54.60034286,52.86525000,49.42166667,46.15716000,40.76206667,27.89933700,65.85896278,58.88765391,6.97130888,7.46213979,-0.49083091,50.04353980,56.41144477,59.45203427,59.06474759,65.38401316,46.42621644,61.15350000,82.89133340,39.41566660,574744590.75811338,708180211.54726434
2021-09-28,66.34000000,69.44000000,61.11000000,61.51000000,312378413.10310000,-4.82000000,-7.26669682,12.55652698,67.04000000,67.20900000,65.87466667,62.37900000,58.59640000,56.05966667,54.77280000,53.63667500,50.38648889,47.06398000,41.57093333,28.06710650,65.18989159,59.08190176,6.10798982,7.19130979,-1.08331997,40.12864357,51.11153814,56.32199457,50.33674304,60.36825646,30.27371621,62.37900000,80.91052182,43.84747818,464889066.37699997,664267242.21206248
2021-09-29,61.51000000,69.50000000,61.26000000,65.46000000,440348766.53829998,3.95000000,6.42172005,13.39619574,65.67000000,66.74800000,66.80533333,63.61350000,59.32880000,56.86033333,55.32285714,54.29430000,51.42422222,48.04478000,42.43651667,28.24000700,65.23144673,59.55435349,5.67709324,6.88846648,-1.21137324,49.89161203,54.89962370,58.20371156,49.34987762,56.69546351,34.65870585,63.61350000,79.12781295,48.09918705,387831895.08515996,640054983.64595675
2021-09-30,65.46000000,68.91000000,64.28000000,66.63000000,336103596.20539999,1.17000000,1.78735105,7.07302169,65.34000000,67.67800000,67.39133333,64.48000000,60.06800000,57.76466667,56.04600000,54.86815000,52.48108889,49.04362000,43.33280000,28.42894550,65.44660877,60.07847545,5.36813332,6.58439985,-1.21626653,52.63681046,56.00124202,58.75294457,46.35100537,53.24731080,32.55839452,64.48000000,78.49129319,50.46870681,385718403.32709998,578157648.77042675
2021-10-01,66.64000000,69.58000000,63.12000000,67.67000000,466411655.79060000,1.04000000,1.56085847,9.69387755,65.52000000,68.54700000,67.39866667,65.01250000,60.89080000,58.60466667,56.54685714,55.46832500,53.46384444,50.06552000,44.24408333,28.62255950,65.78866896,60.64081060,5.14785836,6.29709155,-1.14923320,55.25178662,57.01927251,59.24962992,42.60033139,49.69831766,28.40435884,65.01250000,78.63412348,51.39087652,393917487.29528004,528490530.80487669
2021-10-02,67.66000000,73.41000000,65.80000000,69.08000000,453535406.45389998,1.41000000,2.08364120,11.24741354,66.07000000,68.04800000,67.33000000,65.50550000,62.13680000,59.32133333,57.08628571,56.03405000,54.33244444,51.08650000,45.18613333,28.80277950,66.29502758,61.26593574,5.02909184,6.04349161,-1.01439977,58.93997444,58.44145407,59.93220902,43.36735707,47.58799747,34.92607629,65.50550000,78.95706219,52.05393781,401755567.61826003,488250079.18818676
2021-10-03,69.09000000,71.61000000,67.55000000,68.69000000,312043278.01749998,-0.39000000,-0.56456283,5.87639311,67.50600000,67.27300000,67.30800000,66.28250000,63.40440000,60.08133333,57.69485714,56.36445000,55.17771111,52.09844000,46.10270000,28.98283500,66.66348488,61.81586643,4.84761845,5.80431698,-0.95669853,57.37050543,57.86372829,59.64386159,49.45357680,48.20985724,51.94101592,66.28250000,78.46440699,54.10059301,401688540.60114002,433288803.48907006
2021-10-04,68.69000000,68.76000000,63.30000000,65.29000000,319552435.77660000,-3.40000000,-4.94977435,7.94875528,67.47200000,66.57100000,66.98933333,66.97200000,64.38520000,60.68600000,58.37628571,56.84150000,55.75848889,53.02900000,46.96030000,29.14321900,66.45217951,62.07320966,4.37896985,5.51924755,-1.14027770,44.87074617,52.89109778,57.14285165,44.29696448,46.90555966,39.07977413,66.97200000,77.00194590,56.94205410,377529274.44879997,382680584.76697999
2021-10-05,65.26000000,66.78000000,62.70000000,64.60000000,248341576.13260001,-0.69000000,-1.05682340,6.25191542,67.06600000,66.20300000,67.47400000,67.31000000,64.99720000,61.23433333,59.09342857,57.42350000,56.22346667,53.93958000,47.79080000,29.27963600,66.16722882,62.26037931,3.90684951,5.19676794,-1.28991844,42.60988075,51.90360030,56.63990059,38.98930423,44.26680785,28.43429700,67.31000000,76.46132662,58.15867338,359976870.43423998,372847636.88067001
2021-10-06,64.60000000,65.76000000,58.16000000,60.01000000,311318968.63290000,-4.59000000,-7.10526316,11.76470588,65.53400000,65.52700000,67.54266667,66.93250000,65.11680000,61.66466667,59.59457143,57.67025000,56.58673333,54.67086000,48.52706667,29.40867500,65.21996284,62.09368455,3.12627830,4.78267001,-1.65639172,30.38759184,45.71033135,53.37869082,30.03658534,39.52340034,11.06295532,66.93250000,76.64602367,57.21897633,328958333.00269997,361437910.14898998
2021-10-07,60.00000000,62.29000000,57.39000000,61.52000000,284932245.83319998,1.51000000,2.51624729,8.16666667,64.02200000,65.04600000,66.70600000,66.50300000,65.20880000,62.45100000,59.99285714,57.95325000,56.92160000,55.30140000,49.30530000,29.55221650,64.65073779,62.05118940,2.59954840,4.34604569,-1.74649729,37.46846513,47.93970027,54.28231562,28.61781511,35.88820527,14.07703480,66.50300000,76.38316429,56.62283571,295237700.87856001,348496634.24840999
2021-10-08,61.53000000,64.94000000,59.76000000,60.51000000,275489109.80779999,-1.01000000,-1.64174252,8.41865757,62.38600000,64.94600000,65.64400000,66.07750000,65.50320000,63.23466667,60.41057143,58.28125000,57.03351111,55.89854000,50.04431667,29.70891650,64.01370121,61.93702722,2.07667399,3.89217135,-1.81549736,34.64028364,46.54503153,53.55778932,25.57042855,32.44894636,11.81339293,66.07750000,76.23047286,55.92452714,287926867.23661995,344807703.91887999
2021-10-09,60.52000000,62.04000000,59.70000000,60.63000000,120928905.54060000,0.12000000,0.19831433,3.86649042,61.45400000,64.46300000,64.86533333,65.60550000,65.86840000,63.89666667,60.79571429,58.76100000,57.35400000,56.32804000,50.78115000,29.86971450,63.49313179,61.84021039,1.65292140,3.44432136,-1.79139996,35.33617886,46.74583802,53.63451379,23.78852540,29.56213937,12.24129745,65.60550000,75.85422875,55.35677125,248202161.18941998,312865717.81911004
2021-10-10,60.63000000,61.01000000,55.39000000,56.51000000,148339876.36370000,-4.12000000,-6.79531585,9.26933861,59.83600000,63.45100000,64.08066667,65.56450000,65.81520000,64.13700000,61.03457143,59.18625000,57.69155556,56.58472000,51.44485000,30.02307100,62.41880382,61.44537999,0.97342384,2.95014186,-1.97671802,24.56181962,40.97995680,50.63747464,17.93078904,25.68502260,2.42232192,65.56450000,75.95815895,55.17084105,228201821.23563999,294089345.83493996
2021-10-11,56.50000000,59.23000000,53.76000000,55.30000000,192868511.75749999,-1.21000000,-2.14121394,9.68141593,58.89400000,62.21400000,63.31600000,65.38050000,65.32480000,64.07966667,61.26885714,59.50700000,57.80622222,56.81746000,52.09026667,30.17044600,61.32360324,60.99016666,0.33343658,2.42680080,-2.09336422,22.17854386,39.42205970,49.78492923,14.82967635,22.06657385,0.35588136,65.38050000,76.37773310,54.38326690,204511729.86056000,266735031.43162999
2021-10-12,55.30000000,55.31000000,51.04000000,54.34000000,216938819.82220000,-0.96000000,-1.73598553,7.72151899,57.45800000,60.74000000,62.51666667,64.39400000,64.69400000,63.91700000,61.73771429,59.67600000,57.89822222,56.97524000,52.69541667,30.30088250,60.24920274,60.49756172,-0.24835898,1.89176884,-2.14012782,20.30294521,38.16625741,49.10054334,16.09412585,20.07575785,8.13086184,64.39400000,75.64597040,53.14202960,190913044.65835997,243075372.76845998
2021-10-13,54.33000000,57.09000000,53.23000000,55.01000000,200467343.62120000,0.67000000,1.23297755,7.10473035,56.35800000,59.37200000,62.08333333,63.32250000,64.13360000,63.97900000,62.25228571,59.90400000,58.06755556,56.96596000,53.31070000,30.43782000,59.44317155,60.09107566,-0.64790412,1.38383425,-2.03173837,25.57421360,39.63042967,49.60506178,19.13687170,19.76279580,17.88502350,63.32250000,73.79927708,52.84572292,175908691.42104000,231917779.32883000
2021-10-14,55.00000000,58.46000000,54.92000000,56.18000000,170145411.60330001,1.17000000,2.12688602,6.43636364,55.46800000,58.46100000,61.46466667,62.51600000,63.57800000,64.13500000,62.69257143,60.12975000,58.39511111,57.16540000,53.93433333,30.57513650,58.94114516,59.80136636,-0.86022120,0.93502316,-1.79524436,34.63398375,42.23611895,50.49913109,24.39740722,21.30766627,30.57688912,62.51600000,72.55387438,52.47812562,185751992.63358000,216977076.91149998
2021-10-15,56.18000000,57.61000000,54.44000000,56.36000000,165216496.13699999,0.18000000,0.32039872,5.64257743,55.43800000,57.63700000,60.78000000,61.92000000,63.53920000,64.08566667,62.89428571,60.33500000,58.76977778,57.46620000,54.55581667,30.70943650,58.54404590,59.54645033,-1.00240443,0.54753764,-1.54994207,36.07066953,42.65155235,50.63971383,29.02273191,23.87935482,39.30948610,61.92000000,71.93234186,51.90765814,189127316.58824000,208664568.91194001
2021-10-16,56.33000000,62.11000000,55.68000000,57.61000000,231345309.94839999,1.25000000,2.21788502,11.41487662,55.90000000,57.39700000,60.10933333,61.46200000,63.48440000,63.75400000,62.91114286,60.59775000,59.10622222,57.61560000,55.12521667,30.84948200,58.40034653,59.40300956,-1.00266303,0.23749751,-1.24016054,45.96725849,45.61469581,51.63505233,35.10388362,27.62086442,50.06992203,61.46200000,71.37776650,51.54623350,196822676.22641999,200667203.04348999
2021-10-17,57.62000000,58.55000000,53.27000000,56.10000000,120837657.88910000,-1.51000000,-2.62107273,9.16348490,56.25200000,56.85500000,59.24400000,60.95050000,62.76560000,63.28700000,62.82200000,61.05200000,59.29555556,57.73360000,55.56033333,30.98637300,58.04644706,59.15834219,-1.11189512,-0.03238102,-1.07951411,37.54251130,42.70677056,50.35511971,38.63896367,31.29356417,53.32976267,60.95050000,70.86436583,51.03663417,177602443.83980000,184257744.24908000
2021-10-18,56.11000000,56.46000000,54.05000000,55.48000000,85853005.20039999,-0.62000000,-1.10516934,4.29513456,56.34600000,56.35200000,58.36333333,60.64900000,61.92720000,62.83566667,62.88857143,61.51400000,59.50866667,57.89540000,55.97411667,31.12254500,57.65160905,58.88587240,-1.23426334,-0.27275748,-0.96150586,34.43308547,41.52113564,49.82594850,39.12877614,33.90530149,49.57572544,60.64900000,70.85372316,50.44427684,154679576.15564001,165294133.78834003
2021-10-19,55.47000000,58.10000000,55.12000000,56.80000000,106037197.78970000,1.32000000,2.37923576,5.37227330,56.47000000,55.96900000,57.79733333,60.21600000,61.30680000,62.39333333,63.04000000,61.91475000,59.72311111,58.20260000,56.26820000,31.26136850,57.52059228,58.73136333,-1.21077105,-0.46036020,-0.75041086,45.88412808,45.06344491,50.97060391,43.43002420,37.08020906,56.12965448,60.21600000,70.29533874,50.13666126,141857933.39291999,163804963.01324999
2021-10-20,56.81000000,61.64000000,56.70000000,59.66000000,158948106.68340001,2.86000000,5.03521127,8.69565217,57.13000000,56.28400000,57.46800000,59.86750000,60.96200000,62.47100000,63.09200000,62.17375000,59.97888889,58.60580000,56.53460000,31.41877500,57.84973193,58.80015123,-0.95041931,-0.55837202,-0.39204729,62.78346241,51.94389398,53.37544194,54.90938681,43.02326831,78.68162380,59.86750000,69.48445624,50.25054376,140604255.50219998,164865786.04521999
2021-10-21,59.66000000,64.35000000,58.78000000,61.48000000,243518064.39919999,1.82000000,3.05062018,9.33623869,57.90400000,56.90200000,57.56600000,59.55800000,60.75040000,62.55433333,62.91828571,62.28525000,60.29844444,58.98600000,56.83155000,31.58038850,58.40823471,58.99865855,-0.59042384,-0.56478238,-0.02564146,69.94955542,55.78795181,54.84610527,61.33647370,49.12767011,85.75408088,59.55800000,68.49182832,50.62417168,143038806.39236000,169930741.30939001
2021-10-22,61.48000000,68.83000000,61.36000000,65.54000000,362476810.84799999,4.06000000,6.60377358,12.15029278,59.79200000,58.02200000,57.83400000,59.38100000,60.71880000,62.27000000,62.78771429,62.44325000,60.91200000,59.34520000,57.14970000,31.75180900,59.50542937,59.48320236,0.02222701,-0.44738051,0.46960751,80.17054807,62.99204926,57.93469769,67.17632951,55.14388991,91.24120871,59.38100000,67.63489707,51.12710293,191366636.98413998,184484540.41196999
2021-10-23,65.54000000,69.18000000,64.51000000,65.38000000,197843936.32949999,-0.16000000,-0.24412572,7.12541959,61.77200000,59.05900000,58.15866667,59.21550000,60.87360000,61.90133333,62.68371429,62.74900000,61.54266667,59.73500000,57.31480000,31.92139150,60.40920947,59.92000219,0.48920728,-0.26006295,0.74927023,78.90142938,62.55384613,57.77219461,70.15610318,60.14796100,90.17238755,59.21550000,66.78809734,51.64290266,213764823.20995998,184222199.68279999
2021-10-24,65.39000000,67.61000000,61.94000000,64.53000000,141733731.86930001,-0.85000000,-1.30009177,8.67105062,63.31800000,59.89400000,58.41866667,59.17750000,60.83640000,61.64200000,62.52542857,63.07475000,62.07066667,60.08260000,57.62016667,32.09650750,61.04317724,60.26148350,0.78169373,-0.05171161,0.83340535,71.66877733,60.12965987,56.88764306,70.36176835,63.55256345,83.98017815,59.17750000,66.62839998,51.72660002,220904130.02588001,181381031.70940000
2021-10-25,64.53000000,69.90000000,64.35000000,69.73000000,151807987.95150000,5.20000000,8.05826747,8.60065086,65.33200000,61.23100000,59.30000000,59.43400000,60.96040000,61.69033333,62.87971429,63.37200000,62.52466667,60.51420000,58.09366667,32.29140250,62.37961151,60.96285510,1.41675641,0.24198199,1.17477442,83.06504141,68.32252048,60.72625672,79.90042925,69.00185205,101.69758365,59.43400000,67.94821696,50.91978304,219476106.27950001,180040180.89084998
2021-10-26,69.74000000,73.01000000,67.61000000,68.66000000,271666008.60710001,-1.07000000,-1.53449018,7.74304560,66.76800000,62.33600000,60.19066667,59.86650000,61.00000000,61.75333333,63.15628571,63.39950000,62.78333333,60.94540000,58.40233333,32.47711350,63.34582512,61.53301398,1.81281115,0.55614782,1.25666332,75.56003579,65.30997152,59.58708648,78.95260684,72.31877031,92.22027990,59.86650000,69.32981037,50.40318963,225105695.12108001,184072250.75672001
2021-10-27,68.68000000,69.82000000,57.02000000,61.57000000,270961725.08279997,-7.09000000,-10.32624527,18.63715783,65.97400000,62.88300000,60.67266667,59.86900000,60.69960000,61.59466667,62.79914286,63.18600000,62.83555556,61.41820000,58.59183333,32.62608350,63.07262126,61.53575368,1.53686757,0.75229177,0.78457580,43.97072857,49.52494666,52.74568722,64.65295832,69.76349965,54.43187565,59.86900000,69.33417584,50.40382416,206802677.96803999,199084657.47609001
2021-10-28,61.58000000,64.98000000,61.44000000,64.34000000,157045788.64420000,2.77000000,4.49894429,5.74861968,65.76600000,63.76900000,61.29466667,60.06050000,60.52560000,61.68900000,62.45342857,63.06900000,63.08422222,61.96500000,58.87433333,32.78979550,63.26760260,61.74347563,1.52412697,0.90665881,0.61746816,53.15290073,54.23889062,54.85861478,58.71611486,66.08103805,43.98626848,60.06050000,69.73298833,50.38801167,198643048.43098003,206203935.82046998
2021-10-29,64.34000000,66.19000000,63.43000000,64.87000000,98234754.84590000,0.53000000,0.82374883,4.28971091,65.83400000,64.57600000,61.87400000,60.27250000,60.50880000,61.66933333,62.24085714,62.93900000,63.38133333,62.44700000,59.26483333,32.94511800,63.51412528,61.97507003,1.53905525,1.03313810,0.50591715,54.85172692,55.11388311,55.25804199,55.50847099,62.55684903,41.41171490,60.27250000,70.18054006,50.36445994,189943253.02630001,205423691.52609000
2021-10-30,64.87000000,64.96000000,60.89000000,62.35000000,93282368.99570000,-2.52000000,-3.88469246,6.27408663,64.35800000,64.84500000,62.27333333,60.56450000,60.41880000,61.52666667,62.07142857,63.06450000,63.48155556,62.70800000,59.64566667,33.08863700,63.33502908,62.00284262,1.33218646,1.09294777,0.23923869,45.44823456,50.14094006,52.93419691,48.11675844,57.74348550,28.86330431,60.56450000,70.34910977,50.77989023,178238129.23514000,198857117.75731999
2021-10-31,62.33000000,64.50000000,60.09000000,64.50000000,95846366.22330000,2.15000000,3.44827586,7.07524467,63.52600000,65.14700000,62.73266667,61.02450000,60.59840000,61.42100000,62.00657143,63.20250000,63.41355556,62.85760000,60.01283333,33.21944150,63.51425538,62.18781724,1.32643814,1.13964585,0.18679229,53.59336613,54.00373392,54.63273618,47.67091797,54.38596299,34.24082792,61.02450000,70.63041369,51.41858631,143074200.75838000,184089947.93972999
2021-11-01,64.50000000,66.85000000,62.19000000,64.93000000,163029154.03459999,0.43000000,0.66666667,7.22480620,64.19800000,65.08600000,63.32133333,61.55400000,60.73480000,61.28266667,61.96657143,62.97400000,63.29844444,62.97180000,60.30200000,33.35900450,63.73206224,62.39094189,1.34112035,1.17994075,0.16117961,55.19879201,54.76830673,54.97186715,48.27008456,52.34733685,40.11558000,61.55400000,70.76797657,52.34002343,121487686.54874000,164145182.25839001
2021-11-02,64.94000000,68.04000000,64.26000000,67.74000000,115527073.87850000,2.81000000,4.32773756,5.82075762,64.87800000,65.32200000,64.13866667,62.19050000,61.02400000,61.25100000,62.14457143,62.75650000,63.27000000,63.26360000,60.66616667,33.52045450,64.34866805,62.78716842,1.56149963,1.25625252,0.30524711,64.75917636,59.56044228,57.15579473,54.52735677,53.07401016,57.43405001,62.19050000,71.25869189,53.12230811,113183943.59560001,155913496.01328999
2021-11-03,67.75000000,75.57000000,67.09000000,75.55000000,323636741.72450000,7.81000000,11.52937703,12.51660517,67.01400000,66.42400000,65.38866667,63.15900000,61.62080000,61.59300000,62.43285714,62.83750000,63.39177778,63.74460000,61.13950000,33.72853350,66.07194989,63.73256335,2.33938654,1.47287933,0.86650721,79.41208722,69.39255074,62.43923542,69.64896561,58.59899531,91.74890622,63.15900000,73.56337944,52.75462056,158264340.97131997,174103796.99880999
2021-11-04,75.56000000,80.91000000,73.91000000,78.97000000,365119419.93295598,3.42000000,4.52680344,9.26416093,70.33800000,67.34800000,66.67600000,64.28950000,62.51920000,62.07200000,62.78542857,63.10475000,63.87266667,64.16720000,61.65316667,33.97670950,68.05626529,64.86126236,3.19500293,1.81730405,1.37769888,83.10376730,72.57755535,64.44283246,77.05912623,64.75237228,101.67263413,64.28950000,76.36290265,52.21609735,212631751.15877119,195434940.19695562
2021-11-05,78.96000000,81.00000000,72.13000000,74.19000000,181860826.72749999,-4.78000000,-6.05293149,11.23353597,72.27600000,67.90100000,67.52333333,65.11850000,63.27480000,62.54466667,62.97171429,63.29025000,64.21066667,64.29980000,62.10466667,34.21674600,68.99991679,65.55227996,3.44763682,2.14337060,1.30426622,63.88948517,62.63910204,59.79126926,73.85003442,67.78492633,85.98025060,65.11850000,77.53286227,52.70413773,229834643.25961119,186454422.00899559
2021-11-06,74.19000000,78.72000000,72.32000000,78.72000000,128788048.03460000,4.53000000,6.10594420,8.62649953,75.03400000,69.61600000,68.40200000,66.24950000,64.25000000,63.11800000,63.24714286,63.60000000,64.31400000,64.47200000,62.78450000,34.47331700,70.49531420,66.52766663,3.96764757,2.50822600,1.45942157,71.40755420,67.27239310,62.47015843,78.93206503,71.50063923,93.79491663,66.24950000,79.30917756,53.18982244,222986422.05961117,172237054.30417559
2021-11-07,78.70000000,88.88000000,78.00000000,87.57000000,409094905.98662198,8.85000000,11.24237805,13.82465057,79.00000000,71.93900000,69.88133333,67.85400000,65.55240000,64.02000000,63.78657143,64.25150000,64.56133333,64.84300000,63.62733333,34.78210150,73.12218894,68.08635799,5.03583095,3.01374699,2.02208396,80.78579477,74.11415869,66.95792420,84.43797967,75.81308604,101.68776693,67.85400000,83.05254758,52.65545242,281699988.48123562,197441966.03841779
2021-11-08,87.56000000,96.92000000,83.61000000,91.18000000,630273009.14791906,3.61000000,4.12241635,15.20100503,82.12600000,74.57000000,71.65800000,69.57300000,66.95240000,65.03833333,64.52628571,64.89450000,64.98066667,65.26520000,64.46750000,35.11815000,75.90031372,69.79699814,6.10331558,3.63166070,2.47165487,83.44390586,76.31727815,68.55824681,84.43027951,78.68548386,95.91987079,69.57300000,87.10518046,52.04081954,343027241.96591938,250645791.46861973
2021-11-09,91.18000000,91.49000000,87.00000000,88.33000000,242197974.23580000,-2.85000000,-3.12568546,4.92432551,83.99800000,77.16800000,72.89800000,71.00650000,68.23120000,66.09900000,65.20428571,65.43700000,65.42622222,65.88520000,65.11800000,35.44214150,77.81257315,71.16981309,6.64276005,4.23388057,2.40887948,73.77497062,71.10528470,65.92779801,81.37563312,79.58220028,84.96249879,71.00650000,89.77097626,52.24202374,318442952.82648820,265537351.99262971
2021-11-10,88.35000000,94.00000000,78.31000000,85.23000000,387688057.05909997,-3.10000000,-3.50956640,17.75891341,86.20600000,79.24100000,74.00266667,72.19400000,69.33600000,67.09666667,65.92485714,65.87600000,65.83644444,66.41020000,65.58816667,35.75903000,78.95371574,72.21130842,6.74240732,4.73558592,2.00682140,64.08275086,65.77503595,63.17657093,75.65274908,78.27238322,70.41348082,72.19400000,91.42036392,52.96763608,359608398.89280820,294721521.07620972
2021-11-11,85.19000000,89.56000000,83.73000000,87.88000000,182214801.01879999,2.65000000,3.10923384,6.84352624,88.03800000,81.53600000,75.75666667,73.31100000,70.60720000,68.21466667,66.67800000,66.34600000,66.31533333,66.68640000,66.06583333,36.09031000,80.32699024,73.37195224,6.95503800,5.17947634,1.77556166,68.34831493,68.01126076,64.49810096,73.66681205,76.73719283,67.52605050,73.31100000,93.48223110,53.13976890,370293749.48964822,296640085.77462971
2021-11-12,87.86000000,89.88000000,81.11000000,84.78000000,190900107.50209999,-3.10000000,-3.52753755,9.98178921,87.48000000,83.24000000,77.11933333,74.28100000,71.77920000,69.20700000,67.37142857,66.74825000,66.83244444,66.85320000,66.59300000,36.38195500,81.01206867,74.21699282,6.79507585,5.50259624,1.29247961,58.58192409,62.77675475,61.79116239,66.12075489,73.19838018,51.96550432,74.28100000,94.71055743,53.85144257,326654789.79274380,304177389.13698971
2021-11-13,84.81000000,98.69000000,84.79000000,97.54000000,326031351.04907602,12.76000000,15.05071951,16.38957670,88.75200000,85.43900000,79.29733333,75.93150000,73.40880000,70.58566667,68.42600000,67.55450000,67.54533333,67.35780000,67.36033333,36.72991000,83.55482733,75.94462298,7.61020435,5.92411786,1.68608649,75.71914721,72.33704355,67.62681337,75.97056350,74.12244129,79.66680793,75.93150000,98.28704072,53.57595928,265806458.17297515,304416850.06944734
2021-11-14,97.56000000,99.90000000,91.65000000,95.40000000,339169506.43396002,-2.14000000,-2.19397170,8.45633456,90.16600000,87.08200000,81.50066667,77.21500000,74.83840000,71.88700000,69.53714286,68.32450000,68.18466667,67.90020000,67.98633333,37.06574500,85.37716159,77.38576202,7.99139957,6.33757421,1.65382537,69.89860572,69.09046044,65.86631608,78.54165196,75.59551151,84.43393284,77.21500000,100.97487285,53.45512715,285200764.61260718,301821858.71954769
2021-11-15,95.40000000,101.70000000,92.00000000,93.90000000,367311805.62844998,-1.50000000,-1.57232704,10.16771488,91.90000000,89.05300000,83.46066667,78.47700000,76.13520000,73.09666667,70.64000000,69.17175000,68.76755556,68.44280000,68.42533333,37.39568500,86.68836750,78.60903890,8.07932859,6.68592508,1.39340351,65.65363055,66.79803355,64.63562436,74.72397050,75.30499784,73.56191582,78.47700000,102.99283042,53.96116958,281125514.32647717,320366956.60964268
2021-11-16,93.86000000,101.82000000,83.50000000,97.84000000,519762762.96340001,3.94000000,4.19595314,19.51843171,93.89200000,90.96500000,85.65466667,80.29050000,77.42720000,74.48800000,71.88285714,70.07975000,69.40666667,69.07300000,68.88750000,37.72088500,88.40400327,80.03355454,8.37044873,7.02282981,1.34761892,71.17196364,69.68067398,66.35848375,77.50632487,76.03877352,80.44142757,80.29050000,104.90618475,55.67481525,348635106.71539718,359464428.10252273
2021-11-17,97.80000000,110.00000000,91.50000000,107.63000000,724754711.62441504,9.79000000,10.00613246,18.91615542,98.46200000,92.97100000,88.31400000,82.45500000,79.11720000,76.22633333,73.38628571,71.25775000,70.27200000,69.99540000,69.53100000,38.10001000,91.36184892,82.07773569,9.28411323,7.47508650,1.80902674,80.50928871,75.45675936,70.13133380,82.51131661,78.19628788,91.14137407,82.45500000,108.72287231,56.18712769,455406027.53986013,391030408.66630203
2021-11-18,107.62000000,110.41000000,92.00000000,100.63000000,574610818.88914394,-7.00000000,-6.50376289,17.10648578,99.08000000,93.91600000,89.98600000,84.24300000,80.56120000,77.68733333,74.65628571,72.25775000,71.05733333,70.69880000,70.04033333,38.44676000,92.78771832,83.45197749,9.33574083,7.84721736,1.48852347,63.00075535,65.69456576,64.71623965,78.18511450,78.19256342,78.17021666,84.24300000,110.33863311,58.14736689,505121921.10787374,385464189.64042455
2021-11-19,100.54000000,112.35000000,95.89000000,111.93000000,426489727.93466002,11.30000000,11.22925569,16.37159340,102.38600000,96.27600000,92.18333333,86.72200000,82.24920000,79.42966667,76.24400000,73.64325000,72.10911111,71.60480000,70.95033333,38.82705500,95.73268473,85.56146064,10.17122409,8.31201871,1.85920538,73.96756349,72.06019812,68.77720679,85.00859959,80.46457548,94.09664783,86.72200000,113.47239604,59.97160396,522585965.40801382,403893365.01031053
2021-11-20,111.91000000,129.94000000,111.57000000,125.83000000,669094804.75214601,13.90000000,12.41847583,16.41497632,108.77200000,100.33600000,95.62600000,89.78850000,84.53600000,81.57466667,78.19314286,75.40650000,73.57177778,72.76800000,72.06450000,39.30477000,100.36304092,88.54431540,11.81872552,9.01336007,2.80536545,81.89082076,77.63030587,72.79609256,87.20008080,82.70974392,96.18075456,89.78850000,119.68858785,59.88841215,582942565.23275304,432034039.77961510
2021-11-21,125.86000000,147.00000000,123.23000000,128.47000000,1024944849.48095405,2.64000000,2.09806882,18.88606388,114.89800000,104.39500000,98.94266667,92.96550000,87.21200000,83.67233333,80.26085714,77.25975000,75.05955556,73.95580000,72.97116667,39.77083000,104.68718847,91.50177352,13.18541495,9.84777105,3.33764391,83.06553136,78.51766504,73.47279529,81.73968641,82.38639142,80.44627640,92.96550000,125.15905704,60.77194296,683978982.53626382,516307044.62583047
2021-11-22,128.52000000,145.00000000,125.76000000,134.84000000,894863160.33350003,6.37000000,4.95835604,14.97043262,120.34000000,109.40100000,102.09400000,96.32050000,90.03200000,85.98766667,82.52828571,79.25550000,76.71133333,75.27880000,73.94450000,40.25501500,109.32608256,94.71201252,14.61407003,10.80103084,3.81303919,85.74327317,80.54867755,75.03628413,81.44325551,82.07201278,80.18574096,96.32050000,131.30936047,61.33163953,718000672.27808070,586703349.90897048
2021-11-23,134.84000000,136.49000000,121.75000000,123.83000000,545312344.83529997,-11.01000000,-8.16523287,10.93147434,124.98000000,112.03000000,104.27066667,98.73450000,92.39040000,87.96433333,84.44342857,80.94675000,78.11577778,76.44960000,74.80316667,40.68479000,111.55745447,96.86890048,14.68855399,11.57853547,3.11001851,64.56746501,68.36207140,67.82632393,75.46610735,79.87004430,66.65823343,98.73450000,134.34602296,63.12297704,712140977.46731198,608631449.28759289
2021-11-24,123.83000000,124.68000000,112.64000000,115.24000000,541093685.69770002,-8.59000000,-6.93692966,9.72300735,125.64200000,114.01400000,106.06466667,100.54800000,94.50600000,89.48133333,86.03142857,82.41875000,79.42088889,77.46240000,75.58583333,41.06899500,112.12399994,98.22972267,13.89427727,12.04168383,1.85259344,52.44182154,60.56326647,62.90548327,66.97215555,75.57074805,49.77497056,100.54800000,135.61148564,65.48451436,735061769.01991999,628823867.21396697
2021-11-25,115.25000000,130.00000000,114.22000000,119.27000000,577389587.16069996,4.03000000,3.49704964,13.69197397,124.33000000,116.55100000,108.33400000,102.80200000,96.69680000,91.16833333,87.68257143,83.96025000,80.84244444,78.64760000,76.46083333,41.47050000,113.22338456,99.78826173,13.43512283,12.32037163,1.11475120,56.98920575,62.73882055,64.17778112,61.32678238,70.82275950,42.33482815,102.80200000,136.50046762,69.10353238,716720725.50163078,649831645.36719191
2021-11-26,119.25000000,119.87000000,101.31000000,104.27000000,500649893.40649998,-15.00000000,-12.57650708,15.56394130,119.49000000,117.19400000,109.42666667,104.07950000,98.27040000,92.59166667,88.78914286,85.16450000,81.95200000,79.50260000,77.09316667,41.81859000,111.84594078,100.12024234,11.72569844,12.20143699,-0.47573855,39.93428214,51.25729911,56.63343510,48.32088522,63.32213474,18.31838619,104.07950000,135.81395445,72.34504555,611861734.28673995,647920358.41150188
2021-11-27,104.30000000,118.00000000,103.22000000,113.52000000,316173642.02569997,9.25000000,8.87119977,14.17066155,115.22600000,117.78300000,111.34266667,105.37700000,100.10160000,94.23100000,90.16457143,86.61550000,83.25222222,80.56280000,77.96000000,42.20219000,112.10348835,101.11281698,10.99067137,11.95928387,-0.96861250,50.82452280,56.60033951,59.68313780,43.71199953,56.78542300,17.56515258,105.37700000,136.38293634,74.37106366,496123830.62517995,607062251.45163035
2021-11-28,113.55000000,113.97000000,100.57000000,110.42000000,362016044.42400002,-3.10000000,-2.73079634,11.80096874,112.54400000,118.76200000,112.20133333,106.33900000,101.49640000,95.74933333,91.47571429,87.95600000,84.45755556,81.55860000,78.70933333,42.59029000,111.84449015,101.80223795,10.04225220,11.57587753,-1.53362534,47.37053868,54.41941198,58.25059948,36.21291030,49.92791877,8.78289337,106.33900000,136.67697891,76.00102109,459464570.54291999,585802774.00511599
2021-11-29,110.42000000,120.41000000,109.03000000,120.39000000,286230167.45300001,9.97000000,9.02916138,10.30610397,113.57400000,119.60800000,113.86733333,107.94200000,103.15320000,97.68400000,92.92314286,89.47425000,85.88044444,82.83620000,79.60533333,43.01686500,113.15918397,103.17910921,9.98007476,11.25671698,-1.27664222,58.30596389,59.84760936,61.36286331,38.37124597,46.07569450,22.96234890,107.94200000,137.65494568,78.22905432,408491866.89397997,571776817.95694995
2021-11-30,120.39000000,124.80000000,114.00000000,120.41000000,435034335.80150002,0.02000000,0.01661268,8.97084475,113.80200000,119.06600000,115.63466667,109.70100000,105.00200000,99.54766667,94.40171429,90.94750000,87.27600000,84.13840000,80.48433333,43.43392000,114.27469413,104.45547149,9.81922264,10.96921811,-1.14999547,58.32680782,59.85807095,61.36889143,40.46566822,44.20568574,32.98563317,109.70100000,137.87831592,81.52368408,380020816.62213999,548370771.06188548
2021-12-01,120.42000000,127.41000000,117.25000000,119.65000000,371842650.49370003,-0.76000000,-0.63117681,8.43713669,116.87800000,118.18400000,117.08866667,111.28950000,106.63920000,101.37166667,96.06114286,92.30025000,88.68822222,85.44460000,81.32716667,43.85997500,115.10166426,105.58099212,9.52067214,10.67950892,-1.15883678,57.02678963,59.21846100,60.99156828,44.68312551,44.36483233,45.31971186,111.28950000,137.82121010,84.75778990,354259368.03957999,483060551.16316003
2021-12-02,119.64000000,119.75000000,106.88000000,107.78000000,283945869.40380001,-11.87000000,-9.92060176,10.75727182,115.73000000,115.47800000,117.09866667,112.43950000,107.44760000,102.70633333,97.30228571,93.36025000,89.85044444,86.50000000,81.97866667,44.21587500,113.97525438,105.74388159,8.23137278,10.18988169,-1.95850891,40.22390558,50.09761304,55.43659185,37.95502058,42.22822841,29.40860492,112.43950000,135.95562345,88.92337655,347813813.51520002,421968822.07019001
2021-12-03,107.79000000,113.23000000,100.00000000,108.32000000,355634559.86070001,0.54000000,0.50102060,12.27386585,115.31000000,113.92700000,117.61133333,112.97850000,108.13320000,103.79866667,98.54371429,94.45500000,90.99533333,87.54280000,82.69583333,44.58912500,113.10521524,105.93470518,7.17051006,9.58600736,-2.41549730,41.17020061,50.47616368,55.62843382,34.54779150,39.66808278,24.30720895,112.97850000,135.53114277,90.42585723,346537516.60254002,403001043.57273000
2021-12-04,108.36000000,108.81000000,76.57000000,93.05000000,621549884.96840000,-15.27000000,-14.09711965,29.75267626,109.84200000,111.70800000,116.35266667,112.86100000,108.32200000,104.26800000,99.42085714,95.03800000,91.73733333,88.27660000,83.17000000,44.87000000,110.01979751,104.98028257,5.03951494,8.67670888,-3.63719394,26.78281745,40.90413998,49.35859086,33.83700131,37.72438895,26.06222602,112.86100000,135.82008663,89.90191337,413601460.10562003,411046663.49980003
2021-12-05,93.02000000,95.50000000,82.55000000,86.35000000,314125316.67570001,-6.70000000,-7.20042988,13.92173726,103.03000000,108.41600000,113.72066667,112.48350000,108.36680000,104.67333333,100.04514286,95.48025000,92.29000000,88.85140000,83.60900000,45.18649000,106.37829020,103.60026164,2.77802856,7.49697281,-4.71894426,22.62063891,37.50024712,46.93650386,28.97027467,34.80635086,17.29812230,112.48350000,136.95381222,88.01318778,389419656.28046000,384720236.45130002
2021-12-06,86.34000000,94.90000000,77.00000000,92.97000000,439819665.48659998,6.62000000,7.66647365,20.73198981,97.69400000,107.28600000,111.35400000,112.24000000,108.57040000,105.14833333,100.84628571,96.26525000,92.89955556,89.58880000,84.13316667,45.52591000,104.31547632,102.81283485,1.50264147,6.29810655,-4.79546508,34.66010691,42.64486007,49.49187971,30.06620462,33.22630211,23.74600963,112.24000000,137.41074576,87.06925424,403015059.27903998,378637213.65930998
2021-12-07,92.93000000,96.62000000,88.00000000,89.57000000,268707936.50059998,-3.40000000,-3.65709369,9.27579899,94.05200000,104.89100000,108.33600000,111.33700000,108.76200000,105.21500000,101.47000000,96.89600000,93.43711111,90.27060000,84.61750000,45.86462500,102.04694151,101.83188412,0.21505738,5.08149671,-4.86643933,31.62728924,40.76481041,48.24670325,28.56760875,31.67340432,22.35601759,111.33700000,138.42675032,84.24724968,399967472.69840002,373890643.10680002
2021-12-08,89.54000000,93.22000000,86.00000000,93.19000000,177886851.22760001,3.62000000,4.04153176,8.06343534,91.02600000,103.16800000,106.29333333,110.96500000,108.58800000,105.28200000,101.97400000,97.60400000,94.07400000,90.99840000,85.16016667,46.23659000,100.68433512,101.19174456,-0.50740944,3.96371548,-4.47112492,38.50248217,43.65025537,49.65396626,29.94200405,31.09627090,27.63347034,110.96500000,138.86601036,83.06398964,364417930.97177994,355477723.78716004
2021-12-09,93.20000000,94.57000000,83.28000000,85.46000000,231828745.65259999,-7.73000000,-8.29488143,12.11373391,89.50800000,99.67500000,104.30800000,109.64150000,108.19040000,105.18633333,102.15942857,98.18175000,94.42355556,91.51440000,85.64266667,46.58586000,98.34212972,100.02643015,-1.68430043,2.83411230,-4.51841273,30.61427599,39.20189873,46.81736342,25.79007980,29.32754053,18.71515834,109.64150000,139.77193943,79.51106057,286473703.10862005,350037581.60711998
2021-12-10,85.41000000,91.78000000,80.22000000,80.61000000,288264849.11250001,-4.85000000,-5.67516967,13.53471490,88.36000000,95.69500000,101.73066667,107.38050000,107.65880000,105.03233333,102.34285714,98.58450000,94.68911111,91.89700000,86.06450000,46.89193500,95.61410976,98.58817606,-2.97406630,1.67247658,-4.64654288,26.52302543,36.64574389,45.12944957,20.31211434,26.32239847,8.29154608,107.38050000,139.13871185,75.62228815,281301609.59597999,335360632.93822002
2021-12-11,80.57000000,87.07000000,78.32000000,86.55000000,192503522.11000001,5.94000000,7.36881280,10.86012163,87.07600000,92.38500000,100.54933333,105.28450000,107.20720000,104.98800000,102.56657143,99.12500000,95.24422222,92.31720000,86.60133333,47.22745500,94.21963134,97.69645932,-3.47682798,0.64261567,-4.11944365,38.58532697,41.72280040,47.54628824,22.61578672,25.08686122,17.67363772,105.28450000,136.71379406,73.85520594,231838380.92066002,317426720.09985000
2021-12-12,86.55000000,88.97000000,82.94000000,88.00000000,132574718.75870000,1.45000000,1.67533218,6.96707106,86.76200000,90.40700000,98.84800000,102.94250000,106.42200000,105.09533333,102.57885714,99.63150000,95.77000000,92.76960000,87.15116667,47.56347000,93.26276498,96.97820307,-3.71543810,-0.22899509,-3.48644301,41.40316408,42.94048385,48.12826293,26.89480901,25.68951048,29.30540607,102.94250000,131.98903100,73.89596900,204611737.37228000,302289605.03533995
2021-12-13,88.01000000,89.92000000,75.50000000,79.05000000,297920347.43610001,-8.95000000,-10.17045455,16.38450176,83.93400000,87.48000000,96.75666667,100.70350000,105.55880000,104.47900000,102.23228571,99.71900000,96.08511111,93.06000000,87.53233333,47.86313000,91.07618575,95.65018803,-4.57400228,-1.09799652,-3.47600576,30.90147368,37.64413433,44.91837169,23.53277672,24.97059923,20.65713169,100.70350000,129.87407297,71.53292703,228618436.61398000,296518183.79287994
2021-12-14,79.05000000,87.46000000,76.31000000,87.17000000,240732813.45879999,8.12000000,10.27197976,14.10499684,84.27600000,86.89200000,94.54200000,99.30000000,104.56840000,104.20466667,102.19914286,99.92400000,96.63666667,93.40880000,88.04583333,48.21534500,90.47523410,95.02202595,-4.54679186,-1.78775559,-2.75903627,45.85377668,44.42813985,48.18968941,34.10707842,28.01609229,46.28905067,99.30000000,128.22578744,70.37421256,230399250.17522001,258436476.64192000
2021-12-15,87.16000000,105.77000000,86.10000000,101.24000000,608721178.01810002,14.07000000,16.14087415,22.56769160,88.40200000,88.38100000,93.26400000,98.39850000,103.58480000,104.44933333,102.65657143,100.60025000,97.45311111,94.06040000,88.77300000,48.64070500,92.13135193,95.48261662,-3.35126470,-2.10045741,-1.25080728,62.65633887,53.90726013,53.21375834,51.08294821,35.70504427,81.83875611,98.39850000,125.78670051,71.01029949,294490515.95634001,287896062.77616000
2021-12-16,101.28000000,110.00000000,98.00000000,98.21000000,521108640.62919998,-3.03000000,-2.99288819,11.84834123,90.73400000,88.90500000,91.83466667,98.09550000,102.37440000,104.46166667,102.95171429,101.08750000,98.19266667,94.79320000,89.47483333,49.04916500,93.06652855,95.68464502,-2.61811647,-2.20398922,-0.41412724,58.00475640,51.83027354,52.07892179,55.99732779,42.46913878,83.05370583,98.09550000,125.34392475,70.84707525,360211539.66017997,296024960.29041994
2021-12-17,98.23000000,116.10000000,98.14000000,110.81000000,661735819.12039995,12.60000000,12.82965075,18.28362008,95.29600000,91.02900000,92.03666667,97.96000000,101.41320000,104.56766667,103.69542857,101.66850000,99.14977778,95.72260000,90.39700000,49.51251500,95.79629339,96.80504169,-1.00874830,-1.96494104,0.95619274,69.35689420,58.99696791,56.13784358,66.32169965,50.41999240,98.12511414,97.96000000,124.91079415,71.00920585,466043759.73251998,335327748.55239999
2021-12-18,110.82000000,117.39000000,105.51000000,115.90000000,387451666.14960003,5.09000000,4.59344824,10.72008663,102.66600000,93.30000000,92.54200000,98.23400000,101.09600000,105.07666667,104.22000000,102.28650000,100.04644444,96.74320000,91.38200000,50.00327500,98.88917133,98.21948304,0.66968829,-1.43801517,2.10770346,72.90715781,61.51996069,57.64990400,76.36215482,59.06737987,110.95170472,98.23400000,125.82206256,70.64593744,483950023.47522002,356284230.04459995
2021-12-19,115.91000000,116.69000000,106.66000000,107.61000000,238953714.02419999,-8.29000000,-7.15271786,8.65326546,106.75400000,95.51500000,93.51266667,97.59500000,100.79080000,104.93266667,104.56885714,102.76850000,100.68288889,97.64840000,92.18116667,50.44789000,100.23083728,98.91507689,1.31576039,-0.88726006,2.20302045,59.44635292,55.45703820,54.45931063,76.45914961,64.86463645,99.64817592,97.59500000,123.56699018,71.62300982,483594203.58830005,356996726.88176000
2021-12-20,107.61000000,116.33000000,100.96000000,113.55000000,479899741.23110002,5.94000000,5.51993309,14.28305920,109.21600000,98.80900000,95.32600000,97.25200000,100.56200000,104.52333333,105.13028571,103.47650000,101.55755556,98.62940000,93.04900000,50.91430000,102.27993924,99.99914527,2.28079397,-0.25364925,2.53444322,65.00224949,58.64296530,56.26889422,81.25047787,70.32658359,103.09826643,97.25200000,122.11274953,72.39125047,457829916.23089999,376160216.09362000
2021-12-21,113.52000000,123.97000000,110.59000000,123.24000000,436728554.53179997,9.69000000,8.53368560,11.78646934,114.22200000,102.47800000,97.34400000,97.43150000,101.32080000,104.34900000,105.85600000,104.36050000,102.54688889,99.79560000,94.01066667,51.43928500,105.50456397,101.72069006,3.78387390,0.55385538,3.23001853,72.40338866,63.31275895,59.03944204,86.99828983,75.88381900,109.22723149,97.43150000,123.01451844,71.84848156,440953899.01141995,400582719.33580005
2021-12-22,123.23000000,127.32000000,115.55000000,116.69000000,361612835.43839997,-6.55000000,-5.31483285,9.55124564,115.39800000,105.34700000,99.15200000,97.87700000,101.44760000,103.74400000,106.11485714,105.15825000,103.19400000,100.77460000,94.86583333,51.93658500,107.22540028,102.82952784,4.39587244,1.32225879,3.07361365,61.80206289,58.44631717,56.51402916,84.38584283,78.71782695,95.72187461,97.87700000,124.50765278,71.24634722,380929302.27502000,423486531.00376999
2021-12-23,116.68000000,125.06000000,116.22000000,121.40000000,305123263.31180000,4.71000000,4.03633559,7.57627700,116.49800000,109.58200000,101.03266667,98.53100000,101.88680000,103.66300000,106.70828571,105.75475000,103.86555556,101.69160000,95.81366667,52.45667000,109.40610793,104.20511837,5.20098956,2.09800495,3.10298462,66.08685895,60.80935601,57.86635754,84.80324182,80.74629857,92.91712831,98.53100000,126.83157236,70.23042764,364463621.70746005,424206822.59133995
2021-12-24,121.45000000,124.57000000,113.19000000,114.94000000,253458715.21700001,-6.46000000,-5.32125206,9.37011116,117.96400000,112.35900000,102.99800000,99.62550000,101.66880000,103.65300000,106.79428571,106.24325000,104.45688889,102.41100000,96.56716667,52.95369000,110.25747594,105.00029479,5.25718116,2.72984019,2.52734097,55.78730362,56.04101300,55.40064289,75.79424852,79.09561522,69.19151513,99.62550000,128.71569258,70.53530742,367364621.94602001,425479412.76716000
2021-12-25,114.95000000,116.93000000,112.00000000,115.01000000,195445144.15149999,0.07000000,0.06090134,4.28882123,118.25600000,113.73600000,105.29133333,101.05850000,101.45280000,103.51100000,106.48514286,106.77100000,105.11866667,103.22740000,97.33966667,53.45478000,110.98863349,105.74175443,5.24687906,3.23324796,2.01363110,55.87672017,56.08172257,55.42212046,69.80068933,75.99730659,57.40745481,101.05850000,130.21871390,71.89828610,310473702.53009999,384151809.38050002
2021-12-26,114.99000000,118.00000000,109.28000000,115.02000000,213934618.15050000,0.01000000,0.00869490,7.58326811,116.61200000,115.41700000,107.18933333,102.16100000,101.26760000,103.86933333,106.10085714,107.20050000,105.72177778,103.95340000,98.23050000,53.95288000,111.60884372,106.42903188,5.17981184,3.62256074,1.55725110,55.89201242,56.08806013,55.42532031,64.31325672,72.10262330,48.73452356,102.16100000,131.69848869,72.62351131,265914915.25384003,353434407.13262999
2021-12-27,115.06000000,120.96000000,113.23000000,113.85000000,203476465.29030001,-1.17000000,-1.01721440,6.71823396,116.04400000,115.72100000,108.91266667,103.37500000,101.51040000,103.88033333,105.50114286,107.35600000,106.36777778,104.47900000,99.05566667,54.45116500,111.95363700,106.97873322,4.97490377,3.89302934,1.08187443,53.29851513,55.07369279,54.94381764,59.17545390,67.79356683,41.93922803,103.37500000,132.72882661,74.02117339,234287641.22421998,307608471.74962002
2021-12-28,113.85000000,116.73000000,104.33000000,107.06000000,313337643.15280002,-6.79000000,-5.96398770,10.89152394,113.17600000,114.83700000,110.78000000,104.06850000,101.46000000,103.76833333,105.02200000,107.51675000,106.57933333,104.79660000,99.75883333,54.91942500,111.20076977,106.98475298,4.21601678,3.95762683,0.25838995,40.28160341,49.41570150,52.19775989,47.16401024,60.91704797,19.65793477,104.06850000,133.06232894,75.07467106,235930517.19242001,300197069.44994003
2021-12-29,107.05000000,110.55000000,102.30000000,103.10000000,206638050.67160001,-3.96000000,-3.69886045,7.70667912,110.80800000,114.38600000,111.84200000,104.95050000,101.86200000,103.19200000,104.67514286,107.29600000,106.75044444,105.09200000,100.43800000,55.36720000,109.95449749,106.69699350,3.25750399,3.81760226,-0.56009827,34.40159340,46.38390951,50.65698569,32.50848751,51.44752781,-5.36959311,104.95050000,132.60305597,77.29794403,226566384.28334004,296965503.11467999
2021-12-30,103.10000000,105.40000000,98.25000000,101.75000000,198166564.19760001,-1.35000000,-1.30940834,6.93501455,108.15600000,113.20600000,111.87600000,106.00750000,102.47800000,102.57000000,104.17457143,106.69400000,106.92488889,105.42240000,101.05883333,55.80214500,108.69226711,106.33054954,2.36171757,3.52642532,-1.16470776,32.46302921,45.34917026,50.13059047,25.68562623,42.86022729,-8.66357588,106.00750000,131.25403838,80.76096162,227110668.29256001,268792185.41133004
2021-12-31,101.75000000,111.99000000,100.13000000,109.43000000,262031150.63830000,7.68000000,7.54791155,11.65601966,107.03800000,111.82500000,112.62400000,107.15150000,103.13640000,102.22933333,104.32200000,106.21800000,107.18244444,105.85340000,101.80050000,56.27373000,108.80576448,106.56013846,2.24562601,3.27026546,-1.02463945,51.22590945,51.99522648,53.02807931,31.02403678,38.91483045,15.24244945,107.15150000,130.70227853,83.60072147,236729974.79011998,251322445.02197999
2022-01-01,109.43000000,114.50000000,108.42000000,114.13000000,134625293.11489999,4.70000000,4.29498309,5.55606324,107.09400000,111.56900000,112.84533333,108.45800000,104.11880000,102.44100000,104.33942857,105.70025000,107.32688889,106.44040000,102.57366667,56.77081000,109.62487763,107.12086895,2.50400869,3.11701411,-0.61300542,59.49067945,55.59998032,54.70852340,40.79414002,39.54126698,43.29988612,108.45800000,130.37803035,86.53796965,222959740.35504001,228623690.78963000
2022-01-02,114.12000000,117.53000000,112.00000000,113.03000000,133181297.43189999,-1.10000000,-0.96381320,4.84577638,108.28800000,110.73200000,112.65400000,110.15700000,104.91240000,102.59800000,104.41400000,105.43025000,107.60244444,106.75020000,103.19833333,57.26557000,110.14874261,107.55858236,2.59016026,3.01164334,-0.42148308,56.78812059,54.55405279,54.23467327,48.88991399,42.65748265,61.35477667,110.15700000,127.20589205,93.10810795,186928471.21086001,211429494.20164001
2022-01-03,113.02000000,114.13000000,106.01000000,108.11000000,167515698.02320001,-4.92000000,-4.35282668,7.18456910,109.29000000,110.04900000,112.68733333,111.20400000,105.81840000,103.10000000,104.06314286,105.25200000,107.51755556,107.00440000,103.68400000,57.73190000,109.83508990,107.59942811,2.23566179,2.85644703,-0.62078523,45.65600303,49.96760485,52.12746040,47.06560830,44.12685786,52.94310916,111.20400000,124.45876105,97.94923895,179104000.68118000,202835192.48226002
2022-01-04,108.11000000,109.28000000,102.78000000,103.33000000,174879133.65799999,-4.78000000,-4.42142263,6.01239478,109.60600000,108.88100000,112.00600000,111.30850000,106.72720000,103.66600000,103.57514286,104.85350000,107.01755556,107.19300000,104.16966667,58.18035000,108.83430684,107.28317418,1.55113267,2.59538416,-1.04425149,37.16278010,45.87952201,50.15201091,38.83340568,42.36237380,31.77546943,111.30850000,124.26203197,98.35496803,174446514.57326001,200778591.43291003
2022-01-05,103.33000000,106.66000000,90.40000000,97.42000000,229006153.21460000,-5.91000000,-5.71953934,15.73599148,107.20400000,107.12100000,110.28466667,111.26900000,107.16200000,103.81433333,102.94000000,104.68225000,106.32755556,107.18460000,104.48133333,58.60053500,107.07825964,106.55256868,0.52569095,2.18144552,-1.65575456,29.12434322,41.31980808,47.81425200,34.51407534,39.74627431,24.04967740,111.26900000,124.39438705,98.14361295,167841515.08851999,202285744.93932000
2022-01-06,97.42000000,97.97000000,91.04000000,95.11000000,154100385.59459999,-2.31000000,-2.37117635,7.11352905,103.40000000,105.24700000,108.84600000,110.48400000,107.44640000,103.99900000,102.57800000,104.22200000,105.44466667,106.93420000,104.60700000,59.00650000,105.23698892,105.70497100,-0.46798208,1.65156000,-2.11954208,26.44172461,39.63997866,46.92218495,28.79633528,36.09629464,14.19641656,110.48400000,125.47092820,95.49707180,171736533.58445999,197348136.96974999
2022-01-07,95.10000000,95.54000000,85.00000000,86.74000000,231122016.72060001,-8.37000000,-8.80033645,11.08307045,98.14200000,103.21500000,106.53533333,109.02600000,107.75400000,103.78400000,101.96142857,103.63000000,104.62044444,106.65640000,104.53300000,59.38420000,102.39129832,104.30015833,-1.90886002,0.93947599,-2.84833601,18.88026543,34.15186222,43.83037890,20.98052642,31.05770523,0.82616879,109.02600000,127.14151984,90.91048016,191324677.44220001,189126574.32653001
2022-01-08,86.74000000,89.64000000,79.18000000,83.90000000,208857798.74829999,-2.84000000,-3.27415264,12.05902698,93.30000000,101.29500000,104.46600000,107.84050000,107.62320000,103.73200000,101.70000000,102.71775000,103.92400000,106.09580000,104.45916667,59.75081000,99.54648319,102.78903550,-3.24255230,0.10307033,-3.34562264,16.91118277,32.48699031,42.83113864,18.08958171,26.73499739,0.79875036,107.84050000,129.16515781,86.51584219,199593097.58722001,189348549.13420001
2022-01-09,83.87000000,91.88000000,82.46000000,89.33000000,157649981.25270000,5.43000000,6.47199046,11.23166806,90.50000000,100.05300000,102.75400000,106.62950000,107.14680000,104.02266667,101.78514286,101.94075000,103.25866667,105.36580000,104.52750000,60.14018000,97.97471655,101.79206990,-3.81735335,-0.68101440,-3.13633895,32.95432262,38.71814314,45.31828707,20.88197234,24.78398904,13.07793893,106.62950000,129.29749132,83.96150868,196147267.10615999,185296890.83971000
2022-01-10,89.32000000,92.40000000,80.10000000,84.36000000,241549190.78150001,-4.97000000,-5.56364043,13.77071205,87.88800000,97.54600000,100.71000000,104.68550000,106.59280000,103.94966667,101.53914286,101.05850000,102.81622222,104.48360000,104.46883333,60.50451500,95.88014477,100.50080547,-4.62066069,-1.46894366,-3.15171703,27.18840615,35.45109380,43.51038439,18.42370516,22.66389441,9.94332665,104.68550000,128.01458235,81.35641765,198655874.61954004,183248694.85403001
2022-01-11,84.42000000,91.00000000,83.21000000,89.59000000,124662083.45880000,5.23000000,6.19962067,9.22767117,86.78400000,95.09200000,99.09266667,103.33050000,105.74400000,104.00266667,101.53971429,100.60375000,102.28444444,103.57860000,104.54900000,60.90129000,94.91243019,99.69259765,-4.78016746,-2.13118842,-2.64897904,40.36451711,41.15155537,45.88109879,22.21093935,22.51290939,21.60699926,103.33050000,126.87089974,79.79010026,192768214.19238001,182252373.88841999
2022-01-12,89.57000000,96.89000000,88.80000000,95.94000000,164578221.12369999,6.35000000,7.08784463,9.03204198,88.62400000,93.38300000,98.35133333,102.05750000,104.94560000,104.56566667,101.61828571,100.29425000,101.96266667,103.02080000,104.52233333,61.32940000,95.07051785,99.41462746,-4.34410960,-2.57377266,-1.77033695,52.80723856,47.31430400,48.61332455,33.36764727,26.13115535,47.84063111,102.05750000,124.19542447,79.91957553,179459455.07300001,185392066.25760001
2022-01-13,95.95000000,97.26000000,89.08000000,89.65000000,133587226.48390000,-6.29000000,-6.55618095,8.52527358,89.77400000,91.53700000,97.45466667,100.79300000,104.22720000,104.64833333,101.73800000,100.20925000,101.27955556,102.50900000,104.42650000,61.72294500,94.23659203,98.69132172,-4.45472969,-2.94996406,-1.50476562,42.31316089,42.50437585,46.20235329,34.94524374,29.06918481,46.69736160,100.79300000,122.72075036,78.86524964,164405340.62011999,181999219.10366997
2022-01-14,89.65000000,91.77000000,87.23000000,90.39000000,107669260.02779999,0.74000000,0.82543224,5.06413832,89.98600000,90.24300000,96.69733333,99.56200000,103.30080000,104.28666667,102.01742857,100.31025000,100.61244444,101.93140000,104.36800000,62.11828500,93.64480864,98.07640900,-4.43160036,-3.24629132,-1.18530904,43.88740999,43.24486875,46.52791127,43.18329359,33.77388774,62.00210530,99.56200000,120.88516122,78.23883878,154409196.37514001,175278231.74065000
2022-01-15,90.40000000,94.44000000,89.47000000,92.98000000,83986168.00839999,2.59000000,2.86536121,5.49778761,91.71000000,89.79900000,95.60066667,98.46000000,102.09040000,104.11233333,102.20114286,100.31050000,100.01977778,101.70560000,104.28700000,62.52358500,93.54253039,97.69889722,-4.15636683,-3.42830642,-0.72806041,49.65747843,45.90498117,47.68415595,54.23134027,40.59303858,81.50794365,98.46000000,118.66839638,78.25160362,122896591.82052000,160776233.22003001
2022-01-16,92.98000000,94.90000000,91.80000000,92.24000000,90134788.73860000,-0.74000000,-0.79587008,3.33405033,92.24000000,89.51200000,94.14133333,97.37950000,101.11240000,103.49333333,102.32228571,100.37725000,99.67444444,101.28000000,104.03050000,62.92504000,93.34214110,97.29453446,-3.95239337,-3.53312381,-0.41926955,47.96637282,45.24401908,47.37871921,60.23239794,47.13949170,86.41821041,97.37950000,116.39909264,78.35990736,115991132.87647998,154379673.53443000
2022-01-17,92.25000000,92.50000000,85.34000000,86.67000000,117439344.85439999,-5.57000000,-6.03859497,7.76151762,90.38600000,89.50500000,92.38400000,96.36000000,99.72320000,102.51900000,102.54000000,100.21425000,99.19333333,100.80500000,103.79783333,63.30248500,92.31565785,96.50753191,-4.19187406,-3.66487386,-0.52700020,36.68266825,40.46037679,45.10927304,52.91716972,49.06538438,60.62074041,96.36000000,115.38066466,77.33933534,106563357.62262000,143011406.34780997
2022-01-18,86.67000000,87.41000000,83.70000000,86.00000000,89047242.52779999,-0.67000000,-0.77304719,4.28060459,89.65600000,89.71500000,90.91000000,95.50500000,98.56560000,101.79866667,102.50657143,100.22775000,99.03666667,100.11720000,103.36566667,63.67692500,91.34401818,95.72919621,-4.38517803,-3.80893470,-0.57624334,35.47798029,39.90670605,44.83968406,46.73887461,48.28988112,43.63686159,95.50500000,114.78555197,76.22444803,97655360.83139999,131030350.72575998
2022-01-19,86.03000000,86.38000000,81.08000000,82.61000000,95386563.90790001,-3.39000000,-3.94186047,6.16064164,88.10000000,89.04300000,89.52866667,94.54800000,97.26960000,100.76733333,101.97428571,100.27775000,98.95355556,99.36120000,102.64533333,64.03243000,90.00032308,94.75740390,-4.75708082,-3.99856392,-0.75851690,29.57983417,37.10413030,43.46812196,34.31128929,43.63035051,15.67316686,94.54800000,114.41454167,74.68145833,95198821.60742000,124804008.99128000
2022-01-20,82.58000000,87.80000000,78.68000000,79.33000000,103096137.48180000,-3.28000000,-3.97046362,11.04383628,85.37000000,88.54000000,88.32266667,93.04300000,95.84200000,99.30366667,101.43485714,100.09725000,98.65044444,98.55480000,101.82633333,64.36735500,88.35873491,93.61463324,-5.25589833,-4.25003080,-1.00586753,24.79399093,34.54353490,42.16593826,24.04032132,37.10034078,-2.07971761,93.04300000,112.72222025,73.36377975,99020815.50209999,110958703.66130999
2022-01-21,79.32000000,80.38000000,63.93000000,66.06000000,245692803.73359999,-13.27000000,-16.72759360,20.73877963,80.13400000,86.18700000,86.38600000,90.63950000,93.93040000,97.61600000,100.15628571,99.54875000,98.12800000,97.72040000,100.68000000,64.63744500,84.92816031,91.57354930,-6.64538899,-4.72910244,-1.91628655,13.88637343,26.47862138,37.43197772,18.15709390,30.78592515,-7.10056861,90.63950000,111.19712169,70.08187831,130132418.50109999,123061775.68878999
2022-01-22,66.03000000,67.54000000,52.95000000,59.78000000,304793609.73589998,-6.28000000,-9.50650923,22.09601696,74.75600000,82.57100000,84.58866667,87.97700000,92.03920000,95.56200000,98.55285714,99.06700000,97.38555556,96.74960000,99.61250000,64.86942500,81.05921257,89.21847157,-8.15925900,-5.41513375,-2.74412525,11.11056458,23.63035581,35.46570570,17.53182501,26.36789177,-0.14030850,87.97700000,110.06115112,65.89284888,167603271.47740000,137083314.55001003
2022-01-23,59.81000000,66.88000000,59.02000000,64.83000000,184024003.36300001,5.05000000,8.44764135,13.14161511,70.52200000,80.08900000,83.31733333,85.81300000,90.50840000,93.89166667,97.33057143,98.50850000,96.92711111,96.18520000,98.77233333,65.12805000,78.56241064,87.41191812,-8.84950749,-6.10200850,-2.74749899,25.48407350,30.21548736,38.19012429,21.12769264,24.62115873,14.14076046,85.81300000,108.07180888,63.55419112,186598623.64444000,142126992.23791999
2022-01-24,64.80000000,64.83000000,55.14000000,63.06000000,219436865.37570000,-1.77000000,-2.73021749,14.95370370,66.61200000,77.35600000,81.56600000,83.79950000,88.96080000,92.16000000,95.88800000,97.55400000,96.53711111,95.71940000,97.83550000,65.38286000,76.17742438,85.60807234,-9.43064795,-6.76773639,-2.66291156,23.86125807,29.25108962,37.60943295,22.11850149,23.78693965,18.78162517,83.79950000,106.66376444,60.93523556,211408683.93800002,153303752.77271000
2022-01-25,63.00000000,70.53000000,61.65000000,68.01000000,177636701.69659999,4.95000000,7.84966698,14.09523810,64.34800000,74.85900000,80.47600000,82.32900000,87.30400000,90.59300000,94.31000000,96.79900000,96.12511111,95.22020000,97.23116667,65.66015000,74.92089756,84.30451142,-9.38361387,-7.29091189,-2.09270198,37.26747456,35.52895219,40.26021062,27.43846159,25.00411363,32.30715751,82.32900000,105.28764557,59.37035443,226316796.78095999,162668806.14152998
2022-01-26,68.01000000,73.50000000,64.39000000,65.87000000,234514414.36309999,-2.14000000,-3.14659609,13.39508896,64.31000000,72.22200000,78.89466667,80.86700000,85.37360000,88.99366667,92.85800000,95.67550000,95.63333333,94.74620000,96.43700000,65.92942500,73.52845178,82.93899206,-9.41054028,-7.71483756,-1.69570272,34.14816995,34.10181199,39.50306888,30.65003130,26.88608619,38.17792154,80.86700000,104.12083056,57.61316944,224081118.90686002,177106768.70398000
2022-01-27,65.87000000,67.96000000,61.06000000,64.70000000,161461952.38260001,-1.17000000,-1.77622590,10.47517838,65.29400000,70.02500000,76.81200000,79.76500000,83.44040000,87.58166667,91.23800000,94.39550000,95.31444444,94.17640000,95.67500000,66.19076000,72.17022843,81.58795561,-9.41772718,-8.05541549,-1.36231169,32.37057980,33.30392693,39.08374193,31.67199600,28.48138946,38.05320909,79.76500000,103.91849904,55.61150096,195414787.43619999,181509029.45679998
2022-01-28,64.68000000,67.50000000,61.71000000,67.01000000,115890537.67020001,2.31000000,3.57032457,8.95176252,65.73000000,68.12600000,75.30266667,78.92050000,81.79640000,86.37866667,89.86857143,93.38050000,94.86644444,93.80740000,94.78533333,66.46502500,71.37634713,80.50810705,-9.13175991,-8.27068437,-0.86107554,39.79563285,36.50374768,40.38741712,34.56277495,30.50851796,42.67128894,78.92050000,103.63971432,54.20128568,181788094.29764000,184193358.97103998
2022-01-29,67.02000000,73.58000000,66.86000000,71.89000000,117157264.50929999,4.88000000,7.28249515,10.02685765,67.49600000,67.05400000,74.06933333,78.04850000,80.53880000,85.38333333,88.63657143,92.33900000,94.21422222,93.63300000,93.97666667,66.76492500,71.45537065,79.86972875,-8.41435810,-8.29941912,-0.11493898,52.90372637,42.82532552,43.07304234,46.05801232,35.69168275,66.79067147,78.04850000,102.44996870,53.64703130,161332174.12436000,186370429.03117999
2022-01-30,71.91000000,72.39000000,66.85000000,67.96000000,91110546.73170000,-3.93000000,-5.46668521,7.70407454,67.48600000,65.91700000,72.40133333,77.22850000,79.36040000,84.00100000,87.29200000,90.95700000,93.54200000,93.26120000,93.11516667,67.04576000,70.91762132,78.98752662,-8.06990530,-8.25351635,0.18361106,43.70729316,39.38084512,41.50184406,54.95804796,42.11380448,80.64653492,77.22850000,101.83827664,52.61872336,144026943.13138002,185171869.95616999
2022-01-31,67.94000000,70.65000000,64.25000000,69.87000000,117666155.98480000,1.91000000,2.81047675,9.42007654,68.28600000,66.29800000,70.91000000,76.24250000,78.35080000,82.52566667,86.03542857,89.78650000,92.63222222,92.89860000,92.48333333,67.33815500,70.75644881,78.31215427,-7.55570547,-8.11395418,0.55824871,48.88896490,41.86013026,42.56434962,63.26559669,49.16440189,91.46798630,76.24250000,100.34182157,52.14317843,120657291.45571999,172369205.18129000
2022-02-01,69.90000000,73.87000000,68.47000000,73.33000000,138231722.04670000,3.46000000,4.95205381,7.72532189,70.01200000,67.65300000,70.02066667,75.11200000,77.81440000,81.20233333,85.07171429,88.58475000,91.68622222,92.78420000,91.90016667,67.65073500,71.15237976,77.94310581,-6.79072605,-7.84930855,1.05858250,57.41093241,46.20789867,44.47084705,74.54937270,57.62605882,108.39600045,75.11200000,97.37181851,52.85218149,116011245.38854000,155713016.41237003
2022-02-02,73.32000000,74.86000000,67.43000000,67.79000000,159980250.01699999,-5.54000000,-7.55488886,10.13366067,70.16800000,67.94900000,68.80666667,74.01900000,77.17000000,79.85833333,84.06285714,87.40600000,90.80133333,92.39660000,91.47916667,67.93489500,70.63509057,77.19102390,-6.55593333,-7.59063351,1.03470018,43.48122776,40.86946852,42.13413176,65.95562045,60.40257936,77.06170261,74.01900000,95.40265327,52.63534673,124829187.85789999,153308641.07776999
2022-02-03,67.79000000,69.31000000,64.85000000,68.44000000,120496574.82300000,0.65000000,0.95884349,6.57914147,69.47800000,68.48700000,67.86200000,72.92150000,76.33440000,78.69533333,83.11114286,86.24175000,89.79888889,91.74060000,91.18066667,68.22364500,70.29738433,76.54279991,-6.24541558,-7.32158992,1.07617434,45.34819483,41.73110930,42.50400676,61.79650059,60.86721977,63.65506222,72.92150000,92.97938180,52.86361820,125497049.92063999,143414612.02249998
2022-02-04,68.44000000,77.95000000,67.43000000,77.77000000,165117581.12500000,9.33000000,13.63237873,15.37112800,71.44000000,69.46300000,67.75800000,72.16100000,76.07080000,78.04033333,82.20657143,85.31050000,88.78844444,91.33180000,90.92733333,68.56158000,71.44701751,76.63370362,-5.18668611,-6.89460916,1.70792305,65.16720019,52.55659042,47.52760694,74.17576060,65.30340005,91.92048172,72.16100000,90.05313753,54.26886247,140298456.79930001,142162699.96533999
2022-02-05,77.80000000,80.93000000,74.94000000,77.01000000,132702633.58550000,-0.76000000,-0.97724058,7.69922879,72.86800000,70.57700000,68.48800000,71.39950000,75.56760000,77.43700000,81.14600000,84.38950000,87.90666667,90.65580000,90.71800000,68.89843500,72.30286097,76.66157742,-4.35871646,-6.38743062,2.02871416,62.93624243,51.70300546,47.17723819,75.98536659,68.86405556,90.22798865,71.39950000,86.81896613,55.98003387,143305752.31944001,131981521.88757999
2022-02-06,77.01000000,79.15000000,74.10000000,78.93000000,85466391.73680000,1.92000000,2.49318270,6.55758992,73.98800000,72.00000000,69.76466667,71.01250000,74.88720000,77.17666667,80.17171429,83.68625000,86.96288889,89.91640000,90.48033333,69.24096000,73.32242082,76.82960872,-3.50718791,-5.81138208,2.30419417,66.42119161,53.77218938,48.18419922,79.99344184,72.57385099,94.83262353,71.01250000,85.15377646,56.87122354,132752686.25746000,124381965.82299998
2022-02-07,78.91000000,85.42000000,77.44000000,83.20000000,155038987.17210001,4.27000000,5.40985684,10.11278672,77.07000000,73.61900000,70.98933333,70.87250000,74.62920000,77.15333333,79.46000000,83.18875000,86.25755556,89.42820000,90.44266667,69.60279500,74.84204838,77.30148956,-2.45944118,-5.14099390,2.68155272,73.15695315,58.12481156,50.37934857,83.16678204,76.10482801,97.29069011,70.87250000,84.43252309,57.31247691,131764433.68847999,128296810.77318999
2022-02-08,83.23000000,95.50000000,81.65000000,86.34000000,460480912.04350001,3.14000000,3.77403846,16.64063439,80.65000000,75.06400000,72.54133333,71.05900000,74.46720000,77.05366667,78.97457143,82.80350000,85.62044444,88.88400000,90.53816667,69.97906500,76.61096402,77.97100885,-1.36004483,-4.38480408,3.02475925,77.19391923,61.06564837,51.94161886,79.00718803,77.07228135,82.87700139,71.05900000,85.37999364,56.73800636,199761301.13258001,162629175.52660999
2022-02-09,86.35000000,92.03000000,84.34000000,90.05000000,157888513.48789999,3.71000000,4.29696549,8.90561668,83.10600000,77.27300000,74.01066667,71.59500000,74.35000000,77.24333333,78.76400000,82.31900000,85.06555556,88.22020000,90.59650000,70.37360500,78.67850802,78.86574894,-0.18724092,-3.54529145,3.35805053,81.20218242,64.29746033,53.73739208,80.07765771,78.07407347,84.08482619,71.59500000,87.88632349,55.30367651,198315487.60516000,169306972.20223001
2022-02-10,90.05000000,95.00000000,84.93000000,91.16000000,240120281.41139999,1.11000000,1.23264853,11.18267629,85.93600000,79.40200000,75.69666667,72.85000000,74.30680000,77.29566667,78.65114286,81.74475000,84.56133333,87.70960000,90.64916667,70.77317000,80.59873755,79.77643420,0.82230335,-2.67177249,3.49407584,82.31793734,65.23922041,54.27085945,81.99848197,79.38220963,87.23102665,72.85000000,91.09590394,54.60409606,219799017.17033997,181552384.74489000
2022-02-11,91.18000000,92.66000000,80.00000000,81.75000000,211677357.33970001,-9.41000000,-10.32250987,13.88462382,86.50000000,80.24400000,76.83333333,73.94850000,74.11000000,76.82266667,78.50857143,80.96275000,83.99888889,86.91660000,90.69416667,71.12462000,80.77585485,79.92262426,0.85323059,-1.96677187,2.82000247,51.32609049,52.44531658,49.24731380,73.04520875,77.26987601,64.59587425,73.94850000,91.51394368,56.38305632,245041210.29092002,188896948.27419001
2022-02-12,81.76000000,84.80000000,78.65000000,81.31000000,177934028.19319999,-0.44000000,-0.53822630,7.52201566,86.12200000,81.59600000,77.78666667,74.77250000,73.92240000,76.54466667,78.43457143,80.29275000,83.51466667,86.24400000,90.59650000,71.47158500,80.85803103,80.02539283,0.83263819,-1.40688986,2.23952806,50.26425670,51.92588323,49.02589442,65.17940885,73.23972029,49.05878598,74.77250000,92.08117124,57.46382876,249620218.49513999,190692326.09181002
2022-02-13,81.29000000,83.28000000,77.49000000,77.91000000,94204752.13169999,-3.40000000,-4.18152749,7.12264731,84.43600000,82.54300000,78.18800000,75.51500000,73.73440000,76.12866667,78.10828571,79.65725000,82.98488889,85.50200000,90.20766667,71.79953500,80.40448779,79.86869707,0.53579073,-1.01835374,1.55414447,42.17386973,47.92462450,47.31074285,49.38751867,65.28898642,17.58458319,75.51500000,91.96068796,59.06931204,176364986.51278001,188063143.82268000
2022-02-14,77.93000000,82.60000000,76.14000000,81.86000000,121572615.57900000,3.95000000,5.06995251,8.28949057,82.79800000,82.95200000,79.11466667,76.20750000,73.83560000,75.75800000,78.03685714,79.26825000,82.37222222,84.83880000,89.93516667,72.14667000,80.62841275,80.01620099,0.61221176,-0.69224064,1.30445240,52.77159653,52.55785395,49.45443122,45.01223986,58.53007090,17.97657779,76.20750000,92.48813735,59.92686265,169101806.93099999,183708647.26808000
2022-02-15,81.84000000,93.68000000,81.41000000,92.97000000,201963674.87560001,11.11000000,13.57195211,14.99266862,83.16000000,84.54800000,80.65466667,77.56250000,74.91200000,75.78233333,78.13342857,79.21475000,81.90200000,84.42120000,89.63783333,72.54663000,82.52711848,80.97574166,1.55137682,-0.24351715,1.79489397,70.82085491,62.73190874,54.84623316,58.98543264,58.68185815,59.59258162,77.56250000,94.70848603,60.41651397,161470485.62384000,190634751.39709002
2022-02-16,92.96000000,97.35000000,91.44000000,95.32000000,271746583.12220001,2.35000000,2.52769711,6.35757315,85.87400000,86.18700000,82.12066667,79.09350000,76.33360000,76.07066667,78.11571429,79.42925000,81.50844444,84.18640000,89.29483333,72.95560500,84.49525410,82.03827931,2.45697479,0.29658124,2.16039355,73.40106677,64.48915689,55.88489779,69.46663606,62.27678412,83.84633994,79.09350000,96.86061128,61.32638872,173484330.78034002,209262770.53563002
2022-02-17,95.33000000,98.77000000,86.32000000,88.24000000,292577748.91560000,-7.08000000,-7.42761225,13.05989720,87.26000000,86.69100000,83.48400000,80.15500000,77.27000000,76.14533333,78.07542857,79.53775000,81.06688889,83.88920000,88.97200000,73.33254000,85.07136885,82.49766603,2.57370282,0.75200555,1.82169727,55.61991884,55.83617905,52.11610624,64.13403959,62.89586928,66.61038023,80.15500000,97.41185524,62.89814476,196413074.92482001,223016646.70998001
2022-02-18,88.24000000,89.99000000,82.35000000,83.67000000,203097006.82690001,-4.57000000,-5.17905712,8.65820490,88.41200000,86.42400000,84.49933333,80.74400000,78.09440000,76.18066667,77.88342857,79.39625000,80.63000000,83.52760000,88.47400000,73.68592500,84.85577364,82.58450558,2.27126806,1.05585806,1.21541001,46.83237007,51.01606462,49.85170182,53.84749789,59.87974548,41.78300272,80.74400000,97.61285689,63.87514311,218191525.86385998,197278256.18832001
2022-02-19,83.69000000,86.34000000,80.82000000,85.01000000,133206597.12890001,1.34000000,1.60152982,6.59577010,89.04200000,85.92000000,84.98200000,81.59650000,78.77440000,76.37000000,77.65571429,79.41250000,80.35422222,83.03920000,87.83683333,74.04819000,84.87950078,82.76417184,2.11532894,1.26775223,0.84757671,49.63237450,52.33232788,50.50962439,48.96358454,56.24102517,34.40870329,81.59650000,97.43705458,65.75594542,220518322.17383999,194810064.55242002
2022-02-20,85.01000000,85.73000000,76.56000000,77.37000000,147802271.93460000,-7.64000000,-8.98717798,10.78696624,85.92200000,84.54100000,85.00600000,81.97150000,79.23440000,76.74700000,77.23085714,79.10700000,79.96000000,82.30400000,87.18150000,74.36656000,83.72419296,82.36460355,1.35958941,1.28611967,0.07346974,36.48596710,44.83829938,46.85262818,34.45414400,48.97873145,5.40496912,81.97150000,96.97623648,66.96676352,209686041.58564001,185578263.60473999
2022-02-21,77.34000000,82.70000000,69.38000000,70.04000000,276892269.48019999,-7.33000000,-9.47395631,17.22265322,80.86600000,83.37000000,84.41333333,81.80700000,79.44800000,77.08900000,76.75571429,78.45950000,79.58888889,81.44420000,86.32550000,74.64759000,81.61893251,81.45166995,0.16726255,1.06234825,-0.89508569,27.95958763,38.99388535,43.68607069,23.71798327,40.55848205,-9.96301431,81.80700000,97.27560331,66.33839669,210715178.85724002,192099754.81879002
2022-02-22,70.03000000,74.94000000,67.20000000,74.42000000,215588321.27939999,4.38000000,6.25356939,11.05240611,78.10200000,82.68100000,83.82800000,82.13850000,79.74440000,77.40866667,76.42485714,78.07875000,79.37822222,80.77040000,85.65016667,74.94584000,80.51140443,80.93080551,-0.41940108,0.76599838,-1.18539946,38.29872520,43.77145862,45.96324473,23.43525988,34.85074133,0.60429699,82.13850000,96.59323993,67.68376007,195317293.32999998,195865184.12740999
2022-02-23,74.42000000,82.50000000,73.28000000,73.47000000,271858501.40359998,-0.95000000,-1.27653856,12.38914270,76.06200000,82.23700000,82.97000000,82.39000000,79.80760000,77.75566667,76.16371429,77.65575000,79.02577778,80.17320000,84.95783333,75.23402000,79.42811144,80.37815325,-0.95004181,0.42279034,-1.37283215,36.91962401,42.97513555,45.54640663,22.24371565,30.64839944,5.43434807,82.39000000,95.99101854,68.78898146,209069592.24533996,213630559.05460000
2022-02-24,73.46000000,79.98000000,64.45000000,76.39000000,549303006.46410000,2.92000000,3.97441132,21.14075687,74.33800000,81.69000000,82.05933333,82.32100000,80.14480000,78.03500000,76.07971429,77.24100000,78.84866667,79.75260000,84.31400000,75.54184000,78.96070968,80.08273449,-1.12202481,0.11382731,-1.23585212,44.31545508,46.25377780,47.08553139,26.42588036,29.24089308,20.79585493,82.32100000,96.03424354,68.60775646,292288874.11238003,256403598.14310998
2022-02-25,76.39000000,81.99000000,72.68000000,80.98000000,297496792.41610003,4.59000000,6.00863987,12.18745909,75.06000000,80.49100000,81.38066667,82.51950000,80.58920000,78.53866667,76.50600000,76.95950000,78.65733333,79.47000000,83.76616667,75.86589500,79.27136973,80.14919861,-0.87782888,-0.08450393,-0.79332495,54.40023441,51.07724238,49.43004669,33.67203213,30.71793943,39.58021753,82.51950000,96.02236905,69.01663095,322227778.20868003,265956909.89716005
2022-02-26,80.98000000,84.95000000,78.02000000,81.81000000,228083868.77070001,0.83000000,1.02494443,8.55766856,77.41400000,79.14000000,81.38466667,82.66350000,80.92840000,79.10900000,77.13542857,76.83800000,78.34333333,79.37140000,83.34533333,76.19284500,79.66192823,80.27222093,-0.61029270,-0.18966168,-0.42063102,56.12448585,51.92829160,49.84932676,45.10529106,35.51372331,64.28842657,82.66350000,96.06624642,69.26075358,312466098.06678003,261590638.46201006
2022-02-27,81.81000000,83.07000000,73.02000000,75.07000000,260467180.04539999,-6.74000000,-8.23860164,12.28456179,77.54400000,77.82300000,80.96866667,82.25700000,81.21960000,79.37766667,77.42800000,76.56475000,78.01933333,79.19480000,82.87816667,76.48475500,78.95547774,79.88687123,-0.93139350,-0.33800804,-0.59338545,41.01260827,44.99446186,46.57705830,46.24196197,39.08980286,60.54628019,82.25700000,96.07787072,68.43612928,321441869.81998003,258379581.57498997
2022-02-28,75.06000000,85.88000000,71.76000000,84.54000000,306286202.72460002,9.47000000,12.61489277,18.81161737,79.75800000,77.91000000,81.41066667,82.16700000,81.86360000,79.79933333,78.04171429,76.61300000,77.88933333,79.09900000,82.59133333,76.82458000,79.81463501,80.23154744,-0.41691243,-0.35378892,-0.06312351,59.43041598,54.33963158,51.26718540,62.07700249,46.75220274,92.72660200,82.16700000,95.89907862,68.43492138,328327410.08418000,268698501.16475999
2022-03-01,84.54000000,90.80000000,83.48000000,86.89000000,393520657.33099997,2.35000000,2.77974923,8.65862314,81.85800000,78.09800000,81.74600000,82.00900000,82.22840000,80.43033333,78.58114286,76.80200000,77.75400000,79.14960000,82.21566667,77.16887500,80.90315270,80.72476615,0.17838655,-0.24735383,0.42574038,62.88159274,56.34732803,52.35040697,69.77176510,54.42539019,100.46451492,82.00900000,95.42833546,68.58966454,297170940.25756001,294729907.18497002
2022-03-02,86.89000000,89.94000000,82.29000000,83.36000000,260108758.09450001,-3.53000000,-4.06260790,8.80423524,82.33400000,78.69700000,81.10533333,81.61900000,82.48240000,80.88000000,79.08085714,77.23450000,77.55666667,79.02500000,81.70283333,77.49521000,81.28112921,80.91996865,0.36116055,-0.12565095,0.48681150,54.52130909,52.56019133,50.58789270,70.43607869,59.76228636,91.78366337,81.61900000,94.35449189,68.88350811,289693333.39324003,305960555.80096000
2022-03-03,83.35000000,84.33000000,77.02000000,78.50000000,238658273.67649999,-4.86000000,-5.83013436,8.77024595,81.67200000,79.54300000,79.98400000,81.45650000,82.46520000,81.05233333,79.47514286,77.70250000,77.37511111,78.67620000,81.12733333,77.79390000,80.85326317,80.74071172,0.11255146,-0.07801047,0.19056193,44.70225374,47.74094838,48.25394883,64.73094683,61.41850652,71.35582747,81.45650000,94.26766663,68.64533337,291808214.37440002,302137156.22059000
2022-03-04,78.50000000,82.24000000,74.92000000,75.79000000,302363088.14410001,-2.71000000,-3.45222930,9.32484076,81.81600000,79.68000000,79.15400000,81.18050000,82.16880000,81.31900000,79.72600000,77.97650000,77.14822222,78.39900000,80.58866667,78.07749500,80.07429961,80.37399233,-0.29969272,-0.12234692,-0.17734580,39.89461349,45.21884474,46.99244581,57.49931560,60.11210955,52.27372771,81.18050000,94.24038390,68.12061610,300187395.99414003,310814632.90706003
2022-03-05,75.78000000,78.74000000,73.27000000,76.68000000,151948773.51780000,0.89000000,1.17429740,7.21826339,80.24400000,80.00100000,78.68800000,81.11900000,81.78240000,81.59366667,79.86285714,78.31700000,77.01644444,78.12480000,80.14450000,78.34366500,79.55209967,80.10036327,-0.54826360,-0.20753026,-0.34073334,42.33855078,46.23642644,47.46312370,46.94632244,55.72351384,29.39193964,81.11900000,94.25509235,67.98290765,269319910.15278006,298823660.11848003
2022-03-06,76.69000000,77.10000000,72.09000000,72.51000000,144793634.14330000,-4.17000000,-5.43818466,6.53279437,77.36800000,79.61300000,77.85466667,80.65150000,81.08080000,81.41833333,79.99285714,78.42950000,76.86488889,77.71540000,79.72933333,78.55625000,78.46869972,79.53811414,-1.06941442,-0.37990709,-0.68950733,34.46040023,42.22716279,45.48835723,32.61057351,48.01920040,1.79331972,80.65150000,94.33083559,66.97216441,219574505.51524001,258372722.88640004
2022-03-07,72.51000000,76.53000000,70.35000000,71.69000000,178997962.34819999,-0.82000000,-1.13087850,8.52296235,75.03400000,78.68400000,77.47600000,79.58750000,80.30200000,81.24100000,80.04485714,78.57500000,76.99000000,77.30440000,79.33900000,78.76143500,77.42582284,78.95677235,-1.53094951,-0.61011557,-0.92083394,33.01094346,41.45602085,45.10329677,23.92457142,39.98765740,-8.20160056,79.58750000,92.52265141,66.65234859,203352346.36598003,246522839.87960997
2022-03-08,71.67000000,76.62000000,71.19000000,73.00000000,222357599.39890000,1.31000000,1.82731204,7.57639180,73.93400000,77.80300000,77.67333333,78.47150000,79.95200000,81.04333333,80.03542857,78.78250000,77.28377778,77.03100000,79.11000000,78.93066000,76.74492702,78.51552995,-1.77060293,-0.84221304,-0.92838989,38.00954441,43.26179737,45.86718554,20.26919268,33.41483583,-6.02209362,78.47150000,89.38489742,67.55810258,200092211.51046005,245950212.94242996
2022-03-09,73.02000000,80.44000000,72.34000000,77.63000000,258132353.53270000,4.63000000,6.34246575,11.09285127,74.30200000,78.05900000,77.88733333,77.94100000,79.80480000,80.85766667,80.31657143,79.04800000,77.56822222,76.86360000,79.00550000,79.10043000,76.88109209,78.44993514,-1.56884305,-0.98753905,-0.58130400,52.91168609,49.29230526,48.50961324,25.37913579,30.73626915,14.66486907,77.94100000,87.83934202,68.04265798,191246064.58818001,245716730.29116002
2022-03-10,77.60000000,79.00000000,71.50000000,73.93000000,186714442.85319999,-3.70000000,-4.76619863,9.66494845,73.75200000,76.99800000,77.91800000,77.45400000,79.64560000,80.44400000,80.47342857,79.09900000,77.80977778,76.69000000,78.74883333,79.25176500,76.42707792,78.11512513,-1.68804721,-1.12764068,-0.56040653,42.99913279,45.11224934,46.61226583,23.01096716,28.16116849,12.71056452,77.45400000,87.12125215,67.78674785,198199198.45526004,233759554.30401999
2022-03-11,73.93000000,76.97000000,70.79000000,71.22000000,235440597.15210000,-2.71000000,-3.66562965,8.35925876,73.49400000,75.43100000,77.57333333,76.76450000,79.22000000,79.81633333,80.28628571,79.18050000,77.88111111,76.52780000,78.52983333,79.37561000,75.62598901,77.60437512,-1.97838611,-1.29778976,-0.68059634,36.91996623,42.24951642,45.25932715,17.41503676,24.57912458,3.08686113,76.76450000,86.12484519,67.40415481,216328591.05702001,217951548.28613001
2022-03-12,71.23000000,73.62000000,70.67000000,70.94000000,84879095.24079999,-0.28000000,-0.39314799,4.14151341,73.34400000,74.18900000,76.90400000,76.44300000,78.33880000,79.14233333,80.11285714,79.20725000,77.99377778,76.62540000,78.21900000,79.45294000,74.90506763,77.11071771,-2.20565008,-1.47936183,-0.72628825,36.28394900,41.94946885,45.11813803,13.26407553,20.80744156,-1.82265653,76.44300000,86.15102403,66.73497597,197504817.63554001,200428582.00075999
2022-03-13,70.93000000,71.99000000,67.21000000,67.94000000,85166976.68840000,-3.00000000,-4.22892585,6.73903849,72.33200000,73.13300000,75.97933333,76.33800000,77.24360000,78.68200000,79.79885714,79.07250000,78.06577778,76.78860000,77.75233333,79.56160000,73.83351876,76.43140528,-2.59788652,-1.70306677,-0.89481976,29.70468881,38.73421738,43.59758293,10.68197124,17.43228479,-2.81865585,76.33800000,86.37738895,66.29861105,170066693.09344000,185079452.30195001
2022-03-14,67.92000000,71.50000000,65.55000000,68.97000000,198926453.36510000,1.03000000,1.51604357,8.76030624,70.60000000,72.45100000,75.57266667,76.06550000,76.47280000,78.27066667,79.39228571,79.10200000,78.10933333,76.87140000,77.40766667,79.69985000,73.08528511,75.87870859,-2.79342349,-1.92113811,-0.87228538,34.59116874,40.44391440,44.27046015,14.77745923,16.54734294,11.23769181,76.06550000,86.60737534,65.52362466,158225513.05992001,174735788.82405001
2022-03-15,68.97000000,72.24000000,66.04000000,69.82000000,157179065.55289999,0.85000000,1.23241989,8.98941569,69.77800000,71.76500000,74.59133333,75.88300000,75.91880000,78.00100000,78.92028571,79.13650000,78.06333333,77.00660000,77.06483333,79.79825000,72.58293355,75.42991537,-2.84698182,-2.10630685,-0.74067496,38.80383373,41.90347322,44.83715579,19.41062762,17.50177116,23.22834053,75.88300000,86.73585720,65.03014280,152318437.59986001,175258818.02756000
2022-03-16,69.82000000,74.72000000,68.07000000,74.08000000,189099000.25610000,4.26000000,6.10140361,9.52449155,70.35000000,71.92200000,73.73733333,75.76750000,75.48160000,77.74166667,78.46400000,79.04425000,78.19933333,77.12800000,76.74983333,79.91765000,72.81325147,75.32992163,-2.51667017,-2.18837952,-0.32829065,55.88957134,48.76807522,47.62252669,32.03600829,22.34651687,51.41499113,75.76750000,86.64677411,64.88822589,143050118.22066003,179689354.63883999
2022-03-17,74.07000000,81.73000000,73.16000000,79.40000000,282934334.36080003,5.32000000,7.18142549,11.57013636,72.04200000,72.69300000,73.47333333,75.68850000,75.56280000,77.28933333,78.12800000,79.10400000,78.41111111,77.39860000,76.53583333,80.07770000,73.82659739,75.63140892,-1.80481153,-2.11166592,0.30685439,68.90130069,55.87160096,50.85616098,49.89050738,31.52784704,86.61582806,75.68850000,86.43048311,64.94651689,182661166.04466003,190082991.84009999
2022-03-18,79.40000000,86.95000000,76.48000000,85.71000000,293299235.77410001,6.31000000,7.94710327,13.18639798,75.59600000,73.96400000,73.95400000,75.88350000,76.18960000,76.96900000,78.24114286,79.27350000,78.68622222,77.81880000,76.51983333,80.29905000,75.65481318,76.37797122,-0.72315804,-1.83396434,1.11080630,78.09717235,62.58425115,54.34466348,64.66220741,42.57263383,108.84135458,75.88350000,87.21859367,64.54840633,224287617.86180004,197177155.47762001
2022-03-19,85.72000000,92.39000000,85.58000000,89.53000000,292078254.54070002,3.82000000,4.45688951,7.94447037,79.70800000,75.15400000,74.87000000,76.60650000,76.79400000,77.01200000,78.47600000,79.43175000,79.16933333,78.26920000,76.57866667,80.54920000,77.78945731,77.35219558,0.43726173,-1.37971913,1.81698086,81.97024580,65.99993850,56.30408644,72.88955904,52.67827557,113.31212598,76.60650000,89.46533890,63.74766110,242917978.09692001,200571745.57842001
2022-03-20,89.54000000,89.98000000,84.26000000,84.84000000,245565144.81200001,-4.69000000,-5.23846755,6.38820639,82.71200000,76.24500000,75.41400000,76.62150000,77.24880000,77.05100000,78.67400000,79.39425000,79.53377778,78.52820000,76.61583333,80.76105000,78.87415618,77.90684776,0.96730843,-0.91031362,1.87762204,65.02875229,58.80929610,53.36965527,72.54982028,59.30212381,99.04521324,76.62150000,89.51994426,63.72305574,260595193.94874007,206456815.77430001
2022-03-21,84.87000000,92.50000000,83.02000000,86.25000000,368983120.25089997,1.41000000,1.66195191,11.17002474,85.14600000,77.74800000,76.33000000,76.58950000,77.64320000,77.09233333,78.79942857,79.29925000,79.72222222,78.89400000,76.73116667,80.95440000,80.00890138,78.52485903,1.48404235,-0.43144242,1.91548477,67.45537493,60.23035066,54.11978968,73.96951532,64.19125431,93.52603733,76.58950000,89.38343191,63.79556809,296572017.94770002,219811068.08417997
2022-03-22,86.24000000,89.89000000,83.70000000,83.98000000,283815485.50929999,-2.27000000,-2.63188406,7.17764378,86.06200000,79.05200000,77.14933333,76.62050000,77.76320000,77.31266667,78.54257143,79.11975000,79.87711111,79.17620000,77.02983333,81.14485000,80.61983963,78.92894355,1.69089608,-0.00697472,1.69787081,59.48163598,56.78943227,52.69570495,72.10831015,66.83027292,82.66438460,76.62050000,89.48630858,63.75469142,296748248.17739999,239704707.11103001
2022-03-23,83.97000000,87.30000000,82.21000000,86.00000000,223267532.15250000,2.02000000,2.40533460,6.06168870,86.12000000,80.85800000,78.01600000,76.99550000,77.93080000,77.84466667,78.27628571,79.22600000,80.03422222,79.42960000,77.46683333,81.33910000,81.44755661,79.45272551,1.99483110,0.39338644,1.60144466,64.02291497,59.05993279,53.82395504,73.21707953,68.95920846,81.73282167,76.99550000,90.51268512,63.47831488,282741907.45308006,253514762.65744001
2022-03-24,85.99000000,88.30000000,83.63000000,87.56000000,253138344.22659999,1.56000000,1.81395349,5.43086405,85.72600000,82.71700000,78.67800000,77.58400000,78.43040000,78.28266667,78.25685714,79.38225000,80.13111111,79.82500000,77.84566667,81.53615000,82.38793252,80.05326436,2.33466816,0.78164279,1.55302537,67.40815666,60.79545371,54.69473833,75.40437312,71.10759668,83.99792600,77.58400000,91.88248487,63.28551513,274953925.39025998,258935951.74358997
2022-03-25,87.57000000,87.80000000,82.25000000,83.54000000,216075919.27750000,-4.02000000,-4.59113751,6.33778691,85.46600000,84.08900000,79.31866667,77.92700000,78.39040000,78.61833333,78.25314286,79.52300000,80.06888889,80.12700000,78.18700000,81.71835000,82.56517367,80.31154107,2.25363260,1.07604075,1.17759185,52.21517140,54.32185319,52.05511695,68.15996471,70.12505269,64.22978874,77.92700000,92.46135437,63.39264563,269056080.28336000,264825637.11605000
2022-03-26,83.54000000,86.74000000,82.46000000,85.86000000,114857398.18330000,2.32000000,2.77711276,5.12329423,85.38800000,85.26700000,80.29466667,78.59450000,78.34920000,78.93400000,78.27742857,79.62300000,79.97577778,80.28880000,78.48450000,81.95800000,83.07207003,80.72253803,2.34953200,1.33073900,1.01879300,58.66684516,57.19166626,53.40918876,64.95724655,68.40245064,58.06683836,78.59450000,93.30649221,63.88250779,218230935.86984000,257401476.90876999
2022-03-27,85.87000000,89.99000000,84.40000000,89.88000000,143186147.46980000,4.02000000,4.68204053,6.50984046,86.56800000,86.31500000,81.55733333,79.50400000,78.61000000,79.23066667,78.63485714,79.54575000,79.94733333,80.54620000,78.88466667,82.22240000,84.11944387,81.40086855,2.71857532,1.60830626,1.11026906,67.72708793,61.73592434,55.67274727,68.15095996,68.31862041,67.81563905,79.50400000,94.66106873,64.34693127,190105068.26194003,243426658.21967000
2022-03-28,89.88000000,96.23000000,88.58000000,89.58000000,360373912.53810000,-0.30000000,-0.33377837,8.51134846,87.28400000,86.70200000,83.00000000,80.33300000,79.05320000,79.48966667,79.19314286,79.40225000,80.12133333,80.75920000,79.29933333,82.46645000,84.95952943,82.00673014,2.95279929,1.87720487,1.07559442,66.42320808,61.20696865,55.46291477,62.95656009,66.53126697,55.80714632,80.33300000,95.80268798,64.86331202,217526344.33906001,250134125.89607000
2022-03-29,89.57000000,96.46000000,89.27000000,92.74000000,275198995.93140000,3.16000000,3.52757312,8.02724126,88.32000000,87.02300000,84.58466667,81.08850000,79.73120000,80.07866667,79.71657143,79.51475000,80.37533333,80.95000000,79.72816667,82.68365000,86.15652490,82.80178716,3.35473774,2.17271144,1.18202630,72.99478852,64.68399004,57.23454243,66.60261901,66.55505098,66.69775505,81.08850000,97.45239000,64.72461000,221938474.68002003,248446200.03513998
2022-03-30,92.73000000,100.48000000,89.50000000,95.58000000,336542961.09289998,2.84000000,3.06232478,11.84082821,90.72800000,88.09700000,86.30200000,82.17100000,80.48720000,80.44666667,80.34828571,79.81250000,80.76800000,81.13480000,80.12300000,82.87645000,87.60629030,83.74832145,3.85796885,2.50976292,1.34820593,77.70151078,67.53675138,58.77252721,68.79510488,67.30173562,71.78184341,82.17100000,99.38337976,64.95862024,246031883.04310003,257543981.66323000
2022-03-31,95.57000000,101.98000000,93.68000000,97.41000000,432476993.41680002,1.83000000,1.91462649,8.68473370,93.03800000,89.21300000,87.85733333,83.48050000,81.48320000,80.79733333,80.94885714,80.12250000,81.11355556,81.28200000,80.61383333,83.06740000,89.11455333,84.76029764,4.35425569,2.87866148,1.47559422,80.34972771,69.28105248,59.74591311,71.49145923,68.69831015,77.07775738,83.48050000,101.16350103,65.79749897,309555802.08980000,263893368.97982001
2022-04-01,97.43000000,99.80000000,90.26000000,96.83000000,319999605.55860001,-0.58000000,-0.59542141,9.79164528,94.42800000,90.49800000,89.01933333,84.77500000,82.48880000,81.24633333,81.40171429,80.60900000,81.19933333,81.39540000,81.06316667,83.28580000,90.30154513,85.65434966,4.64719546,3.23236827,1.41482719,76.87729100,68.01743624,59.28301128,72.29351210,69.89671080,77.08711470,84.77500000,102.38301791,67.16698209,344918493.70756000,267511780.98475003
2022-04-02,96.81000000,103.62000000,95.73000000,96.25000000,331193208.95109999,-0.58000000,-0.59898792,8.14998451,95.76200000,91.52300000,89.72200000,86.19050000,83.41880000,81.83800000,81.81428571,81.26425000,81.22000000,81.68540000,81.44516667,83.50955000,91.21669203,86.43921265,4.77747938,3.54139050,1.23608888,73.08701031,66.69049041,58.80756951,70.03314159,69.94218773,70.21504930,86.19050000,102.61183718,69.76916282,339082352.99016005,278304348.66461003
2022-04-03,96.25000000,100.09000000,94.41000000,98.05000000,266967348.60560000,1.80000000,1.87012987,5.90129870,96.82400000,92.57200000,90.29000000,87.64450000,84.23560000,82.58000000,82.47085714,81.85500000,81.43800000,82.02020000,81.94950000,83.71060000,92.26797018,87.29927097,4.96869921,3.82685224,1.14184697,77.26196681,68.75424045,59.85031223,71.24767725,70.37735090,72.98832995,87.64450000,102.74212125,72.54687875,337436023.52499998,279687249.10250998
2022-04-04,98.02000000,98.08000000,90.81000000,96.16000000,246731044.34009999,-1.89000000,-1.92758797,7.41685370,96.94000000,93.83400000,91.04466667,88.96150000,85.12480000,83.22933333,82.80285714,82.42225000,81.71555556,82.38520000,82.41150000,83.85360000,92.86674400,87.95562127,4.91112273,4.04370634,0.86741639,64.62942249,64.19818045,58.23514456,67.89387294,69.54952492,64.58256898,88.96150000,101.96204618,75.96095382,319473640.17444003,282752761.60877001
2022-04-05,96.16000000,97.70000000,90.60000000,91.06000000,231181134.81740001,-5.10000000,-5.30366057,7.38352745,95.67000000,94.35400000,91.36533333,89.81050000,85.91840000,83.84766667,82.92200000,82.78900000,81.85000000,82.56920000,82.63300000,83.95835000,92.58878338,88.18557525,4.40320813,4.11560669,0.28760144,42.25698860,53.71925279,54.12250314,50.75903586,63.28602856,25.70505045,89.81050000,100.77787838,78.84312162,279214468.45455998,294385135.27218002
2022-04-06,91.07000000,91.11000000,82.63000000,82.94000000,306773293.55839998,-8.12000000,-8.91719745,9.31151861,92.89200000,93.66000000,91.29600000,89.98750000,86.39840000,84.22266667,82.91000000,82.83800000,81.97377778,82.36860000,82.73183333,84.02795000,91.10435517,87.79701412,3.30734105,3.95395357,-0.64661252,25.43489590,41.85339309,48.43918727,34.33165516,53.63457076,-4.27417605,89.98750000,100.34474791,79.63025209,276569206.05452001,310743849.88103998
2022-04-07,82.94000000,88.66000000,81.34000000,87.55000000,287533326.74250001,4.61000000,5.55823487,8.82565710,91.15200000,93.45700000,91.39933333,90.07950000,87.18280000,84.70766667,83.16857143,82.98150000,82.36288889,82.21320000,82.87550000,84.11535000,90.55753130,87.77871678,2.77881452,3.71892576,-0.94011124,41.34326057,48.85086263,51.45887516,32.17861391,46.48258515,3.57067145,90.07950000,100.30866259,79.85033741,267837229.61280003,303459791.30148000
2022-04-08,87.56000000,90.56000000,82.69000000,83.66000000,279883276.91839999,-3.89000000,-4.44317533,8.98812243,88.27400000,92.54900000,91.13933333,89.78600000,87.77040000,84.90866667,83.39342857,83.19625000,82.56822222,82.12160000,82.88316667,84.24700000,89.49637264,87.47362665,2.02274599,3.37968980,-1.35694381,33.99847295,43.97895766,48.93540832,24.92338474,39.29618501,-3.82221580,89.78600000,100.41074847,79.16125153,270420415.27535999,303928219.40017998
2022-04-09,83.66000000,85.56000000,81.88000000,84.55000000,114362501.96269999,0.89000000,1.06382979,4.39875687,85.95200000,91.44600000,91.20666667,89.77150000,88.35960000,85.26266667,83.61828571,83.19650000,82.81444444,82.13920000,82.85333333,84.37485000,88.73539223,87.25706171,1.47833052,2.99941795,-1.52108743,37.06797465,45.33955219,49.52632474,21.41810329,33.33682444,-2.41933900,89.77150000,100.42542100,79.11757900,243946706.79988003,281710173.48715997
2022-04-10,84.57000000,85.66000000,80.67000000,81.01000000,93634764.77429999,-3.54000000,-4.18687167,5.90043751,83.94200000,89.80600000,90.88333333,89.50950000,88.63680000,85.58900000,83.86114286,83.04950000,82.91711111,82.05920000,82.70266667,84.40955000,87.54687035,86.79431640,0.75255395,2.55004515,-1.79749120,30.33442378,41.01697298,47.25663924,14.77256269,27.14873719,-9.97978631,89.50950000,100.76858938,78.25041062,216437432.79126006,247825950.62290996
2022-04-11,81.00000000,81.54000000,72.73000000,74.35000000,232945107.74880001,-6.66000000,-8.22120726,10.87654321,82.22400000,87.55800000,89.84800000,89.02800000,88.43480000,85.70266667,83.93714286,82.82425000,82.76977778,81.99880000,82.42250000,84.39910000,85.51658260,85.87251518,-0.35593258,1.96884960,-2.32478218,21.51213865,34.30458007,43.35602161,11.82205934,22.03984457,-8.61351113,89.02800000,101.97926021,76.07673979,201671795.62934002,239120500.84193000
2022-04-12,74.35000000,79.50000000,73.88000000,76.31000000,164615852.78659999,1.96000000,2.63618023,7.55884331,79.97600000,85.56400000,88.96333333,88.54350000,88.05880000,85.98166667,84.03171429,82.76950000,82.64755556,82.12420000,82.33183333,84.41910000,84.10018528,85.16418073,-1.06399545,1.36228059,-2.42627604,28.82268797,37.58387853,44.75631310,12.58880221,18.88949712,-0.01258760,88.54350000,102.64557790,74.44142210,177088300.83816001,222462765.22547999
2022-04-13,76.32000000,80.65000000,75.80000000,80.20000000,131776613.79940000,3.89000000,5.09762810,6.35482180,79.28400000,83.77900000,88.12733333,88.17550000,87.68560000,86.35600000,84.10514286,82.87975000,82.76155556,82.23980000,82.31333333,84.47870000,83.50015678,84.79646364,-1.29630686,0.83056310,-2.12686996,41.74537199,43.67160738,47.44685847,18.36450117,18.71449847,17.66450657,88.17550000,102.76146366,73.58953634,147466968.21436003,208943691.74485999
2022-04-14,80.20000000,81.87000000,76.16000000,76.81000000,137665312.29710001,-3.39000000,-4.22693267,7.11970075,77.73600000,81.84400000,86.87600000,87.83900000,87.36440000,86.58900000,84.18742857,82.88300000,82.58977778,82.30660000,82.29500000,84.52890000,82.47090189,84.20487374,-1.73397185,0.31765611,-2.05162796,35.08415597,39.96577775,45.43462612,19.64234790,19.02378161,20.87948047,87.83900000,103.16689806,72.51110194,152127530.28124005,198037118.54056001
2022-04-15,76.80000000,78.53000000,74.75000000,77.43000000,101105439.98830000,0.62000000,0.80718656,4.92187500,77.02000000,80.48100000,85.54400000,87.41750000,87.01160000,86.70066667,84.36485714,83.00600000,82.37955556,82.32740000,82.22116667,84.58440000,81.69537852,83.70303124,-2.00765272,-0.14740565,-1.86024706,37.28060085,40.96525863,45.87271508,21.88158770,19.97638364,25.69199581,87.41750000,103.42318172,71.41181828,153621665.32404003,185029549.05765000
2022-04-16,77.44000000,78.26000000,76.50000000,77.74000000,47650208.09700000,0.31000000,0.40036162,2.27272727,77.69800000,79.96100000,84.27133333,86.81050000,86.76200000,86.64533333,84.55914286,83.15725000,82.25466667,82.26260000,81.96733333,84.66555000,81.08685875,83.26132522,-2.17446647,-0.55281782,-1.62164865,38.52854273,41.49652925,46.09850233,23.95396181,21.30224303,29.25739937,86.81050000,103.33534506,70.28565494,116562685.39368002,159117240.51150998
2022-04-17,77.74000000,78.68000000,75.08000000,75.42000000,60068940.32630000,-2.32000000,-2.98430666,4.63082068,77.52000000,78.74800000,82.88266667,86.10250000,86.33880000,86.30233333,84.77285714,83.21775000,82.18622222,82.13480000,81.63566667,84.71535000,80.21503432,82.68048631,-2.46545199,-0.93534465,-1.53010734,32.68759891,38.65636170,44.64418959,22.90408488,21.83619031,25.03987401,86.10250000,103.32630834,68.87869166,95653302.90162002,136370801.86989000
2022-04-18,75.41000000,77.95000000,71.50000000,77.73000000,135244038.96039999,2.31000000,3.06284805,8.55324228,77.02600000,78.15500000,81.52800000,85.35200000,85.94560000,85.90900000,85.02314286,83.22025000,82.22933333,82.18800000,81.46050000,84.77085000,79.83272135,82.31378362,-2.48106227,-1.24448818,-1.23657410,43.01047520,42.90129619,46.40103989,29.93511497,24.53583186,40.73368117,85.35200000,102.66588442,68.03811558,96346787.93382002,121906878.07408997
2022-04-19,77.73000000,81.10000000,76.80000000,80.28000000,115958594.80080000,2.55000000,3.28058665,5.53196964,77.72000000,77.72800000,80.46933333,84.58700000,85.81520000,85.75700000,85.32200000,83.37900000,82.30933333,82.10280000,81.40400000,84.83390000,79.90153345,82.16313299,-2.26159953,-1.44791045,-0.81368909,52.63303548,47.29349922,48.29140581,48.17917983,32.41694785,79.70364378,84.58700000,101.34106640,67.83293360,92005444.43456002,122066487.35789999
2022-04-20,80.27000000,81.31000000,77.46000000,78.21000000,118692630.08250000,-2.07000000,-2.57847534,4.79631245,77.87600000,77.44800000,79.61266667,83.62700000,85.50920000,85.48900000,85.44000000,83.55375000,82.43600000,81.92920000,81.29066667,84.87955000,79.64129754,81.87030832,-2.22901078,-1.60413052,-0.62488027,45.19883517,44.27732607,46.89056573,53.68808067,39.50732546,82.04959109,83.62700000,99.46249524,67.79150476,95522882.45340003,124572273.88871999
2022-04-21,78.22000000,80.21000000,74.13000000,75.02000000,105975760.68610001,-3.19000000,-4.07876231,7.77294810,77.33200000,77.51500000,79.08466667,82.53650000,84.91480000,85.19033333,85.31485714,83.65575000,82.51000000,81.76240000,81.25150000,84.91120000,78.93032868,81.36287807,-2.43254939,-1.76981429,-0.66273510,35.83788735,39.98974491,44.80075117,47.10674359,42.04046483,57.23930110,82.53650000,97.52492539,67.54807461,107187992.97122002,111875339.18244998
2022-04-22,75.01000000,77.22000000,73.33000000,74.03000000,94738870.02420001,-0.99000000,-1.31964809,5.18597520,77.05400000,77.28700000,78.18333333,81.42550000,84.29280000,84.79133333,84.98114286,83.80800000,82.53288889,81.67300000,81.31800000,84.95490000,78.17643196,80.81970192,-2.64326996,-1.94450542,-0.69876453,33.27167272,38.72033143,44.16335094,39.53692903,41.20595290,36.19888128,81.42550000,95.39324702,67.45775298,114121978.91080002,104887640.90620999
2022-04-23,74.04000000,74.42000000,72.35000000,72.83000000,63820809.36410000,-1.20000000,-1.62096447,2.79578606,76.07400000,76.55000000,77.46133333,80.16450000,83.49640000,84.30033333,84.50400000,83.90450000,82.42622222,81.61380000,81.29150000,84.99605000,77.35390397,80.22787215,-2.87396818,-2.13039798,-0.74357020,30.13316879,37.16052425,43.38267164,30.87715078,37.76301886,17.10541463,80.16450000,92.23814677,68.09085323,99837332.99154003,98092060.46268000
2022-04-24,72.84000000,73.49000000,71.00000000,71.51000000,48552622.79740000,-1.32000000,-1.81243993,3.41845140,74.32000000,76.02000000,76.59200000,78.93200000,82.53360000,83.89933333,84.12314286,83.94675000,82.37244444,81.51040000,81.25883333,85.05355000,76.45484182,79.58210384,-3.12726202,-2.32977078,-0.79749124,26.79658919,35.44699124,42.51993288,22.23365177,32.58656316,1.52782897,78.93200000,88.99584587,68.86815413,86356138.59086004,89180791.51271001
2022-04-25,71.50000000,72.99000000,67.36000000,72.88000000,140782638.15259999,1.37000000,1.91581597,7.87412587,73.25400000,75.56500000,76.05000000,78.02300000,81.55240000,83.46666667,83.74114286,83.91675000,82.40933333,81.51780000,81.20033333,85.11035000,75.90486616,79.08565171,-3.18078555,-2.49997374,-0.68081181,35.66833985,38.65001598,43.73180294,28.01239867,31.06184166,21.91351268,78.02300000,86.65705034,69.38894966,90774140.20488003,93148511.32913999
2022-04-26,72.90000000,73.18000000,67.50000000,68.70000000,109748648.93870001,-4.18000000,-5.73545554,7.79149520,71.99000000,74.66100000,75.67333333,77.31100000,80.42720000,82.76066667,83.30457143,83.64925000,82.35955556,81.45800000,80.99566667,85.15130000,74.79642521,78.31634417,-3.51991896,-2.70396278,-0.81595618,24.70575266,33.17160548,40.98099416,21.87684403,28.00017579,9.63018053,77.31100000,86.56416424,68.05783576,91528717.85540003,99358355.41330999
2022-04-27,68.70000000,71.98000000,68.32000000,69.86000000,82190463.96590000,1.16000000,1.68850073,5.32751092,71.15600000,74.10500000,75.24333333,76.42650000,79.37160000,82.10333333,82.84342857,83.25300000,82.40222222,81.39520000,80.79650000,85.19745000,74.03697518,77.68994831,-3.65297313,-2.89376485,-0.75920828,31.69668210,35.92132675,42.03679147,20.55827834,25.51954331,10.63574841,76.42650000,84.90847414,67.94452586,89019036.64374003,101570507.77726999
2022-04-28,69.86000000,70.76000000,66.65000000,67.26000000,104965042.10570000,-2.60000000,-3.72172917,5.88319496,70.04200000,73.05800000,74.38066667,75.60650000,78.14000000,81.25400000,82.26342857,82.69625000,82.36422222,81.18780000,80.66633333,85.25120000,72.99436361,76.91735954,-3.92299593,-3.09961107,-0.82338486,25.36283560,32.63771837,40.34862166,15.09251298,22.04386653,1.18980588,75.60650000,84.31205364,66.90094636,97247883.19206002,98542608.09180000
2022-04-29,67.26000000,67.99000000,62.20000000,63.40000000,92784258.17600000,-3.86000000,-5.73892358,8.60838537,68.42000000,71.37000000,73.48666667,74.54900000,76.82960000,80.18133333,81.68800000,82.16025000,82.22155556,80.97720000,80.31400000,85.29170000,71.51830767,75.91607365,-4.39776598,-3.35924205,-1.03852393,18.70416810,28.42888839,37.98541959,12.28266366,18.79013224,-0.73227350,74.54900000,83.80140202,65.29659798,106094210.26778002,96225174.42932001
2022-04-30,63.40000000,64.65000000,55.05000000,56.98000000,143451300.11550000,-6.42000000,-10.12618297,15.14195584,65.24000000,69.24700000,72.12333333,73.34750000,75.46640000,78.83366667,80.86285714,81.42850000,81.84155556,80.69240000,79.81550000,85.30490000,69.28164495,74.51340153,-5.23175658,-3.73374496,-1.49801162,12.27320050,23.03837912,34.48050894,11.09026172,16.22350873,0.82376768,73.34750000,84.99753885,61.69746115,106627942.66036002,98701041.43262000
2022-05-01,56.98000000,61.14000000,56.27000000,58.77000000,137544274.08840001,1.79000000,3.14145314,8.54685855,63.25400000,67.62200000,70.85866667,72.56850000,74.49960000,77.56500000,79.97400000,80.79825000,81.38311111,80.44900000,79.40566667,85.32370000,67.66446881,73.34722364,-5.68275483,-4.12354693,-1.55920790,21.32385984,27.23499341,36.19338960,13.79515985,15.41405911,10.55736134,72.56850000,85.89870200,59.23829800,112187067.69030003,101857892.77285001
2022-05-02,58.74000000,62.46000000,56.74000000,60.34000000,169730688.57690001,1.57000000,2.67143100,9.73782772,61.35000000,66.25300000,69.85333333,71.77000000,73.41120000,76.36800000,79.13857143,80.15675000,80.81933333,80.29700000,79.10300000,85.34450000,66.53762745,72.38372559,-5.84609814,-4.46805717,-1.37804097,29.03021932,30.84322784,37.68440914,18.75931842,16.52914555,23.21966418,71.77000000,86.03687883,57.50312117,129695112.61250003,109357074.62811999
2022-05-03,60.34000000,62.55000000,58.12000000,59.63000000,101966304.57110000,-0.71000000,-1.17666556,7.34173020,59.82400000,64.93300000,68.64666667,70.74150000,72.45000000,75.08733333,78.19257143,79.45850000,80.15488889,80.11020000,78.83366667,85.36085000,65.47491554,71.43900518,-5.96408964,-4.76726367,-1.19682597,27.56499513,30.10671090,37.27339317,20.92687785,17.99505631,26.79052092,70.74150000,85.40970159,56.07329841,129095365.10558002,113171624.14882001
2022-05-04,59.63000000,67.64000000,59.30000000,67.27000000,152081544.43300000,7.64000000,12.81234278,13.98624853,60.59800000,64.50900000,67.77933333,70.26450000,71.75880000,74.12433333,77.38371429,79.05175000,79.76444444,80.05920000,78.67683333,85.40915000,65.75108238,71.13018998,-5.37910760,-4.88963245,-0.48947515,56.14606925,45.40930655,44.11714124,36.41861722,24.13624328,60.98336510,70.26450000,84.72071844,55.80828156,140954822.35698003,123524516.31238000
2022-05-05,67.28000000,69.52000000,56.51000000,59.04000000,273638039.07859999,-8.23000000,-12.23427977,19.33709869,61.01000000,63.12500000,66.50133333,69.34500000,70.88000000,73.05700000,76.28742857,78.38125000,79.15977778,79.75840000,78.45233333,85.42385000,64.71860816,70.23462035,-5.51601219,-5.01490840,-0.50110379,37.18145087,36.11678213,39.29767485,32.13495529,26.80248062,42.79990463,69.34500000,84.21567832,54.47432168,166992170.14960003,136810056.40498000
2022-05-06,59.04000000,59.40000000,55.00000000,57.00000000,161307181.25070000,-2.04000000,-3.45528455,7.45257453,60.65600000,61.95500000,65.30000000,68.30800000,70.18600000,72.19233333,75.14942857,77.55925000,78.56022222,79.31040000,78.20750000,85.43145000,63.53112999,69.25427810,-5.72314812,-5.15655634,-0.56659177,33.78688328,34.22301736,38.21780583,25.65342197,26.41946107,24.12134377,68.30800000,83.60035599,53.01564401,171744751.58206004,141965909.63618001
2022-05-07,57.00000000,57.53000000,53.24000000,55.04000000,106516306.68210000,-1.96000000,-3.43859649,7.52631579,59.59600000,60.47300000,64.03400000,67.28900000,69.33520000,71.10866667,73.97200000,76.69575000,77.87222222,78.69700000,77.90816667,85.42265000,62.22480230,68.20136861,-5.97656632,-5.32055834,-0.65600798,30.56915940,32.44016842,37.19315349,20.78778500,24.54223571,13.27888357,67.28900000,83.28576796,51.29223204,159101875.20310003,144398493.90780002
2022-05-08,55.05000000,55.47000000,50.63000000,51.62000000,167049739.64919999,-3.42000000,-6.21366279,8.79200727,57.99400000,58.90900000,62.62000000,65.98350000,68.19200000,70.04066667,72.64542857,75.66775000,77.07355556,77.93880000,77.47466667,85.38245000,60.59329425,66.97311909,-6.37982484,-5.53241164,-0.84741320,25.48678183,29.51348749,35.46203086,15.60547939,21.56331694,3.68980430,65.98350000,82.64056902,49.32643098,172118562.21872002,150606963.66215000
2022-05-09,51.62000000,53.06000000,41.15000000,41.20000000,272639795.89910001,-10.42000000,-20.18597443,23.07245254,52.78000000,56.68900000,60.59933333,64.02950000,66.76760000,68.59566667,71.07514286,74.30825000,76.13266667,77.06600000,76.92916667,85.28105000,57.60971052,65.06399915,-7.45428863,-5.91678704,-1.53750160,15.85133124,22.70508065,30.89092975,10.46240043,17.86301144,-4.33882158,64.02950000,82.67519878,45.38380122,196230212.51194003,168592517.43445998
2022-05-10,41.20000000,50.32000000,40.00000000,44.58000000,312339162.45459998,3.38000000,8.20388350,25.04854369,49.88800000,55.44900000,58.71266667,62.34800000,65.45360000,67.38133333,69.74714286,72.98750000,75.21533333,76.23260000,76.48516667,85.17625000,55.60513967,63.54666588,-7.94152621,-6.32173487,-1.61979134,26.64603760,28.53864207,33.78013186,12.14656867,15.95753052,4.52464498,62.34800000,81.66280218,43.03319782,203970437.18714002,185481303.66837001
2022-05-11,44.58000000,46.25000000,26.11000000,31.17000000,461836384.18578303,-13.41000000,-30.08075370,45.17720951,44.72200000,52.68900000,56.21066667,60.15550000,63.59080000,65.94200000,68.26800000,71.34600000,73.91066667,75.17640000,75.82233333,85.00520000,51.84588741,61.14839434,-9.30250692,-6.91788928,-2.38461764,16.54272259,21.51179971,28.79618590,11.98314591,14.63273565,6.68396644,60.15550000,83.03913927,37.27186073,264076277.77415663,217910514.67810830
2022-05-12,31.17000000,33.94000000,23.51000000,30.32000000,337685872.38066000,-0.85000000,-2.72698107,33.46166185,39.77800000,49.68700000,53.57466667,57.97000000,61.78680000,64.40900000,66.63285714,69.69775000,72.59377778,74.06280000,75.19533333,84.83415000,48.53421243,58.86480957,-10.33059714,-7.60043085,-2.73016629,16.07899644,21.15167707,28.51789246,12.92247400,14.06264843,10.64212515,57.97000000,83.47342227,32.46657773,310310190.91386861,234706033.05848432
2022-05-13,30.31000000,37.99000000,29.55000000,32.21000000,253666797.81290001,1.89000000,6.23350923,27.84559551,35.89600000,46.94500000,51.23800000,55.93900000,59.96600000,62.80933333,65.16285714,68.05175000,71.24866667,72.95580000,74.58266667,84.64655000,46.02279513,56.89037923,-10.86758410,-8.25386150,-2.61372260,21.91913741,24.22855785,30.08558541,14.91796028,14.34775238,16.05837608,55.93900000,82.88836921,28.98963079,327633602.54660863,249876082.38266429
2022-05-14,32.20000000,34.32000000,29.27000000,33.93000000,128006346.46110000,1.72000000,5.33995654,15.68322981,34.44200000,43.61100000,49.27333333,54.06000000,58.11200000,61.38000000,63.71657143,66.49600000,69.87866667,71.96360000,73.98450000,84.47290000,44.16236511,55.18961040,-11.02724529,-8.80853826,-2.21870703,27.43398866,27.05455419,31.51194343,19.62302581,16.10617686,26.65672372,54.06000000,81.67045797,26.44954203,298706912.65900862,247468562.58547431
2022-05-15,33.93000000,37.07000000,31.87000000,36.57000000,124438388.64520000,2.64000000,7.78072502,15.32567050,32.84000000,41.36400000,47.91266667,52.24450000,56.44640000,60.01800000,62.44685714,65.13375000,68.52666667,70.97780000,73.35933333,84.34790000,42.99430894,53.81038000,-10.81607106,-9.21004482,-1.60602624,35.78743939,31.34220989,33.67900738,25.87841149,19.36358840,38.90805765,52.24450000,79.41603888,25.07296112,261126757.89712864,232548597.54213428
2022-05-16,36.56000000,36.56000000,31.40000000,32.56000000,157350704.40580001,-4.01000000,-10.96527208,14.11378556,33.11800000,38.92000000,46.16533333,50.43750000,54.74800000,58.51200000,61.25285714,63.87425000,67.09844444,69.83140000,72.57866667,84.18900000,41.38903064,52.23627778,-10.84724714,-9.53748528,-1.30976185,29.58070837,28.56047257,32.07062905,26.69115626,21.80611102,36.46124674,50.43750000,77.80740501,23.06759499,200229621.94113201,232152949.85764426
2022-05-17,32.56000000,35.77000000,32.20000000,34.39000000,112815198.97340000,1.83000000,5.62039312,10.96437346,33.93200000,36.85500000,44.43533333,48.66400000,53.16240000,57.14433333,60.05514286,62.54525000,65.72377778,68.72760000,71.72333333,84.03660000,40.31225670,50.91433128,-10.60207458,-9.75040314,-0.85167144,35.68881711,31.58350363,33.58109440,30.06708782,24.55976995,41.08172354,48.66400000,75.32231866,22.00568134,155255487.25968000,232782839.08677429
2022-05-18,34.40000000,35.16000000,29.37000000,29.58000000,108263640.76510000,-4.81000000,-13.98662402,16.83139535,33.40600000,34.65100000,42.43200000,46.78000000,51.43240000,55.53933333,58.60885714,61.19325000,64.20222222,67.46440000,70.72416667,83.87275000,38.66114028,49.33401044,-10.67287016,-9.93489655,-0.73797361,28.02235531,28.16598053,31.65083473,27.59166043,25.57040011,31.63418108,46.78000000,73.22980151,20.33019849,126174855.85012002,226904229.19836432
2022-05-19,29.59000000,31.89000000,27.51000000,30.39000000,140996504.44800001,0.81000000,2.73833671,14.80229807,32.69800000,33.57000000,39.97333333,45.12950000,49.78760000,53.87633333,57.28257143,59.83925000,62.74066667,66.16060000,69.81666667,83.70220000,37.38865716,47.93075041,-10.54209325,-10.05633589,-0.48575736,31.01687303,29.56608830,32.33429434,28.47945935,26.54008652,32.35820499,45.12950000,71.33109374,18.92790626,128772887.44750004,213739900.05325431
2022-05-20,30.39000000,31.93000000,27.83000000,28.80000000,145419041.63310000,-1.59000000,-5.23198421,13.49128003,31.14400000,31.99200000,37.95733333,43.72050000,48.02440000,52.22933333,55.89314286,58.53400000,61.35711111,64.78840000,68.85916667,83.52155000,36.06732529,46.51365779,-10.44633249,-10.13433521,-0.31199729,28.24853838,28.38150034,31.68531162,31.16402262,28.08139856,37.32927075,43.72050000,70.26737729,17.17362271,132969018.04508004,197047887.97110429
2022-05-21,28.80000000,30.61000000,28.19000000,29.89000000,63913906.53360000,1.09000000,3.78472222,8.40277778,30.61000000,31.86400000,36.15000000,42.27650000,46.47200000,50.72500000,54.52600000,57.42250000,60.17822222,63.44960000,67.95766667,83.33230000,35.11696755,45.28227573,-10.16530817,-10.14052980,-0.02477837,33.15638652,30.46500654,32.65226497,28.34598964,28.16959558,28.69877774,42.27650000,68.51665346,16.03634654,114281658.47064003,157255640.20588601
2022-05-22,29.89000000,32.70000000,29.01000000,31.71000000,117042427.92580000,1.82000000,6.08899297,12.34526598,30.07400000,32.00300000,34.59466667,40.84500000,44.94600000,49.31433333,53.27714286,56.30750000,58.93733333,62.15880000,67.05283333,83.11310000,34.59281870,44.27692197,-9.68410327,-10.04924450,0.36514122,41.21324912,33.96431109,34.27318763,33.54167789,29.96028968,40.70445430,40.84500000,66.03885430,15.65114570,115127104.26112004,135191295.76040000
2022-05-23,31.71000000,33.08000000,28.54000000,29.06000000,144511813.86210001,-2.65000000,-8.35698518,14.31725008,29.97000000,31.68800000,33.09066667,39.31650000,43.41800000,47.85533333,51.88657143,55.02900000,57.72400000,60.77900000,66.07783333,82.86355000,33.74161582,43.14974256,-9.40812674,-9.92102094,0.51289420,34.04360890,31.45030550,33.06411042,27.76558163,29.22872033,24.83930423,39.31650000,63.39642243,15.23657757,122376738.88052003,124275797.36532000
2022-05-24,29.06000000,29.66000000,26.87000000,29.08000000,121105251.31190000,0.02000000,0.06882312,9.60082588,29.70800000,31.20300000,32.28266667,37.40700000,42.04520000,46.44100000,50.42371429,53.83575000,56.49133333,59.43740000,65.17016667,82.63800000,33.02444416,42.10753941,-9.08309525,-9.75343581,0.67034055,34.14736152,31.49205556,33.08270154,26.11272694,28.19005587,21.95806907,37.40700000,57.95074854,16.86325146,118398488.25330003,123585687.85040000
2022-05-25,29.07000000,29.68000000,27.11000000,27.25000000,98072485.91820000,-1.83000000,-6.29298487,8.84072927,29.39800000,30.27100000,31.12733333,35.81750000,40.85600000,44.92000000,48.96771429,52.58125000,55.29666667,58.16120000,64.19333333,82.38065000,32.13606813,41.00698094,-8.87091280,-9.57693121,0.70601840,29.11806715,29.68724714,32.22805791,18.83170560,25.07060578,6.35390524,35.81750000,54.10965751,17.52534249,108929177.11032002,120949097.57769999
2022-05-26,27.25000000,28.03000000,22.84000000,23.43000000,182792709.96509999,-3.82000000,-14.01834862,19.04587156,28.10600000,29.35800000,30.61133333,34.13900000,39.44240000,43.41100000,47.49371429,51.22350000,54.16511111,56.97100000,63.08583333,82.05995000,30.79667304,39.70498235,-8.90830931,-9.44320683,0.53489751,21.27068373,26.26013799,30.51118240,14.15079074,21.43066743,-0.40896263,34.13900000,50.28158168,17.99641832,132704937.79662004,123493298.13363001
2022-05-27,23.42000000,23.88000000,21.35000000,22.58000000,177611133.21180001,-0.85000000,-3.62782757,10.80273271,26.28000000,28.17700000,30.09533333,32.51600000,37.93200000,41.83500000,46.02371429,49.90250000,52.97111111,55.67160000,61.96916667,81.71695000,29.53256949,38.43646514,-8.90389565,-9.33534459,0.43144895,19.84277164,25.54432983,30.13839284,12.92917166,18.59683551,1.59384397,32.51600000,46.14140259,18.89059741,144818678.85382003,129972891.55746999
2022-05-28,22.57000000,25.73000000,22.17000000,24.76000000,120720303.32179999,2.18000000,9.65456156,15.77315020,25.42000000,27.69500000,29.59866667,31.17300000,36.53720000,40.41833333,44.65028571,48.57825000,51.73911111,54.49360000,60.83616667,81.39910000,28.79832803,37.42339365,-8.62506561,-9.19328880,0.56822318,33.56791054,30.82032385,32.35042156,18.30970069,18.50112390,17.92685426,31.17300000,41.84480072,20.50119928,140060376.74576002,131218557.81313999
2022-05-29,24.76000000,27.00000000,23.72000000,26.16000000,132561529.32740000,1.40000000,5.65428110,13.24717286,24.83600000,27.27200000,29.08066667,30.42100000,34.89280000,39.17700000,43.35457143,47.22525000,50.61355556,53.32580000,59.67916667,81.10375000,28.39243141,36.58906819,-8.19663678,-8.99395839,0.79732161,41.31209126,34.09224723,33.75599556,25.87512299,20.95912360,35.70712178,30.42100000,40.20007734,20.64192266,142351632.34886003,130375060.30107999
2022-05-30,26.16000000,28.48000000,25.32000000,27.71000000,175262406.72139999,1.55000000,5.92507645,12.07951070,24.92800000,27.16300000,28.49000000,29.57750000,33.63960000,38.20133333,42.06400000,45.96275000,49.50866667,52.25980000,58.51750000,80.80290000,28.28744196,35.93135944,-7.64391747,-8.72395021,1.08003274,49.18247620,37.65370248,35.30881442,35.32339828,25.74721516,54.47576452,29.57750000,36.78694665,22.36805335,157789616.50950003,133359396.80990998
2022-05-31,27.71000000,29.11000000,25.55000000,26.42000000,172488062.01010001,-1.29000000,-4.65535908,12.84734753,25.52600000,26.81600000,28.08066667,29.34000000,32.41640000,37.12300000,40.85600000,44.74775000,48.36822222,51.30120000,57.34400000,80.51110000,28.00014320,35.22681429,-7.22667109,-8.42449439,1.19782329,43.37336470,35.89276292,34.60437023,37.95643432,29.81695488,54.23539319,29.34000000,36.64093289,22.03906711,155728686.91850001,144216812.35756001
2022-06-01,26.43000000,27.03000000,23.20000000,23.68000000,133858856.00810000,-2.74000000,-10.37093111,14.49110859,25.74600000,26.01300000,27.36666667,29.00800000,31.16200000,35.90100000,39.53657143,43.48900000,47.21844444,50.24860000,56.13450000,80.14180000,27.33550578,34.37149472,-7.03598893,-8.14679329,1.11080436,33.33715096,32.38354334,33.13900083,34.62801904,31.42064293,41.04277125,29.00800000,36.71395013,21.30204987,146978231.47776002,145898455.16579002
2022-06-02,23.68000000,24.90000000,22.50000000,24.63000000,106529006.91290000,0.95000000,4.01182432,10.13513514,25.72000000,25.57000000,27.03666667,28.62900000,30.08240000,34.73433333,38.31857143,42.28400000,46.03844444,49.13720000,54.91083333,79.78795000,26.91927413,33.64990251,-6.73062839,-7.86356031,1.13293192,39.19133714,34.79482167,34.14788737,36.21059612,33.01729400,42.59720038,28.62900000,36.41703644,20.84096356,144139972.19598001,142100174.47087002
2022-06-03,24.64000000,24.70000000,22.50000000,23.00000000,73290824.55990000,-1.63000000,-6.61794559,8.92857143,25.08800000,24.96200000,26.54400000,28.08250000,29.35440000,33.25866667,37.16428571,41.07125000,44.76555556,48.06100000,53.69150000,79.43345000,26.31630888,32.86102085,-6.54471197,-7.59979064,1.05507867,33.19015059,32.61761480,33.24962416,31.22802628,32.42087142,28.84233600,28.08250000,35.83819027,20.32680973,132285831.24248004,137318731.79567000
2022-06-04,23.00000000,24.67000000,22.14000000,24.57000000,57438768.41090000,1.57000000,6.82608696,11.00000000,24.46000000,24.69400000,26.26200000,27.48250000,28.55400000,32.10966667,36.23828571,39.86350000,43.57355556,47.00380000,52.58333333,79.06710000,26.04764597,32.24687115,-6.19922518,-7.31967755,1.12045237,43.23652413,36.77458920,34.96894153,34.65029931,33.16401405,37.62286982,27.48250000,34.26973221,20.69526779,108721103.58038004,133255360.04493999
2022-06-05,24.58000000,25.20000000,23.93000000,24.18000000,64475667.36730000,-0.39000000,-1.58730159,5.16680228,24.01200000,24.76900000,25.88133333,27.06350000,28.27440000,31.01566667,35.25000000,38.75050000,42.44377778,45.93260000,51.60400000,78.64985000,25.76031582,31.64932514,-5.88900932,-7.03354391,1.14453459,41.38161570,36.16990057,34.73701884,32.85629710,33.06144174,32.44600783,27.06350000,33.55933275,20.56766725,87118624.65182003,121423655.78515999
2022-06-06,24.18000000,27.79000000,24.05000000,25.99000000,146780541.08140001,1.81000000,7.48552523,15.46732837,24.47400000,25.11000000,25.50000000,26.64350000,28.10120000,30.04733333,34.26857143,37.65375000,41.37622222,44.94400000,50.57800000,78.27665000,25.79565185,31.23011587,-5.43446402,-6.71372793,1.27926391,52.68620309,41.07539908,36.76795084,40.31644101,35.47977483,49.98977338,26.64350000,32.15668143,21.13031857,89702961.66648003,118340596.57212000
2022-06-07,26.00000000,26.21000000,23.12000000,24.60000000,171021518.21370000,-1.39000000,-5.34821085,11.88461538,24.46800000,25.09400000,25.20266667,26.39450000,27.79680000,29.14666667,33.26771429,36.58725000,40.30444444,43.88140000,49.59366667,77.84000000,25.61170541,30.73899618,-5.12729077,-6.39644050,1.26914973,44.73573156,38.59074692,35.87336861,38.64233322,36.53396096,42.85907775,26.39450000,31.79800559,20.99099441,102601463.92664002,123370718.06131001
2022-06-08,24.60000000,25.45000000,23.72000000,24.50000000,84737930.33270000,-0.10000000,-0.40650407,7.03252033,24.76800000,24.92800000,24.89733333,26.10000000,27.41960000,28.59000000,32.04571429,35.61475000,39.25977778,42.76580000,48.59283333,77.33335000,25.44067381,30.27684831,-4.83617450,-6.08438730,1.24821279,44.16042977,38.40840612,35.80796540,37.04802129,36.70531440,37.73343506,26.10000000,31.22127451,20.97872549,104890885.08120003,118588358.16184001
2022-06-09,24.51000000,25.38000000,23.72000000,24.41000000,75435070.62690000,-0.09000000,-0.36734694,6.77274582,24.73600000,24.59800000,24.70800000,25.88050000,26.93320000,27.91766667,31.05628571,34.80050000,38.18266667,41.68980000,47.64950000,76.81305000,25.28210861,29.84226696,-4.56015835,-5.77954151,1.21938316,43.55549591,38.23104928,35.74676003,38.09101124,37.16721335,39.93860703,25.88050000,30.88960529,20.87139471,108490145.52440003,108605624.55239001
2022-06-10,24.42000000,24.87000000,21.91000000,22.08000000,90397131.15099999,-2.33000000,-9.54526833,12.12121212,24.31600000,24.16400000,24.61800000,25.49000000,26.51400000,27.61466667,30.05857143,33.88325000,37.14666667,40.63100000,46.77833333,76.24925000,24.78947651,29.26728422,-4.47780771,-5.51919475,1.04138704,30.55307566,33.82040128,34.16900687,26.35772632,33.56405100,11.94507694,25.49000000,30.39972826,20.58027174,113674438.28114001,100396531.46647999
2022-06-11,22.07000000,23.02000000,19.67000000,19.90000000,95645982.68224899,-2.18000000,-9.87318841,15.17897599,23.09800000,23.78600000,24.43933333,24.89950000,25.93440000,27.26733333,29.05457143,32.87225000,36.03644444,39.54840000,45.83816667,75.72960000,24.03724936,28.57341131,-4.53616196,-5.32258819,0.78642623,22.88331260,30.25746648,32.75745605,18.51598832,28.54803011,-1.54809527,24.89950000,29.48980317,20.30919683,103447526.60130982,96575244.13389489
2022-06-12,19.91000000,20.16000000,17.21000000,17.29000000,152911830.37817001,-2.61000000,-13.11557789,14.81667504,21.63600000,23.05200000,23.94133333,24.31100000,25.44280000,26.77000000,28.07371429,31.81375000,34.92600000,38.43760000,44.78966667,75.23985000,22.99921100,27.73760307,-4.73839207,-5.20574897,0.46735689,16.81786214,26.59775628,31.14982216,12.59604010,23.23070011,-8.67327991,24.31100000,29.61749612,19.00450388,99825589.03420383,101213526.48042190
2022-06-13,17.29000000,17.50000000,14.58000000,16.11000000,235101972.78749099,-1.18000000,-6.82475419,16.88837478,19.95800000,22.36300000,23.27133333,23.66250000,24.87160000,26.17600000,27.35685714,30.53475000,33.87511111,37.32960000,43.77800000,74.72405000,21.93933238,26.87629914,-4.93696676,-5.15199252,0.21502577,14.70346482,25.10040101,30.44493922,12.25807165,19.57315729,-2.37209963,23.66250000,29.64240979,17.68259021,129898397.52516203,117394641.30318101
2022-06-14,16.11000000,17.30000000,14.67000000,16.55000000,158611041.47639999,0.44000000,2.73122284,16.32526381,18.38600000,21.56100000,22.52733333,23.12750000,24.38160000,25.50866667,26.55600000,29.47250000,32.97666667,36.20300000,42.76333333,74.28545000,21.11020432,26.11138809,-5.00118377,-5.12183077,0.12064700,19.24633145,26.77721665,31.05200693,13.14302935,17.42978131,4.56952542,23.12750000,29.64629509,16.60870491,146533591.69506201,127511868.60973099
2022-06-15,16.55000000,18.48000000,14.55000000,18.31000000,172390936.95120001,1.76000000,10.63444109,23.74622356,17.63200000,20.97400000,21.98666667,22.87150000,23.91840000,25.03366667,26.18857143,28.50525000,32.07755556,35.19520000,41.77283333,73.80940000,20.67940366,25.53350749,-4.85410383,-5.06828539,0.21418155,35.68757674,33.29380853,33.47545496,19.51101899,18.12352720,22.28600257,22.87150000,29.73338335,16.00961665,162932352.85510200,138303395.56812102
2022-06-16,18.31000000,18.72000000,15.50000000,15.79000000,111859275.75990000,-2.52000000,-13.76297105,17.58601857,16.81000000,19.95400000,21.46066667,22.53200000,23.28160000,24.41366667,25.77342857,27.52400000,31.08755556,34.11380000,40.77900000,73.33625000,19.92718771,24.81176620,-4.88457849,-5.03154401,0.14696552,26.43881562,29.23044112,31.80520467,16.79939492,17.68214978,15.03388522,22.53200000,30.09107708,14.97292292,166175011.47063226,134811269.03597099
2022-06-17,15.80000000,16.74000000,15.50000000,15.99000000,56227284.35730000,0.20000000,1.26662445,7.84810127,16.55000000,19.09300000,20.88466667,22.09350000,22.75880000,23.96066667,25.31000000,26.63325000,30.11777778,33.08840000,39.75000000,72.81425000,19.32146652,24.15830203,-4.83683551,-4.99260231,0.15576680,28.21070614,29.97042477,32.08583094,15.63172958,16.99867638,12.89783599,22.09350000,30.11191899,14.07508101,146838102.26645821,123331845.65033099
2022-06-18,16.00000000,16.30000000,13.78000000,14.83000000,87923508.69310001,-1.16000000,-7.25453408,15.75000000,16.29400000,18.12600000,20.34000000,21.52700000,22.18880000,23.44200000,24.76428571,25.97400000,28.95244444,32.11700000,38.65916667,72.28635000,18.63047167,23.46731670,-4.83684502,-4.96145085,0.12460583,24.16029072,28.11063905,31.30614784,13.57714945,15.85816740,9.01511354,21.52700000,29.92756414,13.12643586,117402409.44758002,123650403.48637101
2022-06-19,14.83000000,16.42000000,13.71000000,16.16000000,78016826.98559999,1.33000000,8.96830748,18.27376939,16.21600000,17.30100000,19.77933333,20.94950000,21.74520000,23.02066667,24.18114286,25.26350000,27.99955556,31.30060000,37.62500000,71.76890000,18.25039911,22.92603398,-4.67563487,-4.90428765,0.22865278,36.67054794,33.28852816,33.24682726,17.82336279,16.51323253,20.44362331,20.94950000,29.14590608,12.75309392,101283566.54942003,123908579.12224099
2022-06-20,16.17000000,17.87000000,15.32000000,17.10000000,93633945.36890000,0.94000000,5.81683168,15.76994434,15.97400000,16.80300000,19.30733333,20.48350000,21.49200000,22.59433333,23.73942857,24.91175000,27.11288889,30.46720000,36.65966667,71.31550000,18.07341463,22.49447591,-4.42106128,-4.80764238,0.38658110,44.44312203,36.79832120,34.60924994,29.40162170,20.80936225,46.58614060,20.48350000,28.42617958,12.54082042,85532168.23296002,124232260.54403102
2022-06-21,17.10000000,18.49000000,16.62000000,16.90000000,80277149.81050000,-0.20000000,-1.16959064,10.93567251,16.19600000,16.50300000,18.70133333,20.14450000,21.26480000,22.10066667,23.23971429,24.57625000,26.26533333,29.59840000,35.70750000,70.85840000,17.89288930,22.08007028,-4.18718098,-4.68355010,0.49636912,43.09277019,36.35437699,34.45313150,40.82529937,27.48134129,67.51321552,20.14450000,28.09149142,12.19750858,79215743.04308002,122695377.25685611
2022-06-22,16.91000000,17.41000000,15.97000000,16.09000000,68292203.52519999,-0.81000000,-4.79289941,8.51567120,16.21600000,16.38300000,18.13400000,19.71750000,20.91800000,21.66833333,22.85428571,24.17325000,25.47577778,28.72760000,34.76183333,70.47360000,17.61552172,21.63636137,-4.02083966,-4.55100801,0.53016835,37.54820124,34.51467386,33.80862405,43.05186292,32.67151517,63.81255842,19.71750000,27.56683621,11.86816379,81628726.87666002,114233414.57155910
2022-06-23,16.08000000,18.40000000,16.03000000,18.29000000,82265599.48060000,2.20000000,13.67308888,14.73880597,16.90800000,16.60100000,17.72000000,19.48200000,20.60320000,21.30866667,22.50857143,23.78225000,24.96666667,27.74800000,33.87483333,70.13330000,17.71928761,21.38848275,-3.66919515,-4.37464544,0.70545029,55.99988775,43.05326287,37.14124617,59.17363050,41.50555361,94.50978428,19.48200000,27.19816376,11.76583624,80497145.03416002,98949777.24087000
2022-06-24,18.29000000,20.95000000,17.98000000,20.47000000,109018936.59580000,2.18000000,11.91908147,16.23838163,17.77000000,16.99300000,17.45733333,19.27700000,20.31360000,21.08266667,22.27057143,23.37975000,24.43088889,26.97660000,33.00133333,69.77080000,18.14247413,21.32044699,-3.17797286,-4.13531092,0.95733806,67.43922586,50.08830650,40.25172503,70.57247558,51.19452760,109.32837154,19.27700000,26.63347255,11.92052745,86697566.95620003,93990566.75281000
2022-06-25,20.47000000,21.68000000,19.86000000,21.36000000,77192072.38510001,0.89000000,4.34782609,8.89106009,18.62200000,17.29800000,17.40933333,19.13600000,20.11120000,21.01366667,22.02685714,23.09975000,24.21288889,26.26380000,32.21233333,69.42975000,18.63747811,21.32337685,-2.68589874,-3.84542849,1.15952975,71.11789488,52.69123156,41.48523835,79.04329823,60.47745115,116.17499241,19.13600000,26.19903766,12.07296234,83409192.35944003,84470680.29620001
2022-06-26,21.37000000,22.05000000,19.60000000,19.73000000,72295384.40009999,-1.63000000,-7.63108614,11.46467010,19.18800000,17.69200000,17.39800000,18.82300000,19.95320000,20.91866667,21.68457143,22.73325000,23.97755556,25.55760000,31.37683333,69.06245000,18.80555840,21.20534893,-2.39979053,-3.55630089,1.15651036,56.97184666,47.71915027,39.91057590,76.75628356,65.90372862,98.46139343,18.82300000,25.12048521,12.52551479,81812839.27736002,80514291.16022000
2022-06-27,19.73000000,21.39000000,19.18000000,19.32000000,76891888.18570000,-0.41000000,-2.07805373,11.20121642,19.83400000,18.02500000,17.53333333,18.55900000,19.74080000,20.73733333,21.40628571,22.47675000,23.69111111,24.91160000,30.57783333,68.73175000,18.88470326,21.06569346,-2.18099019,-3.28123875,1.10024856,53.74504571,46.51473776,39.51688422,73.59291805,68.46679176,83.84517064,18.55900000,24.25029307,12.86770693,83532776.20946003,82580751.54306000
2022-06-28,19.33000000,20.53000000,17.99000000,18.12000000,93501229.30310000,-1.20000000,-6.21118012,13.14019659,19.80000000,18.35400000,17.66733333,18.24000000,19.54560000,20.46933333,21.09314286,22.17000000,23.33977778,24.45000000,29.82316667,68.41930000,18.76705661,20.84749394,-2.08043733,-3.04107847,0.96064114,44.82767658,43.04577941,38.36119474,62.93019698,66.62126017,55.54807060,18.24000000,23.19704496,13.28295504,85779902.17396002,83138523.60405999
2022-06-29,18.11000000,18.68000000,17.18000000,17.79000000,70470639.34450001,-0.33000000,-1.82119205,8.28271673,19.26400000,18.51700000,17.75000000,17.90900000,19.27440000,20.13866667,20.82285714,21.89475000,22.92244444,23.91420000,29.17000000,68.07550000,18.61674021,20.62101291,-2.00427270,-2.83371732,0.82944461,42.50061710,42.10377953,38.04194009,51.93153483,61.72468505,32.34523438,17.90900000,21.92635131,13.89164869,78070242.72370002,82383904.83995000
2022-06-30,17.79000000,17.81000000,15.79000000,16.99000000,63198227.86200000,-0.80000000,-4.49690838,11.35469365,18.39000000,18.50600000,17.66200000,17.65450000,18.98680000,19.82433333,20.63885714,21.57225000,22.57644444,23.63060000,28.47366667,67.72045000,18.36647248,20.35204899,-1.98557651,-2.66408915,0.67851265,36.92448566,39.80036585,37.25757345,41.01079958,54.82005656,13.39228561,17.65450000,21.17325262,14.13574738,75271473.81908002,79340333.08926001
2022-07-01,16.98000000,17.68000000,15.80000000,16.12000000,80522290.20230000,-0.87000000,-5.12065921,11.07184923,17.66800000,18.42800000,17.68400000,17.46550000,18.59200000,19.57233333,20.45428571,21.18250000,22.17044444,23.34660000,27.73666667,67.40580000,18.02086133,20.03856388,-2.01770255,-2.53481183,0.51710929,31.52658161,37.37461908,36.40577008,29.09772155,46.24594489,-5.19872513,17.46550000,20.88096622,14.05003378,76916854.97952002,79364847.12843999
2022-07-02,16.12000000,16.61000000,15.96000000,16.33000000,31571349.96770000,0.21000000,1.30272953,4.03225806,17.07000000,18.45200000,17.70666667,17.41750000,18.26120000,19.29566667,20.21342857,20.86425000,21.87600000,23.02900000,27.01500000,67.05160000,17.76072882,19.76385544,-2.00312662,-2.42847479,0.42534817,34.30823446,38.36381597,36.76987978,22.27388039,38.25525673,-9.68887227,17.41750000,20.87013210,13.96486790,67852747.33592002,75692761.77269000
2022-07-03,16.33000000,16.90000000,15.83000000,16.65000000,37164410.26950000,0.32000000,1.95958359,6.55235762,16.77600000,18.28800000,17.82800000,17.44450000,17.94720000,19.08400000,19.94171429,20.55350000,21.57066667,22.68340000,26.17133333,66.62865000,17.58984746,19.53319948,-1.94335202,-2.33145024,0.38809822,38.85062890,39.94081364,37.34032865,19.42859332,31.97970226,-5.67362456,17.44450000,20.86235082,14.02664918,56585383.52920003,71182642.85157999
2022-07-04,16.65000000,18.06000000,16.31000000,17.92000000,68024108.97190000,1.27000000,7.62762763,10.51051051,16.80200000,18.03300000,17.94533333,17.51300000,17.68760000,18.86233333,19.66200000,20.32025000,21.32888889,22.31040000,25.48600000,66.22720000,17.64064016,19.41370323,-1.77306307,-2.21977280,0.44670974,53.99926856,45.93032473,39.59710052,24.29424858,29.41788436,14.04697701,17.51300000,20.91021930,14.11578070,56096077.45468003,67083160.08919001
2022-07-05,17.92000000,18.65000000,16.66000000,18.03000000,84880794.14950000,0.11000000,0.61383929,11.10491071,17.01000000,17.70000000,18.00733333,17.49900000,17.52560000,18.65733333,19.42228571,20.18525000,21.06533333,22.01980000,24.83650000,65.76330000,17.70054167,19.31120669,-1.61066502,-2.09795125,0.48728623,55.15398593,46.43506739,39.79308347,29.52949905,29.45508926,29.67831864,17.49900000,20.88467820,14.11332180,60432590.71218003,67852032.26563001
2022-07-06,18.03000000,19.47000000,17.79000000,19.17000000,83280450.04590000,1.14000000,6.32279534,9.31780366,17.62000000,17.64400000,18.15866667,17.66800000,17.49640000,18.43000000,19.29342857,20.10000000,20.78666667,21.71540000,24.23866667,65.27965000,17.92661219,19.30074694,-1.37413475,-1.95318795,0.57905320,65.82326258,51.54862432,41.83400020,43.45567166,34.12195006,62.12311486,17.66800000,21.03185493,14.30414507,60984222.68090002,68950538.83021000
2022-07-07,19.17000000,20.60000000,18.86000000,20.18000000,76864983.68220000,1.01000000,5.26864893,9.07668232,18.39000000,17.73000000,18.43133333,17.87750000,17.61200000,18.28266667,19.16628571,19.98550000,20.58933333,21.52740000,23.71466667,64.84250000,18.27328723,19.36587679,-1.09258956,-1.78106827,0.68847871,72.72265684,55.64146475,43.60144873,59.39317820,42.54569277,93.08814905,17.87750000,21.32226338,14.43273662,70042949.42380002,68947848.37986000
2022-07-08,20.18000000,21.12000000,19.42000000,19.72000000,87821365.54130000,-0.46000000,-2.27948464,8.42418236,19.00400000,17.89000000,18.52666667,18.12200000,17.75640000,18.12333333,19.07257143,19.82450000,20.38133333,21.31400000,23.35666667,64.37335000,18.49585843,19.39210814,-0.89624971,-1.60410456,0.70785485,65.49636850,53.40023248,42.98076328,64.17331329,49.75489961,93.01014066,18.12200000,21.34289625,14.90110375,80174340.47816002,68379862.00368001
2022-07-09,19.72000000,20.27000000,19.49000000,19.89000000,37998842.78460000,0.17000000,0.86206897,3.95537525,19.39800000,18.10000000,18.48800000,18.30850000,17.89000000,17.97266667,18.93885714,19.62900000,20.21777778,21.13580000,22.94516667,63.85660000,18.71034175,19.42898902,-0.71864727,-1.42701310,0.70836583,66.95267953,54.14488852,43.29207031,68.40877528,55.97285817,93.28060950,18.30850000,21.48267391,15.13432609,74169287.24070002,65132682.34769001
2022-07-10,19.90000000,19.99000000,18.76000000,19.16000000,37489161.59890000,-0.73000000,-3.67018602,6.18090452,19.62400000,18.31700000,18.34133333,18.41150000,17.92400000,17.87533333,18.79542857,19.44750000,20.12288889,20.92120000,22.74500000,63.36895000,18.77951994,19.40906391,-0.62954397,-1.26751927,0.63797531,54.99226747,50.37402253,42.25827015,66.58883695,59.51151776,80.74347533,18.41150000,21.55409212,15.26890788,64690960.73058002,62561775.72138000
2022-07-11,19.17000000,19.17000000,17.32000000,17.35000000,42857672.20010000,-1.81000000,-9.44676409,9.65049557,19.26000000,18.44000000,18.18266667,18.43400000,17.98640000,17.79033333,18.54857143,19.28925000,20.00666667,20.63400000,22.52883333,62.84870000,18.55959380,19.25654065,-0.69694686,-1.15340479,0.45645793,35.90711446,42.38892364,39.79935580,53.97037775,57.66447109,46.58219108,18.43400000,21.53722345,15.33077655,56606405.16142002,58795313.92116000
2022-07-12,17.34000000,18.07000000,16.71000000,16.75000000,49839858.60790000,-0.60000000,-3.45821326,7.84313725,18.57400000,18.48200000,18.01133333,18.46700000,18.01680000,17.77233333,18.32428571,19.09225000,19.82866667,20.38780000,22.27116667,62.35775000,18.28119475,19.07087098,-0.78967623,-1.08065908,0.29098285,31.55133678,40.09076879,39.01410318,39.02945489,51.45279902,14.18276661,18.46700000,21.47793516,15.45606484,51201380.14656002,60622164.78518000
2022-07-13,16.75000000,18.92000000,16.37000000,18.83000000,89070005.24779999,2.08000000,12.41791045,15.22388060,18.39600000,18.70000000,18.05866667,18.49400000,18.17680000,17.86300000,18.16228571,18.98800000,19.66577778,20.18280000,22.01950000,61.87685000,18.36562633,19.05302868,-0.68740236,-1.00200773,0.31460538,54.50816852,50.28423078,43.07683262,43.28279449,48.72946418,32.38945510,18.49400000,21.50793535,15.48006465,51451108.08786003,65812724.28300999
2022-07-14,18.82000000,19.98000000,17.78000000,19.76000000,88740816.81420000,0.93000000,4.93892724,11.68969182,18.37000000,18.88400000,18.19000000,18.45850000,18.32080000,17.97000000,18.02942857,18.86775000,19.48911111,20.03300000,21.73933333,61.40055000,18.58014535,19.10539693,-0.52525157,-0.90665650,0.38140493,61.44591249,54.09405605,44.79271646,52.64467001,50.03453279,57.86494445,18.45850000,21.39003651,15.52696349,61599502.89378002,67884395.06724000
2022-07-15,19.76000000,20.28000000,19.09000000,19.35000000,68237953.60190000,-0.41000000,-2.07489879,6.02226721,18.40800000,19.01600000,18.34733333,18.35800000,18.41080000,18.00466667,17.95142857,18.74700000,19.33200000,19.95140000,21.51916667,60.92805000,18.69858453,19.12351567,-0.42493114,-0.81031143,0.38538029,56.85855272,52.17126654,44.18007054,56.00872737,52.02593098,63.97432015,18.35800000,20.99359122,15.72240878,67749261.29438002,66220111.01248000
2022-07-16,19.36000000,21.50000000,18.67000000,21.25000000,80100019.30210000,1.90000000,9.81912145,14.61776860,19.18800000,19.22400000,18.68933333,18.43400000,18.58480000,18.18666667,17.99000000,18.62850000,19.27800000,19.92480000,21.30016667,60.49900000,19.09110999,19.28103303,-0.18992304,-0.68623375,0.49631071,69.51490073,59.45675974,47.64289830,69.04805347,57.69997181,91.74421678,18.43400000,21.31262833,15.55537167,75197730.71478002,65902067.93810000
2022-07-17,21.25000000,22.12000000,20.57000000,20.63000000,64514389.61950000,-0.62000000,-2.91764706,7.29411765,19.96400000,19.26900000,18.97600000,18.49950000,18.76640000,18.34133333,18.08542857,18.52925000,19.18911111,19.84220000,21.15100000,60.08665000,19.32786230,19.38095651,-0.05309421,-0.55960585,0.50651163,62.35208154,56.39856738,46.65733832,70.72768782,62.04254381,88.09797583,18.49950000,21.51917217,15.47982783,78132636.91710003,64667008.53183000
2022-07-18,20.62000000,24.33000000,20.59000000,23.95000000,141905246.20339999,3.32000000,16.09306835,18.13773036,20.98800000,19.69200000,19.46266667,18.79100000,18.99280000,18.64533333,18.30942857,18.51550000,19.21022222,19.79800000,21.04366667,59.69765000,20.03896040,19.71940418,0.31955623,-0.38377343,0.70332966,77.34939624,66.47251151,52.18428577,78.89383543,67.65964102,101.36222425,18.79100000,22.66199824,14.92000176,88699685.10822001,70075396.59804000
2022-07-19,23.95000000,26.29000000,23.03000000,24.72000000,169430115.20890000,0.77000000,3.21503132,13.61169102,21.98000000,20.17500000,19.91600000,19.13750000,19.16280000,18.93066667,18.54285714,18.52325000,19.21355556,19.73820000,20.97566667,59.27410000,20.75912034,20.08981868,0.66930166,-0.17315841,0.84246007,79.60999626,68.32419858,53.35395096,80.65368599,71.99098934,97.97907927,19.13750000,23.79247527,14.48252473,104837544.78716001,83218523.84046999
2022-07-20,24.71000000,26.38000000,23.35000000,23.59000000,161853092.41010001,-1.13000000,-4.57119741,12.26224201,22.82800000,20.61800000,20.28666667,19.46750000,19.25200000,19.14700000,18.69371429,18.56100000,19.20044444,19.68160000,20.87066667,58.82140000,21.19464029,20.34909137,0.84554892,0.03058305,0.81496586,67.70955956,62.77383407,51.42750216,77.81174803,73.93124224,85.57275962,19.46750000,24.40845186,14.52654814,123560572.54880004,95654916.92159000
2022-07-21,23.59000000,25.46000000,22.64000000,24.99000000,110003521.27440000,1.40000000,5.93471810,11.95421789,23.57600000,21.38200000,20.67466667,19.91100000,19.46240000,19.41666667,18.95657143,18.68825000,19.17822222,19.70780000,20.75866667,58.38120000,21.77854178,20.69286238,1.08567940,0.24160232,0.84407708,73.58097620,66.45673813,53.59371291,80.57912739,76.14720396,89.44297427,19.91100000,25.16898000,14.65302000,129541272.94326000,102369501.82901999
2022-07-22,24.99000000,25.55000000,23.59000000,23.63000000,92501087.89640000,-1.36000000,-5.44217687,7.84313725,24.17600000,22.07000000,20.90466667,20.27600000,19.63480000,19.66800000,19.17485714,18.84675000,19.15666667,19.68780000,20.66816667,57.95880000,22.06338151,20.91042813,1.15295338,0.42387253,0.72908084,60.71220558,60.15036324,51.27569849,76.39383687,76.22941493,76.72268075,20.27600000,25.50070004,15.05129996,135138612.59864002,106635624.75787000
2022-07-23,23.64000000,24.66000000,22.83000000,23.60000000,56990107.37000000,-0.03000000,-0.12695726,7.74111675,24.10600000,22.54700000,21.16333333,20.62350000,19.85400000,19.84500000,19.42542857,19.03400000,19.13666667,19.69980000,20.57683333,57.56015000,22.29978435,21.10965568,1.19012868,0.57712376,0.61300491,60.43243298,60.01331947,51.22470116,72.24353500,74.90078828,66.92902842,20.62350000,25.75644939,15.49055061,118155584.83196004,103427634.97009000
2022-07-24,23.59000000,24.47000000,23.23000000,23.79000000,52611467.15380000,0.19000000,0.80508475,5.25646460,23.92000000,22.95000000,21.42333333,20.91700000,20.09400000,19.95566667,19.64342857,19.21500000,19.12288889,19.68420000,20.51916667,57.19200000,22.52904830,21.30819970,1.22084860,0.70586873,0.51497987,61.77128467,60.63300904,51.54319891,70.29811110,73.36656255,64.16120818,20.91700000,26.07031309,15.76368691,94791855.22094002,99814700.00405000
2022-07-25,23.79000000,23.85000000,20.89000000,20.92000000,84930134.75570001,-2.87000000,-12.06389239,12.44220261,23.38600000,23.10700000,21.54066667,21.06150000,20.25120000,19.94100000,19.75257143,19.28025000,19.09711111,19.61900000,20.47733333,56.82105000,22.28150241,21.27944417,1.00205824,0.76510663,0.23695161,38.28778197,48.29878344,46.73321321,48.87343953,65.20218821,16.21594215,21.06150000,26.03282101,16.09017899,79407263.69006002,101483918.11943001
2022-07-26,20.93000000,20.99000000,19.55000000,20.71000000,52645693.94410000,-0.21000000,-1.00382409,6.88007645,22.53000000,23.05300000,21.76466667,21.13850000,20.43480000,19.97366667,19.86142857,19.40325000,19.11511111,19.51340000,20.44616667,56.49090000,22.03973281,21.23726312,0.80246969,0.77257924,0.02989044,37.05099538,47.52704604,46.40258840,38.24359121,56.21598921,2.29879521,21.13850000,26.03358572,16.24341428,67935698.22400002,98738485.58363000
2022-07-27,20.72000000,23.49000000,20.21000000,23.39000000,94226960.71600001,2.68000000,12.94060840,15.83011583,22.48200000,23.32900000,22.20733333,21.29900000,20.71720000,20.10933333,20.07000000,19.58825000,19.25066667,19.48920000,20.42333333,56.18835000,22.24746622,21.39672511,0.85074111,0.78821162,0.06252949,57.88485081,57.07567271,51.01736649,44.23657667,52.22285170,28.26402661,21.29900000,26.27164475,16.32635525,68280872.78792003,101709742.69328001
2022-07-28,23.38000000,24.69000000,22.42000000,24.20000000,133111101.32280000,0.81000000,3.46301838,9.70915312,22.60200000,23.35400000,22.56533333,21.52300000,21.01920000,20.31200000,20.23885714,19.82250000,19.43044444,19.48320000,20.39066667,55.86270000,22.54785603,21.60437510,0.94348093,0.81926548,0.12421545,62.39840366,59.50531432,52.31229867,52.18504818,52.21025053,52.13464350,21.52300000,26.59870519,16.44729481,83505071.57848004,100830328.20522001
2022-07-29,24.21000000,25.37000000,23.46000000,24.49000000,115555937.20320000,0.29000000,1.19834711,7.88930194,22.74200000,23.33100000,22.88066667,21.75300000,21.28200000,20.53533333,20.35371429,20.03075000,19.60688889,19.48480000,20.33700000,55.56335000,22.84664741,21.81812509,1.02852232,0.86111685,0.16740547,64.05352823,60.38118846,52.77867813,62.23447657,55.55165921,75.60011129,21.75300000,26.93295367,16.57304633,96093965.58836003,95442910.40465000
2022-07-30,24.49000000,25.83000000,23.91000000,24.23000000,96753191.04250000,-0.26000000,-1.06165782,7.83993467,23.40400000,23.39500000,23.20600000,22.00650000,21.53000000,20.77666667,20.43571429,20.20900000,19.73844444,19.52780000,20.30050000,55.23655000,23.05947089,21.99678249,1.06268839,0.90143116,0.16125724,61.15732216,59.13030260,52.30016393,66.33041538,59.14457793,80.70209027,22.00650000,27.14824361,16.86475639,98458576.84572002,88932920.26789001
2022-07-31,24.24000000,25.22000000,23.53000000,23.72000000,56527396.83090000,-0.51000000,-2.10482872,6.97194719,24.00600000,23.26800000,23.37066667,22.32500000,21.71200000,21.03000000,20.54971429,20.37950000,19.91466667,19.60420000,20.30116667,54.87545000,23.16109075,22.12442824,1.03666252,0.92847743,0.10818509,55.27445619,56.62030326,51.34729292,66.35403488,61.54773025,75.96664414,22.32500000,27.02219961,17.62780039,99234917.42308001,83585307.82354000
2022-08-01,23.72000000,24.33000000,22.96000000,23.57000000,62745803.36200000,-0.15000000,-0.63237774,5.77571669,24.04200000,23.26200000,23.56666667,22.66600000,21.84760000,21.27133333,20.67114286,20.56650000,20.08311111,19.72980000,20.28350000,54.54505000,23.22399987,22.23150763,0.99249224,0.94128039,0.05121185,53.45949366,55.85950375,51.06177625,65.57360287,62.88968779,70.94143304,22.66600000,26.58481507,18.74718493,92938685.95228003,80609779.37009999
2022-08-02,23.58000000,24.00000000,22.24000000,22.85000000,64873075.04730000,-0.72000000,-3.05473059,7.46395250,23.77200000,23.18700000,23.49333333,22.86700000,21.97280000,21.47800000,20.80628571,20.68050000,20.26133333,19.86460000,20.28100000,54.20735000,23.16646143,22.27732188,0.88913955,0.93085222,-0.04171267,44.95672547,52.18756946,49.67819593,61.23165881,62.33701146,59.02095352,22.86700000,26.34496734,19.38903266,79291080.69718002,81398076.13782999
2022-08-03,22.85000000,24.19000000,22.28000000,23.04000000,58666961.28970000,0.19000000,0.83150985,8.35886214,23.48200000,23.11200000,23.38133333,23.03100000,22.09880000,21.64866667,20.95628571,20.74475000,20.41422222,19.99440000,20.25550000,53.85765000,23.14700582,22.33381655,0.81318927,0.90731963,-0.09413036,47.59610253,53.07555649,50.05087998,59.34552201,61.33984831,55.35686941,23.03100000,26.18647244,19.87552756,67913285.51448002,82003625.55142000
2022-08-04,23.04000000,24.00000000,22.88000000,23.36000000,46603456.16960000,0.32000000,1.38888889,4.86111111,23.30800000,23.35600000,23.36600000,23.23150000,22.26680000,21.82633333,21.13828571,20.79475000,20.55333333,20.09540000,20.24183333,53.51325000,23.17977416,22.40983014,0.76994402,0.87984451,-0.10990049,52.22595169,54.62393651,50.69264508,58.24695536,60.30888400,54.12309810,23.23150000,25.86929234,20.59370766,57883338.53990002,78170957.69281000
2022-08-05,23.36000000,24.98000000,23.11000000,24.95000000,71911103.72390001,1.59000000,6.80650685,8.00513699,23.55400000,23.78000000,23.36333333,23.41650000,22.57080000,22.01900000,21.39057143,20.92525000,20.73222222,20.27860000,20.22450000,53.20465000,23.45211659,22.59799087,0.85412572,0.87470075,-0.02057503,68.70933702,61.50853442,53.77216063,63.99379197,61.53718665,68.90700260,23.41650000,25.98729365,20.84570635,60960079.91850003,80097498.67078999
2022-08-06,24.95000000,26.94000000,24.71000000,26.63000000,90802307.61470000,1.68000000,6.73346693,8.93787575,24.16600000,24.10400000,23.56333333,23.71650000,22.96600000,22.23400000,21.68485714,21.10800000,20.96644444,20.49140000,20.25833333,52.90780000,23.94102173,22.89665821,1.04436352,0.90863331,0.13573021,78.23212027,67.23809852,56.75032785,73.79727975,65.62388435,90.14407055,23.71650000,26.31830727,21.11469273,66571380.76904003,79755033.36066000
2022-08-07,26.64000000,28.50000000,25.82000000,27.90000000,100105202.97409999,1.27000000,4.76905745,10.06006006,25.17600000,24.47400000,23.85000000,23.91400000,23.32880000,22.50666667,22.00628571,21.35250000,21.18000000,20.75280000,20.31500000,52.63425000,24.55009531,23.26727612,1.28281919,0.98347048,0.29934871,82.94151657,70.82008658,58.84192656,79.33663166,70.19480012,97.62029473,23.91400000,27.11997075,20.70802925,73617806.35440002,76454443.52579001
2022-08-08,27.89000000,30.89000000,27.57000000,27.91000000,153304278.19400001,0.01000000,0.03584229,11.90390821,26.15000000,24.81600000,24.12466667,24.07350000,23.65480000,22.77400000,22.29171429,21.60550000,21.34533333,20.98780000,20.37333333,52.37715000,25.06700373,23.61118160,1.45582213,1.07794081,0.37788132,82.97631664,70.84746550,58.85827430,74.74079875,71.71013300,80.80213026,24.07350000,27.73356198,20.41343802,92545269.73526002,80229277.62487000
2022-08-09,27.90000000,28.81000000,26.96000000,27.42000000,103796158.71610001,-0.49000000,-1.75564314,6.63082437,26.96200000,25.13500000,24.55800000,24.26500000,23.97760000,23.04933333,22.56000000,21.86625000,21.48000000,21.19420000,20.46233333,52.18395000,25.42900315,23.89331629,1.53568686,1.16949002,0.36619684,74.08899719,67.46379843,57.68673161,69.78866352,71.06964317,67.22670422,24.26500000,28.20836485,20.32163515,103983810.24456003,80933574.39223000
2022-08-10,27.41000000,30.20000000,26.60000000,29.18000000,137305889.06009999,1.76000000,6.41867250,13.13389274,27.80800000,25.68100000,25.12266667,24.47450000,24.29480000,23.44366667,22.84600000,22.19275000,21.69000000,21.43980000,20.61700000,52.03095000,26.00607959,24.28492249,1.72115710,1.27982344,0.44133366,82.27279304,72.59280290,60.62424264,73.26951364,71.80293333,76.20267426,24.47450000,28.98453314,19.96446686,117062767.31180003,89011423.61515000
2022-08-11,29.17000000,30.09000000,28.31000000,28.53000000,103317894.79290000,-0.65000000,-2.22755312,6.10215975,28.18800000,26.17700000,25.46533333,24.71950000,24.61080000,23.83633333,23.08457143,22.49775000,21.89466667,21.68860000,20.80433333,51.84945000,26.39437504,24.59937268,1.79500236,1.38285922,0.41214314,72.17065808,68.25762757,59.04457037,73.04301296,72.21629321,74.69645248,24.71950000,29.55686107,19.88213893,119565884.74744003,93068632.75824001
2022-08-12,28.53000000,29.45000000,28.07000000,29.34000000,58337335.93160000,0.81000000,2.83911672,4.83701367,28.47600000,26.82600000,25.80800000,25.00650000,24.82640000,24.18666667,23.35942857,22.81500000,22.14400000,21.90960000,21.02483333,51.68085000,26.84754811,24.95053026,1.89701785,1.48569095,0.41132690,76.48785690,70.64111508,60.38676665,75.57840481,73.33699708,80.06122029,25.00650000,30.22990190,19.78309810,111212311.33894002,92415058.84667000
2022-08-13,29.33000000,30.35000000,28.87000000,29.16000000,69907009.00870000,-0.18000000,-0.61349693,5.04602796,28.72600000,27.43800000,26.11933333,25.27500000,25.00400000,24.50000000,23.62428571,23.09600000,22.39666667,22.08340000,21.23500000,51.48660000,27.20330994,25.26234283,1.94096711,1.57674618,0.36422093,73.44937973,69.37820450,59.93132857,76.30676859,74.32692091,80.26646394,25.27500000,30.77961051,19.77038949,94532857.50188002,93539063.61857000
2022-08-14,29.16000000,29.85000000,27.84000000,28.18000000,64988394.32610000,-0.98000000,-3.36076818,6.89300412,28.87800000,27.92000000,26.38266667,25.63800000,25.18760000,24.79433333,23.88200000,23.34975000,22.64533333,22.21980000,21.39950000,51.29815000,27.35356995,25.47846558,1.87510436,1.63641782,0.23868655,58.31461389,62.71852925,57.46893380,69.58746817,72.74710333,63.26819783,25.63800000,30.88487616,20.39112384,86771304.62388003,95377557.43422000
2022-08-15,28.19000000,29.30000000,27.03000000,27.88000000,64486401.72400000,-0.30000000,-1.06458481,8.05250089,28.61800000,28.21300000,26.66000000,25.99650000,25.30320000,25.01533333,24.18285714,23.56750000,22.90666667,22.38280000,21.60100000,51.11405000,27.43455919,25.65635702,1.77820216,1.66477469,0.11342748,54.21113241,60.77045188,56.72445440,59.93536668,68.47652445,42.85305114,25.99650000,30.78545780,21.20754220,72207407.15666002,94635087.23423001
2022-08-16,27.87000000,28.41000000,26.93000000,27.10000000,53465184.09860000,-0.78000000,-2.79770445,5.31036957,28.33200000,28.26000000,26.89533333,26.18200000,25.44200000,25.23100000,24.47857143,23.74050000,23.14600000,22.53840000,21.78616667,50.91450000,27.38308854,25.76329354,1.61979500,1.65577875,-0.03598375,44.45182011,55.85009961,54.79850441,43.84191500,60.26498797,10.99576908,26.18200000,30.83122676,21.53277324,62236865.01780002,90901374.88262001
2022-08-17,27.11000000,28.23000000,25.26000000,25.55000000,74164986.61360000,-1.55000000,-5.71955720,10.95536702,27.57400000,28.02500000,27.07533333,26.24950000,25.52000000,25.28433333,24.67057143,23.88625000,23.34377778,22.68700000,21.96483333,50.68280000,27.10107492,25.74749402,1.35358090,1.59533918,-0.24175828,31.10066690,47.51092817,51.19424282,31.12709199,50.55235598,-7.72343597,26.24950000,30.81603030,21.68296970,65402395.15420002,88307353.24656999
2022-08-18,25.56000000,26.29000000,23.95000000,24.21000000,47936727.79770000,-1.34000000,-5.24461840,9.15492958,26.58400000,27.65500000,27.15333333,26.23550000,25.53680000,25.26733333,24.79771429,23.99425000,23.48355556,22.81540000,22.09900000,50.46405000,26.65629416,25.63360557,1.02268859,1.48080906,-0.45812047,23.71218579,41.64634080,48.32681635,22.10556133,41.07009109,-15.82349820,26.23550000,30.82639476,21.64460524,61008338.91200002,77770598.20694000
2022-08-19,24.20000000,24.43000000,21.32000000,22.44000000,94492597.62790000,-1.77000000,-7.31102850,12.85123967,25.43600000,27.15700000,27.09200000,26.14600000,25.59760000,25.22900000,24.88600000,24.07625000,23.58155556,22.92440000,22.18800000,50.22690000,26.00763352,25.39704220,0.61059133,1.30676552,-0.69617419,17.22567193,35.35735341,44.86332212,18.87140781,33.67053000,-10.72683657,26.14600000,30.96561082,21.32638918,66909179.57236002,76840242.09812000
2022-08-20,22.44000000,23.09000000,21.63000000,22.30000000,57061226.71970000,-0.14000000,-0.62388592,6.50623886,24.32000000,26.46900000,26.91533333,26.07500000,25.66120000,25.13933333,24.91600000,24.20000000,23.65111111,23.04800000,22.27800000,49.97175000,25.43722837,25.16763166,0.26959670,1.09933175,-0.82973505,16.78973895,34.90257001,44.59951012,16.19850960,27.84652320,-7.09751760,26.07500000,31.08323532,21.06676468,65424144.57150002,68815775.86408000
2022-08-21,22.30000000,23.55000000,22.15000000,22.97000000,53636289.78070000,0.67000000,3.00448430,6.27802691,23.49400000,25.91300000,26.67133333,26.04500000,25.64440000,25.11733333,24.98285714,24.35550000,23.71311111,23.18080000,22.39266667,49.74765000,25.05765477,25.00484413,0.05281064,0.89002753,-0.83721689,27.34856763,38.99892582,46.17994790,16.88981482,24.19428707,2.28087031,26.04500000,31.12311610,20.96688390,65458365.70792003,63847615.36285999
2022-08-22,22.98000000,23.00000000,21.61000000,22.55000000,47474582.58750000,-0.42000000,-1.82847192,6.04873803,22.89400000,25.23400000,26.31466667,26.03000000,25.57840000,25.08233333,24.94285714,24.44850000,23.77600000,23.29880000,22.46366667,49.51820000,24.67186173,24.82300383,-0.15114210,0.68179360,-0.83293570,24.96550755,37.38994203,45.33399596,16.06644161,21.48500525,5.22931432,26.03000000,31.14945721,20.91054279,60120284.90270002,62761340.02845000
2022-08-23,22.56000000,23.74000000,21.83000000,23.50000000,62474113.71160000,0.95000000,4.21286031,8.46631206,22.75200000,24.66800000,26.02066667,26.05300000,25.53880000,25.07266667,24.90800000,24.54200000,23.85622222,23.41040000,22.51416667,49.24685000,24.49157531,24.72500354,-0.23342823,0.49874924,-0.73217747,39.31769337,43.17492299,47.59960283,19.81705965,20.92902338,17.59313219,26.05300000,31.11975896,20.98624104,63027762.08548002,62018050.49874000
2022-08-24,23.52000000,23.64000000,22.81000000,23.01000000,43048285.01830000,-0.49000000,-2.08510638,3.52891156,22.86600000,24.15100000,25.72666667,26.03550000,25.49000000,25.14233333,24.89142857,24.63350000,23.94177778,23.51000000,22.54166667,48.97685000,24.26364065,24.59796624,-0.33432560,0.33213427,-0.66645987,35.15565556,41.04119590,46.56100959,21.15683620,21.00496099,21.46058661,26.03550000,31.14367085,20.92732915,52738899.56356002,59824039.56796000
2022-08-25,23.02000000,23.65000000,22.67000000,22.99000000,38241132.97860000,-0.02000000,-0.08691873,4.25716768,23.00400000,23.66200000,25.31400000,25.93750000,25.46080000,25.21833333,24.83428571,24.67700000,24.06711111,23.58640000,22.59600000,48.69715000,24.06769593,24.47885763,-0.41116170,0.18347508,-0.59463678,34.97432023,40.95108130,46.51778026,22.16051501,21.39014566,23.70125371,25.93750000,31.20604369,20.66895631,48974880.81534002,57199512.69341999
2022-08-26,22.99000000,23.23000000,20.34000000,20.66000000,84942786.88750000,-2.33000000,-10.13484124,12.57068291,22.54200000,23.01800000,24.78933333,25.63900000,25.34440000,25.12733333,24.74942857,24.67775000,24.15400000,23.59600000,22.61833333,48.38445000,23.54343502,24.19597929,-0.65254427,0.01627121,-0.66881548,20.32093258,32.01667247,41.79996111,16.56639376,19.78222836,10.13472456,25.63900000,31.39616999,19.88183001,55236180.23670002,60347272.97230999
2022-08-27,20.65000000,20.91000000,19.79000000,20.03000000,47965033.33970000,-0.63000000,-3.04937076,5.42372881,22.03800000,22.46600000,24.16866667,25.24550000,25.23160000,24.98833333,24.64742857,24.57975000,24.18066667,23.60220000,22.65016667,48.05290000,23.00290655,23.88738823,-0.88448168,-0.16387937,-0.72060231,17.88905341,30.08085747,40.63713852,12.76840044,17.44428572,3.41662987,25.24550000,31.41316944,19.07783056,55334270.38714002,57727277.64492001
2022-08-28,20.04000000,20.47000000,18.05000000,18.53000000,48794607.60130000,-1.50000000,-7.48876685,12.07584830,21.04400000,21.89800000,23.46000000,24.77650000,25.05120000,24.78966667,24.49714286,24.42500000,24.15333333,23.57500000,22.66250000,47.69530000,22.31476708,23.49054466,-1.17577757,-0.36625901,-0.80951856,13.33089339,25.99797850,38.01007585,11.32421775,15.40426306,3.16412712,24.77650000,31.49316984,18.05983016,52598369.16508003,57813065.62528000
2022-08-29,18.53000000,19.47000000,17.48000000,19.32000000,96618014.28090000,0.79000000,4.26335672,10.73934161,20.30600000,21.58600000,22.86933333,24.37150000,24.88960000,24.62600000,24.45142857,24.31825000,24.15266667,23.57820000,22.70133333,47.33610000,21.85403369,23.18161542,-1.32758174,-0.55852356,-0.76905818,25.35183343,31.35141068,40.13687243,17.34713558,16.05188724,19.93763227,24.37150000,31.38719151,17.35580849,63312315.01760002,58025607.29058000
2022-08-30,19.32000000,20.66000000,18.87000000,19.39000000,94435865.16230001,0.07000000,0.36231884,9.26501035,19.58600000,21.29500000,22.30333333,23.88200000,24.66720000,24.48166667,24.41371429,24.17825000,24.11133333,23.61900000,22.75583333,47.02430000,21.47495158,22.90075502,-1.42580344,-0.73197953,-0.69382391,26.43672753,31.82811984,40.32616917,21.73515109,17.94630852,29.31283623,23.88200000,30.85104615,16.91295385,74551261.45434003,61763071.13484000
2022-08-31,19.40000000,20.07000000,18.99000000,19.14000000,57342208.65640000,-0.25000000,-1.28932439,5.56701031,19.28200000,20.91200000,21.77266667,23.41250000,24.36760000,24.33400000,24.29228571,24.06600000,24.07822222,23.66680000,22.80266667,46.71345000,21.11572826,22.62218058,-1.50645232,-0.88687409,-0.61957823,24.88663510,30.98968451,39.85648268,23.32929136,19.74063613,30.50660180,23.41250000,30.32808385,16.49691615,69031145.80812003,62133663.02241001
2022-09-01,19.14000000,19.47000000,18.33000000,19.33000000,38594956.88140000,0.19000000,0.99268548,5.95611285,19.14200000,20.59000000,21.35800000,22.91200000,24.02480000,24.21666667,24.15314286,23.95925000,23.97555556,23.67680000,22.84733333,46.42055000,20.84100084,22.37831535,-1.53731451,-1.01696217,-0.52035234,28.69938247,32.46468336,40.40692761,25.54745842,21.67624356,33.28988813,22.91200000,29.46047061,16.36352939,67157130.51646003,61245700.45180000
2022-09-02,19.32000000,19.66000000,18.68000000,18.86000000,38625221.54250000,-0.47000000,-2.43145370,5.07246377,19.20800000,20.12600000,21.00133333,22.39700000,23.66280000,24.07733333,23.99228571,23.83600000,23.84533333,23.65880000,22.86300000,46.10555000,20.53623148,22.11769940,-1.58146792,-1.12986332,-0.45160460,24.94130680,30.69429653,39.47438626,24.48706844,22.61318519,28.23483495,22.39700000,28.48008128,16.31391872,65123253.30470003,58860811.23489000
2022-09-03,18.86000000,19.01000000,18.57000000,18.89000000,16369829.95450000,0.03000000,0.15906681,2.33297985,19.12200000,19.71400000,20.76466667,21.93250000,23.32160000,23.92833333,23.83971429,23.78525000,23.74088889,23.64960000,22.87733333,45.73515000,20.28296510,21.87861055,-1.59564546,-1.22301975,-0.37262571,25.68666386,30.95647193,39.56728102,24.49862534,23.24166524,27.01254554,21.93250000,27.55780327,16.30719673,49073616.43942003,56192965.72851000
2022-09-04,18.89000000,19.15000000,18.73000000,19.01000000,21551297.10630000,0.12000000,0.63525675,2.22339862,19.04600000,19.31600000,20.54533333,21.48900000,22.91480000,23.73033333,23.70514286,23.74275000,23.60800000,23.60480000,22.87466667,45.35360000,20.08712431,21.66612088,-1.57899657,-1.29421511,-0.28478146,29.06769136,32.07767442,39.95195628,31.20122156,25.89485068,41.81396332,21.48900000,26.50567913,16.47232087,34496702.82822002,54523982.14128000
2022-09-05,19.02000000,19.49000000,18.44000000,19.44000000,25508294.31220000,0.43000000,2.26196739,5.52050473,19.10600000,19.19400000,20.31000000,21.10600000,22.55120000,23.49066667,23.58714286,23.64400000,23.51488889,23.58100000,22.86233333,45.00960000,19.98756673,21.50122304,-1.51365631,-1.33810335,-0.17555296,40.67403022,36.13201355,41.34792638,41.34588775,31.04519637,61.94727050,21.10600000,25.44250065,16.76949935,28129919.95938002,48580532.88375000
2022-09-06,19.45000000,20.49000000,18.15000000,18.21000000,67442239.49240001,-1.23000000,-6.32716049,12.03084833,18.88200000,19.01200000,20.02066667,20.73900000,22.10600000,23.16766667,23.45457143,23.49425000,23.39511111,23.46620000,22.83716667,44.68230000,19.71409492,21.25742874,-1.54333382,-1.37914945,-0.16418437,26.04547716,30.45861940,38.66496203,35.21591678,32.43543650,40.77687733,20.73900000,24.71971086,16.75828914,33899376.48158003,50528253.49902000
2022-09-07,18.21000000,19.31000000,17.84000000,19.01000000,35050761.10090000,0.80000000,4.39319055,8.07248764,18.91200000,19.06000000,19.72133333,20.47900000,21.70000000,22.87100000,23.33942857,23.35725000,23.28888889,23.35200000,22.82250000,44.35230000,19.60577263,21.09095254,-1.48517991,-1.40035554,-0.08482437,42.25483799,37.42958969,41.25211259,37.30706509,34.05931270,43.80256986,20.47900000,24.17418549,16.78381451,33184484.39326002,49153868.84898000
2022-09-08,19.00000000,19.16000000,18.40000000,19.13000000,34930709.81680000,0.12000000,0.63124671,4.00000000,18.96000000,19.04100000,19.46266667,20.31350000,21.33800000,22.59466667,23.21857143,23.22975000,23.24911111,23.26280000,22.82200000,44.06110000,19.53257684,20.94569679,-1.41311996,-1.40290842,-0.01021153,44.44655585,38.43938350,41.63743308,41.09779182,36.40547241,50.48243065,20.31350000,23.93463256,16.69236744,36896660.36572002,42985138.40257000
2022-09-09,19.13000000,20.81000000,19.10000000,20.38000000,53253439.09050000,1.25000000,6.53423941,8.93883952,19.23400000,19.14000000,19.28866667,20.21750000,21.03800000,22.30133333,23.08800000,23.14625000,23.24177778,23.17060000,22.87250000,43.81280000,19.66294963,20.90379333,-1.24084370,-1.37049548,0.12965178,62.32228067,47.97953476,45.52133696,55.90582305,42.90558929,81.90629058,20.21750000,23.71663598,16.71836402,43237088.76256002,38866895.79538999
2022-09-10,20.39000000,21.17000000,20.04000000,20.44000000,47427759.27170000,0.06000000,0.29440628,5.54193232,19.43400000,19.27000000,19.27400000,20.09100000,20.77160000,22.03166667,22.91114286,23.06800000,23.17622222,23.10680000,22.93400000,43.54290000,19.78249584,20.86943827,-1.08694242,-1.31378487,0.22684244,63.00790168,48.39827655,45.70232089,63.29657473,49.70258443,90.48455531,20.09100000,23.34553465,16.83646535,47620981.75446002,37875450.85692000
2022-09-11,20.44000000,20.95000000,19.95000000,20.68000000,35240722.97000000,0.24000000,1.17416830,4.89236791,19.92800000,19.40500000,19.31733333,19.99750000,20.57680000,21.74300000,22.70485714,23.01375000,23.09800000,23.04840000,22.96483333,43.27895000,19.92057340,20.85540580,-0.93483240,-1.23799437,0.30316198,65.97944551,50.14929971,46.44492540,70.62614491,56.67710459,98.52422555,19.99750000,23.05613317,16.93886683,41180678.44998002,37540027.46578000
2022-09-12,20.67000000,21.91000000,20.06000000,21.38000000,99043842.08100000,0.70000000,3.38491296,8.95016933,20.40200000,19.65700000,19.50733333,19.89150000,20.46360000,21.48366667,22.51828571,22.97225000,23.02888889,23.00020000,22.99183333,43.00390000,20.14510057,20.89426463,-0.74916406,-1.14022831,0.39106425,73.44534154,55.00717442,48.58503523,76.07672560,63.14364493,101.94288695,19.89150000,22.56127054,17.22172946,53979294.64600003,43581889.51963000
2022-09-13,21.38000000,21.80000000,18.76000000,18.87000000,92668116.27069999,-2.51000000,-11.73994387,14.21889616,20.35000000,19.65500000,19.47733333,19.68450000,20.32080000,21.17333333,22.27400000,22.86000000,22.90977778,22.95920000,22.98383333,42.69335000,19.94893125,20.74431910,-0.79538785,-1.07126022,0.27587237,37.77522462,39.82598462,42.26555832,59.15352550,61.81360512,53.83336627,19.68450000,21.94714377,17.42185623,65526775.93678002,51211718.15125000
2022-09-14,18.87000000,19.31000000,18.44000000,19.12000000,47348631.70980000,0.25000000,1.32485427,4.61049285,20.09800000,19.66600000,19.45933333,19.49100000,20.19360000,20.88133333,21.98657143,22.71425000,22.80755556,22.92740000,22.94833333,42.37990000,19.82140337,20.62399917,-0.80259580,-1.01752733,0.21493153,41.18908494,41.57792099,43.03563078,49.91889415,57.84870146,34.05927953,19.49100000,21.14288122,17.83911878,64345814.46064003,53791451.61160000
2022-09-15,19.12000000,19.37000000,18.09000000,18.21000000,46901200.10050000,-0.91000000,-4.75941423,6.69456067,19.65200000,19.54300000,19.39733333,19.36850000,20.00320000,20.58500000,21.69171429,22.50375000,22.68844444,22.82380000,22.90800000,42.09560000,19.57349516,20.44518442,-0.87168926,-0.98835972,0.11667046,33.22656570,37.26919129,40.96049459,36.30956580,50.66898958,7.59071824,19.36850000,21.01874113,17.71825887,64240502.62640002,55930742.19043000
2022-09-16,18.21000000,18.31000000,17.56000000,18.05000000,38526933.67310000,-0.16000000,-0.87863811,4.11861614,19.12600000,19.52700000,19.31200000,19.26950000,19.82320000,20.33500000,21.36914286,22.25750000,22.58177778,22.70080000,22.80966667,41.76315000,19.33911129,20.26776335,-0.92865206,-0.97641819,0.04776613,31.92444413,36.54282489,40.60130772,27.96116647,43.09971521,-2.31593100,19.26950000,20.98877127,17.55022873,64897744.76702002,53039211.60850000
2022-09-17,18.05000000,18.59000000,18.04000000,18.48000000,23994677.90400000,0.43000000,2.38227147,3.04709141,18.54600000,19.47400000,19.28666667,19.26700000,19.62240000,20.14400000,21.06400000,22.02175000,22.48044444,22.58060000,22.70566667,41.42110000,19.20694032,20.13533643,-0.92839611,-0.96681377,0.03841766,39.56280380,39.97279948,42.02695871,25.69058608,37.29667216,2.47841390,19.26700000,20.99093796,17.54306204,49887911.93162002,51933603.28881000
2022-09-18,18.48000000,18.78000000,16.29000000,16.70000000,65818534.25250000,-1.78000000,-9.63203463,13.47402597,18.11200000,19.23100000,19.14066667,19.13600000,19.37000000,19.95266667,20.73600000,21.75375000,22.33244444,22.43000000,22.59083333,41.08780000,18.82125719,19.88086707,-1.05960987,-0.98537299,-0.07423688,25.40363907,32.13014676,38.07912995,19.55884861,31.38406431,-4.09158280,19.13600000,21.20635619,17.06564381,44517995.52798002,55022385.73238000
2022-09-19,16.70000000,17.38000000,16.39000000,17.28000000,40842271.38730000,0.58000000,3.47305389,5.92814371,17.74400000,18.92100000,19.02533333,19.03050000,19.14160000,19.78533333,20.43314286,21.45625000,22.16200000,22.30120000,22.46233333,40.78170000,18.58414070,19.68821025,-1.10406955,-1.00911230,-0.09495724,34.56111342,36.55493811,39.99561198,18.91111853,27.22641572,2.28052414,19.03050000,21.25561478,16.80538522,43216723.46348002,53781268.96206000
2022-09-20,17.28000000,17.43000000,16.58000000,16.65000000,30790481.14050000,-0.63000000,-3.64583333,4.91898148,17.43200000,18.54200000,18.83933333,18.90600000,18.98120000,19.57466667,20.13457143,21.15925000,21.94022222,22.16280000,22.34600000,40.48600000,18.28658059,19.46315764,-1.17657704,-1.04260525,-0.13397179,29.79376154,33.93346610,38.64010439,14.74264367,23.06515837,-1.90238573,18.90600000,21.37102610,16.44097390,39994579.67148002,52117541.14894000
2022-09-21,16.65000000,17.94000000,16.19000000,16.55000000,52921370.21920000,-0.10000000,-0.60060060,10.51051051,17.13200000,18.12900000,18.72866667,18.76700000,18.84200000,19.37466667,19.87742857,20.83950000,21.68800000,22.03680000,22.22850000,40.18535000,18.01941435,19.24736818,-1.22795383,-1.07967497,-0.14827887,29.03099420,33.51725313,38.42440959,11.96746654,19.36592776,-2.82945588,18.76700000,21.43640640,16.09759360,42873466.98070003,53885605.87386000
2022-09-22,16.54000000,17.88000000,16.39000000,17.68000000,35134402.10740000,1.13000000,6.82779456,9.00846433,16.97200000,17.75900000,18.64000000,18.70800000,18.80800000,19.18066667,19.69085714,20.55250000,21.46066667,21.92960000,22.12666667,39.91120000,17.96719676,19.13126684,-1.16407008,-1.09655399,-0.06751609,47.31944076,42.24922281,42.22707062,23.59675967,20.77620506,29.23786888,18.70800000,21.42056414,15.99543586,45101411.82138003,47494661.87650000
2022-09-23,17.68000000,18.24000000,17.15000000,17.97000000,34336321.97010000,0.29000000,1.64027149,6.16515837,17.22600000,17.66900000,18.56266667,18.66200000,18.75400000,19.01266667,19.56314286,20.29725000,21.25066667,21.82180000,22.07750000,39.64260000,17.96762803,19.04524707,-1.07761904,-1.09276700,0.01514796,51.19284142,44.29748789,43.16697306,34.38945403,25.31395472,52.54045266,18.66200000,21.39271111,15.93128889,38804969.36490002,41661482.44644000
2022-09-24,17.97000000,18.19000000,17.54000000,17.60000000,20411672.76650000,-0.37000000,-2.05898720,3.61713968,17.29000000,17.51700000,18.37733333,18.59150000,18.68240000,18.83300000,19.42885714,20.04025000,20.99333333,21.67480000,22.02566667,39.36560000,17.91106987,18.93819173,-1.02712186,-1.07963797,0.05251611,46.01309537,42.21360615,42.25182577,41.07302084,30.56697676,62.08510899,18.59150000,21.35696579,15.82603421,34718849.64074002,38967786.55211000
2022-09-25,17.60000000,17.88000000,17.13000000,17.32000000,15033056.61300000,-0.28000000,-1.59090909,4.26136364,17.42400000,17.42800000,18.16933333,18.48550000,18.60960000,18.72166667,19.26742857,19.79575000,20.74422222,21.48860000,21.92450000,39.06405000,17.82013604,18.81832568,-0.99818964,-1.06334831,0.06515867,42.14103612,40.63547120,41.55613811,41.92512843,34.35302732,57.06933067,18.48550000,21.27642873,15.69457127,31567364.73524002,35780972.20336000
2022-09-26,17.32000000,17.59000000,16.97000000,17.57000000,23207341.00840000,0.25000000,1.44341801,3.57967667,17.62800000,17.38000000,17.96200000,18.45350000,18.53920000,18.63966667,19.12514286,19.59625000,20.48266667,21.28200000,21.81400000,38.78225000,17.78165357,18.72585711,-0.94420354,-1.03951935,0.09531582,46.92627212,42.72119211,42.43913969,45.71070338,38.13891934,60.85427147,18.45350000,21.27226625,15.63473375,25624558.89308002,34249012.93689000
2022-09-27,17.57000000,18.50000000,16.99000000,17.30000000,53906064.59110000,-0.27000000,-1.53671030,8.59419465,17.55200000,17.26200000,17.69000000,18.36800000,18.47680000,18.59866667,18.94800000,19.42350000,20.21911111,21.06980000,21.69416667,38.51265000,17.70755302,18.62023806,-0.91268504,-1.01415249,0.10146745,42.38337173,41.02306727,41.72863988,46.49111827,40.92298565,57.62738352,18.36800000,21.21924239,15.51675761,29378891.38982003,37240151.60560000
2022-09-28,17.30000000,17.45000000,16.73000000,17.26000000,33619299.30010000,-0.04000000,-0.23121387,4.16184971,17.41000000,17.31800000,17.58266667,18.27450000,18.41160000,18.53000000,18.78371429,19.29400000,19.97644444,20.86660000,21.57800000,38.24425000,17.63869871,18.51947969,-0.88078098,-0.98747819,0.10669721,41.66627246,40.76121391,41.62092177,46.43419429,42.76005520,53.78247247,18.27450000,21.14312135,15.40587865,29235486.85582002,34020228.11036000
2022-09-29,17.26000000,17.39000000,16.88000000,17.35000000,20605132.40840000,0.09000000,0.52143685,2.95480881,17.36000000,17.32500000,17.46466667,18.12300000,18.34520000,18.46200000,18.62257143,19.17025000,19.74244444,20.63000000,21.47183333,37.99130000,17.59428353,18.43285156,-0.83856804,-0.95769616,0.11912812,44.21467209,41.67502341,41.97260647,47.69494626,44.40501889,54.27480102,18.12300000,20.83943032,15.40656968,29274178.78420002,31996514.21247000
2022-09-30,17.35000000,17.74000000,17.01000000,17.20000000,34562981.09590000,-0.15000000,-0.86455331,4.20749280,17.33600000,17.38000000,17.39733333,17.96100000,18.25560000,18.39733333,18.52371429,19.02600000,19.52244444,20.40340000,21.36566667,37.73245000,17.53362452,18.34152923,-0.80790470,-0.92773787,0.11983316,40.66191415,40.53805159,41.53742741,44.59283937,44.46762572,44.84326669,17.96100000,20.47449118,15.44750882,33180163.68078002,32373764.20801000
2022-10-01,17.21000000,17.30000000,16.86000000,16.95000000,10524442.53840000,-0.25000000,-1.45348837,2.55665311,17.21200000,17.42000000,17.32400000,17.77450000,18.20520000,18.31800000,18.43571429,18.88600000,19.33133333,20.15560000,21.26733333,37.46810000,17.44383613,18.23845299,-0.79461685,-0.90111366,0.10649681,35.03208526,38.62225755,40.80170744,33.87168576,40.93564573,19.74376582,17.77450000,19.97221628,15.57678372,30643583.98678003,28134071.43993000
2022-10-02,16.96000000,17.18000000,16.47000000,16.53000000,18046517.70100000,-0.42000000,-2.47787611,4.18632075,17.05800000,17.30500000,17.19400000,17.53200000,18.10600000,18.24033333,18.37857143,18.71175000,19.16066667,19.90300000,21.15883333,37.18035000,17.30324596,18.11190091,-0.80865495,-0.88262192,0.07396697,27.38755001,35.54370557,39.57295575,23.56634551,35.14587899,0.40727856,17.53200000,19.00565068,16.05834932,23471674.60876002,26425282.99929000
2022-10-03,16.54000000,17.32000000,16.34000000,17.14000000,25069377.13210000,0.61000000,3.69026013,5.92503023,17.03400000,17.22200000,17.22333333,17.44550000,18.02640000,18.18200000,18.31628571,18.56500000,19.04288889,19.68220000,21.05516667,36.86905000,17.27813120,18.03990825,-0.76177706,-0.85845295,0.09667589,47.39440506,42.77127115,42.21049374,28.05657602,32.78277800,18.60417206,17.44550000,18.78549961,16.10550039,21761690.17516003,25498588.51549000
2022-10-04,17.15000000,17.55000000,17.07000000,17.44000000,20051175.93750000,0.30000000,1.75029172,2.79883382,17.05200000,17.20600000,17.23400000,17.36150000,17.90880000,18.12966667,18.26057143,18.42625000,18.93488889,19.47340000,20.93000000,36.52770000,17.30303409,17.99547060,-0.69243652,-0.82524966,0.13281315,54.75205704,46.01877322,43.47660092,35.67969266,33.74841622,39.54224553,17.36150000,18.44574652,16.27725348,21650898.88098003,25462538.83259000
2022-10-05,17.45000000,17.49000000,16.94000000,17.39000000,22465876.39880000,-0.05000000,-0.28669725,3.15186246,17.09000000,17.21300000,17.28333333,17.32050000,17.78680000,18.06133333,18.21057143,18.34450000,18.81088889,19.27920000,20.77600000,36.16700000,17.31641346,17.95062093,-0.63420747,-0.78704122,0.15283375,53.26216060,45.54882519,43.31157293,39.99016547,35.82899930,48.31249781,17.32050000,18.32902106,16.31197894,19231477.94156002,26205820.81117000
2022-10-06,17.39000000,17.67000000,16.98000000,17.04000000,19965830.78570000,-0.35000000,-2.01265095,3.96779758,17.10800000,17.16000000,17.31600000,17.27000000,17.64120000,18.02233333,18.14514286,18.26975000,18.68844444,19.10900000,20.59500000,35.82800000,17.27388831,17.88316753,-0.60927922,-0.75148882,0.14220961,43.35268029,42.25374071,42.14312282,43.32677698,38.32825853,53.32381389,17.27000000,18.22441357,16.31558643,21119755.59102003,25881669.78890000
2022-10-07,17.04000000,17.17000000,16.72000000,16.90000000,17308008.56660000,-0.14000000,-0.82159624,2.64084507,17.18200000,17.12000000,17.26400000,17.19100000,17.46200000,17.95200000,18.08914286,18.22900000,18.54177778,18.96280000,20.41150000,35.48125000,17.21636703,17.81034030,-0.59397327,-0.71998571,0.12601244,39.79849560,40.96071991,41.67386300,42.21785132,39.62478946,47.40397504,17.19100000,17.96895684,16.41304316,20972053.76414002,22221864.18645000
2022-10-08,16.90000000,16.99000000,16.62000000,16.79000000,5695921.68690000,-0.11000000,-0.65088757,2.18934911,17.11200000,17.07300000,17.18533333,17.19550000,17.37880000,17.87400000,18.02914286,18.16575000,18.40355556,18.84980000,20.23433333,35.14530000,17.15077211,17.73475954,-0.58398744,-0.69278606,0.10879862,36.94287427,39.91379255,41.29685403,38.85951993,39.36969962,37.83916055,17.19550000,17.96246188,16.42853812,17097362.67510002,19429526.42513000
2022-10-09,16.79000000,16.99000000,16.70000000,16.90000000,6967302.04310000,0.11000000,0.65515188,1.72721858,17.00400000,17.02800000,17.13866667,17.17650000,17.29000000,17.75800000,17.96885714,18.10350000,18.26822222,18.74180000,20.02966667,34.79980000,17.11219178,17.67292550,-0.56073372,-0.66637559,0.10564187,41.94182215,41.54372158,41.84582857,39.94143434,39.56027786,40.70374730,17.17650000,17.95341089,16.39958911,14480587.89622002,18065743.38860000
2022-10-10,16.90000000,17.24000000,16.17000000,16.21000000,19644070.29960000,-0.69000000,-4.08284024,6.33136095,16.76800000,16.92900000,17.06466667,17.15450000,17.21000000,17.61700000,17.87657143,18.03025000,18.16933333,18.60660000,19.82433333,34.44305000,16.97339305,17.56456065,-0.59116760,-0.65133399,0.06016639,26.26722736,35.03948181,39.43214131,27.51651178,35.54568917,11.45815701,17.15450000,18.01464625,16.29435375,13916226.67638002,16573852.30897000
2022-10-11,16.21000000,16.32000000,15.59000000,15.95000000,24426447.77170000,-0.26000000,-1.60394818,4.50339297,16.55000000,16.82900000,16.95666667,17.12450000,17.12600000,17.45933333,17.81200000,17.94575000,18.07866667,18.47460000,19.60116667,34.10510000,16.81594796,17.44496356,-0.62901560,-0.64687031,0.01785471,22.47006729,32.92076056,38.55766664,24.11357196,31.73498343,8.87074901,17.12450000,18.10662391,16.14237609,14808350.07358002,17964052.83230000
2022-10-12,15.95000000,16.17000000,15.83000000,15.96000000,11123567.73490000,0.01000000,0.06269592,2.13166144,16.36200000,16.77200000,16.86733333,17.03850000,17.02520000,17.27866667,17.72485714,17.87325000,18.02155556,18.32380000,19.38116667,33.75560000,16.68426366,17.33496626,-0.65070260,-0.64763677,-0.00306583,22.98391451,33.09051419,38.61230382,22.00520182,28.49172289,9.03215967,17.03850000,18.11271991,15.96428009,13571461.90724002,17271757.83569000
2022-10-13,15.95000000,15.99000000,14.42000000,15.66000000,49173365.34810000,-0.30000000,-1.87969925,9.84326019,16.13600000,16.62400000,16.76066667,16.92300000,16.98360000,17.17166667,17.62571429,17.79250000,17.94022222,18.17680000,19.17250000,33.38450000,16.52668464,17.21089469,-0.68421005,-0.65495143,-0.02925862,18.55639312,30.55954089,37.56655684,27.38808326,28.12384302,25.91656376,16.92300000,18.06980517,15.77619483,22266950.63948002,19682156.65729000
2022-10-14,15.65000000,16.40000000,15.54000000,15.67000000,23800954.94860000,0.01000000,0.06385696,5.49520767,15.89000000,16.44700000,16.64866667,16.82650000,16.91920000,17.05666667,17.49114286,17.70900000,17.85755556,18.03040000,18.96900000,33.01495000,16.39488700,17.09675434,-0.70186734,-0.66433461,-0.03753273,19.17915219,30.75214152,37.62531544,31.07923500,29.10897368,35.01975764,16.82650000,18.05531672,15.59768328,25633681.22058002,20057134.55840000
2022-10-15,15.67000000,15.78000000,15.36000000,15.43000000,9036562.19140000,-0.24000000,-1.53158902,2.68028079,15.73400000,16.25100000,16.53066667,16.73200000,16.87040000,16.96400000,17.34800000,17.60875000,17.77511111,17.92580000,18.77450000,32.62840000,16.24644285,16.97329106,-0.72684821,-0.67683733,-0.05001088,15.71779007,28.67016819,36.75892904,32.65802428,30.29199054,37.39009174,16.73200000,18.08539884,15.37860116,23512179.59894002,18714203.13766000
2022-10-16,15.42000000,15.88000000,15.41000000,15.75000000,13369946.94680000,0.32000000,2.07388205,3.04798962,15.69400000,16.12200000,16.45066667,16.64100000,16.83840000,16.88733333,17.20714286,17.54725000,17.69555556,17.84020000,18.61116667,32.22925000,16.17006702,16.88267690,-0.71260988,-0.68399184,-0.02861804,34.60211004,35.06468919,38.72209724,37.49305637,32.69234582,47.09447748,16.64100000,18.00188052,15.28011948,21300879.43396002,18054614.75377000
2022-10-17,15.75000000,16.27000000,15.65000000,16.18000000,19846422.01250000,0.43000000,2.73015873,3.93650794,15.73800000,16.05000000,16.42733333,16.58500000,16.77840000,16.81066667,17.05857143,17.47650000,17.63600000,17.79320000,18.47733333,31.82310000,16.17159517,16.83062676,-0.65903159,-0.67899979,0.01996820,51.95915524,42.60697477,41.27809414,45.79915342,37.06128169,63.27489689,16.58500000,17.92369536,15.24630464,23045450.28948002,18308456.09836000
2022-10-18,16.17000000,16.36000000,15.54000000,15.88000000,24040475.96880000,-0.30000000,-1.85414091,5.07111936,15.78200000,15.95900000,16.34333333,16.51600000,16.69480000,16.78333333,16.97314286,17.39525000,17.56911111,17.72440000,18.36800000,31.41835000,16.12673438,16.76020997,-0.63347559,-0.66989495,0.03641936,42.51277260,39.14634874,40.06157036,47.79045216,40.63767185,62.09601280,16.51600000,17.85045672,15.18154328,18018872.41362002,20142911.52655000
2022-10-19,15.87000000,15.92000000,15.01000000,15.06000000,27939027.37330000,-0.82000000,-5.16372796,5.73408948,15.66000000,15.77500000,16.18466667,16.40150000,16.59320000,16.70933333,16.85714286,17.26225000,17.48133333,17.63780000,18.24733333,31.01240000,15.96262140,16.63426849,-0.67164709,-0.67024538,-0.00140171,26.63178352,31.51399358,36.95520467,42.63471222,41.30335197,45.29743271,16.40150000,17.82468065,14.97831935,18846486.89856002,22240084.05957000
2022-10-20,15.06000000,15.48000000,14.87000000,15.14000000,24150832.84790000,0.08000000,0.53120850,4.05046481,15.60200000,15.66800000,16.03466667,16.29850000,16.50600000,16.65900000,16.76942857,17.12975000,17.38577778,17.55780000,18.11683333,30.59785000,15.83606426,16.52358193,-0.68751767,-0.67369984,-0.01381784,29.70599531,32.90623380,37.44896777,40.54435360,41.05035251,39.53235577,16.29850000,17.77551370,14.82148630,21869341.02986002,22690760.31440000
2022-10-21,15.15000000,15.75000000,14.58000000,15.69000000,28502925.48780000,0.55000000,3.63276090,7.72277228,15.59000000,15.64200000,15.94466667,16.23550000,16.43080000,16.63033333,16.70200000,17.00500000,17.32977778,17.48500000,18.00250000,30.19550000,15.81359283,16.46183512,-0.64824229,-0.66860833,0.02036604,47.76337965,41.78244382,40.77648042,48.41004045,43.50358182,58.22295769,16.23550000,17.70296434,14.76803566,24895936.73806002,23098408.08601000
2022-10-22,15.69000000,15.93000000,15.52000000,15.69000000,10849899.70320000,0.00000000,0.00000000,2.61312938,15.49200000,15.61500000,15.86400000,16.19350000,16.36640000,16.56400000,16.62228571,16.86275000,17.25600000,17.42160000,17.87233333,29.81865000,15.79457855,16.40466215,-0.61008360,-0.65690338,0.04681978,47.76337965,41.78244382,40.77648042,52.60303063,46.53673142,64.73562903,16.19350000,17.67350391,14.71349609,23096632.27620002,23071041.28284000
2022-10-23,15.69000000,16.42000000,15.59000000,16.31000000,22490705.02680000,0.62000000,3.95156150,5.28999363,15.57800000,15.68000000,15.83200000,16.15200000,16.32840000,16.50866667,16.61114286,16.79875000,17.19333333,17.37000000,17.76066667,29.48550000,15.87387416,16.39765014,-0.52377598,-0.63027790,0.10650192,63.13556544,50.55753495,44.40646936,66.40926679,53.16090988,92.90598062,16.15200000,17.56529924,14.73870076,22786678.08780003,20402775.25071000
2022-10-24,16.31000000,16.49000000,15.63000000,15.75000000,16914865.27580000,-0.56000000,-3.43347639,5.27283875,15.71600000,15.68800000,15.75533333,16.06750000,16.26440000,16.44700000,16.56742857,16.71450000,17.09044444,17.30480000,17.64000000,29.12650000,15.85481660,16.34967605,-0.49485946,-0.60319421,0.10833475,47.86763671,44.01975651,41.98127549,64.69169270,57.00450415,80.06606979,16.06750000,17.35284861,14.78215139,20581845.66830003,19714166.28343000
2022-10-25,15.75000000,17.05000000,15.59000000,16.64000000,34578701.13670000,0.89000000,5.65079365,9.26984127,16.01600000,15.80900000,15.78400000,16.03000000,16.24200000,16.42433333,16.56714286,16.67525000,17.00600000,17.24880000,17.57300000,28.79140000,15.97561404,16.37118153,-0.39556749,-0.56166887,0.16610138,64.32222545,54.27196420,46.79964530,70.92806504,61.64569111,89.49281288,16.03000000,17.19059876,14.86940124,22667419.32606002,22268380.17796000
2022-10-26,16.63000000,17.34000000,16.63000000,17.00000000,34494169.40710000,0.36000000,2.16346154,4.26939266,16.27800000,15.93400000,15.85400000,16.02800000,16.24400000,16.40533333,16.58000000,16.64900000,16.92422222,17.22460000,17.52250000,28.45365000,16.13321188,16.41776068,-0.28454880,-0.50624485,0.22169606,69.06207485,57.69109309,48.60133378,76.51242983,66.60127069,96.33474812,16.02800000,17.18138586,14.87461414,23865668.10992002,24380802.42399000
2022-10-27,17.00000000,17.51000000,16.82000000,16.88000000,36663397.19410000,-0.12000000,-0.70588235,4.05882353,16.51600000,16.00400000,15.91533333,16.02700000,16.25800000,16.39133333,16.55714286,16.60900000,16.82422222,17.18200000,17.49500000,28.13300000,16.24810236,16.45200063,-0.20389827,-0.44577554,0.24187727,65.57725744,56.16402482,48.03549901,77.17438439,70.12564192,91.27186933,16.02700000,17.17723293,14.87676707,29028367.60810002,26062499.94215000
2022-10-28,16.89000000,18.40000000,16.73000000,18.33000000,48345341.05750000,1.45000000,8.59004739,9.88750740,16.92000000,16.24900000,16.09333333,16.10400000,16.30560000,16.42700000,16.56742857,16.64975000,16.81222222,17.16600000,17.47850000,27.85290000,16.56839431,16.59111169,-0.02271739,-0.36116391,0.33844652,80.12151759,67.50289295,54.68719714,84.17210268,74.80779551,102.90071703,16.10400000,17.61796864,14.59003136,34199294.81424002,28492986.45102000
2022-10-29,18.33000000,18.90000000,18.16000000,18.29000000,37576884.44580000,-0.04000000,-0.21822149,4.03709765,17.42800000,16.57200000,16.26800000,16.17350000,16.33960000,16.45833333,16.58714286,16.67500000,16.79377778,17.12420000,17.46016667,27.56280000,16.83325672,16.71695527,0.11630145,-0.26567083,0.38197228,79.01632936,66.98148893,54.48643144,84.74127833,78.11895645,97.98592210,16.17350000,17.94674294,14.40025706,38331698.64824002,29456772.15827000
2022-10-30,18.29000000,18.83000000,17.92000000,18.26000000,29975111.95360000,-0.03000000,-0.16402406,4.97539639,17.75200000,16.88400000,16.45666667,16.27600000,16.37440000,16.49366667,16.61400000,16.71525000,16.79488889,17.08060000,17.44550000,27.25310000,17.05275569,16.83125488,0.22150081,-0.16823651,0.38973731,78.04740900,66.56083921,54.33033574,83.51588181,79.91793157,90.71178228,16.27600000,18.28009476,14.27190524,37410980.81162002,30039200.06884000
2022-10-31,18.25000000,19.83000000,18.18000000,19.28000000,60591776.95960000,1.02000000,5.58598028,9.04109589,18.20800000,17.24300000,16.69200000,16.44250000,16.46400000,16.57133333,16.66285714,16.78350000,16.82222222,17.05260000,17.44466667,26.96545000,17.39540866,17.01264341,0.38276525,-0.05803615,0.44080141,85.36787579,72.87839014,58.54393261,84.68668850,81.50751721,91.04503108,16.44250000,18.84605767,14.03894233,42630502.32212003,33248085.21602000
2022-11-01,19.28000000,19.53000000,18.57000000,18.62000000,32377757.06680000,-0.66000000,-3.42323651,4.97925311,18.55600000,17.53600000,16.85466667,16.57550000,16.53280000,16.64100000,16.70057143,16.80700000,16.82533333,16.99740000,17.44066667,26.67140000,17.58380733,17.13170686,0.45210047,0.04399117,0.40810930,67.81000736,64.30294678,55.11081139,80.27854705,81.09786049,78.63992017,16.57550000,19.15461021,13.99638979,41773374.29666002,35400870.95238000
2022-11-02,18.63000000,18.77000000,17.43000000,17.91000000,45110928.48860000,-0.71000000,-3.81310419,7.19269995,18.47200000,17.69600000,16.99000000,16.68800000,16.57760000,16.66666667,16.71914286,16.80550000,16.85222222,16.97820000,17.42433333,26.37225000,17.63399081,17.18935820,0.44463261,0.12411946,0.32051315,53.58335092,56.50078000,51.70708149,71.75802508,77.98458202,59.30491119,16.68800000,19.29510446,14.08089554,41126491.78288002,37662893.29856000
2022-11-03,17.92000000,18.87000000,17.80000000,18.03000000,26036994.77850000,0.12000000,0.67001675,5.97098214,18.42000000,17.92400000,17.18800000,16.80600000,16.62280000,16.68633333,16.73857143,16.81625000,16.86888889,16.95640000,17.40800000,26.08530000,17.69491530,17.25162797,0.44328734,0.18795303,0.25533430,55.47782877,57.45263004,52.22744052,62.42201672,72.79706025,41.67192965,16.80600000,19.43266008,14.17933992,38818513.84942003,38575106.24883001
2022-11-04,18.03000000,19.69000000,17.88000000,19.38000000,41923040.88820000,1.35000000,7.48752080,10.03882418,18.64400000,18.19800000,17.47066667,17.00350000,16.74960000,16.75266667,16.80085714,16.86775000,16.92955556,16.97980000,17.40700000,25.79355000,17.95415910,17.40928515,0.54487395,0.25933722,0.28553673,71.29448929,66.45988887,57.59166338,70.10930147,71.90114066,66.52562309,17.00350000,19.78402835,14.22297165,41208099.63634003,39309540.22398000
2022-11-05,19.39000000,20.63000000,19.18000000,19.61000000,48469218.04740000,0.23000000,1.18679051,7.47808149,18.71000000,18.45900000,17.73200000,17.19650000,16.89600000,16.83833333,16.87685714,16.91875000,16.99755556,17.01100000,17.43033333,25.49020000,18.20890386,17.57230107,0.63660279,0.33479033,0.30181246,73.23818942,67.72960556,58.42165362,71.35491893,71.71906675,70.62662329,17.19650000,20.14166392,14.25133608,38783587.85390003,40707045.08801000
2022-11-06,19.60000000,19.75000000,18.17000000,18.23000000,23822790.20640000,-1.38000000,-7.03722591,8.06122449,18.63200000,18.59400000,17.90133333,17.29900000,16.98680000,16.88266667,16.92542857,16.94200000,17.00977778,17.00600000,17.41733333,25.19030000,18.21214942,17.62101951,0.59112991,0.38605825,0.20507166,49.23494530,54.27969147,52.04444286,55.90327929,66.44713759,34.81556267,17.29900000,20.23789274,14.36010726,37072594.48182002,39422984.38924000
2022-11-07,18.23000000,18.87000000,17.73000000,18.08000000,34924563.70310000,-0.15000000,-0.82281953,6.25342841,18.66600000,18.56900000,18.01933333,17.40900000,17.08360000,16.92566667,16.95228571,16.96250000,17.01222222,17.03360000,17.39983333,24.90560000,18.19181874,17.65501806,0.53680068,0.41620673,0.12059394,47.21648856,53.03095402,51.40796556,44.03968619,58.97798713,14.16308432,17.40900000,20.28834861,14.52965139,35035321.52472003,38080906.65380000
2022-11-08,18.08000000,18.16000000,14.82000000,16.02000000,116404186.12469999,-2.06000000,-11.39380531,18.47345133,18.26400000,18.34200000,18.03733333,17.45700000,17.09760000,16.89633333,16.91171429,16.92925000,16.97711111,17.00840000,17.32716667,24.61555000,17.85769278,17.53390561,0.32378717,0.39772282,-0.07393565,28.17849988,39.43801574,43.74200457,36.24447238,51.40014888,5.93311938,17.45700000,20.20026045,14.71373955,53108759.79396002,45963636.82169000
2022-11-09,16.02000000,16.16000000,12.03000000,12.91000000,87647850.36100000,-3.11000000,-19.41323346,25.78027466,16.97000000,17.80700000,17.78866667,17.34550000,16.99680000,16.78633333,16.78371429,16.82200000,16.87911111,16.93360000,17.20166667,24.31595000,17.09650927,17.19139409,-0.09488481,0.29920129,-0.39408611,16.28373568,27.73128502,35.42103383,27.57383430,43.45804402,-4.19458514,17.34550000,20.61591266,14.07508734,62253721.68852003,51730910.66243000
2022-11-10,12.92000000,15.94000000,12.68000000,15.42000000,64303289.13130000,2.51000000,19.44229280,25.23219814,16.13200000,17.42100000,17.68333333,17.33200000,16.98360000,16.76866667,16.73742857,16.78375000,16.83133333,16.91100000,17.11400000,24.03550000,16.83858477,17.06017971,-0.22159494,0.19504205,-0.41663699,40.57704942,42.70526317,44.33824315,31.52209108,39.47939304,15.60748717,17.33200000,20.63326993,14.03073007,65420535.90530002,52102061.87960000
2022-11-11,15.41000000,15.46000000,13.58000000,14.13000000,51389554.89750000,-1.29000000,-8.36575875,12.19987021,15.31200000,16.97200000,17.50000000,17.25400000,16.90160000,16.70766667,16.65828571,16.72375000,16.76088889,16.84000000,16.99316667,23.74175000,16.42187942,16.84312936,-0.42124994,0.07178365,-0.49303359,34.41744550,38.26056026,41.28127857,29.15426227,36.03768278,15.38742125,17.25400000,20.78438778,13.72361222,70933888.84352002,54003241.66267000
2022-11-12,14.13000000,14.15000000,12.89000000,13.09000000,20829151.83790000,-1.04000000,-7.36022647,8.91719745,14.31400000,16.49000000,17.15066667,17.09300000,16.79000000,16.62200000,16.55257143,16.62250000,16.66822222,16.74240000,16.89683333,23.46370000,15.90928259,16.56511978,-0.65583719,-0.07374052,-0.58209667,30.01021022,35.05202621,39.01816769,23.54470198,31.87335585,6.88739424,17.09300000,21.07008224,13.11591776,68114806.47048002,51575063.99760000
2022-11-13,13.10000000,13.36000000,12.70000000,13.02000000,23109788.42700000,-0.07000000,-0.53475936,5.03816794,13.71400000,15.98900000,16.79933333,16.95650000,16.70840000,16.53366667,16.44171429,16.51200000,16.57200000,16.65080000,16.79516667,23.17950000,15.46477757,16.30251831,-0.83774074,-0.22654056,-0.61120018,29.70300126,34.83751217,38.86851012,19.53367729,27.76012966,3.08077254,16.95650000,21.29833214,12.61466786,49455926.93094002,51282343.36245000
2022-11-14,13.03000000,13.61000000,12.06000000,13.14000000,37097586.77260000,0.12000000,0.92165899,11.89562548,13.76000000,15.36500000,16.45800000,16.78150000,16.62840000,16.45733333,16.35400000,16.40575000,16.48177778,16.56720000,16.71066667,22.90890000,15.10711949,16.06825770,-0.96113821,-0.37346009,-0.58767812,31.15282570,35.57485551,39.28508571,17.81519764,24.44515232,4.55528828,16.78150000,21.44711115,12.11588885,39345874.21326002,50799797.95089000
2022-11-15,13.14000000,14.01000000,13.02000000,13.51000000,21987082.70150000,0.37000000,2.81582953,7.53424658,13.37800000,14.75500000,16.07333333,16.60700000,16.54120000,16.38266667,16.28428571,16.31750000,16.40533333,16.48600000,16.63500000,22.65945000,14.86140880,15.87875713,-1.01734833,-0.50223774,-0.51511059,36.03405467,37.93703904,40.58768019,19.08927406,22.65985957,11.94810305,16.60700000,21.49401006,11.71998994,30882632.92730002,48151584.41630000
2022-11-16,13.52000000,13.75000000,12.81000000,13.07000000,16843360.99510000,-0.44000000,-3.25684678,6.95266272,13.16600000,14.23900000,15.70333333,16.41650000,16.43640000,16.27900000,16.20171429,16.22175000,16.32844444,16.40140000,16.54483333,22.43990000,14.58580744,15.67070104,-1.08489360,-0.61876891,-0.46612469,32.72326295,36.21445771,39.53515700,18.38143012,21.23371642,12.67685753,16.41650000,21.54954373,11.28345627,23973394.14682002,47453641.49517000
2022-11-17,13.07000000,13.36000000,12.64000000,12.87000000,21668784.75220000,-0.20000000,-1.53022188,5.50879878,13.12200000,13.71800000,15.36733333,16.14350000,16.29880000,16.17866667,16.12200000,16.12375000,16.23355556,16.31360000,16.48100000,22.21040000,14.32183707,15.46324171,-1.14140464,-0.72329606,-0.41810858,31.16156667,35.41702461,39.05479075,19.03394777,20.50046020,16.10092289,16.14350000,21.42662617,10.86037383,24141320.72968002,46128063.60008000
2022-11-18,12.86000000,13.32000000,12.85000000,13.00000000,17579117.65550000,0.13000000,1.01010101,3.65474339,13.11800000,13.41600000,15.03200000,15.87900000,16.18880000,16.11000000,16.04571429,16.02625000,16.13488889,16.22660000,16.40966667,21.97370000,14.11847752,15.28077936,-1.16230184,-0.81109721,-0.35120463,33.63211061,36.40992015,39.55294169,20.76489989,20.58860676,21.11748613,15.87900000,21.23877572,10.51922428,23035186.57538002,36245556.75316001
2022-11-19,13.00000000,13.00000000,12.49000000,12.89000000,8938900.14970000,-0.11000000,-0.84615385,3.92307692,13.06800000,13.41400000,14.59933333,15.61050000,16.03880000,16.03500000,15.97314286,15.94325000,16.03488889,16.14040000,16.34700000,21.74000000,13.92948098,15.10368459,-1.17420361,-0.88371849,-0.29048512,32.44960923,35.90044474,39.26953514,21.98052149,21.05257834,23.83640780,15.61050000,21.00596193,10.21503807,17403449.25080002,28374661.73203000
2022-11-20,12.90000000,13.14000000,12.07000000,12.19000000,14306320.74570000,-0.70000000,-5.43056633,8.29457364,12.80400000,13.09100000,14.10466667,15.25600000,15.84640000,15.91833333,15.87142857,15.84925000,15.92711111,16.04520000,16.27433333,21.46460000,13.66186852,14.88785610,-1.22598758,-0.95217231,-0.27381527,25.58121392,32.72184926,37.48597147,16.72704623,19.61073430,10.95967007,15.25600000,20.56732811,9.94467189,15867296.85964002,23374964.89347000
2022-11-21,12.19000000,12.20000000,11.57000000,11.82000000,21454814.80004400,-0.37000000,-3.03527482,5.16817063,12.55400000,12.86000000,13.67733333,14.91600000,15.64400000,15.78933333,15.74685714,15.74575000,15.81422222,15.95100000,16.17666667,21.22850000,13.37850413,14.66060750,-1.28210337,-1.01815852,-0.26394485,22.55331650,31.13242226,36.56987045,14.56666470,17.92937777,7.84123856,14.91600000,20.19108703,9.64091297,16789587.62062882,20381490.88372440
2022-11-22,11.82000000,12.38000000,11.44000000,12.36000000,24488339.01210000,0.54000000,4.56852792,7.95262267,12.45200000,12.78700000,13.29600000,14.63850000,15.40520000,15.65766667,15.64628571,15.66325000,15.71577778,15.85540000,16.08316667,21.00530000,13.22181119,14.49019213,-1.26838094,-1.06820301,-0.20017794,35.85118230,36.07606255,38.84588849,21.64366492,19.16747348,26.59604779,14.63850000,19.83374185,9.44325815,17353498.47260882,20747409.60114440
2022-11-23,12.36000000,13.07000000,12.35000000,13.06000000,23748492.94360000,0.70000000,5.66343042,5.82524272,12.46400000,12.79100000,13.09866667,14.39000000,15.19600000,15.56800000,15.58914286,15.59800000,15.63044444,15.76780000,16.00750000,20.79540000,13.19691716,14.38425197,-1.18733482,-1.09202937,-0.09530545,49.37328908,41.96719096,41.67669331,35.44078310,24.59191002,57.13852925,14.39000000,19.37332799,9.40667201,18587373.53022882,20811280.05280440
2022-11-24,13.07000000,13.40000000,12.75000000,12.95000000,17703958.38230000,-0.11000000,-0.84226646,4.97322112,12.47600000,12.77200000,13.10133333,14.06850000,14.98360000,15.44500000,15.52657143,15.53600000,15.55800000,15.67900000,15.93466667,20.60205000,13.15892990,14.27801109,-1.11908118,-1.09743973,-0.02164145,47.48575441,41.31448065,41.36273530,45.41651052,31.53344352,73.18264452,14.06850000,18.49487204,9.64212796,20340385.17674882,18871917.21377440
2022-11-25,12.95000000,13.04000000,12.52000000,12.82000000,11689727.13370000,-0.13000000,-1.00386100,4.01544402,12.60200000,12.70300000,12.92800000,13.72900000,14.72520000,15.30566667,15.44457143,15.46275000,15.48844444,15.59460000,15.85550000,20.46015000,13.10678684,14.17001027,-1.06322342,-1.09059647,0.02737305,45.04362792,40.50234244,40.98201530,53.74706144,38.93798283,83.36521865,13.72900000,17.33049033,10.12750967,19817066.45434882,17842181.65699440
2022-11-26,12.82000000,13.25000000,12.62000000,12.78000000,11722267.46620000,-0.04000000,-0.31201248,4.91419657,12.79400000,12.67400000,12.83800000,13.45650000,14.49160000,15.16900000,15.36142857,15.37775000,15.41777778,15.51220000,15.78016667,20.30115000,13.05651194,14.06704654,-1.01053460,-1.07458410,0.06404950,44.20423258,40.23684717,40.86125943,58.62048994,45.49881853,84.86383275,13.45650000,16.38611125,10.52688875,17870556.98758002,17330072.30410440
2022-11-27,12.77000000,13.26000000,12.69000000,12.86000000,11640762.89030000,0.08000000,0.62597809,4.46358653,12.89400000,12.67300000,12.82266667,13.19550000,14.28960000,14.98666667,15.26285714,15.30225000,15.35555556,15.43360000,15.70683333,20.20960000,13.02627934,13.97763569,-0.95135635,-1.04993855,0.09858220,46.59283547,41.07952476,41.22270088,63.22998649,51.40920785,86.87154377,13.19550000,15.16281690,11.22818310,15301041.76322002,16327270.11791440
2022-11-28,12.86000000,12.99000000,11.99000000,12.45000000,22222101.93480000,-0.41000000,-3.18818040,7.77604977,12.77200000,12.61800000,12.78466667,13.01700000,14.06640000,14.79200000,15.16857143,15.23700000,15.28400000,15.34460000,15.62516667,20.12025000,12.93762098,13.86447749,-0.92685651,-1.02532214,0.09846563,36.88243044,38.07772725,39.91799715,59.33019507,54.04953692,69.89151137,13.01700000,14.49132911,11.54267089,14995763.56146002,16791568.54584440
2022-11-29,12.46000000,12.72000000,12.28000000,12.47000000,21412085.93190000,0.02000000,0.16064257,3.53130016,12.67600000,12.57600000,12.74000000,12.99500000,13.79000000,14.59900000,15.04942857,15.17025000,15.21822222,15.26980000,15.54633333,20.02155000,12.86567929,13.76118286,-0.89550357,-0.99935843,0.10385486,37.64315895,38.31758406,40.01463568,57.07047019,55.05651468,61.09838120,12.99500000,14.48905136,11.50094864,15737389.07138002,18038887.12406440
2022-11-30,12.47000000,13.20000000,12.46000000,13.15000000,22686530.16290000,0.68000000,5.45308741,5.93424218,12.74200000,12.67200000,12.71600000,12.88150000,13.53160000,14.39466667,14.93942857,15.10675000,15.16044444,15.21380000,15.48300000,19.91765000,12.90942094,13.71591006,-0.80648912,-0.96078457,0.15429545,58.19871482,46.06634873,43.25289720,67.12861278,59.08054738,83.22474357,12.88150000,13.85360082,11.90939918,17936749.67722002,18876908.06578440
2022-12-01,13.15000000,13.32000000,12.79000000,12.90000000,17065733.25360000,-0.25000000,-1.90114068,4.03041825,12.76600000,12.78000000,12.70466667,12.82000000,13.31840000,14.20400000,14.82571429,15.03700000,15.08755556,15.15260000,15.42250000,19.79930000,12.90797156,13.65547227,-0.74750071,-0.91812779,0.17062708,50.80943924,43.85668322,42.37530262,66.26541088,61.47550188,75.84522889,12.82000000,13.59522153,12.04477847,19005442.83470003,18437999.91114000
2022-12-02,12.90000000,13.66000000,12.79000000,13.58000000,23420469.08790000,0.68000000,5.27131783,6.74418605,12.91000000,12.90200000,12.75200000,12.84450000,13.13840000,14.05966667,14.69000000,14.96875000,15.03644444,15.11100000,15.36316667,19.70440000,13.01136055,13.64988173,-0.63852118,-0.86220647,0.22368529,65.22204859,50.85198130,45.51308800,75.91346753,66.28815710,95.16408841,12.84450000,13.68396035,12.00503965,21361384.07422002,18331212.91872000
2022-12-03,13.59000000,13.90000000,13.28000000,13.40000000,22577498.22030000,-0.18000000,-1.32547865,4.56217807,13.10000000,12.93600000,12.77866667,12.86350000,13.03360000,13.90533333,14.55028571,14.91000000,14.99955556,15.06560000,15.29583333,19.59945000,13.07115124,13.63137198,-0.56022074,-0.80180933,0.24158859,59.66873134,49.08587496,44.83869273,75.21630820,69.26420746,87.12050967,12.86350000,13.73622773,11.99077227,21432463.33132003,18214113.44639000
2022-12-04,13.40000000,13.95000000,13.40000000,13.93000000,15019193.15260000,0.53000000,3.95522388,4.10447761,13.39200000,13.03400000,12.84800000,12.90300000,13.07440000,13.72366667,14.42657143,14.84225000,14.97266667,15.03560000,15.23816667,19.52120000,13.20328182,13.65349257,-0.45021076,-0.73148961,0.28127886,68.99609744,54.19571182,47.24064547,83.13740274,73.88860589,101.63499645,12.90300000,13.89216445,11.91383555,20153884.77546003,17945636.92342000
2022-12-05,13.93000000,14.35000000,13.38000000,13.60000000,19940977.54450000,-0.33000000,-2.36898780,6.96338837,13.48200000,13.11200000,12.94200000,12.90750000,13.00160000,13.52333333,14.26428571,14.75725000,14.92622222,14.99260000,15.18083333,19.43725000,13.26431538,13.64953016,-0.38521478,-0.66223464,0.27701987,58.83037849,50.73695685,45.94092162,78.16504816,75.31408665,83.86697118,12.90750000,13.90903304,11.90596696,19604774.25178003,18770761.96450000
2022-12-06,13.60000000,13.69000000,13.45000000,13.67000000,10864920.89220000,0.07000000,0.51470588,1.76470588,13.63600000,13.20100000,13.06533333,12.93750000,12.98320000,13.37133333,14.12285714,14.67700000,14.88133333,14.94240000,15.12700000,19.36160000,13.32672840,13.65104644,-0.32431804,-0.59465132,0.27033328,60.31859448,51.45389538,46.26813772,75.83884566,75.48900632,76.53852435,12.93750000,13.99396630,11.88103370,18364611.77950003,18685027.30710000
2022-12-07,13.68000000,13.70000000,13.00000000,13.28000000,14529973.54340000,-0.39000000,-2.85296269,5.11695906,13.57600000,13.24300000,13.12666667,12.95800000,12.99080000,13.21133333,13.99057143,14.55075000,14.81400000,14.89040000,15.06850000,19.27855000,13.31953942,13.62356152,-0.30402211,-0.53652548,0.23250337,48.57829510,47.27247216,44.69532120,66.66229002,72.54676755,54.89333496,12.95800000,14.02481227,11.89118773,16586512.67060002,18973948.37241000
2022-12-08,13.28000000,13.55000000,13.06000000,13.42000000,11886533.87100000,0.14000000,1.05421687,3.68975904,13.58000000,13.34000000,13.15066667,12.97900000,13.00680000,13.12466667,13.85885714,14.42900000,14.76222222,14.85760000,15.01050000,19.18710000,13.33499489,13.60848289,-0.27348800,-0.48391798,0.21042998,52.55618059,48.89873053,45.39068109,61.37274361,68.82209291,46.47404503,12.97900000,14.06564428,11.89235572,14448319.80074002,17940391.56603000
2022-12-09,13.41000000,13.63000000,13.36000000,13.46000000,9787916.66760000,0.04000000,0.29806259,2.01342282,13.48600000,13.43900000,13.18466667,13.00750000,13.01960000,13.14300000,13.68971429,14.30900000,14.69155556,14.82400000,14.96466667,19.10910000,13.35422645,13.59748416,-0.24325771,-0.43578593,0.19252822,53.78201007,49.38530496,45.59462229,55.23140173,64.29186251,37.11048015,13.00750000,14.11403323,11.90096677,13402064.50374002,16777974.63960000
2022-12-10,13.46000000,14.06000000,13.34000000,13.49000000,6843832.12460000,0.03000000,0.22288262,5.34918276,13.46400000,13.47300000,13.22933333,13.07250000,13.01880000,13.07866667,13.51485714,14.16425000,14.61355556,14.78000000,14.92366667,19.03115000,13.37511468,13.58952237,-0.21440768,-0.39151028,0.17710260,54.83232765,49.77657245,45.75316900,51.77819944,60.12064149,35.09331534,13.07250000,14.12840819,12.01659181,10782635.41976002,15193704.83577000
2022-12-11,13.49000000,13.50000000,12.92000000,12.98000000,8131725.49100000,-0.51000000,-3.78057821,4.29948110,13.32600000,13.48100000,13.24266667,13.13050000,13.01520000,13.04033333,13.36485714,14.02325000,14.52688889,14.72580000,14.87400000,18.95980000,13.31432781,13.54437256,-0.23004475,-0.35921717,0.12917242,37.46411226,43.53526205,43.50422240,35.91740103,52.05289467,3.64641374,13.13050000,14.00931439,12.25168561,10235996.33952002,14300304.05951000
2022-12-12,12.98000000,13.06000000,12.52000000,13.00000000,13703529.51120000,0.02000000,0.15408320,4.16024653,13.27000000,13.42300000,13.25200000,13.16250000,13.02040000,13.03733333,13.21971429,13.90050000,14.40844444,14.65960000,14.82966667,18.90765000,13.26596969,13.50404867,-0.23807898,-0.33498954,0.09691055,38.38257829,43.83653012,43.61763061,32.68810342,45.59796425,6.86838175,13.16250000,13.96661769,12.35838231,10070707.53308002,13328610.10184000
2022-12-13,13.01000000,14.40000000,12.55000000,13.76000000,41179331.05930000,0.76000000,5.84615385,14.21983090,13.33800000,13.45900000,13.33933333,13.19750000,13.05080000,13.06200000,13.15514286,13.79375000,14.30777778,14.61980000,14.79783333,18.86355000,13.34197435,13.52300803,-0.18103368,-0.30419836,0.12316469,63.09733555,54.00889232,47.77460418,43.77788455,44.99127102,41.35111161,13.19750000,14.04271875,12.35228125,15929266.97074002,15188793.38574000
2022-12-14,13.76000000,14.19000000,13.56000000,13.71000000,22776759.19100000,-0.05000000,-0.36337209,4.57848837,13.38800000,13.43700000,13.42200000,13.23550000,13.08360000,13.08100000,13.17800000,13.65200000,14.20666667,14.56120000,14.76916667,18.80830000,13.39859368,13.53685928,-0.13826560,-0.27101181,0.13274621,61.16063502,53.31583513,47.53401380,50.28454714,46.75569639,57.34224865,13.23550000,14.10193796,12.36906204,18527035.47542002,15964549.98958000
2022-12-15,13.71000000,13.89000000,13.06000000,13.17000000,16592093.08490000,-0.54000000,-3.93873085,6.05397520,13.32400000,13.39400000,13.42333333,13.25300000,13.12280000,13.06966667,13.11371429,13.49100000,14.07088889,14.48460000,14.72616667,18.74335000,13.36342542,13.50968452,-0.14625910,-0.24606127,0.09980217,43.75516434,46.31376849,44.98119885,45.04785412,46.18641564,42.77073110,13.25300000,14.09797524,12.40802476,20476687.66748002,15629661.54362000
2022-12-16,13.17000000,13.29000000,11.59000000,11.84000000,21790798.42890000,-1.33000000,-10.09870919,12.90812453,13.09600000,13.21100000,13.35266667,13.20600000,13.12360000,13.02866667,13.04828571,13.33125000,13.92022222,14.38380000,14.65383333,18.66400000,13.12905228,13.38600419,-0.25695191,-0.24823940,-0.00871251,23.76564082,34.23368131,39.52568636,32.99750180,41.79011102,15.41228335,13.20600000,14.24422521,12.16777479,23208502.25506002,16722249.29729000
2022-12-17,11.84000000,11.99000000,11.52000000,11.95000000,10105246.80810000,0.11000000,0.92905405,3.96959459,12.88600000,13.07800000,13.24400000,13.16050000,13.10720000,12.99800000,13.01571429,13.17800000,13.78777778,14.25620000,14.58833333,18.59165000,12.94765962,13.27963351,-0.33197389,-0.26498630,-0.06698759,27.07228904,35.74581766,40.15212382,26.97518639,36.85180281,7.22195353,13.16050000,14.33357468,11.98742532,22488845.71444003,16279776.62376000
2022-12-18,11.96000000,12.03000000,11.79000000,11.93000000,7633150.04600000,-0.02000000,-0.16736402,2.00668896,12.52000000,12.92900000,13.14600000,13.13450000,13.06200000,12.96233333,12.98457143,13.07575000,13.65222222,14.12900000,14.53616667,18.53290000,12.79109660,13.17966065,-0.38856405,-0.28970185,-0.09886221,26.81848992,35.58353862,40.07336788,22.72882796,32.14414453,3.89819483,13.13450000,14.39376420,11.87523580,15779609.51178002,15854438.24126000
2022-12-19,11.93000000,12.10000000,11.15000000,11.39000000,11668610.53418500,-0.54000000,-4.52640402,7.96311819,12.05600000,12.72200000,12.97666667,13.08050000,12.99960000,12.91233333,12.93457143,13.03775000,13.47466667,13.99160000,14.47366667,18.46670000,12.57554328,13.04709320,-0.47154992,-0.32607146,-0.14547846,20.57033803,31.38659001,37.97482539,17.61409044,27.30079316,-1.75931502,13.08050000,14.53693364,11.62406636,13557979.78041703,16042507.62791850
2022-12-20,11.40000000,12.05000000,11.34000000,11.95000000,14296618.95950000,0.56000000,4.91659350,6.22807018,11.81200000,12.56800000,12.86666667,13.02050000,12.96480000,12.90433333,12.89000000,12.95100000,13.30444444,13.84500000,14.41133333,18.41145000,12.47930585,12.96582704,-0.48652118,-0.35816141,-0.12835978,38.42326502,39.46414669,41.30118305,19.94785516,24.84981383,10.14393783,13.02050000,14.56130601,11.47969399,13098884.95533702,16787786.31140850
2022-12-21,11.95000000,11.98000000,11.62000000,11.71000000,6506060.45950000,-0.24000000,-2.00836820,3.01255230,11.78600000,12.44100000,12.73600000,12.96100000,12.92200000,12.90066667,12.85114286,12.89050000,13.15955556,13.70680000,14.34500000,18.34715000,12.36095111,12.87280281,-0.51185171,-0.38889947,-0.12295224,34.44201274,37.40533631,40.33384734,19.04215985,22.91392917,11.29862121,12.96100000,14.60953875,11.31246125,10041937.36145702,16625219.80825850
2022-12-22,11.71000000,11.87000000,11.45000000,11.85000000,7283872.37670000,0.14000000,1.19555935,3.58667805,11.76600000,12.32600000,12.64066667,12.87450000,12.88160000,12.88366667,12.82200000,12.85950000,13.02111111,13.58560000,14.27066667,18.28550000,12.28234324,12.79703964,-0.51469640,-0.41405885,-0.10063754,38.87543648,39.41661621,41.17252512,20.37021183,22.06602339,16.97858871,12.87450000,14.56723960,11.18176040,9477662.47517702,15983254.09480850
2022-12-23,11.85000000,11.89000000,11.67000000,11.79000000,5937729.93950000,-0.06000000,-0.50632911,1.85654008,11.73800000,12.12900000,12.53200000,12.79400000,12.85520000,12.84133333,12.78742857,12.82875000,12.92711111,13.46080000,14.20466667,18.21450000,12.20659813,12.72244411,-0.51584598,-0.43441628,-0.08142970,37.56882723,38.83323750,40.91533173,21.36602930,21.83269203,20.43270384,12.79400000,14.53398669,11.05401331,9138578.45387702,12459093.98282850
2022-12-24,11.79000000,11.83000000,11.64000000,11.67000000,4049809.06110000,-0.12000000,-1.01781170,1.61153520,11.79400000,11.92500000,12.41266667,12.68100000,12.82320000,12.79866667,12.75257143,12.79200000,12.89955556,13.30660000,14.12183333,18.14985000,12.12404457,12.64448529,-0.52044072,-0.45162117,-0.06881955,34.76456577,37.61847607,40.38879749,22.34370801,22.00303069,23.02506264,12.68100000,14.40381166,10.95818834,7614818.15926002,10586398.96983850
2022-12-25,11.68000000,11.74000000,11.51000000,11.68000000,7337612.68170000,0.01000000,0.08568980,1.96917808,11.74000000,11.77600000,12.29200000,12.58500000,12.76440000,12.76066667,12.73800000,12.74625000,12.81644444,13.14800000,14.03316667,18.08575000,12.05573002,12.57304193,-0.51731191,-0.46475932,-0.05255260,35.24789687,37.79537182,40.45542980,33.49229657,25.83278598,48.81131774,12.58500000,14.30616851,10.86383149,6223016.90370002,9660950.92951850
2022-12-26,11.69000000,11.78000000,11.57000000,11.71000000,7656416.05390000,0.03000000,0.25684932,1.79640719,11.74000000,11.76300000,12.20733333,12.48700000,12.71680000,12.72500000,12.73485714,12.71225000,12.76266667,13.01760000,13.94700000,18.02225000,12.00254079,12.50911290,-0.50657211,-0.47312188,-0.03345024,36.93012789,38.36735342,40.66305822,41.97732052,31.21429749,63.50336657,12.48700000,14.17084397,10.80315603,6453088.02258002,8247512.69201850
2022-12-27,11.72000000,11.80000000,11.53000000,11.64000000,9850159.69380000,-0.07000000,-0.59777968,2.30375427,11.69800000,11.73200000,12.11666667,12.40500000,12.63920000,12.68433333,12.71428571,12.68150000,12.73044444,12.88880000,13.83550000,17.97005000,11.94676528,12.44473417,-0.49796889,-0.47809128,-0.01987761,34.42589331,37.48987055,40.32073742,45.17786280,35.86881926,63.79594988,12.40500000,14.08597090,10.72402910,6966345.48600002,8222003.98058850
2022-12-28,11.64000000,11.68000000,11.09000000,11.21000000,10923045.52370000,-0.43000000,-3.69415808,5.06872852,11.58200000,11.66000000,11.94666667,12.29450000,12.55160000,12.64300000,12.66142857,12.63675000,12.69022222,12.79260000,13.71750000,17.92660000,11.83341678,12.35327238,-0.51985560,-0.48644414,-0.03341146,22.95278230,32.50766581,38.25635268,34.28524187,35.34096013,32.17380534,12.29450000,13.98506173,10.60393827,7963408.60284002,8550993.52835850
2022-12-29,11.22000000,11.22000000,10.61000000,10.98000000,11301860.63590000,-0.23000000,-2.05173952,5.43672014,11.44400000,11.61900000,11.76466667,12.17050000,12.43360000,12.59333333,12.60514286,12.58900000,12.64222222,12.75400000,13.59616667,17.89505000,11.70212189,12.25154850,-0.54942661,-0.49904064,-0.05038597,18.90809939,30.16825866,37.19350253,31.85926100,34.18039375,27.21699550,12.17050000,13.86491777,10.47608223,9413818.91780002,8514318.53853000
2022-12-30,10.98000000,10.99000000,10.54000000,10.87000000,11198174.81590000,-0.11000000,-1.00182149,4.09836066,11.28200000,11.51100000,11.61133333,12.03950000,12.32440000,12.51733333,12.54942857,12.55600000,12.58355556,12.66300000,13.45600000,17.86885000,11.57410314,12.14921157,-0.57510844,-0.51425420,-0.06085424,17.17148610,29.07652684,36.68487048,29.38765548,32.58281433,22.99733779,12.03950000,13.70932476,10.36967524,10185931.34464002,8204474.12417000
2022-12-31,10.87000000,11.08000000,10.84000000,10.90000000,4857394.47640000,0.03000000,0.27598896,2.20791168,11.12000000,11.43000000,11.54866667,11.93550000,12.21360000,12.45066667,12.49571429,12.53300000,12.53533333,12.59840000,13.32733333,17.84060000,11.47039496,12.05667738,-0.58628242,-0.52865984,-0.05762258,19.58852202,29.83200501,36.93032398,28.48065921,31.21542929,23.01111905,11.93550000,13.61773504,10.25326496,9626127.02914002,8039607.52586000
2023-01-01,10.90000000,10.94000000,10.64000000,10.87000000,9249941.89780000,-0.03000000,-0.27522936,2.75229358,10.96600000,11.33200000,11.47666667,11.82900000,12.11720000,12.36033333,12.43885714,12.49575000,12.49088889,12.55400000,13.21000000,17.80340000,11.37802651,11.96877535,-0.59074885,-0.54107764,-0.04967121,18.92578919,29.48932770,36.78153356,27.51423792,29.98169883,22.57931610,11.82900000,13.49711460,10.16088540,9506083.46994003,8236214.47797000
2023-01-02,10.87000000,11.27000000,10.70000000,11.16000000,10953267.19290000,0.29000000,2.66789328,5.24379025,10.95600000,11.26900000,11.42533333,11.69900000,12.02680000,12.28566667,12.40200000,12.44825000,12.45000000,12.51680000,13.09550000,17.78025000,11.34448397,11.90886607,-0.56438210,-0.54573853,-0.01864357,41.77625039,37.10775483,39.25038806,34.74494168,31.56944645,41.09593215,11.69900000,13.12050254,10.27749746,9512127.80378002,8737768.20331000
2023-01-03,11.16000000,11.56000000,11.06000000,11.38000000,12997288.65740000,0.22000000,1.97132616,4.48028674,11.03600000,11.24000000,11.42466667,11.58250000,11.94360000,12.20066667,12.37085714,12.40900000,12.41644444,12.48160000,12.96216667,17.75720000,11.34994797,11.86969080,-0.51974283,-0.54053939,0.02079656,53.66480734,42.26985420,41.07210361,45.38551668,36.17480319,63.80694365,11.58250000,12.64718429,10.51781571,9851213.40808002,9632516.16294000
2023-01-04,11.38000000,12.30000000,11.34000000,12.08000000,22490498.47460000,0.70000000,6.15114236,8.43585237,11.27800000,11.28000000,11.43333333,11.52800000,11.88720000,12.15000000,12.34028571,12.39050000,12.41400000,12.45300000,12.83666667,17.74345000,11.46226367,11.88526926,-0.42300559,-0.51703263,0.09402704,73.96350294,55.07033683,46.40787038,59.42367779,43.92442806,90.42217724,11.52800000,12.32961941,10.72638059,12109678.13982002,11147804.74223000
2023-01-05,12.09000000,12.17000000,11.67000000,11.74000000,14222201.16440000,-0.34000000,-2.81456954,4.13564930,11.44600000,11.28300000,11.43533333,11.52300000,11.83760000,12.08566667,12.30714286,12.36450000,12.41222222,12.42640000,12.72850000,17.72135000,11.50499233,11.87450858,-0.36951624,-0.48752936,0.11801311,58.91908818,49.28047722,44.37155594,62.34305792,50.06397134,86.90123106,11.52300000,12.31764259,10.72835741,13982639.47742002,11804383.25328000
2023-01-06,11.74000000,11.82000000,11.36000000,11.78000000,14101544.12380000,0.04000000,0.34071550,3.91822828,11.62800000,11.29700000,11.43066667,11.51450000,11.78880000,12.03566667,12.25571429,12.33750000,12.39933333,12.40460000,12.62350000,17.69475000,11.54730121,11.86750794,-0.32020673,-0.45406483,0.13385810,60.06582784,49.95574214,44.66960070,65.04688710,55.05827660,85.02410810,11.51450000,12.29339193,10.73560807,14952959.92262002,12229521.69628000
2023-01-07,11.79000000,11.87000000,11.65000000,11.75000000,5985646.56350000,-0.03000000,-0.25466893,1.86598813,11.74600000,11.35100000,11.42800000,11.50550000,11.70840000,11.98000000,12.20857143,12.32000000,12.37022222,12.37960000,12.55233333,17.66900000,11.57848564,11.85880365,-0.28031801,-0.41931547,0.13899745,58.59379038,49.41743633,44.48308126,66.28125806,58.79927042,81.24523336,11.50550000,12.26816776,10.74283224,13959435.79674003,11735781.80026000
2023-01-08,11.75000000,12.16000000,11.58000000,12.09000000,11647536.76810000,0.34000000,2.89361702,4.93617021,11.88800000,11.46200000,11.45600000,11.54050000,11.64360000,11.93433333,12.15600000,12.31050000,12.35111111,12.36360000,12.53866667,17.64900000,11.65718015,11.87592930,-0.21874915,-0.37920220,0.16045305,68.94447682,55.36410959,47.09551677,73.30397124,63.63417069,92.64357234,11.54050000,12.34400482,10.73699518,13689485.41888002,11770349.41348000
2023-01-09,12.09000000,12.65000000,12.08000000,12.19000000,32255972.10240000,0.10000000,0.82712986,4.71464020,11.91000000,11.59400000,11.49000000,11.55250000,11.60440000,11.89100000,12.11571429,12.28650000,12.33711111,12.36360000,12.48483333,17.61850000,11.73915244,11.89919380,-0.16004136,-0.33537004,0.17532867,71.46229864,56.98661626,47.84868155,74.57412345,67.28082161,89.16072712,11.55250000,12.38827572,10.71672428,15642580.14444003,13876129.14213000
2023-01-10,12.19000000,12.95000000,12.02000000,12.73000000,23491606.08240000,0.54000000,4.42986054,7.62920427,12.10800000,11.77700000,11.55800000,11.60350000,11.64000000,11.88266667,12.08885714,12.28225000,12.33600000,12.38180000,12.46150000,17.57980000,11.89159052,11.96073500,-0.06914448,-0.28212492,0.21298045,81.29123124,64.57277240,51.72151093,79.79015637,71.45059986,96.46926939,11.60350000,12.59053757,10.61646243,17496461.12804002,15739550.30273000
2023-01-11,12.73000000,16.04000000,12.25000000,15.86000000,132279457.64210001,3.13000000,24.58758837,29.77219167,12.92400000,12.27600000,11.83933333,11.80400000,11.79640000,11.97800000,12.16257143,12.33925000,12.40266667,12.45180000,12.50766667,17.55230000,12.50211506,12.24956945,0.25254561,-0.17519082,0.42773643,94.49033448,83.25121404,66.68509515,85.32195164,76.07438379,103.81708734,11.80400000,13.95026628,9.65773372,41132043.83170003,28042501.87716000
2023-01-12,15.86000000,16.50000000,14.65000000,15.43000000,128324493.73870000,-0.43000000,-2.71122320,11.66456494,13.66000000,12.70300000,12.12066667,11.98600000,11.93640000,12.03366667,12.22000000,12.39000000,12.46888889,12.49920000,12.54783333,17.53080000,12.95255890,12.48515689,0.46740200,-0.04667225,0.51407426,84.64549922,77.15473955,63.84823215,83.30248972,78.48375243,92.93996430,11.98600000,14.67578105,9.29621895,65599813.26674002,39779624.53173999
2023-01-13,15.44000000,16.60000000,14.95000000,15.96000000,82831558.99070001,0.53000000,3.43486714,10.68652850,14.43400000,13.16100000,12.45266667,12.20050000,12.11920000,12.10866667,12.29142857,12.44075000,12.54644444,12.55940000,12.59483333,17.51400000,13.41524214,12.74255268,0.67268946,0.09720009,0.57548937,86.69572193,79.20256930,65.72363744,84.79707966,80.58819484,93.21484930,12.20050000,15.41685606,8.98414394,79836617.71126002,46763051.56507000
2023-01-14,15.97000000,18.54000000,15.79000000,16.94000000,173965988.34050000,0.98000000,6.14035088,17.21978710,15.38400000,13.64700000,12.85733333,12.46350000,12.31880000,12.23433333,12.39000000,12.52425000,12.63066667,12.64180000,12.65200000,17.50810000,13.95751258,13.05347470,0.90403788,0.25856765,0.64547023,89.73654080,82.38723617,68.84227527,82.43667892,81.20435620,84.90132436,12.46350000,16.30090743,8.62609257,108178620.95888002,61910600.55166000
2023-01-15,16.93000000,17.20000000,16.00000000,16.80000000,77619943.42890000,-0.14000000,-0.82644628,7.08800945,16.19800000,14.15300000,13.25066667,12.71800000,12.52240000,12.39966667,12.49914286,12.60250000,12.71733333,12.72220000,12.71416667,17.50315000,14.39481834,13.33099510,1.06382324,0.41961877,0.64420448,86.35308654,80.46696541,67.92106229,79.95778595,80.78883278,78.29569227,12.71800000,16.99496695,8.44103305,119004288.42818002,68250374.77811000
2023-01-16,16.79000000,17.34000000,16.06000000,16.74000000,65558570.11810000,-0.06000000,-0.35714286,7.62358547,16.37400000,14.64900000,13.64200000,12.97300000,12.71800000,12.55933333,12.60600000,12.68900000,12.78755556,12.79980000,12.77866667,17.50190000,14.75561552,13.58351398,1.17210154,0.57011532,0.60198622,84.71048356,79.59955437,67.51702194,78.01783431,79.86516663,74.32316968,12.97300000,17.57512811,8.37087189,105660110.92338002,73396077.37754001
2023-01-17,16.74000000,18.21000000,16.53000000,17.12000000,75441940.82810000,0.38000000,2.27001195,10.03584229,16.71200000,15.18600000,14.03933333,13.26850000,12.93120000,12.73233333,12.70200000,12.78150000,12.87022222,12.89320000,12.84733333,17.50690000,15.11936698,13.84547590,1.27389107,0.71087047,0.56302060,86.64165562,81.01362252,68.74572094,78.08550917,79.27194747,75.71263257,13.26850000,18.14478105,8.39221895,95083600.34126003,80341706.80399999
2023-01-18,17.13000000,17.41000000,15.50000000,15.82000000,68053868.06950000,-1.30000000,-7.59345794,11.15002919,16.68400000,15.55900000,14.33533333,13.51050000,13.09720000,12.88000000,12.76228571,12.84050000,12.91222222,12.96020000,12.89616667,17.50435000,15.22715667,13.99173695,1.23541972,0.81578032,0.41963940,57.05652285,64.36346274,60.56727380,71.48440898,76.67610131,61.10102431,13.51050000,18.38897463,8.63202537,92128062.15702002,85982339.93414000
2023-01-19,15.81000000,16.30000000,15.70000000,16.19000000,32167560.41710000,0.37000000,2.33881163,3.79506641,16.53400000,15.95900000,14.60933333,13.77650000,13.27760000,13.02133333,12.84857143,12.90800000,12.96977778,13.02100000,12.96283333,17.50205000,15.37528642,14.15457125,1.22071517,0.89676729,0.32394788,61.54167114,66.50111768,61.91296114,68.53597588,73.96272617,57.68247532,13.77650000,18.62884734,8.92415266,63768376.57234003,85973498.76561001
2023-01-20,16.19000000,17.57000000,15.86000000,17.48000000,52088871.69140000,1.29000000,7.96788141,10.56207536,16.67000000,16.43400000,14.99200000,14.10550000,13.50840000,13.21366667,13.00971429,13.02050000,13.05444444,13.11260000,13.05716667,17.49985000,15.69908851,14.40089930,1.29818920,0.97705167,0.32113753,73.23646007,72.72409038,66.11935922,69.94086481,72.62210572,64.57838301,14.10550000,19.02841944,9.18258056,58662162.22484002,88833225.32651000
2023-01-21,17.49000000,17.76000000,16.83000000,16.88000000,65666701.13460000,-0.60000000,-3.43249428,5.31732419,16.69800000,16.53600000,15.33200000,14.40600000,13.71800000,13.38133333,13.15057143,13.11750000,13.13444444,13.17860000,13.13250000,17.49410000,15.88076720,14.58453639,1.29623080,1.04088750,0.25534330,62.61000305,66.45973636,62.75555815,64.54739177,69.93053440,53.78110651,14.40600000,19.23006860,9.58193140,58683788.42814002,82171949.67576000
2023-01-22,16.87000000,18.45000000,16.79000000,17.34000000,74112784.92880000,0.46000000,2.72511848,9.83995258,16.74200000,16.72700000,15.70466667,14.71500000,13.96320000,13.56633333,13.30514286,13.20700000,13.22155556,13.25740000,13.20383333,17.48495000,16.10526455,14.78864481,1.31661974,1.09603395,0.22058579,67.01338828,68.71370211,64.21211580,63.20703311,67.68936730,54.24236472,14.71500000,19.45458692,9.97541308,58417957.24828003,76750778.79477000
2023-01-23,17.34000000,18.32000000,17.21000000,17.97000000,58109928.76520000,0.63000000,3.63321799,6.40138408,17.17200000,16.92800000,16.09666667,15.04450000,14.24280000,13.77633333,13.49314286,13.31350000,13.32177778,13.33820000,13.28750000,17.47390000,16.39214693,15.02430075,1.36784618,1.15039639,0.21744979,72.36262696,71.56835978,66.10642022,70.04762659,68.47545373,73.19197231,15.04450000,19.72376884,10.36523116,56429169.38742002,74278615.77222000
2023-01-24,17.97000000,18.97000000,16.75000000,17.00000000,63299881.88240000,-0.97000000,-5.39788536,12.35392321,17.33400000,16.93400000,16.41733333,15.29050000,14.48800000,13.95366667,13.63742857,13.40925000,13.39977778,13.40620000,13.35716667,17.46030000,16.48566278,15.17064884,1.31501394,1.18331990,0.13169404,55.67995606,62.05761200,60.92527421,61.10763963,66.01951570,51.28388749,15.29050000,19.82874207,10.75225793,62655633.68048003,63212005.12641001
2023-01-25,16.99000000,18.27000000,16.52000000,17.79000000,46158913.47550000,0.79000000,4.64705882,10.30017657,17.39600000,17.03300000,16.75466667,15.59300000,14.76360000,14.15633333,13.81114286,13.55800000,13.50666667,13.48860000,13.44066667,17.44980000,16.68633005,15.36467485,1.32165520,1.21098696,0.11066823,63.82963887,66.06437266,63.36540102,62.73650519,64.92517886,58.35915785,15.59300000,19.93715809,11.24884191,61469642.03730003,60065902.13107000
2023-01-26,17.80000000,18.80000000,17.78000000,18.08000000,62599123.02710000,0.29000000,1.63012929,5.73033708,17.63600000,17.16700000,16.90266667,15.90800000,15.05200000,14.37100000,13.98914286,13.71125000,13.61955556,13.58460000,13.52766667,17.44440000,16.90074081,15.56581005,1.33493076,1.23577572,0.09915504,66.53995065,67.44125206,64.22124768,66.60819847,65.48618540,68.85222460,15.90800000,19.99397911,11.82202089,60856126.41580002,59769957.42196999
2023-01-27,18.09000000,21.67000000,17.45000000,21.20000000,94906857.28600000,3.12000000,17.25663717,23.32780542,18.40800000,17.57500000,17.28733333,16.38050000,15.45360000,14.70400000,14.25800000,13.94300000,13.78488889,13.74020000,13.67350000,17.46365000,17.56216530,15.98315745,1.57900785,1.30442215,0.27458570,82.99272199,77.94414724,71.65517487,75.11456670,68.69564583,87.95240845,16.38050000,20.62446773,12.13653227,65014940.88724003,61716449.06776001
2023-01-28,21.19000000,21.81000000,20.05000000,20.54000000,92788078.56680000,-0.66000000,-3.11320755,8.30580462,18.92200000,18.04700000,17.59266667,16.80300000,15.82000000,15.02266667,14.51142857,14.17175000,13.93666667,13.88180000,13.80800000,17.48260000,18.02029372,16.32070135,1.69959237,1.38345619,0.31613618,73.78313458,72.54382484,68.51294125,76.29486520,71.22871895,86.42715768,16.80300000,20.92933187,12.67666813,71950570.84756002,64189870.11749001
2023-01-29,20.54000000,21.17000000,20.08000000,20.99000000,53766064.57480000,0.45000000,2.19084713,5.30671860,19.72000000,18.52700000,17.86266667,17.24300000,16.17640000,15.36000000,14.77742857,14.39775000,14.11044444,14.03180000,13.93866667,17.49340000,18.47717161,16.66657532,1.81059629,1.46888421,0.34171208,75.96530473,73.88940651,69.46558920,79.02959507,73.82901099,89.43076323,17.24300000,21.17011545,13.31588455,70043807.38604002,66349720.53326000
2023-01-30,20.99000000,21.31000000,19.25000000,19.74000000,100246091.37260000,-1.25000000,-5.95521677,9.81419724,20.11000000,18.75300000,18.05866667,17.59350000,16.49640000,15.65466667,15.00685714,14.59850000,14.28600000,14.16700000,14.05266667,17.49330000,18.67145290,16.89423641,1.77721649,1.53055067,0.24666582,59.46630711,64.33500624,63.86487614,72.97625179,73.54475792,71.83923951,17.59350000,21.04745136,14.13954864,80861242.96546003,71165442.50138000
2023-01-31,19.73000000,20.19000000,19.31000000,19.80000000,50668727.68350000,0.06000000,0.30395137,4.46021287,20.45400000,19.04500000,18.26266667,17.79050000,16.81720000,15.95233333,15.24000000,14.79725000,14.46044444,14.30300000,14.15633333,17.49555000,18.84507553,17.10947815,1.73559737,1.57156001,0.16403737,59.96712694,64.57486883,64.01021358,69.31876143,72.13609243,63.68409944,17.79050000,21.27743486,14.30356514,78475163.89674002,69665645.15627000
2023-02-01,19.80000000,21.06000000,18.69000000,20.95000000,90846309.19290000,1.15000000,5.80808081,11.96969697,20.40400000,19.40600000,18.51800000,18.06650000,17.18520000,16.27866667,15.51828571,15.02625000,14.66088889,14.44680000,14.28216667,17.49405000,19.16891006,17.39396125,1.77494881,1.61223777,0.16271104,68.82611491,68.94228888,66.68972823,74.12681134,72.79966540,76.78110322,18.06650000,21.63952334,14.49347666,77663054.27812001,71338997.58268000
2023-02-02,20.95000000,22.79000000,20.82000000,21.21000000,138528657.31090000,0.26000000,1.24105012,9.40334129,20.53800000,19.73000000,18.87733333,18.32900000,17.55000000,16.60633333,15.81057143,15.26475000,14.87911111,14.59680000,14.40350000,17.49695000,19.48292390,17.67663079,1.80629311,1.65104884,0.15524427,70.59172061,69.85880074,67.26470727,74.35142021,73.31691700,76.42042663,18.32900000,22.01987010,14.63812990,86811170.02694002,79380870.43724999
2023-02-03,21.21000000,21.96000000,20.68000000,21.36000000,69851250.28820001,0.15000000,0.70721358,6.03488920,20.61200000,20.16600000,19.22200000,18.55000000,17.91680000,16.91566667,16.11028571,15.50675000,15.08822222,14.76060000,14.53283333,17.48400000,19.77170484,17.94947295,1.82223188,1.68528545,0.13694644,71.70132472,70.40839681,67.60137518,73.97460474,73.53614625,74.85152171,18.55000000,22.41585049,14.68414951,90028207.16962004,80036007.27782999
2023-02-04,21.35000000,21.69000000,20.84000000,21.04000000,46196243.10340000,-0.32000000,-1.49812734,3.98126464,20.87200000,20.49100000,19.45933333,18.76200000,18.24920000,17.22566667,16.40000000,15.74000000,15.29555556,14.94460000,14.65566667,17.46560000,19.96682717,18.17840088,1.78842629,1.70591361,0.08251267,65.38563547,67.54220279,66.08832828,71.72589130,72.93272793,69.31221803,18.76200000,22.68833537,14.83566463,79218237.51578003,80039740.24061999
2023-02-05,21.03000000,21.15000000,19.71000000,20.08000000,60549243.96500000,-0.96000000,-4.56273764,6.84736091,20.92800000,20.69100000,19.67266667,18.92900000,18.41800000,17.50233333,16.66314286,15.95100000,15.47844444,15.10720000,14.76900000,17.44805000,19.98423838,18.31926008,1.66497830,1.69772655,-0.03274825,49.64364251,59.60167434,61.76103730,59.11807387,68.32784324,40.69853513,18.92900000,22.77655233,15.08144767,81194340.77208003,79834752.33441000
2023-02-06,20.09000000,20.43000000,19.42000000,19.58000000,37135408.53580000,-0.50000000,-2.49003984,5.02737680,20.65400000,20.52900000,19.82200000,19.05200000,18.58400000,17.76333333,16.90371429,16.16025000,15.65155556,15.26020000,14.87166667,17.42100000,19.92204786,18.41264822,1.50939964,1.66006117,-0.15066153,43.15065230,55.86970638,59.63876006,46.64782161,61.10116936,17.74112609,19.05200000,22.81235049,15.29164951,70452160.64066003,74057607.45939000
2023-02-07,19.58000000,21.00000000,19.51000000,20.83000000,51363309.01350000,1.25000000,6.38406537,7.60980592,20.57800000,20.55800000,20.01266667,19.30250000,18.77880000,18.05466667,17.17371429,16.40650000,15.85511111,15.44900000,14.99450000,17.40700000,20.06173280,18.59171131,1.47002149,1.62205323,-0.15203175,59.17097797,62.30656199,62.95916967,48.49692172,56.89975348,31.69125820,19.30250000,22.81568045,15.78931955,53019090.98118003,69915130.50406000
2023-02-08,20.83000000,21.02000000,19.62000000,20.11000000,35859512.54600000,-0.72000000,-3.45655305,6.72107537,20.32800000,20.47000000,20.22000000,19.49850000,18.90560000,18.31866667,17.40314286,16.63750000,16.04244444,15.61220000,15.10483333,17.38955000,20.06915852,18.70417714,1.36498138,1.57063886,-0.20565748,49.52448314,57.07541335,59.99275502,43.87599659,52.55850119,26.51098741,19.49850000,22.70450276,16.29249724,46220743.43274002,68124475.30118001
2023-02-09,20.11000000,20.24000000,17.44000000,17.90000000,59484285.44980000,-2.21000000,-10.98955743,13.92342118,19.70000000,20.28600000,20.22733333,19.51950000,18.94960000,18.49100000,17.57914286,16.81250000,16.18000000,15.73600000,15.18683333,17.36010000,19.73544183,18.64460847,1.09083336,1.47467776,-0.38384440,30.94343164,44.55073721,52.12639624,32.11670801,45.74457013,4.86098377,19.51950000,22.67493624,16.36406376,48878351.90202002,64048294.70890000
2023-02-10,17.90000000,18.24000000,17.49000000,17.79000000,29903620.43670000,-0.11000000,-0.61452514,4.18994413,19.24200000,20.08500000,20.20800000,19.56500000,18.99160000,18.55533333,17.75085714,16.98550000,16.31666667,15.85480000,15.26666667,17.34445000,19.43614309,18.58130414,0.85483895,1.35071000,-0.49587105,30.26520382,44.02615069,51.77380715,23.59182403,38.36032143,-5.94517076,19.56500000,22.58345203,16.54654797,42749227.19636002,61971783.98422001
2023-02-11,17.78000000,18.11000000,17.66000000,18.01000000,16751422.87240000,0.22000000,1.23664980,2.53093363,18.92800000,19.79100000,19.99533333,19.59850000,19.02720000,18.64133333,17.92971429,17.15675000,16.46777778,15.97920000,15.33750000,17.33095000,19.21673646,18.53898531,0.67775115,1.21611823,-0.53836708,33.75020479,45.42815524,52.44511191,19.93142251,32.21735512,-4.64044271,19.59850000,22.52649392,16.67050608,38672430.06368002,54562295.35217001
2023-02-12,18.02000000,18.49000000,17.52000000,17.78000000,48228890.53910000,-0.23000000,-1.27706830,5.38290788,18.31800000,19.44800000,19.81133333,19.58900000,19.10560000,18.70200000,18.09228571,17.31675000,16.61888889,16.10140000,15.40533333,17.30290000,18.99570008,18.48276418,0.51293590,1.07548176,-0.56254586,31.75904030,44.16647104,51.66062631,15.95428167,26.79633064,-5.72981626,19.58900000,22.54038077,16.63761923,38045546.36880003,45532318.67499000
2023-02-13,17.78000000,17.86000000,16.84000000,17.63000000,31820834.92840000,-0.15000000,-0.84364454,5.73678290,17.82200000,19.07500000,19.58733333,19.62050000,19.16320000,18.72500000,18.24771429,17.45550000,16.76911111,16.22040000,15.47966667,17.27005000,18.78559237,18.41959646,0.36599591,0.93358459,-0.56758868,30.35738953,43.31067069,51.14004581,16.74600990,23.44622373,3.34558225,19.62050000,22.46712293,16.77387707,37237810.84528002,41729277.13901000
2023-02-14,17.63000000,18.29000000,17.11000000,18.14000000,37075845.41410000,0.51000000,2.89279637,6.69313670,17.87000000,18.78500000,19.48066667,19.63800000,19.18960000,18.76966667,18.40228571,17.61550000,16.93000000,16.34900000,15.58466667,17.23830000,18.68627047,18.39888561,0.28738486,0.80434465,-0.51695979,40.98415801,47.11174593,52.82655289,21.53083276,22.80776007,18.97697813,19.63800000,22.44121319,16.83478681,32756122.83814002,40817237.37008000
2023-02-15,18.15000000,19.96000000,17.91000000,19.94000000,40826355.64040000,1.80000000,9.92282249,11.29476584,18.30000000,18.77100000,19.49000000,19.73100000,19.31200000,18.87633333,18.51885714,17.81950000,17.13155556,16.51500000,15.71783333,17.21685000,18.87915194,18.51304223,0.36610970,0.71669766,-0.35058795,64.15164681,57.96394971,58.14699253,39.07478165,28.23010060,60.76414375,19.73100000,22.43835373,17.02364627,34940669.87888002,38844948.53762000
2023-02-16,19.94000000,20.39000000,18.55000000,18.59000000,61105350.77480000,-1.35000000,-6.77031093,9.22768305,18.41600000,18.67200000,19.33266667,19.60050000,19.36200000,18.92533333,18.60914286,17.99050000,17.29666667,16.66260000,15.82883333,17.19120000,18.83466702,18.51874281,0.31592422,0.63654297,-0.32061875,47.40359936,49.63161115,53.43085261,40.00519733,32.15513284,55.70532632,19.60050000,22.26091924,16.94008076,43811455.45936003,41241942.76152000
2023-02-17,18.59000000,19.65000000,18.48000000,19.45000000,35095475.73030000,0.86000000,4.62614309,6.29370629,18.75000000,18.53400000,19.21533333,19.54600000,19.42120000,19.04633333,18.70885714,18.17450000,17.47600000,16.83200000,15.96316667,17.17060000,18.92933364,18.58772482,0.34160881,0.57755614,-0.23594733,56.15407296,54.20636086,55.81317384,51.17717381,38.49581316,76.53989510,19.54600000,22.16978914,16.92221086,41184772.49760002,39615159.43320000
2023-02-18,19.46000000,20.11000000,19.29000000,19.54000000,46716045.93880000,0.09000000,0.46272494,4.21377184,19.13200000,18.47700000,19.09400000,19.47350000,19.52280000,19.15800000,18.78314286,18.35825000,17.64177778,17.00540000,16.08966667,17.15405000,19.02328231,18.65826372,0.36501858,0.53504863,-0.17003004,57.05139817,54.67632746,56.05864639,59.47022855,45.48728496,87.43611573,19.47350000,22.00789726,16.93910274,44163814.69968002,40700812.77248000
2023-02-19,19.55000000,20.42000000,19.26000000,19.81000000,45314544.01590000,0.27000000,1.38178096,5.93350384,19.46600000,18.66800000,19.01200000,19.47700000,19.60360000,19.23566667,18.86914286,18.53525000,17.82111111,17.18360000,16.22466667,17.13790000,19.14431580,18.74357752,0.40073828,0.50818656,-0.10744828,59.99852684,56.14914751,56.80975110,67.30045032,52.75834008,96.38467080,19.47700000,22.01313963,16.94086037,45811554.42004003,39283838.62909000
2023-02-20,19.80000000,21.38000000,19.02000000,20.82000000,81441043.37819999,1.01000000,5.09843513,11.91919192,19.64200000,18.97100000,19.06133333,19.52800000,19.71320000,19.36700000,18.98571429,18.65925000,18.02200000,17.38260000,16.37416667,17.12520000,19.40211337,18.89738659,0.50472677,0.50749460,-0.00276783,69.41846752,61.28330352,59.51123628,74.08869962,59.86845993,102.52917902,19.52800000,22.13161368,16.92438632,53934491.96760003,44437580.92324000
2023-02-21,20.82000000,21.66000000,19.90000000,20.98000000,85273752.93310000,0.16000000,0.76849183,8.45341018,20.12000000,19.26800000,19.15466667,19.52950000,19.70440000,19.48833333,19.09600000,18.79800000,18.22711111,17.57900000,16.52733333,17.10535000,19.64486516,19.05165425,0.59321090,0.52463786,0.06857304,70.72883194,62.05115418,59.92558508,78.02317181,65.92003056,102.22945432,19.52950000,22.13659538,16.92240462,58768172.39926002,51289813.92931000
2023-02-22,20.98000000,21.56000000,19.58000000,20.32000000,104139370.16290000,-0.66000000,-3.14585319,9.43755958,20.29400000,19.52200000,19.12066667,19.48500000,19.69560000,19.56666667,19.22457143,18.90700000,18.41000000,17.75780000,16.67150000,17.07380000,19.74873206,19.14560579,0.60312627,0.54033554,0.06279072,58.35236920,56.96704709,57.39727574,75.53193139,69.12399750,88.34779917,19.48500000,22.00007874,16.96992126,72576951.28578003,56880861.89169000
2023-02-23,20.31000000,20.73000000,19.52000000,19.71000000,46332361.75260000,-0.61000000,-3.00196850,5.95765633,20.32800000,19.73000000,19.09400000,19.40250000,19.64440000,19.65700000,19.32514286,18.97625000,18.57711111,17.91040000,16.80533333,17.03285000,19.74277328,19.18741277,0.55536051,0.54334054,0.01201997,48.86830521,52.62003897,55.15309853,66.35462093,68.20087198,62.66211883,19.40250000,21.76205281,17.04294719,72500214.44854002,58332014.57410999
2023-02-24,19.72000000,19.82000000,18.03000000,18.39000000,47774650.84630000,-1.32000000,-6.69710807,9.07707911,20.04400000,19.75500000,19.12666667,19.27000000,19.59040000,19.67700000,19.35114286,19.01600000,18.70288889,18.04340000,16.91666667,16.98525000,19.53465431,19.12834516,0.40630916,0.51593426,-0.10962510,34.36474904,44.58813185,50.67884984,47.54219908,61.31464768,19.99730187,19.27000000,21.53823372,17.00176628,72992235.81462002,59401895.11733000
2023-02-25,18.39000000,18.62000000,17.44000000,17.94000000,39855273.97640000,-0.45000000,-2.44698206,6.41653072,19.46800000,19.55500000,19.13666667,19.16300000,19.51600000,19.67233333,19.38142857,19.04600000,18.74911111,18.16660000,17.02166667,16.93785000,19.28932288,19.04031959,0.24900329,0.46254807,-0.21354478,30.64413654,42.19297060,49.25736139,35.64424646,52.75784727,1.41704484,19.16300000,21.47188535,16.85411465,64675081.93426003,59304786.95093000
2023-02-26,17.95000000,18.57000000,17.82000000,18.43000000,18383792.25460000,0.49000000,2.73132664,4.17827298,18.95800000,19.53900000,19.16466667,19.10550000,19.41520000,19.58000000,19.41257143,19.07875000,18.81577778,18.30020000,17.14200000,16.88410000,19.15711936,18.99511073,0.16200863,0.40244018,-0.24043155,39.23990174,45.66037312,50.82458719,31.58273619,45.69947691,3.34925474,19.10550000,21.42789871,16.78310129,51297089.79856003,55032631.09891000
2023-02-27,18.44000000,18.65000000,17.71000000,17.93000000,25607343.49920000,-0.50000000,-2.71296799,5.09761388,18.48000000,19.38700000,19.17466667,18.96050000,19.28400000,19.49300000,19.41142857,19.13150000,18.85955556,18.41700000,17.25783333,16.83110000,18.96833177,18.91621364,0.05211813,0.33237577,-0.28025764,34.06952065,42.80242421,49.20636865,24.92561559,38.77485647,-2.77286616,18.96050000,21.18981167,16.73118833,35590684.46582003,54083817.87580000
2023-02-28,17.93000000,17.94000000,16.93000000,17.09000000,26587579.43050000,-0.84000000,-4.68488567,5.63301729,17.95600000,19.14200000,19.13866667,18.80950000,19.11320000,19.36300000,19.41400000,19.15400000,18.86288889,18.51500000,17.36150000,16.76985000,18.67935765,18.78093856,-0.10158091,0.24558443,-0.34716534,26.91891638,38.39770603,46.60507598,17.74463168,31.76478154,-10.29566804,18.80950000,21.11866230,16.50033770,31641728.00140002,52070971.22497000
2023-03-01,17.10000000,17.83000000,16.98000000,17.77000000,19397437.13690000,0.68000000,3.97893505,4.97076023,17.83200000,18.93800000,19.11400000,18.80300000,18.98240000,19.29733333,19.41342857,19.16125000,18.88444444,18.61580000,17.47600000,16.71290000,18.53945647,18.70605422,-0.16659775,0.16314800,-0.32974574,39.29568227,43.52972064,48.88755901,17.74941619,27.09299309,-0.93773762,18.80300000,21.12364510,16.48235490,25966285.25952002,49479260.53707000
2023-03-02,17.76000000,17.86000000,17.11000000,17.47000000,15201011.86280000,-0.30000000,-1.68823860,4.22297297,17.73800000,18.60300000,18.94933333,18.78700000,18.87800000,19.21966667,19.39600000,19.17600000,18.90066667,18.64800000,17.58600000,16.65935000,18.37492471,18.61449465,-0.23956994,0.08260441,-0.32217435,36.06235359,41.85167137,47.94406704,15.72063311,23.30220643,0.55748647,18.78700000,21.14122219,16.43277781,21035432.83680003,42855257.38553000
2023-03-03,17.47000000,17.48000000,15.81000000,16.66000000,32767139.74900000,-0.81000000,-4.63651975,9.55924442,17.38400000,18.17100000,18.82066667,18.71950000,18.76120000,19.07666667,19.26628571,19.15900000,18.89044444,18.67260000,17.67766667,16.60325000,18.11109014,18.46971727,-0.35862713,-0.00564190,-0.35298523,28.47191725,37.58414840,45.47161757,16.23922966,20.94788084,6.82192730,18.71950000,21.23912800,16.19987200,23912102.33568003,37604596.06712000
2023-03-04,16.66000000,16.90000000,15.74000000,16.14000000,17813346.61530000,-0.52000000,-3.12124850,6.96278511,17.02600000,17.75300000,18.60000000,18.63750000,18.57360000,18.90766667,19.14057143,19.11325000,18.89755556,18.67620000,17.75700000,16.54845000,17.80784550,18.29714562,-0.48930012,-0.10237354,-0.38692657,24.49938502,35.07908779,43.95322176,14.09412696,18.66329621,4.95578846,18.63750000,21.38253092,15.89246908,22353302.95890003,28971993.71236000
2023-03-05,16.14000000,16.52000000,16.06000000,16.14000000,12167464.01710000,0.00000000,0.00000000,2.85006196,16.83600000,17.39600000,18.37333333,18.56300000,18.41480000,18.73366667,19.00200000,19.09175000,18.89644444,18.66020000,17.82466667,16.50140000,17.55125388,18.13735705,-0.58610317,-0.19911947,-0.38698370,24.49938502,35.07908779,43.95322176,13.97798613,17.10152619,7.73090602,18.56300000,21.49749969,15.62850031,19469279.87622003,25555503.93881000
2023-03-06,16.14000000,16.70000000,15.82000000,16.52000000,22002952.45460000,0.38000000,2.35439901,5.45229244,16.58600000,17.20900000,18.15400000,18.48200000,18.35960000,18.58300000,18.91000000,19.06000000,18.87511111,18.65460000,17.90433333,16.46295000,17.39259944,18.01755283,-0.62495338,-0.28428625,-0.34066713,34.16540386,38.63608836,45.40384203,18.25336532,17.48547257,19.78915084,18.48200000,21.55196726,15.41203274,19990382.93976002,22978334.09964000
2023-03-07,16.51000000,16.73000000,15.85000000,16.17000000,23503545.97090000,-0.35000000,-2.11864407,5.33010297,16.32600000,17.03200000,17.84400000,18.29350000,18.29480000,18.45266667,18.80628571,19.01225000,18.85933333,18.64320000,17.97750000,16.43160000,17.20450722,17.88069706,-0.67618984,-0.36266697,-0.31352287,29.93021588,36.62008312,44.30181447,17.09445432,17.35513315,16.57309665,18.29350000,21.44832104,15.13867896,21650889.76138002,21343161.29909000
2023-03-08,16.17000000,16.26000000,15.00000000,15.12000000,25433756.31820000,-1.05000000,-6.49350649,7.79220779,16.01800000,16.70100000,17.45333333,18.12000000,18.17920000,18.30400000,18.63971429,18.86025000,18.81000000,18.60320000,18.03366667,16.39570000,16.88381380,17.67620098,-0.79238718,-0.44861101,-0.34377617,20.69489690,31.27866549,41.17342038,12.75684710,15.82237113,6.62579902,18.12000000,21.57367539,14.66632461,20184213.07522003,22048157.70545000
2023-03-09,15.11000000,15.69000000,14.20000000,14.41000000,36998124.57410000,-0.71000000,-4.69576720,9.86101919,15.67200000,16.34900000,17.05933333,17.86800000,18.04440000,18.09000000,18.44542857,18.70700000,18.73088889,18.57500000,18.07233333,16.35290000,16.50322706,17.43426017,-0.93103311,-0.54509543,-0.38593768,16.55094167,28.24014770,39.21929605,10.41713304,14.02062510,3.21014891,17.86800000,21.63440328,14.10159672,24021168.66698002,23187235.81294000
2023-03-10,14.42000000,15.28000000,13.88000000,14.80000000,46183612.81820000,0.39000000,2.70645385,9.70873786,15.40400000,16.12000000,16.73200000,17.63100000,17.93120000,17.91300000,18.25800000,18.55225000,18.68200000,18.54720000,18.11583333,16.31415000,16.24119213,17.23912979,-0.99793766,-0.63566388,-0.36227378,26.28106499,32.18760526,40.82895601,14.64994799,14.23039940,15.48904517,17.63100000,21.54793167,13.71406833,30824398.42720002,25146839.15171000
2023-03-11,14.79000000,15.19000000,13.93000000,14.51000000,37866487.33280000,-0.29000000,-1.95945946,8.51926978,15.00200000,15.79400000,16.47333333,17.36600000,17.78600000,17.80000000,18.07142857,18.42150000,18.60911111,18.48780000,18.14550000,16.26920000,15.97485488,17.03697202,-1.06211715,-0.72095453,-0.34116262,23.80439217,30.81265494,40.00686531,15.59996533,14.68692137,17.42605323,17.36600000,21.37819929,13.35380071,33997105.40284003,26993744.17130000
2023-03-12,14.51000000,16.29000000,14.20000000,16.18000000,44631183.82290000,1.67000000,11.50930393,14.40385941,15.00400000,15.66500000,16.35600000,17.13400000,17.63560000,17.74633333,17.96000000,18.33100000,18.56688889,18.47380000,18.15083333,16.23505000,16.00641567,16.97349261,-0.96707695,-0.77017901,-0.19689793,53.85486533,45.45100494,46.48205864,35.78629035,21.72004436,63.91878232,17.13400000,20.82935355,13.43864645,38222632.97324003,29936761.36731000
2023-03-13,16.17000000,16.78000000,15.45000000,16.47000000,59049962.24860000,0.29000000,1.79233622,8.22510823,15.27400000,15.64600000,16.22533333,16.90850000,17.55080000,17.69500000,17.87114286,18.21900000,18.46177778,18.45640000,18.16816667,16.20245000,16.07773633,16.93619687,-0.85846053,-0.78783532,-0.07062522,57.35922921,47.55311406,47.50866450,53.62764184,32.35591019,96.17110515,16.90850000,20.13654992,13.68045008,44945874.15932003,32565043.61727000
2023-03-14,16.47000000,17.91000000,16.07000000,17.15000000,81970536.50170000,0.68000000,4.12871888,11.17182757,15.82200000,15.74700000,16.17333333,16.75000000,17.45880000,17.67400000,17.76600000,18.11750000,18.38644444,18.44000000,18.18800000,16.18490000,16.24269997,16.95203413,-0.70933416,-0.77213509,0.06280093,64.86671043,52.25917846,49.86190591,62.79890763,42.50357600,103.38957088,16.75000000,19.55653373,13.94346627,53940356.54484002,38980762.60591000
2023-03-15,17.15000000,17.42000000,15.33000000,15.55000000,55175959.11000000,-1.60000000,-9.32944606,12.18658892,15.97200000,15.68800000,16.07066667,16.54200000,17.29920000,17.60466667,17.63571429,17.97225000,18.26555556,18.41100000,18.16483333,16.16250000,16.13613075,16.84817975,-0.71204901,-0.76011787,0.04806886,43.32765320,42.47597389,44.91775850,55.67900707,46.89538636,73.24624850,16.54200000,19.02253984,14.06146016,55738825.80320002,43281612.11520000
2023-03-16,15.55000000,16.09000000,15.24000000,15.83000000,32958246.09350000,0.28000000,1.80064309,5.46623794,16.23600000,15.61900000,15.94133333,16.41400000,17.14000000,17.52766667,17.57657143,17.84200000,18.17866667,18.37180000,18.14866667,16.14900000,16.08903371,16.77275903,-0.68372532,-0.74483936,0.06111404,47.02185693,44.46089850,45.89738881,53.24837031,49.01304768,61.71901557,16.41400000,18.75319824,14.07480176,54757177.55534001,44377141.47908999
2023-03-17,15.83000000,17.77000000,15.63000000,17.64000000,43768970.69090000,1.81000000,11.43398610,13.51863550,16.52800000,15.76600000,15.95266667,16.39900000,17.01280000,17.45100000,17.57228571,17.78100000,18.13066667,18.36300000,18.16366667,16.14060000,16.32764391,16.83699910,-0.50935520,-0.69774253,0.18838733,64.81381147,55.33052646,51.69258758,66.59899625,54.87503053,90.04692768,16.39900000,18.70054090,14.09745910,54584734.92894002,46403683.95108999
2023-03-18,17.64000000,18.25000000,16.85000000,16.98000000,52378447.67220000,-0.66000000,-3.74149660,7.93650794,16.63000000,15.95200000,15.97400000,16.32650000,16.85280000,17.39733333,17.54285714,17.71600000,18.04244444,18.27860000,18.16133333,16.12855000,16.42800638,16.84759176,-0.41958538,-0.64211110,0.22252572,56.50964388,51.33406689,49.66827330,68.04540253,59.26515453,85.60589854,16.32650000,18.44253676,14.21046324,53250432.01366002,49098153.08649000
2023-03-19,16.99000000,18.08000000,16.96000000,17.53000000,33932059.26960000,0.55000000,3.23910483,6.59211301,16.70600000,16.26400000,16.06666667,16.30650000,16.74120000,17.33333333,17.53571429,17.63350000,17.96066667,18.21840000,18.18983333,16.12050000,16.59754386,16.89814052,-0.30059666,-0.57380821,0.27321155,61.44893802,54.33269961,51.32576352,73.14137947,63.89056285,91.64301271,16.30650000,18.36551637,14.24748363,43642736.56724002,48791546.55604000
2023-03-20,17.53000000,17.78000000,16.52000000,16.64000000,41698320.58810000,-0.89000000,-5.07701084,7.18767827,16.92400000,16.44800000,16.10000000,16.28400000,16.61840000,17.23666667,17.50742857,17.54675000,17.85577778,18.13140000,18.19733333,16.10705000,16.60407558,16.87901900,-0.27494342,-0.51403525,0.23909183,50.34584195,49.00262328,48.62209447,68.84322417,65.54144995,75.44677261,16.28400000,18.31663272,14.25136728,40947208.86286002,48343017.33303000
2023-03-21,16.64000000,17.55000000,16.33000000,17.44000000,34835823.54630000,0.80000000,4.80769231,7.33173077,17.24600000,16.74100000,16.16133333,16.26750000,16.58040000,17.15766667,17.48742857,17.53525000,17.77577778,18.08540000,18.19666667,16.09995000,16.73267933,16.92057315,-0.18789381,-0.44880697,0.26091315,58.44491190,53.47790095,51.04108029,70.25871645,67.11387212,76.54840510,16.26750000,18.25418065,14.28081935,41322724.35342003,48039950.95438000
2023-03-22,17.43000000,17.93000000,16.26000000,16.74000000,60899575.64770000,-0.70000000,-4.01376147,9.58118187,17.06600000,16.79700000,16.19933333,16.23100000,16.53240000,17.02166667,17.39600000,17.50900000,17.70155556,18.02420000,18.19433333,16.08920000,16.73380559,16.90719736,-0.17339177,-0.39372393,0.22033216,49.89896207,49.34450016,48.93735570,63.45043998,65.89272807,58.56586379,16.23100000,18.15034090,14.31165910,44748845.34478002,49666790.13686000
2023-03-23,16.75000000,17.90000000,16.57000000,17.54000000,37044717.05070000,0.80000000,4.77897252,7.94029851,17.17800000,16.90400000,16.36066667,16.27500000,16.49680000,16.90700000,17.36600000,17.49725000,17.65622222,17.95600000,18.19766667,16.08185000,16.85783550,16.95407163,-0.09623613,-0.33422637,0.23799024,58.26768678,53.79681239,51.32961977,67.77094670,66.51880095,70.27523820,16.27500000,18.27442623,14.27557377,41682099.22048002,47466265.61707000
2023-03-24,17.54000000,17.65000000,16.66000000,16.95000000,20031297.79320000,-0.59000000,-3.36374002,5.64424173,17.06200000,16.88400000,16.53000000,16.31550000,16.45760000,16.79466667,17.29457143,17.47650000,17.57000000,17.87080000,18.18066667,16.06940000,16.87201465,16.95377003,-0.08175537,-0.28373217,0.20197679,50.76344352,50.24383553,49.54339141,64.11750821,65.71837003,60.91578456,16.31550000,18.33611455,14.29488545,38901946.92520002,41272341.74622000
2023-03-25,16.96000000,17.15000000,16.38000000,16.89000000,16953254.57800000,-0.06000000,-0.35398230,4.54009434,17.11200000,17.01800000,16.66933333,16.35300000,16.44960000,16.70066667,17.21885714,17.45800000,17.49844444,17.78140000,18.17883333,16.06280000,16.87478163,16.94904632,-0.07426469,-0.24183867,0.16757398,49.97795811,49.87837880,49.36111246,58.77553982,63.40409330,49.51843288,16.35300000,18.38768968,14.31831032,33952933.72318002,37450071.29302000
2023-03-26,16.89000000,17.29000000,16.86000000,17.12000000,14393944.70260000,0.23000000,1.36175252,2.54588514,17.04800000,17.14700000,16.84333333,16.38300000,16.42360000,16.65833333,17.14200000,17.43250000,17.48111111,17.70300000,18.16766667,16.05335000,16.91250753,16.96170956,-0.04920202,-0.20331134,0.15410932,53.30183331,51.35793124,50.09554197,53.58905335,60.13241331,40.50233342,16.38300000,18.44555947,14.32044053,29864557.95444002,35593641.15393000
2023-03-27,17.12000000,17.15000000,16.00000000,16.49000000,24796799.43880000,-0.63000000,-3.67990654,6.71728972,16.99800000,17.03200000,16.86400000,16.39900000,16.38440000,16.61000000,17.01828571,17.34625000,17.45222222,17.63120000,18.14116667,16.04015000,16.84750637,16.92676811,-0.07926173,-0.17850142,0.09923969,43.74695641,47.19497112,48.10155993,43.57859967,54.61447543,21.50684814,16.39900000,18.45956609,14.33843391,22644002.71266003,33696424.02872000
2023-03-28,16.48000000,16.85000000,16.30000000,16.71000000,23483717.81150000,0.22000000,1.33414190,3.33737864,16.83200000,17.00500000,16.88000000,16.47850000,16.38640000,16.55266667,16.89628571,17.29925000,17.42333333,17.57380000,18.06633333,16.02180000,16.82635155,16.91071121,-0.08435966,-0.15967307,0.07531341,47.67735013,48.77670329,48.84353317,41.31492137,50.18129074,23.58218262,16.47850000,18.45215037,14.50484963,19931802.86482003,30806951.04265000
2023-03-29,16.72000000,17.41000000,16.65000000,17.31000000,28347879.20260000,0.60000000,3.59066427,4.54545455,16.90400000,16.98300000,16.89066667,16.62350000,16.43320000,16.53200000,16.81028571,17.24575000,17.41288889,17.50340000,18.01250000,16.00615000,16.90075900,16.94028816,-0.03952916,-0.13564429,0.09611513,57.41504279,52.96817576,50.84351803,50.16849680,50.17702610,50.15143821,16.62350000,18.37036818,14.87663182,21595119.14670002,30248533.03595000
2023-03-30,17.32000000,17.57000000,16.91000000,17.23000000,32465515.81020000,-0.08000000,-0.46216060,3.81062356,16.97200000,17.04200000,17.00266667,16.74500000,16.47680000,16.53666667,16.73942857,17.18800000,17.40400000,17.44580000,17.94983333,15.98890000,16.95141146,16.96174830,-0.01033683,-0.11058280,0.10024596,55.75481123,52.34515449,50.56845766,54.68918785,51.68108001,60.70540352,16.74500000,18.28344077,15.20655923,24697571.39314003,29325252.55816000
2023-03-31,17.23000000,17.84000000,17.08000000,17.70000000,27445923.83900000,0.47000000,2.72780035,4.41091120,17.08800000,17.06800000,17.12733333,16.90450000,16.52400000,16.53433333,16.71971429,17.13525000,17.39422222,17.44180000,17.91583333,15.97050000,17.06657893,17.01643361,0.05014532,-0.07843717,0.12858250,63.24723176,55.68577719,52.15524255,66.28401997,56.54872667,85.75460658,16.90450000,18.08774220,15.72125780,27307967.22042003,28586262.58743000
2023-04-01,17.70000000,17.89000000,17.54000000,17.80000000,15313441.95410000,0.10000000,0.56497175,1.97740113,17.35000000,17.17400000,17.13800000,16.98550000,16.58920000,16.54533333,16.71571429,17.05975000,17.34666667,17.44200000,17.88250000,15.96515000,17.17941294,17.07447556,0.10493738,-0.04176226,0.14669964,64.77039770,56.39526465,52.49381344,75.93537839,63.01094391,101.78424736,16.98550000,18.18164248,15.78935752,25411295.72348002,24027649.21807000
2023-04-02,17.79000000,17.85000000,17.06000000,17.25000000,15997347.72820000,-0.55000000,-3.08988764,4.44069702,17.45800000,17.14500000,17.15600000,17.02450000,16.67440000,16.56500000,16.68200000,16.96650000,17.31688889,17.42680000,17.82083333,15.95580000,17.19027249,17.08747737,0.10279512,-0.01285079,0.11564590,50.85904650,51.45261024,50.44510398,72.66944097,66.23044293,85.54743706,17.02450000,18.20056794,15.84843206,23914021.70682002,21922912.28582000
2023-04-03,17.24000000,17.45000000,16.65000000,17.11000000,28558818.92870000,-0.14000000,-0.81159420,4.64037123,17.41800000,17.16100000,17.12800000,17.02250000,16.78240000,16.59733333,16.65857143,16.88625000,17.26488889,17.41340000,17.75250000,15.95030000,17.17792287,17.08914571,0.08877716,0.00747480,0.08130236,47.72784397,50.23014657,49.92754339,68.02301356,66.82796647,70.41310773,17.02250000,18.19780511,15.84719489,23956209.65204002,22775664.39937000
2023-04-04,17.10000000,17.67000000,16.97000000,17.65000000,22393695.84840000,0.54000000,3.15604909,4.09356725,17.50200000,17.23700000,17.19533333,17.12750000,16.89640000,16.64766667,16.67457143,16.83475000,17.22288889,17.41380000,17.69066667,15.94830000,17.25055012,17.13069048,0.11985965,0.02995177,0.08990788,59.32013797,54.75356913,51.91325725,74.44920481,69.36837925,84.61085592,17.12750000,18.10798055,16.14701945,21941845.65968002,23319708.52641000
2023-04-05,17.65000000,18.38000000,17.44000000,18.00000000,39406410.95750000,0.35000000,1.98300283,5.32577904,17.56200000,17.32500000,17.23266667,17.23600000,17.03600000,16.69700000,16.68114286,16.82500000,17.18266667,17.41100000,17.64000000,15.94590000,17.36585011,17.19508377,0.17076633,0.05811468,0.11265165,65.30461513,57.48568331,53.16930475,76.87639295,71.87105048,86.88707788,17.23600000,18.08312268,16.38887732,24333943.08338002,25820955.15190000
2023-04-06,17.99000000,18.35000000,17.63000000,17.97000000,26924351.90400000,-0.03000000,-0.16666667,4.00222346,17.59600000,17.47300000,17.31466667,17.25250000,17.10760000,16.75700000,16.69542857,16.82575000,17.11933333,17.37160000,17.60483333,15.95225000,17.45879624,17.25248498,0.20631127,0.08775400,0.11855727,64.33118949,57.16292996,53.04537806,76.68445464,73.47551854,83.10232686,17.25250000,18.14442577,16.36057423,26656125.07336002,26033710.39842000
2023-04-07,17.98000000,18.14000000,17.42000000,17.60000000,18126661.09840000,-0.37000000,-2.05898720,4.00444939,17.66600000,17.56200000,17.31866667,17.28350000,17.15280000,16.83966667,16.72228571,16.80500000,17.04422222,17.35180000,17.57183333,15.95385000,17.48051990,17.27822683,0.20229307,0.11066181,0.09163125,52.70423143,53.14809406,51.50055179,69.42740136,72.12614615,64.02991179,17.28350000,18.17863951,16.38836049,27081987.74740003,25498004.72711000
2023-04-08,17.60000000,17.74000000,17.33000000,17.45000000,9935020.36530000,-0.15000000,-0.85227273,2.32954545,17.73400000,17.57600000,17.35200000,17.27950000,17.16480000,16.94100000,16.75971429,16.79300000,16.98044444,17.31180000,17.51550000,15.95785000,17.47582453,17.29095077,0.18487376,0.12550420,0.05936956,48.44470226,51.54693577,50.87379483,61.69919243,68.65049491,47.79658748,17.27950000,18.17070793,16.38829207,23357228.03472003,23656718.84338000
2023-04-09,17.45000000,17.65000000,17.25000000,17.54000000,10934568.45780000,0.09000000,0.51575931,2.29226361,17.71200000,17.60700000,17.39533333,17.32450000,17.24440000,17.03233333,16.79971429,16.80425000,16.93222222,17.27180000,17.47266667,15.96280000,17.48569768,17.30939886,0.17629882,0.13566313,0.04063569,51.27973606,52.48390880,51.24527756,58.28115719,65.19404900,44.45537356,17.32450000,18.16943475,16.47956525,21065402.55660002,21503624.10814000
2023-04-10,17.54000000,17.97000000,17.37000000,17.94000000,18066250.47950000,0.40000000,2.28050171,3.42075257,17.70000000,17.63100000,17.45000000,17.34950000,17.32880000,17.14666667,16.84028571,16.80850000,16.92222222,17.23440000,17.47333333,15.96410000,17.55559034,17.35611006,0.19948029,0.14842656,0.05105373,62.32816339,56.55706483,52.89713890,63.70959612,64.69923137,61.73032562,17.34950000,18.23732348,16.46167652,16797370.46100003,20565656.77219000
2023-04-11,17.93000000,18.62000000,17.87000000,18.14000000,27156033.42430000,0.20000000,1.11482720,4.18293363,17.73400000,17.66500000,17.56000000,17.41950000,17.34880000,17.21200000,16.89657143,16.82525000,16.92666667,17.18080000,17.47916667,15.96495000,17.64549952,17.41417598,0.23132354,0.16500596,0.06631759,66.84002962,58.49760255,53.71531655,67.68457000,65.69434425,71.66502151,17.41950000,18.32556088,16.51343912,16843706.76506003,21749915.91921000
2023-04-12,18.13000000,19.21000000,17.68000000,18.26000000,64449888.90250000,0.12000000,0.66152150,8.43905130,17.86600000,17.76600000,17.66333333,17.45550000,17.40000000,17.27166667,16.98628571,16.86525000,16.92288889,17.12640000,17.48333333,15.96825000,17.74003806,17.47682961,0.26320845,0.18464645,0.07856199,69.47249813,59.67656576,54.21325396,64.31947524,65.23605458,62.48631656,17.45550000,18.43588607,16.47511393,26108352.32588003,26595170.03664000
2023-04-13,18.26000000,19.08000000,18.11000000,18.84000000,45921153.13880000,0.58000000,3.17634173,5.31215772,18.14400000,17.93900000,17.76533333,17.55000000,17.45240000,17.32800000,17.11285714,16.93275000,16.94311111,17.09680000,17.50100000,15.97585000,17.90926297,17.57780519,0.33145778,0.21400872,0.11744906,79.09711234,64.92952493,56.56971515,69.92046649,66.79752522,76.16634903,17.55000000,18.67840829,16.42159171,33305578.88058003,28331403.45765000
2023-04-14,18.83000000,19.32000000,18.46000000,19.22000000,44608549.79780000,0.38000000,2.01698514,4.56718003,18.48000000,18.09600000,17.89800000,17.66650000,17.55560000,17.45033333,17.23914286,17.00975000,16.99044444,17.08700000,17.52750000,15.98410000,18.11091482,17.69944925,0.41146557,0.25350009,0.15796548,83.24918431,67.91675684,58.04587762,78.33667170,70.64390738,93.72220034,17.66650000,18.97477769,16.35822231,40040375.14858003,30552888.85259000
2023-04-15,19.22000000,19.52000000,18.99000000,19.07000000,29327736.90770000,-0.15000000,-0.78043704,2.75754422,18.70600000,18.20300000,17.98933333,17.76400000,17.62080000,17.55833333,17.36942857,17.07350000,17.01933333,17.10060000,17.54300000,15.99295000,18.25846639,17.80097153,0.45749486,0.29429904,0.16319581,76.08982619,65.51374484,57.24444703,78.94985162,73.41255546,90.02444394,17.76400000,19.18645747,16.34154253,42292672.43422003,29545021.44761000
2023-04-16,19.07000000,20.55000000,18.84000000,20.17000000,49092230.53870000,1.10000000,5.76822234,8.96696382,19.11200000,18.42300000,18.14733333,17.94800000,17.75800000,17.64266667,17.48342857,17.17350000,17.07933333,17.14520000,17.54683333,16.00750000,18.55254848,17.97645512,0.57609336,0.35065791,0.22543545,86.38986965,73.12173876,61.33002290,82.12818391,76.31776494,93.74902184,17.94800000,19.60867329,16.28732671,46679911.85710002,31761809.31108000
2023-04-17,20.17000000,21.28000000,19.96000000,20.51000000,88923987.25870000,0.34000000,1.68567179,6.54437283,19.56200000,18.71400000,18.36466667,18.13800000,17.87680000,17.76033333,17.59885714,17.30825000,17.16488889,17.18680000,17.57883333,16.02330000,18.85369487,18.16412511,0.68956976,0.41844028,0.27112948,88.26490854,74.98270807,62.48619247,81.71655602,78.11736197,88.91494413,18.13800000,20.05242832,16.22357168,51574731.52834002,38841541.92711000
2023-04-18,20.52000000,21.56000000,20.26000000,21.20000000,50725754.58210000,0.69000000,3.36421258,6.33528265,20.03400000,19.08900000,18.63733333,18.33250000,18.04680000,17.88266667,17.71457143,17.47800000,17.27733333,17.25220000,17.60800000,16.04330000,19.21466489,18.38900473,0.82566016,0.49988425,0.32577590,91.21299537,78.30777820,64.71992273,84.94707553,80.39393316,94.05336029,18.33250000,20.64232228,16.02267772,52535651.81700002,42920615.34879000
2023-04-19,21.20000000,21.22000000,18.55000000,18.98000000,70830009.52320001,-2.22000000,-10.47169811,12.59433962,19.98600000,19.23300000,18.72600000,18.42000000,18.13040000,17.96066667,17.81257143,17.58250000,17.34044444,17.29000000,17.59866667,16.05345000,19.17856260,18.43278216,0.74578044,0.54906349,0.19671695,46.30273534,53.39768366,53.93747249,67.79976857,76.19587829,51.00754912,18.42000000,20.68614442,16.15385558,57779943.76208003,48910159.45533000
2023-04-20,18.98000000,19.43000000,18.13000000,18.30000000,47683834.21110000,-0.68000000,-3.58271865,6.84931507,19.83200000,19.26900000,18.74600000,18.45000000,18.17760000,17.98933333,17.88314286,17.67725000,17.38000000,17.30060000,17.57350000,16.06230000,19.04339912,18.42294644,0.62045268,0.56334133,0.05711135,39.20710736,48.26710635,51.21051743,50.52630619,67.63935426,16.30021006,18.45000000,20.69176622,16.20823378,61451163.22276002,51871917.82849000
2023-04-21,18.30000000,18.52000000,16.72000000,16.94000000,51911303.18390000,-1.36000000,-7.43169399,9.83606557,19.18600000,19.14900000,18.67733333,18.40700000,18.19560000,17.99600000,17.86314286,17.69625000,17.39711111,17.29000000,17.50883333,16.06130000,18.71979926,18.31309856,0.40670070,0.53201320,-0.12531250,28.66464606,39.90222973,46.32290686,35.19935564,56.82602139,-8.05397584,18.40700000,20.73268360,16.08131640,62014977.75180002,54347444.80445000
2023-04-22,16.94000000,17.36000000,16.81000000,17.21000000,19929241.11210000,0.27000000,1.59386068,3.24675325,18.52600000,19.04400000,18.65133333,18.40500000,18.21560000,17.98500000,17.86971429,17.71475000,17.44355556,17.30100000,17.44600000,16.06015000,18.48752245,18.23138756,0.25613489,0.47683754,-0.22070265,32.95924128,42.07632128,47.36362157,26.84089274,46.83097851,-13.13927878,18.40500000,20.73493788,16.07506212,48216028.52248002,49895380.02541000
2023-04-23,17.22000000,17.25000000,16.49000000,16.84000000,18116505.03880000,-0.37000000,-2.14991284,4.41347271,17.65400000,18.84400000,18.61066667,18.39150000,18.19680000,17.98133333,17.85000000,17.70700000,17.49755556,17.31500000,17.38800000,16.05740000,18.23405746,18.12832181,0.10573565,0.40261716,-0.29688152,29.99020156,39.91753474,46.08591169,20.19504618,37.95233440,-15.31953025,18.39150000,20.75590512,16.02709488,41694178.61382002,47114915.21541000
2023-04-24,16.85000000,17.26000000,16.54000000,16.92000000,20767455.09070000,0.08000000,0.47505938,4.27299703,17.24200000,18.61400000,18.56933333,18.35500000,18.18440000,17.98233333,17.85800000,17.74125000,17.54466667,17.33060000,17.34150000,16.05680000,18.03189477,18.03881649,-0.00692172,0.32070938,-0.32763111,31.58914582,40.63594467,46.41206818,16.29045156,30.73170679,-12.59205888,18.35500000,20.78911283,15.92088717,31681667.72732002,44730805.74470000
2023-04-25,16.93000000,17.77000000,16.75000000,17.63000000,28810943.10360000,0.71000000,4.19621749,6.02480803,17.10800000,18.47000000,18.54866667,18.33650000,18.18160000,17.99933333,17.86342857,17.78625000,17.61400000,17.35280000,17.32883333,16.06045000,17.97006481,18.00853379,-0.03846898,0.24887371,-0.28734269,44.97346462,46.79525224,49.25501444,18.35537008,26.60626122,1.85358779,18.33650000,20.78753866,15.88546134,27907089.50582002,44679126.36429000
2023-04-26,17.62000000,18.24000000,16.27000000,17.18000000,48868361.42000000,-0.45000000,-2.55246739,11.18047673,17.15600000,18.17100000,18.48466667,18.29700000,18.15680000,18.02233333,17.87600000,17.77475000,17.63622222,17.37300000,17.31616667,16.06240000,17.84851637,17.94716092,-0.09864454,0.17937006,-0.27801460,39.14816719,43.66294684,47.58541204,17.97100286,23.72784176,6.45732505,18.29700000,20.79786385,15.79613615,27298501.15304003,44656739.45242000
2023-04-27,17.18000000,17.93000000,17.11000000,17.72000000,27641551.90330000,0.54000000,3.14318976,4.77299185,17.25800000,17.89200000,18.44866667,18.30300000,18.17560000,18.05600000,17.88114286,17.79325000,17.66400000,17.42500000,17.30433333,16.06650000,17.82874462,17.93033418,-0.10158956,0.12317814,-0.22476769,48.71400544,48.20180624,49.71956851,21.74497834,23.06688729,19.10116044,18.30300000,20.79739034,15.80860966,28840963.31128002,38528495.91688000
2023-04-28,17.72000000,17.81000000,17.21000000,17.55000000,16035752.71390000,-0.17000000,-0.95936795,3.38600451,17.40000000,17.52700000,18.36266667,18.30800000,18.19320000,18.06400000,17.89828571,17.79375000,17.67288889,17.48780000,17.29800000,16.07320000,17.78586084,17.90216128,-0.11630044,0.07528242,-0.19158286,45.98323437,46.90401062,49.06331813,27.99876193,24.71084550,34.57459478,18.30800000,20.79558264,15.82041736,28424812.84630002,35059495.73006000
2023-04-29,17.56000000,17.72000000,17.33000000,17.49000000,10465634.63730000,-0.06000000,-0.34188034,2.22095672,17.51400000,17.37800000,18.24733333,18.30550000,18.18680000,18.07266667,17.91542857,17.81500000,17.71600000,17.54160000,17.30466667,16.08090000,17.74034378,17.87163081,-0.13128703,0.03396853,-0.16525556,44.91682470,46.42276708,48.82597380,36.73991536,28.72053546,52.77867517,18.30550000,20.79643071,15.81456929,26364448.75562003,29023058.24147000
2023-04-30,17.49000000,17.85000000,17.07000000,17.10000000,15572793.31650000,-0.39000000,-2.22984563,4.45969125,17.40800000,17.25800000,18.11600000,18.26350000,18.15080000,18.05266667,17.91485714,17.80650000,17.74422222,17.59340000,17.29350000,16.08660000,17.64182936,17.81447298,-0.17264362,-0.00735390,-0.16528972,38.03635544,43.27438286,47.27484168,38.53727014,31.99278035,51.62624972,18.26350000,20.80812716,15.71887284,23716818.79820002,25811954.15201000
2023-05-01,17.10000000,17.21000000,16.51000000,16.65000000,19563822.22120000,-0.45000000,-2.63157895,4.09356725,17.30200000,17.22900000,17.88133333,18.18900000,18.09800000,18.01433333,17.91942857,17.80425000,17.72222222,17.60280000,17.27983333,16.09155000,17.48924022,17.72821572,-0.23897549,-0.05367822,-0.18529728,31.38057405,39.87071485,45.53320559,32.12129346,32.03561805,32.29264427,18.18900000,20.83411387,15.54388613,17855910.95844002,22577206.05574000
2023-05-02,16.64000000,16.97000000,16.49000000,16.84000000,13054489.07650000,0.19000000,1.14114114,2.88461538,17.12600000,17.19200000,17.63666667,18.11800000,18.06760000,18.00066667,17.92314286,17.78675000,17.71911111,17.61020000,17.28283333,16.09740000,17.38935711,17.66242196,-0.27306485,-0.09755554,-0.17550930,36.96884849,41.97292737,46.40314920,31.05886569,31.71003393,29.75652921,18.11800000,20.83046324,15.40553676,14938498.39308002,21889730.85218000
2023-05-03,16.84000000,17.37000000,16.39000000,17.21000000,23663007.82470000,0.37000000,2.19714964,5.81947743,17.05800000,17.22900000,17.37066667,18.03650000,18.05800000,18.00400000,17.92028571,17.79325000,17.71200000,17.61140000,17.30066667,16.10630000,17.36176371,17.62890922,-0.26714551,-0.13147354,-0.13567197,47.04640933,45.98476660,48.08798919,36.61115581,33.34374122,43.14598497,18.03650000,20.75556544,15.31743456,16463949.41524003,22444381.13077000
2023-05-04,17.22000000,17.27000000,16.78000000,16.93000000,15518899.96700000,-0.28000000,-1.62696107,2.84552846,16.94600000,17.23000000,17.23400000,17.92200000,18.03360000,17.98000000,17.91171429,17.79425000,17.71844444,17.63900000,17.31383333,16.11220000,17.29533852,17.57713817,-0.28179964,-0.16153876,-0.12026089,41.08173762,43.50183204,46.92320158,35.57494990,34.08747745,38.54989479,17.92200000,20.62403510,15.21996490,17474602.48118002,21919525.61840000
2023-05-05,16.93000000,17.73000000,16.73000000,17.38000000,28127892.41440000,0.45000000,2.65800354,5.90667454,17.00200000,17.20500000,17.17266667,17.83750000,18.01120000,17.95933333,17.90257143,17.80075000,17.71711111,17.67000000,17.32816667,16.11820000,17.30836337,17.56253534,-0.25417198,-0.18006540,-0.07410657,52.65744380,48.38775979,48.99506081,45.14520469,37.77338653,59.88884102,17.83750000,20.49368543,15.18131457,19985622.30076002,21851220.54948000
2023-05-06,17.38000000,17.51000000,16.43000000,16.58000000,20716428.54920000,-0.80000000,-4.60299194,6.21403913,16.98800000,17.14500000,17.14866667,17.65800000,17.94880000,17.91300000,17.86771429,17.80300000,17.71355556,17.64880000,17.33500000,16.12170000,17.19630746,17.48975495,-0.29344748,-0.20274182,-0.09070566,37.10525035,41.43789446,45.68674741,34.43470267,36.66049191,29.98312419,17.65800000,20.12927157,15.18672843,20216143.56636002,19036027.26240000
2023-05-07,16.58000000,16.73000000,16.31000000,16.41000000,12992091.33530000,-0.17000000,-1.02533172,2.53317250,16.90200000,17.01400000,17.09533333,17.45300000,17.87480000,17.87333333,17.84371429,17.79550000,17.68844444,17.63740000,17.35650000,16.12845000,17.07533709,17.40977310,-0.33443601,-0.22908066,-0.10535536,34.50645321,40.10264804,45.01278975,25.12097061,32.81398481,9.73494222,17.45300000,19.58507189,15.32092811,20203664.01812002,17571081.20560000
2023-05-08,16.41000000,16.50000000,14.80000000,15.42000000,40955596.60820000,-0.99000000,-6.03290676,10.35953687,16.54400000,16.80100000,17.00066667,17.16400000,17.73800000,17.80566667,17.79542857,17.74825000,17.65444444,17.59520000,17.37333333,16.12985000,16.82066984,17.26238250,-0.44171266,-0.27160706,-0.17010560,23.16731172,33.28822343,41.30970113,23.52327003,29.71707988,11.13565031,17.16400000,18.61603161,15.71196839,23662181.77482002,20063065.59503000
2023-05-09,15.42000000,15.58000000,15.21000000,15.31000000,14863780.92780000,-0.11000000,-0.71335927,2.39948119,16.22000000,16.58300000,16.89333333,16.98050000,17.58160000,17.73133333,17.72857143,17.70025000,17.61933333,17.56860000,17.38183333,16.12795000,16.58825910,17.11776157,-0.52950248,-0.32318614,-0.20631634,22.19485367,32.61642566,40.91940131,21.48422780,26.97279585,10.50709169,16.98050000,18.39329082,15.56770918,23531157.96698002,20502880.22408000
2023-05-10,15.32000000,15.74000000,14.66000000,15.52000000,40682860.91850000,0.21000000,1.37165251,7.04960836,15.84800000,16.42500000,16.75266667,16.84150000,17.43960000,17.65066667,17.65771429,17.64575000,17.58377778,17.53020000,17.39866667,16.12710000,16.42391154,16.99940886,-0.57549732,-0.37364838,-0.20184894,29.02038878,35.33434637,42.01084932,23.66049497,25.86869556,19.24409379,16.84150000,18.25470502,15.42829498,26042151.66780002,23013886.98428000
2023-05-11,15.52000000,15.53000000,14.76000000,14.95000000,20176405.18310000,-0.57000000,-3.67268041,4.96134021,15.52200000,16.25500000,16.60400000,16.74200000,17.23080000,17.54433333,17.57142857,17.57450000,17.54955556,17.49440000,17.37816667,16.12030000,16.19715592,16.84760080,-0.65044488,-0.42900768,-0.22143720,22.57102967,31.56448354,39.92198945,18.92241467,23.55326860,9.66070682,16.74200000,18.38718564,15.09681436,25934146.99458002,23075145.28047000
2023-05-12,14.96000000,15.22000000,14.52000000,15.19000000,22611838.50630000,0.24000000,1.60535117,4.67914439,15.27800000,16.09000000,16.43533333,16.64100000,17.01800000,17.44200000,17.50257143,17.52300000,17.51577778,17.44740000,17.35683333,16.11750000,16.04220886,16.72481556,-0.68260670,-0.47972748,-0.20287922,30.38762156,34.76158791,41.20638213,19.57236783,22.22630167,14.26450014,16.64100000,18.40867346,14.87332654,27858096.42878003,24030880.22345000
2023-05-13,15.19000000,15.21000000,14.90000000,14.91000000,8854432.58220000,-0.28000000,-1.84331797,2.04081633,15.17600000,15.86000000,16.25933333,16.54450000,16.76640000,17.31100000,17.43000000,17.46800000,17.46244444,17.40660000,17.31950000,16.10885000,15.86802288,16.59038477,-0.72236190,-0.52825436,-0.19410753,26.62468826,32.81072631,40.16113625,17.09808946,20.51689760,10.26047316,16.54450000,18.47010011,14.61889989,21437863.62358002,22550022.69920000
2023-05-14,14.91000000,15.14000000,14.79000000,15.03000000,9757423.30100000,0.12000000,0.80482897,2.34741784,15.12000000,15.67000000,16.09533333,16.45000000,16.60840000,17.17133333,17.35828571,17.40250000,17.41355556,17.36940000,17.31083333,16.09900000,15.73909628,16.47480072,-0.73570443,-0.56974438,-0.16596006,31.01779109,34.52859626,40.83232566,17.08434503,19.37271341,12.50760828,16.45000000,18.48064936,14.41935064,20416592.09822002,21973875.03260000
2023-05-15,15.02000000,15.35000000,14.80000000,15.08000000,19869760.79490000,0.05000000,0.33266800,3.66178429,15.03200000,15.44000000,15.96066667,16.32250000,16.47960000,17.03833333,17.27657143,17.32950000,17.35533333,17.32860000,17.29833333,16.09000000,15.63769685,16.37148214,-0.73378529,-0.60255256,-0.13123273,33.02280940,35.28074060,41.11947354,19.83601886,19.52714856,20.45375946,16.32250000,18.36139418,14.28360582,16253972.07350003,21148061.87065000
2023-05-16,15.08000000,15.16000000,14.73000000,14.90000000,15585306.73110000,-0.18000000,-1.19363395,2.85145889,15.02200000,15.27200000,15.84400000,16.20850000,16.39800000,16.86266667,17.18400000,17.25275000,17.29088889,17.29680000,17.25266667,16.07285000,15.52420503,16.26248347,-0.73827844,-0.62969774,-0.10858070,29.33890092,33.75769339,40.38325236,19.62131897,19.55853870,19.74687952,16.20850000,18.29980808,14.11719192,15335752.38310002,20634949.68884000
2023-05-17,14.91000000,15.30000000,14.61000000,15.17000000,20432740.21810000,0.27000000,1.81208054,4.62776660,15.01800000,15.14800000,15.73266667,16.08100000,16.31640000,16.68466667,17.09571429,17.19200000,17.24466667,17.26600000,17.22250000,16.05725000,15.46971195,16.18155877,-0.71184682,-0.64612755,-0.06571927,41.15506259,38.12835475,42.00842802,30.84044216,23.31917318,45.88298010,16.08100000,18.09375825,14.06824175,14899932.72546002,21379014.57712000
2023-05-18,15.18000000,15.19000000,14.42000000,14.68000000,20636331.55610000,-0.49000000,-3.23005933,5.07246377,14.97200000,15.07400000,15.56400000,15.93750000,16.23000000,16.46733333,16.97685714,17.12275000,17.19066667,17.21340000,17.17500000,16.03935000,15.34821780,16.07033219,-0.72211439,-0.66132492,-0.06078947,30.16847253,33.72319823,39.94626077,27.12595134,24.58809923,32.20165554,15.93750000,17.91825876,13.95674124,17256312.52024002,19347088.07191000
2023-05-19,14.68000000,14.84000000,14.56000000,14.68000000,12494002.93750000,0.00000000,0.00000000,1.90735695,14.90200000,15.01100000,15.41400000,15.79700000,16.14040000,16.32400000,16.84714286,17.05125000,17.12466667,17.16240000,17.14233333,16.01635000,15.24541506,15.96734462,-0.72192956,-0.67344585,-0.04848371,30.16847253,33.72319823,39.94626077,25.89177537,25.02265794,27.63001021,15.79700000,17.71162075,13.88237925,17803628.44754002,19110110.27288000
2023-05-20,14.68000000,14.71000000,14.53000000,14.63000000,6572507.83160000,-0.05000000,-0.34059946,1.22615804,14.81200000,14.92200000,15.23066667,15.67350000,16.02040000,16.20166667,16.72028571,16.96850000,17.04977778,17.10100000,17.09550000,15.99640000,15.15073582,15.86828206,-0.71754623,-0.68226592,-0.03528031,29.02974634,33.25660097,39.72956918,24.78806530,24.94446040,24.47527510,15.67350000,17.55255099,13.79444901,15144177.85488002,15699074.96419000
2023-05-21,14.63000000,14.70000000,14.17000000,14.31000000,11524759.38660000,-0.32000000,-2.18728640,3.62269310,14.69400000,14.85800000,15.07933333,15.55650000,15.90560000,16.11400000,16.55285714,16.87275000,16.96844444,17.03120000,17.05500000,15.97840000,15.02139185,15.75285376,-0.73146191,-0.69210512,-0.03935679,22.50566859,30.32698189,38.34061362,20.48017912,23.45636664,14.52780410,15.55650000,17.47061681,13.64238319,14332068.38598002,14833910.38454000
2023-05-22,14.31000000,14.79000000,14.08000000,14.68000000,19436268.29970000,0.37000000,2.58560447,4.96156534,14.59600000,14.80700000,14.96400000,15.44850000,15.78400000,16.02966667,16.38628571,16.78325000,16.90355556,16.97980000,17.00733333,15.96165000,14.96887003,15.67338311,-0.70451308,-0.69458671,-0.00992637,40.92625278,37.29451633,40.83616197,29.40148425,25.43807251,37.32830772,15.44850000,17.30043242,13.59656758,14132774.00230002,14516353.36388000
2023-05-23,14.68000000,14.97000000,14.60000000,14.71000000,15956404.60600000,0.03000000,0.20435967,2.52043597,14.60200000,14.78700000,14.91666667,15.32350000,15.67040000,15.95866667,16.20085714,16.68000000,16.84266667,16.93180000,16.97000000,15.93830000,14.92904387,15.60202140,-0.67297753,-0.69026488,0.01728735,42.26161436,37.84431471,41.03806436,36.13642257,29.00418919,50.40088932,15.32350000,17.00440546,13.64259454,13196788.61228002,15226550.56626000
2023-05-24,14.71000000,14.72000000,14.00000000,14.14000000,21790066.49090000,-0.57000000,-3.87491502,4.89462950,14.49400000,14.69800000,14.83866667,15.18400000,15.53640000,15.86600000,16.06257143,16.55300000,16.76711111,16.86160000,16.92416667,15.91095000,14.80765250,15.49372351,-0.68607101,-0.68942610,0.00335509,27.88820562,32.02434928,38.43744586,27.68069197,28.56302345,25.91602900,15.18400000,16.76357223,13.60442777,15056001.32296002,16429814.88525000
2023-05-25,14.14000000,14.25000000,13.71000000,14.08000000,19872912.67130000,-0.06000000,-0.42432815,3.81895332,14.38400000,14.59800000,14.74266667,15.01900000,15.41560000,15.74766667,15.94200000,16.42825000,16.68133333,16.78320000,16.87350000,15.89020000,14.69570597,15.38900325,-0.69329729,-0.69020034,-0.00309695,26.73945976,31.46862109,38.17174583,26.21060806,27.77888499,23.07405421,15.01900000,16.29248506,13.74551494,17716082.29090003,16430130.07289000
2023-05-26,14.08000000,14.39000000,13.96000000,14.33000000,16462543.35270000,0.25000000,1.77556818,3.05397727,14.38800000,14.54100000,14.70133333,14.90650000,15.32280000,15.65266667,15.86742857,16.28225000,16.59666667,16.71040000,16.83750000,15.87145000,14.63944351,15.31055857,-0.67111506,-0.68638328,0.01526822,39.25104183,36.47906618,39.97574375,31.43770267,28.99849088,36.31612625,14.90650000,15.98140563,13.83159437,18703639.08412002,16517853.73505000
2023-05-27,14.33000000,14.62000000,14.26000000,14.56000000,12466830.64060000,0.23000000,1.60502442,2.51221214,14.36400000,14.48000000,14.65933333,14.81400000,15.23160000,15.54733333,15.79171429,16.13350000,16.51444444,16.64960000,16.80166667,15.86415000,14.62722143,15.25496164,-0.62774021,-0.67465467,0.04691446,48.88788960,40.82144383,41.61123993,43.44524094,33.81407423,62.70757434,14.81400000,15.63178649,13.99621351,17309751.55230002,15721262.77730000
2023-05-28,14.56000000,15.06000000,14.24000000,14.89000000,24389890.53510000,0.33000000,2.26648352,5.63186813,14.40000000,14.50100000,14.65800000,14.78750000,15.13880000,15.45866667,15.73600000,15.97575000,16.42666667,16.59840000,16.76133333,15.87405000,14.66764890,15.22792744,-0.56027854,-0.65177944,0.09150090,59.85307146,46.54152209,43.89977140,58.09929643,41.90914830,90.47959268,14.78750000,15.55543297,14.01956703,18996448.73812003,16096618.67520000
2023-05-29,14.90000000,14.98000000,14.35000000,14.48000000,19667156.40330000,-0.41000000,-2.75352586,4.22818792,14.46800000,14.48100000,14.62133333,14.74600000,15.04080000,15.35833333,15.66628571,15.86325000,16.32133333,16.53720000,16.71550000,15.86935000,14.63877984,15.17252541,-0.53374557,-0.62817267,0.09442710,45.34846930,41.15049903,41.77693032,57.74520996,47.18783552,78.85995885,14.74600000,15.48417413,14.00782587,18571866.72060002,16813934.02178000
2023-05-30,14.48000000,14.73000000,14.37000000,14.45000000,17354771.85400000,-0.03000000,-0.20718232,2.48618785,14.54200000,14.46300000,14.57933333,14.69250000,14.92360000,15.27000000,15.57542857,15.76700000,16.21866667,16.46740000,16.66133333,15.87095000,14.60973679,15.11900501,-0.50926822,-0.60439178,0.09512356,44.40363309,40.77350488,41.62325220,56.76841158,50.38136087,69.54251299,14.69250000,15.34455344,14.04044656,18068238.55714002,17892160.42402000
2023-05-31,14.44000000,14.46000000,13.96000000,14.11000000,16200462.03130000,-0.34000000,-2.35294118,3.46260388,14.49800000,14.44300000,14.52666667,14.65050000,14.82480000,15.18533333,15.48771429,15.69625000,16.08400000,16.38680000,16.59983333,15.87605000,14.53285421,15.04426390,-0.51140969,-0.58579536,0.07438567,34.59961558,36.62507074,39.88801440,47.72215093,49.49495756,44.17653767,14.65050000,15.33986202,13.96113798,18015822.29286002,18359730.68849000
2023-06-01,14.10000000,14.30000000,13.83000000,14.09000000,14633844.77520000,-0.02000000,-0.14174344,3.33333333,14.40400000,14.38400000,14.45466667,14.59550000,14.73200000,15.09366667,15.38400000,15.61825000,15.94133333,16.30340000,16.54716667,15.88140000,14.46472279,14.97357768,-0.50885489,-0.57040727,0.06155237,34.06864223,36.38749725,39.78620451,41.19748334,46.72913282,30.13418437,14.59550000,15.27912732,13.91187268,18449225.11978002,17879488.33604000
2023-06-02,14.09000000,14.57000000,13.96000000,14.49000000,16784948.05370000,0.40000000,2.83889283,4.32931157,14.32400000,14.36200000,14.44200000,14.57450000,14.69480000,15.00300000,15.29657143,15.55950000,15.79222222,16.21640000,16.50350000,15.88815000,14.46861159,14.93775711,-0.46914552,-0.55015492,0.08100940,51.81545757,44.27418256,42.83142227,46.72424815,46.72750460,46.71773526,14.57450000,15.24308767,13.90591233,16928236.62350003,17962342.68081000
2023-06-03,14.49000000,14.60000000,14.39000000,14.58000000,10582665.77760000,0.09000000,0.62111801,1.44927536,14.34400000,14.40600000,14.43533333,14.55200000,14.66560000,14.92466667,15.21342857,15.50100000,15.69444444,16.12360000,16.45233333,15.89350000,14.48574827,14.91125659,-0.42550832,-0.52522560,0.09971728,55.08006731,45.91991958,43.50226286,51.47470202,48.30990374,57.80429858,14.55200000,15.18540683,13.91859317,15111338.49836002,16841602.60948000
2023-06-04,14.57000000,14.93000000,14.52000000,14.79000000,15804563.26350000,0.21000000,1.44032922,2.81400137,14.41200000,14.47700000,14.44600000,14.53750000,14.63640000,14.83833333,15.14742857,15.43000000,15.61644444,16.03800000,16.39883333,15.90210000,14.53255623,14.90227462,-0.36971839,-0.49412416,0.12440577,62.24283606,49.70110342,45.07160993,60.33272818,52.31751188,76.36316076,14.53750000,15.13210292,13.94289708,14801296.78026002,16434767.66870000
2023-06-05,14.79000000,14.90000000,13.48000000,13.87000000,40485782.59970000,-0.92000000,-6.22041920,9.60108181,14.36400000,14.43100000,14.41666667,14.48600000,14.59320000,14.74800000,15.06800000,15.34725000,15.54822222,15.91200000,16.33050000,15.90710000,14.43062450,14.82580983,-0.39518533,-0.47433639,0.07915106,33.85919023,37.25287920,39.99321777,48.44966688,51.02823022,43.29254022,14.48600000,15.12515734,13.84684266,19658360.89394002,18837091.59340000
2023-06-06,13.87000000,14.67000000,13.81000000,14.62000000,28289622.73070000,0.75000000,5.40735400,6.20043259,14.47000000,14.43700000,14.41266667,14.45850000,14.57040000,14.68833333,15.00457143,15.26975000,15.49066667,15.79420000,16.28083333,15.91520000,14.45975919,14.81056466,-0.35080547,-0.44963021,0.09882474,54.26267178,48.68329721,45.24165844,57.63311126,53.22985723,66.43961931,14.45850000,15.01583482,13.90116518,22389516.48504003,20419370.80241000
2023-06-07,14.63000000,14.70000000,13.95000000,14.02000000,24372974.76670000,-0.60000000,-4.10396717,5.12645249,14.37600000,14.35000000,14.36666667,14.42550000,14.53480000,14.64166667,14.91342857,15.18150000,15.42800000,15.65060000,16.22366667,15.92085000,14.39210393,14.75200431,-0.35990038,-0.43168424,0.07178386,41.86462633,42.00523744,42.16317611,50.83586727,52.43186058,47.64388067,14.42550000,15.00531758,13.84568242,23907121.82764003,20417679.22557000
2023-06-08,14.01000000,14.11000000,13.79000000,13.93000000,12839672.05280000,-0.09000000,-0.64194009,2.28408280,14.24600000,14.29500000,14.35266667,14.38800000,14.49080000,14.59566667,14.82771429,15.09250000,15.36155556,15.54960000,16.16350000,15.92955000,14.32101102,14.69111510,-0.37010408,-0.41936821,0.04926412,40.21088278,41.08306326,41.71884666,44.23540577,49.69970898,33.30679936,14.38800000,14.99489373,13.78110627,24358523.08268002,19734930.79052000
2023-06-09,13.93000000,14.25000000,13.70000000,13.75000000,18556998.29850000,-0.18000000,-1.29217516,3.94831299,14.03800000,14.22500000,14.33066667,14.34400000,14.43760000,14.53666667,14.72400000,15.00875000,15.27533333,15.45860000,16.09366667,15.93920000,14.23316317,14.62140287,-0.38823970,-0.41314251,0.02490280,36.72880122,39.20516791,40.82106744,35.69716706,45.03219500,17.02711118,14.34400000,15.00243195,13.68556805,24909010.08968002,19855153.43497000
2023-06-10,13.76000000,13.76000000,10.00000000,11.65000000,87539377.88360000,-2.10000000,-15.27272727,27.32558140,13.59400000,13.97900000,14.15200000,14.21100000,14.30760000,14.42666667,14.58314286,14.88375000,15.15244444,15.35280000,15.98550000,15.93565000,13.83575345,14.40129896,-0.56554551,-0.44362311,-0.12192240,16.60181105,24.78578663,32.34685249,34.95429799,41.67289600,21.51710197,14.21100000,15.58458386,12.83741614,34319729.14646002,26989045.02020000
2023-06-11,11.65000000,11.81000000,11.44000000,11.58000000,19671176.22520000,-0.07000000,-0.60085837,3.17596567,12.98600000,13.72800000,13.95333333,14.05600000,14.16400000,14.30633333,14.44514286,14.75225000,15.01600000,15.24020000,15.87416667,15.92825000,13.48871446,14.19231385,-0.70359939,-0.49561836,-0.20798103,16.24571200,24.45866938,32.11496108,33.98575917,39.11051706,23.73624340,14.05600000,15.84389379,12.26810621,32596039.84536002,27492778.16520000
2023-06-12,11.58000000,11.61000000,11.16000000,11.52000000,22758230.68240000,-0.06000000,-0.51813472,3.88601036,12.48600000,13.43100000,13.72866667,13.89650000,14.03760000,14.19333333,14.33371429,14.61000000,14.88200000,15.13380000,15.75216667,15.92110000,13.18583531,13.99436468,-0.80852936,-0.55820056,-0.25032880,15.89503183,24.16050992,31.91035389,32.93438712,37.05180708,24.69954719,13.89650000,15.98297045,11.81002955,32273091.02850002,28090106.42807000
2023-06-13,11.52000000,12.08000000,11.43000000,11.80000000,22874085.99970000,0.28000000,2.43055556,5.64236111,12.06000000,13.15300000,13.55000000,13.77950000,13.92240000,14.08566667,14.23342857,14.48175000,14.75555556,15.03140000,15.62850000,15.91600000,12.97262988,13.83181914,-0.85918927,-0.61839830,-0.24079096,24.96534683,28.59207882,33.95923044,34.20115604,36.10159006,30.40028798,13.77950000,16.06172860,11.49727140,34279973.81788002,29319248.45028000
2023-06-14,11.80000000,11.96000000,11.16000000,11.38000000,23889748.13710000,-0.42000000,-3.55932203,6.77966102,11.58600000,12.81200000,13.34533333,13.64450000,13.79240000,13.96233333,14.11514286,14.33175000,14.62844444,14.90640000,15.50033333,15.90900000,12.72760990,13.65020291,-0.92259301,-0.67923725,-0.24335577,20.90687648,26.09674704,32.43173621,32.58800473,34.93039495,27.90322429,13.64450000,16.15944459,11.12955541,35346523.78560002,30127766.93764000
2023-06-15,11.39000000,11.57000000,11.02000000,11.41000000,26285962.93620000,0.03000000,0.26362039,4.82879719,11.53800000,12.56600000,13.16533333,13.49850000,13.67640000,13.84600000,14.01400000,14.20250000,14.51200000,14.79100000,15.35433333,15.90175000,12.52490068,13.48426196,-0.95936127,-0.73526205,-0.22409922,21.99382004,26.59593397,32.65750625,31.72533649,33.86204213,27.45192520,13.49850000,16.17943680,10.81756320,23095840.79612003,28707784.97129000
2023-06-16,11.40000000,11.73000000,11.22000000,11.55000000,13870745.78600000,0.14000000,1.22699387,4.47368421,11.53200000,12.25900000,12.99600000,13.34800000,13.55120000,13.72533333,13.91000000,14.08100000,14.39444444,14.66760000,15.20500000,15.89725000,12.37491596,13.34098329,-0.96606733,-0.78142311,-0.18464422,27.56806896,29.03617112,33.73569153,33.30708707,33.67705711,32.56714699,13.34800000,16.11460993,10.58139007,21935754.70828002,27265897.27682000
2023-06-17,11.54000000,11.85000000,11.47000000,11.62000000,13395282.89890000,0.07000000,0.60606061,3.29289428,11.55200000,12.01900000,12.80466667,13.18450000,13.42760000,13.62333333,13.81600000,13.98600000,14.27022222,14.54900000,15.04533333,15.89300000,12.25877505,13.21350305,-0.95472800,-0.81608409,-0.13864392,30.54594230,30.30004284,34.28463113,34.91060707,34.08824043,36.55534034,13.18450000,15.95390788,10.41509212,20063165.15158002,26168128.09004000
2023-06-18,11.63000000,11.63000000,11.25000000,11.34000000,15281307.24320000,-0.28000000,-2.40963855,3.26741187,11.46000000,11.76000000,12.58866667,13.02750000,13.31560000,13.51200000,13.71057143,13.88675000,14.14600000,14.42600000,14.91800000,15.88395000,12.11742504,13.07472504,-0.95730001,-0.84432727,-0.11297274,25.51148042,28.11503437,33.13878865,35.15317067,34.44321718,36.57307765,13.02750000,15.84330408,10.21169592,18544609.40028002,26412291.60908000
2023-06-19,11.34000000,11.52000000,11.17000000,11.47000000,12739019.98480000,0.13000000,1.14638448,3.08641975,11.47800000,11.53200000,12.36733333,12.87850000,13.21120000,13.40666667,13.60742857,13.78550000,14.01466667,14.31340000,14.80416667,15.87680000,12.01782119,12.95585652,-0.93803534,-0.86306888,-0.07496645,31.77620484,30.64807572,34.20413969,37.58639051,35.49094162,41.77728829,12.87850000,15.69274403,10.06425597,16314463.76982003,25830493.77771000
2023-06-20,11.48000000,12.13000000,11.17000000,12.12000000,18941224.04190000,0.65000000,5.66695728,8.36236934,11.62000000,11.57900000,12.25066667,12.77900000,13.12280000,13.33366667,13.52800000,13.71475000,13.91555556,14.22280000,14.72383333,15.86950000,12.03354100,12.89394122,-0.86040022,-0.86253515,0.00213493,54.65710562,41.82881859,39.25410979,58.09062671,43.02416998,88.22354015,12.77900000,15.55030332,10.00769668,14845515.99096003,18970678.39354000
2023-06-21,12.12000000,13.04000000,12.06000000,12.90000000,34288313.40130000,0.78000000,6.43564356,8.08580858,11.89000000,11.71100000,12.13600000,12.71950000,13.05640000,13.27433333,13.46314286,13.65750000,13.83755556,14.14400000,14.65200000,15.86700000,12.16684239,12.89439002,-0.72754764,-0.83553765,0.10799001,69.42379906,51.96625994,44.58032670,69.75018678,51.93284225,105.38487585,12.71950000,15.42254682,10.01645318,18929029.51402003,20432392.11115000
2023-06-22,12.90000000,13.24000000,12.58000000,12.65000000,28919605.67010000,-0.25000000,-1.93798450,5.11627907,12.09600000,11.82400000,12.04466667,12.62750000,12.96680000,13.20566667,13.40514286,13.60100000,13.77600000,14.05280000,14.58216667,15.86060000,12.24117433,12.87628706,-0.63511273,-0.79545266,0.16033993,61.69597060,48.98164827,43.31027414,70.97459899,58.28009450,96.36360799,12.62750000,15.19886355,10.05613645,22033894.06826002,21048529.60992000
2023-06-23,12.66000000,13.51000000,12.62000000,13.29000000,29855584.26290000,0.64000000,5.05928854,7.03001580,12.48600000,11.97300000,12.00200000,12.56300000,12.91920000,13.17733333,13.36542857,13.55750000,13.73111111,13.98000000,14.52166667,15.85905000,12.40253212,12.90693246,-0.50440034,-0.73724220,0.23284186,71.45656967,56.03369058,47.31942436,77.70461887,64.75493596,103.60398471,12.56300000,14.98874004,10.13725996,24948749.47220002,21746679.43624000
2023-06-24,13.28000000,13.40000000,12.73000000,13.01000000,18230605.31880000,-0.28000000,-2.10684725,5.04518072,12.79400000,12.13600000,11.95266667,12.47400000,12.86160000,13.14166667,13.31914286,13.50575000,13.67533333,13.89260000,14.44466667,15.85575000,12.49598872,12.91456709,-0.41857837,-0.67350943,0.25493106,63.02507301,52.56585246,45.83946769,78.01390546,69.17459246,95.69253147,12.47400000,14.67600292,10.27199708,26047066.53900002,21180765.15441000
2023-06-25,13.01000000,13.68000000,12.97000000,13.44000000,19658998.52200000,0.43000000,3.30514988,5.45734051,13.05800000,12.33900000,12.07200000,12.45250000,12.83480000,13.11200000,13.29428571,13.46925000,13.64177778,13.82980000,14.38233333,15.85655000,12.64122122,12.95348805,-0.31226683,-0.60126091,0.28899409,69.62913748,57.02195550,48.42439145,82.15535264,73.50151252,99.46303289,12.45250000,14.60495148,10.30004852,26190621.43502002,20518068.71299000
2023-06-26,13.44000000,13.69000000,12.96000000,13.15000000,28198537.74270000,-0.29000000,-2.15773810,5.43154762,13.10800000,12.49900000,12.17666667,12.37900000,12.79720000,13.06500000,13.25057143,13.41875000,13.59644444,13.76460000,14.30616667,15.85520000,12.71949488,12.96804449,-0.24854961,-0.53071865,0.28216904,60.83544176,53.33558255,46.85079023,80.96071129,75.98791211,90.90630964,12.37900000,14.30867846,10.44932154,24972666.30330002,21950847.90866000
2023-06-27,13.15000000,13.47000000,13.09000000,13.20000000,17580158.13310000,0.05000000,0.38022814,2.88973384,13.21800000,12.65700000,12.28866667,12.33800000,12.74560000,13.00866667,13.20742857,13.38175000,13.55844444,13.72020000,14.23366667,15.85390000,12.79341875,12.98522638,-0.19180763,-0.46293645,0.27112881,61.83273911,53.89618450,47.15971383,80.82565938,77.60049453,87.27598907,12.33800000,14.15226627,10.52373373,22704776.79590002,22369335.43208000
2023-06-28,13.20000000,13.21000000,12.08000000,12.34000000,33275891.13160000,-0.86000000,-6.51515152,8.56060606,13.02800000,12.75700000,12.32466667,12.25850000,12.65600000,12.93733333,13.15600000,13.32325000,13.49866667,13.66080000,14.14783333,15.84815000,12.72366202,12.93743183,-0.21376982,-0.41310312,0.19933330,40.53056972,43.98193039,42.70476740,69.35996339,74.85365082,58.37258854,12.25850000,13.91118872,10.60581128,23388838.16964003,24168793.82092000
2023-06-29,12.34000000,12.96000000,12.27000000,12.67000000,22354674.79920000,0.33000000,2.67423015,5.59157212,12.96000000,12.87700000,12.41066667,12.20450000,12.57120000,12.87800000,13.11571429,13.27425000,13.44511111,13.60380000,14.07400000,15.84660000,12.71540632,12.91762207,-0.20221575,-0.37092565,0.16870990,48.67290154,47.98706772,44.79293280,58.71441322,69.47390495,37.19542976,12.20450000,13.71659127,10.69240873,24213652.06572003,25130359.30236000
2023-06-30,12.68000000,13.34000000,12.12000000,13.03000000,49796318.12700000,0.36000000,2.84135754,9.62145110,12.87800000,12.96800000,12.51866667,12.27350000,12.53760000,12.84200000,13.07857143,13.24225000,13.40355556,13.56540000,14.01366667,15.84675000,12.76380535,12.92594636,-0.16214101,-0.32916872,0.16702771,56.47427152,52.06568471,46.99210353,58.81167921,65.91982971,44.59537822,12.27350000,13.80487400,10.74212600,30241115.98672003,28215868.71087000
2023-07-01,13.03000000,13.16000000,12.83000000,12.99000000,20399462.62130000,-0.04000000,-0.30698388,2.53261704,12.84600000,12.97700000,12.61466667,12.34400000,12.47240000,12.80533333,13.03371429,13.20000000,13.35511111,13.52140000,13.94950000,15.84290000,12.79860453,12.93069107,-0.13208655,-0.28975228,0.15766574,55.35251081,51.57546498,46.77606617,58.04836585,63.29600842,47.55308071,12.34400000,13.87076335,10.81723665,28681300.96244002,26826983.63287000
2023-07-02,13.00000000,13.22000000,12.71000000,13.13000000,26193050.49380000,0.14000000,1.07775212,3.92307692,12.83200000,13.02500000,12.71533333,12.42450000,12.43680000,12.76000000,12.98342857,13.16050000,13.32066667,13.48580000,13.88150000,15.84000000,12.84958845,12.94545470,-0.09586625,-0.25097508,0.15510883,58.79043946,53.25590332,47.65494914,60.43804100,62.34335261,56.62741778,12.42450000,13.93805246,10.91094754,30403879.43458002,26554328.11524000
2023-07-03,13.13000000,13.49000000,13.07000000,13.25000000,31765229.70240000,0.12000000,0.91393755,3.19878142,13.01400000,13.02100000,12.84266667,12.49700000,12.40960000,12.71566667,12.94828571,13.13825000,13.28888889,13.45020000,13.82016667,15.84040000,12.91119022,12.96801361,-0.05682339,-0.21214474,0.15532135,61.81477277,54.72502285,48.41679830,64.51562982,63.06744502,67.41199942,12.49700000,14.02345582,10.97054418,30101747.14874002,26745292.65919000
2023-07-04,13.25000000,13.40000000,13.00000000,13.04000000,28019470.10180000,-0.21000000,-1.58490566,3.01886792,13.08800000,13.02400000,12.94733333,12.58000000,12.38120000,12.65733333,12.90800000,13.11225000,13.25355556,13.40940000,13.74783333,15.84640000,12.93100711,12.97334593,-0.04233882,-0.17818356,0.13584473,53.56022381,51.62734155,47.16331334,62.88619628,63.00702877,62.64453129,12.58000000,14.02929747,11.13070253,31234706.20926002,27724179.13749000
2023-07-05,13.04000000,13.16000000,12.50000000,12.67000000,25465377.39980000,-0.37000000,-2.83742331,5.06134969,13.01600000,12.94700000,12.98400000,12.64300000,12.42200000,12.61733333,12.86685714,13.07075000,13.21711111,13.36480000,13.68266667,15.85000000,12.89085217,12.95087586,-0.06002369,-0.15455158,0.09452789,41.76773080,46.56153016,45.02042997,55.87212139,60.62872631,46.35891156,12.64300000,13.98362201,11.30237799,26368518.06382002,28304817.02527000
2023-07-06,12.67000000,13.12000000,12.24000000,12.37000000,29097279.63860000,-0.30000000,-2.36779795,6.94554065,12.89200000,12.86900000,12.94866667,12.68400000,12.45360000,12.54233333,12.81771429,13.01600000,13.16577778,13.30880000,13.61533333,15.85220000,12.81072107,12.90784802,-0.09712695,-0.14306666,0.04593970,34.39876038,42.84311099,43.35385490,44.10387289,55.12044184,22.07073500,12.68400000,13.93074566,11.43725434,28108081.46728002,28394691.21486000
2023-07-07,12.37000000,12.75000000,12.25000000,12.74000000,18897652.70340000,0.37000000,2.99110752,4.04203719,12.81400000,12.82300000,12.95466667,12.74000000,12.50240000,12.49966667,12.76771429,12.96225000,13.12200000,13.27000000,13.57066667,15.85895000,12.79984090,12.89541484,-0.09557393,-0.13356811,0.03799418,47.98145280,48.38866828,45.92980278,44.48774008,51.57620792,30.31080440,12.74000000,13.88170694,11.59829306,26649001.90920002,28526440.67189000
2023-07-08,12.74000000,13.89000000,12.72000000,13.64000000,55964752.97070000,0.90000000,7.06436421,9.18367347,12.89200000,12.95300000,12.97800000,12.85500000,12.57600000,12.49000000,12.74085714,12.94125000,13.11088889,13.24920000,13.54283333,15.86740000,12.92909615,12.95056929,-0.02147314,-0.11114912,0.08967598,67.57676524,58.95581227,51.52492287,58.28372879,53.81204821,67.22708995,12.85500000,13.85784857,11.85215143,31488906.56286002,30795326.85580000
2023-07-09,13.64000000,14.21000000,13.57000000,13.58000000,40141403.85040000,-0.06000000,-0.43988270,4.69208211,13.00000000,13.04400000,13.01600000,12.96050000,12.66400000,12.48433333,12.70628571,12.91950000,13.09977778,13.22820000,13.51050000,15.87675000,13.02923520,12.99719379,0.03204141,-0.08251101,0.11455243,65.59985549,58.09080991,51.15667022,61.52925405,56.38445016,71.81886184,12.96050000,13.77638118,12.14461882,33913293.31258003,32573999.76092000
2023-07-10,13.58000000,13.85000000,13.16000000,13.39000000,34077334.09580000,-0.19000000,-1.39911635,5.08100147,13.14400000,13.08000000,13.01266667,13.02400000,12.74320000,12.54233333,12.69257143,12.90150000,13.07888889,13.20980000,13.48450000,15.88445000,13.08473748,13.02629055,0.05844693,-0.05431942,0.11276636,59.03693908,55.28849863,49.97640584,60.47804754,57.74898262,65.93617738,13.02400000,13.75802710,12.28997290,35635684.65178002,31002101.35780000
2023-07-11,13.38000000,13.69000000,13.15000000,13.27000000,26835736.13270000,-0.12000000,-0.89619119,4.03587444,13.32400000,13.10800000,13.02066667,13.04250000,12.81200000,12.59866667,12.65400000,12.88100000,13.05022222,13.18160000,13.45250000,15.89185000,13.11323941,13.04434310,0.06889631,-0.02967628,0.09857258,54.87605368,53.50997398,49.22789288,57.74678635,57.74825053,57.74385798,13.04250000,13.78199841,12.30300159,35183375.95060003,31645728.70894000
2023-07-12,13.26000000,13.38000000,12.85000000,13.01000000,23093581.55900000,-0.26000000,-1.95930671,3.99698341,13.37800000,13.09600000,13.00800000,13.06050000,12.86760000,12.64833333,12.62514286,12.84400000,13.00844444,13.14760000,13.42083333,15.89855000,13.09735642,13.04179916,0.05555726,-0.01262957,0.06818683,46.37754000,49.72890459,47.61554563,51.52662237,55.67437447,43.23111816,13.06050000,13.77693783,12.34406217,36022561.72172002,31335781.81546000
2023-07-13,13.01000000,14.20000000,12.89000000,14.11000000,58829315.51960000,1.10000000,8.45503459,10.06917756,13.47200000,13.18200000,13.12600000,13.10150000,12.97840000,12.72533333,12.63028571,12.83225000,13.00022222,13.14700000,13.40550000,15.91070000,13.25314774,13.12092515,0.13222259,0.01634086,0.11588173,69.98042920,62.09181661,54.23315399,65.99236754,59.11370549,79.74969162,13.10150000,13.95414357,12.24885643,36595474.23150002,34042190.39718000
2023-07-14,14.11000000,15.97000000,14.02000000,14.64000000,133732321.03940000,0.53000000,3.75620128,13.81998583,13.68400000,13.34200000,13.25733333,13.18300000,13.10520000,12.83400000,12.65571429,12.82850000,13.00444444,13.15820000,13.39816667,15.92535000,13.46650963,13.23344922,0.23306041,0.05968477,0.17337564,76.07043458,66.43104047,56.96636558,65.44263287,61.22334795,73.88120270,13.18300000,14.27642725,12.08957275,55313657.66930002,44613475.49094000
2023-07-15,14.63000000,15.35000000,14.41000000,14.84000000,34756711.05490000,0.20000000,1.36612022,6.42515379,13.97400000,13.55900000,13.37800000,13.25300000,13.21400000,12.94833333,12.74685714,12.85275000,13.02066667,13.16840000,13.39716667,15.94135000,13.67781584,13.35245298,0.32536286,0.11282039,0.21254247,78.08376272,67.94168560,57.95508548,66.83630722,63.09433437,74.32025290,13.25300000,14.57174103,11.93425897,55449533.06112002,45542608.85645000
2023-07-16,14.84000000,14.93000000,14.16000000,14.29000000,23976549.44650000,-0.55000000,-3.70619946,5.18867925,14.17800000,13.75100000,13.46466667,13.31000000,13.26960000,13.03966667,12.82428571,12.84450000,13.02511111,13.16300000,13.38250000,15.95675000,13.77199802,13.42190090,0.35009711,0.16027573,0.18982138,61.11526511,59.86031824,54.37045560,60.66010225,62.28292367,57.41445941,13.31000000,14.70626570,11.91373430,54877695.72388002,45030535.83724000
2023-07-17,14.29000000,14.62000000,13.80000000,14.40000000,26478735.39840000,0.11000000,0.76976907,5.73827852,14.45600000,13.91700000,13.54933333,13.37000000,13.33960000,13.13233333,12.90657143,12.85400000,13.02311111,13.15320000,13.37783333,15.97385000,13.86861371,13.49435269,0.37426102,0.20307279,0.17118823,63.04276082,60.87566425,54.95194555,56.99989723,60.52191485,49.95586197,13.37000000,14.84715231,11.89284769,55554726.49176003,45788644.10674000
2023-07-18,14.40000000,14.59000000,13.61000000,13.80000000,21020941.49970000,-0.60000000,-4.16666667,6.80555556,14.39400000,13.93300000,13.58600000,13.44300000,13.36000000,13.21433333,12.96371429,12.85075000,13.00577778,13.13960000,13.36316667,15.98850000,13.85805775,13.51699323,0.34106452,0.23067114,0.11039338,47.59903084,52.91154570,51.23564957,48.14950413,56.39777795,31.65295651,13.44300000,14.84838963,12.03761037,47993051.68778002,42294262.95964000
2023-07-19,13.80000000,14.27000000,13.76000000,13.99000000,17493934.07330000,0.19000000,1.37681159,3.69565217,14.26400000,13.97400000,13.64933333,13.50900000,13.39920000,13.29833333,13.03828571,12.85675000,12.98800000,13.13040000,13.35250000,16.00395000,13.87835656,13.55203077,0.32632579,0.24980207,0.07652372,52.06159199,54.94766051,52.30155146,44.27915660,52.35823750,28.12099481,13.50900000,14.88521755,12.13278245,24745374.29456002,40029515.98193000
2023-07-20,13.99000000,14.42000000,13.68000000,13.88000000,24927060.61390000,-0.11000000,-0.78627591,5.28949249,14.07200000,14.02300000,13.73000000,13.55150000,13.41680000,13.35700000,13.10885714,12.91250000,12.98822222,13.12580000,13.34533333,16.01900000,13.87860940,13.57632479,0.30228461,0.26029858,0.04198603,49.15342730,53.48695278,51.61991229,40.52371124,48.41339541,24.74434289,13.55150000,14.91789788,12.18510212,22779444.20636002,39114488.63374000
2023-07-21,13.87000000,14.07000000,13.72000000,13.98000000,12823598.72350000,0.10000000,0.72046110,2.52343187,14.01000000,14.09400000,13.83733333,13.60100000,13.45000000,13.39300000,13.17828571,12.97250000,12.97400000,13.12360000,13.33366667,16.03310000,13.89420795,13.60622665,0.28798130,0.26583512,0.02214618,52.07395738,54.68172031,52.21074018,38.81234429,45.21304504,26.01094279,13.60100000,14.95340760,12.24859240,20548854.06176002,37713274.89282000
2023-07-22,13.98000000,14.05000000,13.29000000,13.53000000,12494404.47240000,-0.45000000,-3.21888412,5.43633763,13.83600000,14.14600000,13.89000000,13.62100000,13.46320000,13.42233333,13.23285714,13.02275000,12.96311111,13.10440000,13.31400000,16.04385000,13.83817596,13.60058024,0.23759572,0.26018724,-0.02259152,39.74608533,48.55856169,49.37912859,28.85997082,39.76202030,7.05587186,13.62100000,14.95579586,12.28620414,17751987.87656002,36653357.18415999
2023-07-23,13.52000000,13.75000000,13.39000000,13.54000000,10856342.74820000,0.01000000,0.07390983,2.66272189,13.78400000,14.08900000,13.88333333,13.63550000,13.51120000,13.43066667,13.29571429,13.06625000,12.95444444,13.08360000,13.30400000,16.05115000,13.79230273,13.59609281,0.19620992,0.24739178,-0.05118185,40.12408241,48.69782770,49.44270976,23.28528799,34.26977620,1.31631158,13.63550000,14.95958419,12.31141581,15719068.12626002,31856059.90702000
2023-07-24,13.54000000,13.60000000,12.77000000,13.11000000,19740644.23830000,-0.43000000,-3.17577548,6.12998523,13.60800000,13.93600000,13.85200000,13.63900000,13.52880000,13.43400000,13.34257143,13.10950000,12.94022222,13.05000000,13.28783333,16.05800000,13.68733308,13.56008594,0.12724715,0.22336285,-0.09611570,30.31189268,43.21030435,46.80490800,20.77043891,29.76999710,2.77132252,13.63900000,14.95681158,12.32118842,16168410.15926002,20456892.22691000
2023-07-25,13.11000000,13.55000000,13.04000000,13.33000000,20967809.31500000,0.22000000,1.67810831,3.89016018,13.49800000,13.78500000,13.84800000,13.67200000,13.54080000,13.43033333,13.37714286,13.15750000,12.97755556,13.03920000,13.27116667,16.06575000,13.63235876,13.54304253,0.08931623,0.19655353,-0.10723730,39.40901998,46.57069017,48.27807572,23.93704936,27.82568119,16.15978571,13.67200000,14.91878281,12.42521719,15376559.89948002,19078002.05292000
2023-07-26,13.34000000,13.47000000,13.08000000,13.27000000,18323120.10390000,-0.06000000,-0.45011253,2.92353823,13.35600000,13.68300000,13.84800000,13.71700000,13.55200000,13.43433333,13.38771429,13.20050000,13.01511111,13.01220000,13.24966667,16.07335000,13.57661126,13.52281716,0.05379410,0.16800164,-0.11420754,37.79435525,45.76499611,47.90056159,25.11554206,26.92230148,21.50202324,13.71700000,14.82292852,12.61107148,16476464.17556002,18512659.11866000
2023-07-27,13.27000000,13.43000000,13.02000000,13.15000000,11889887.56640000,-0.12000000,-0.90429540,3.08967596,13.28000000,13.55800000,13.85733333,13.73750000,13.55280000,13.43266667,13.40200000,13.23875000,13.05133333,12.99480000,13.22066667,16.07865000,13.51097876,13.49520107,0.01577768,0.13755685,-0.12177917,34.41066194,44.10036418,47.13141845,24.42046239,26.08835512,21.08467693,13.73750000,14.78059005,12.69440995,16355560.79436002,17053774.33546000
2023-07-28,13.15000000,13.30000000,13.01000000,13.22000000,8813905.30210000,0.07000000,0.53231939,2.20532319,13.21600000,13.50000000,13.79800000,13.71650000,13.55160000,13.46200000,13.40000000,13.28575000,13.08288889,12.98060000,13.19966667,16.08380000,13.46621280,13.47481581,-0.00860301,0.10832488,-0.11692789,38.27875379,45.36498752,47.64314776,25.37121735,25.84930919,24.41503366,13.71650000,14.78446954,12.64853046,15947073.30514002,15833070.71570000
2023-07-29,13.23000000,13.30000000,13.15000000,13.23000000,4053677.30450000,0.01000000,0.07564297,1.13378685,13.24000000,13.42400000,13.70400000,13.69900000,13.55920000,13.48066667,13.40628571,13.32975000,13.12400000,12.97020000,13.17933333,16.08630000,13.42987237,13.45668131,-0.02680894,0.08129811,-0.10810705,38.89650385,45.55693627,47.71858319,28.70901669,26.80254503,32.52196003,13.69900000,14.78765731,12.61034269,12809679.91838003,14489045.03882000
2023-07-30,13.24000000,13.41000000,12.92000000,13.12000000,11868363.08340000,-0.11000000,-0.83144369,3.70090634,13.19800000,13.34800000,13.58933333,13.68550000,13.57720000,13.48366667,13.39714286,13.35475000,13.16200000,12.99960000,13.16283333,16.07260000,13.38219969,13.43174195,-0.04954226,0.05513004,-0.10467230,34.35737957,43.71397670,46.94226115,28.25392780,27.28633928,30.18910482,13.68550000,14.79675297,12.57424703,10989790.67206002,13183175.28577000
2023-07-31,13.12000000,13.42000000,12.69000000,12.82000000,14411803.43630000,-0.30000000,-2.28658537,5.56402439,13.10800000,13.23200000,13.49133333,13.66300000,13.59520000,13.47800000,13.38771429,13.35275000,13.19022222,13.02440000,13.14166667,16.05955000,13.29570743,13.38642773,-0.09072030,0.02595997,-0.11668027,24.86207825,39.01783111,44.86507806,22.92400218,25.83222691,17.10755271,13.66300000,14.82666210,12.49933790,10207527.33854003,13341995.75705000
2023-08-01,12.81000000,12.90000000,12.40000000,12.89000000,17563963.07750000,0.07000000,0.54602184,3.90320062,13.05600000,13.16800000,13.39066667,13.65700000,13.60120000,13.47000000,13.37885714,13.35875000,13.21844444,13.05180000,13.11500000,16.04420000,13.23329091,13.34965531,-0.11636440,-0.00250490,-0.11385950,30.25887080,40.64103437,45.45276187,28.89377923,26.85274435,32.97584898,13.65700000,14.83597547,12.47802453,11342342.44076002,13848951.61756000
2023-08-02,12.89000000,12.96000000,12.42000000,12.55000000,12885950.60700000,-0.34000000,-2.63770365,4.18929403,12.92200000,13.06900000,13.30733333,13.57900000,13.55760000,13.44666667,13.38485714,13.34025000,13.24533333,13.06680000,13.08116667,16.02225000,13.12816923,13.29042158,-0.16225235,-0.03445439,-0.12779796,21.32952194,35.61756556,43.12310850,23.61034557,25.77194476,19.28714720,13.57900000,14.83564382,12.32235618,12156751.50174003,14051912.40344000
2023-08-03,12.54000000,12.64000000,12.36000000,12.44000000,11964056.04990000,-0.11000000,-0.87649402,2.23285486,12.76400000,13.00200000,13.20400000,13.46900000,13.51200000,13.42666667,13.37828571,13.32600000,13.26688889,13.08800000,13.04200000,16.00045000,13.02229704,13.22742739,-0.20513035,-0.06858958,-0.13654077,19.13703625,34.12868177,42.38962927,18.14263278,23.22884077,7.97021682,13.46900000,14.71973284,12.21826716,13738827.25082002,13274253.58460000
2023-08-04,12.45000000,12.61000000,12.25000000,12.41000000,8714283.25030000,-0.03000000,-0.24115756,2.89156627,12.62200000,12.91000000,13.10600000,13.34750000,13.47280000,13.41800000,13.36057143,13.30025000,13.27333333,13.10800000,13.01766667,15.97880000,12.92809749,13.16687721,-0.23877972,-0.10262761,-0.13615211,18.51420482,33.70943934,42.18543092,16.61486253,21.02418136,7.79622489,13.34750000,14.50619028,12.18880972,13108011.28420002,12048900.97813000
2023-08-05,12.41000000,12.45000000,12.29000000,12.45000000,5094631.88720000,0.04000000,0.32232071,1.28928284,12.54800000,12.82800000,13.00400000,13.25550000,13.44000000,13.42066667,13.34514286,13.28275000,13.26333333,13.12600000,12.98150000,15.95545000,12.85454403,13.11377520,-0.25923116,-0.13394832,-0.12528284,22.54742286,34.87311860,42.57033369,16.77458072,19.60764781,11.10844654,13.25550000,14.39105875,12.11994125,11244576.97438002,10726052.15646000
2023-08-06,12.45000000,12.67000000,12.42000000,12.59000000,7070093.87770000,0.14000000,1.12449799,2.00803213,12.48800000,12.77200000,12.94133333,13.16500000,13.42320000,13.41566667,13.32971429,13.26750000,13.26200000,13.14540000,12.95766667,15.93930000,12.81384495,13.07497703,-0.26113208,-0.15938507,-0.10174701,35.87742039,38.96406518,43.93356069,20.86966350,20.02831971,22.55235109,13.16500000,14.20060814,12.12939186,9145803.13442002,10244072.78759000
2023-08-07,12.60000000,12.77000000,12.20000000,12.47000000,12656414.96300000,-0.12000000,-0.95313741,4.52380952,12.47200000,12.69700000,12.87000000,13.09850000,13.35760000,13.37666667,13.30742857,13.27075000,13.24377778,13.16800000,12.93333333,15.92070000,12.76094573,13.03016392,-0.26921819,-0.18135170,-0.08786649,30.48150576,36.80243286,43.02020286,21.29015818,20.44893253,22.97260948,13.09850000,14.13322905,12.06377095,9099896.00562002,10628323.75368000
2023-08-08,12.46000000,12.81000000,12.38000000,12.68000000,15897607.25140000,0.21000000,1.68404170,3.45104334,12.52000000,12.64200000,12.84133333,13.03300000,13.27920000,13.34666667,13.29714286,13.27100000,13.23644444,13.19220000,12.91550000,15.89670000,12.74849254,13.00422585,-0.25573331,-0.19622802,-0.05950529,47.16785703,42.85478319,45.10423701,27.30819289,22.73535265,36.45387336,13.03300000,13.99328724,12.07271276,9886606.24592002,11812716.74837000
2023-08-09,12.69000000,12.81000000,12.50000000,12.62000000,10432851.89510000,-0.06000000,-0.47318612,2.44286840,12.56200000,12.59200000,12.79400000,12.97000000,13.19040000,13.32100000,13.29571429,13.26075000,13.21822222,13.20220000,12.93166667,15.87540000,12.72872446,12.97576468,-0.24704022,-0.20639046,-0.04064976,43.58132543,41.61264605,44.61771043,36.62651456,27.36573995,55.14806376,12.97000000,13.85899707,12.08100293,10230319.97488002,11669165.62954000
2023-08-10,12.63000000,12.67000000,12.47000000,12.48000000,11346922.85990000,-0.14000000,-1.10935024,1.58353127,12.56800000,12.55800000,12.74133333,12.89500000,13.11800000,13.29466667,13.29885714,13.24800000,13.20333333,13.19380000,12.94666667,15.85110000,12.69045916,12.93904137,-0.24858221,-0.21482881,-0.03375340,35.93134941,38.75343757,43.47588975,36.69837812,30.47661934,49.14189569,12.89500000,13.67115788,12.11884212,11480778.16942002,11362677.57190000
2023-08-11,12.49000000,12.55000000,12.35000000,12.44000000,6228259.44910000,-0.04000000,-0.32051282,1.60128102,12.53800000,12.51300000,12.69400000,12.84050000,13.03960000,13.27566667,13.29028571,13.23075000,13.18644444,13.18960000,12.96200000,15.82345000,12.65192698,12.90207534,-0.25014836,-0.22189272,-0.02825564,33.89165272,37.94089050,43.14669454,37.58033951,32.84452607,47.05196641,12.84050000,13.58118176,12.09981824,11312411.28370002,10229107.20906000
2023-08-12,12.44000000,12.49000000,12.35000000,12.39000000,3932764.43540000,-0.05000000,-0.40192926,1.12540193,12.52200000,12.49700000,12.63866667,12.78300000,12.98320000,13.21833333,13.25457143,13.20925000,13.18755556,13.17160000,12.97183333,15.80040000,12.61163052,12.86414383,-0.25251331,-0.22801684,-0.02449647,31.23223598,36.88625725,42.72472824,35.43607334,33.70837516,38.89146970,12.78300000,13.47177007,12.09422993,9567681.17818002,9333788.59190000
2023-08-13,12.40000000,12.43000000,12.20000000,12.27000000,6222172.62670000,-0.12000000,-0.96852300,1.85483871,12.44000000,12.48000000,12.57466667,12.74100000,12.91440000,13.13933333,13.21714286,13.19000000,13.17866667,13.15680000,12.98666667,15.77280000,12.55907198,12.82013318,-0.26106120,-0.23462571,-0.02643549,25.47514813,34.38390233,41.70332883,27.44918550,31.62197861,19.10359930,12.74100000,13.44801448,12.03398552,7632594.25324002,8759600.24958000
2023-08-14,12.27000000,12.46000000,12.15000000,12.37000000,8622920.07510000,0.10000000,0.81499593,2.52648737,12.39000000,12.47600000,12.52466667,12.69300000,12.85400000,13.05700000,13.18800000,13.18250000,13.16400000,13.13540000,13.00266667,15.74425000,12.52998398,12.78678998,-0.25680600,-0.23906177,-0.01774423,37.07433608,38.19553865,42.89053607,29.41056811,30.88484178,26.46202079,12.69300000,13.36091427,12.02508573,7270607.88924002,8750463.93206000
2023-08-15,12.37000000,12.38000000,11.29000000,11.83000000,14487265.87420000,-0.54000000,-4.36540016,8.81164107,12.26000000,12.41400000,12.45866667,12.62100000,12.76800000,12.97500000,13.14685714,13.16900000,13.13822222,13.10900000,13.00733333,15.69740000,12.42229414,12.71591665,-0.29362251,-0.24997392,-0.04364859,18.45817285,28.45735583,38.47540914,31.44915067,31.07294474,32.20156254,12.62100000,13.33583233,11.90616767,7898676.49210002,9689727.33076000
2023-08-16,11.83000000,11.87000000,11.07000000,11.38000000,16644155.38130000,-0.45000000,-3.80388842,6.76246830,12.04800000,12.29300000,12.35800000,12.53250000,12.68200000,12.87433333,13.10028571,13.13500000,13.09933333,13.07260000,13.00333333,15.65160000,12.26194119,12.61695986,-0.35501867,-0.27098287,-0.08403580,12.28799368,23.10266220,35.31433347,26.90479777,29.68356242,21.34726847,12.53250000,13.39466069,11.67033931,9981855.67854002,10647133.48112000
2023-08-17,11.39000000,11.51000000,9.99000000,10.57000000,23524130.39800000,-0.81000000,-7.11775044,13.34503951,11.68400000,12.10300000,12.22600000,12.40000000,12.56320000,12.76666667,12.99914286,13.05825000,13.03977778,13.03720000,12.99050000,15.59950000,12.00164255,12.46533320,-0.46369066,-0.30952443,-0.15416623,7.13570833,16.86955311,30.59333011,24.79232381,28.05314955,18.27067233,12.40000000,13.57503863,11.22496137,13900128.87106002,11733905.02462000
2023-08-18,10.58000000,11.00000000,10.53000000,10.81000000,15673309.16010000,0.24000000,2.27057711,4.44234405,11.39200000,11.91600000,12.11733333,12.27900000,12.47120000,12.66066667,12.88971429,12.98900000,12.99022222,13.00000000,12.97950000,15.55485000,11.81831293,12.34271593,-0.52440300,-0.35250014,-0.17190286,19.18395837,23.53769552,33.34822263,26.72722085,27.61117331,24.95931591,12.27900000,13.58524250,10.97275750,15790356.17774002,11711475.21549000
2023-08-19,10.80000000,10.89000000,10.56000000,10.81000000,9298433.78910000,0.00000000,0.00000000,3.05555556,11.08000000,11.73500000,12.01066667,12.16350000,12.37040000,12.55833333,12.77457143,12.92450000,12.94888889,12.95560000,12.95766667,15.50990000,11.66318786,12.22918142,-0.56599356,-0.39519882,-0.17079473,19.18395837,23.53769552,33.34822263,28.49523056,27.90585906,29.67397357,12.16350000,13.56189419,10.76510581,15925458.92054003,11598033.40489000
2023-08-20,10.81000000,10.93000000,10.74000000,10.86000000,4821467.43070000,0.05000000,0.46253469,1.75763182,10.88600000,11.57300000,11.90466667,12.06550000,12.27400000,12.45433333,12.67657143,12.86425000,12.91533333,12.91300000,12.92366667,15.45945000,11.53962050,12.12776057,-0.58814007,-0.43378707,-0.15435300,22.21164595,25.02868899,33.94299109,30.59682038,28.80284617,34.18476879,12.06550000,13.54267333,10.58832667,13992299.23184002,10945487.86197000
2023-08-21,10.87000000,10.87000000,10.15000000,10.36000000,13924624.17420000,-0.50000000,-4.60405157,6.62373505,10.68200000,11.36500000,11.75600000,11.93900000,12.16240000,12.34866667,12.56114286,12.79800000,12.86244444,12.85760000,12.88550000,15.40520000,11.35814042,11.99681534,-0.63867492,-0.47476464,-0.16391028,15.32294893,20.63840137,31.05161982,25.39113261,27.66560832,20.84218121,11.93900000,13.54645500,10.33154500,13448392.99042002,11715124.33448000
2023-08-22,10.36000000,10.38000000,9.71000000,10.15000000,19557510.32400000,-0.21000000,-2.02702703,6.46718147,10.59800000,11.14100000,11.60133333,11.81900000,12.03960000,12.23566667,12.45685714,12.69900000,12.78488889,12.79560000,12.83316667,15.34915000,11.17227266,11.86001421,-0.68774154,-0.51736002,-0.17038152,13.25159203,19.10309040,29.93410640,22.26075507,25.86399057,15.05428409,11.81900000,13.58492186,10.05307814,12655068.97562002,13277598.92334000
2023-08-23,10.15000000,10.47000000,10.06000000,10.33000000,10695625.25400000,0.18000000,1.77339901,4.03940887,10.50200000,10.94700000,11.44466667,11.71350000,11.92360000,12.14300000,12.35228571,12.59125000,12.71266667,12.74140000,12.78850000,15.29560000,11.04269225,11.74667982,-0.70398757,-0.55468553,-0.14930203,23.84092701,24.36433734,32.11911230,22.58082798,24.76960304,18.20327786,11.71350000,13.57285218,9.85414782,11659532.19440002,13724944.18607000
2023-08-24,10.34000000,10.36000000,9.98000000,10.12000000,9242636.25700000,-0.21000000,-2.03291384,3.67504836,10.36400000,10.72200000,11.27800000,11.59900000,11.80360000,12.03600000,12.24485714,12.47325000,12.64000000,12.69040000,12.73316667,15.24580000,10.90073960,11.62618502,-0.72544542,-0.58883751,-0.13660791,20.36124513,22.50178266,30.94433044,21.38104581,23.64008396,16.86296951,11.59900000,13.55717208,9.64082792,11648372.68798002,13786915.80426000
2023-08-25,10.12000000,10.13000000,9.89000000,10.04000000,12774553.38630000,-0.08000000,-0.79051383,2.37154150,10.20000000,10.54300000,11.11533333,11.47850000,11.69240000,11.92833333,12.13228571,12.36700000,12.56822222,12.64380000,12.68133333,15.19810000,10.76831812,11.50868983,-0.74037171,-0.61914435,-0.12122736,19.08767910,21.80891894,30.50086482,20.36514165,22.54843653,15.99855191,11.47850000,13.51135928,9.44564072,13238989.87910002,13615644.55547000
2023-08-26,10.05000000,10.13000000,10.01000000,10.09000000,4023014.45720000,0.05000000,0.49800797,1.19402985,10.14600000,10.41400000,10.95866667,11.35350000,11.58040000,11.82633333,12.03400000,12.25925000,12.50333333,12.59080000,12.62950000,15.14440000,10.66396149,11.40360170,-0.73964021,-0.64324352,-0.09639669,22.71330614,23.41672408,31.14441359,23.39588255,22.83091853,24.52581058,11.35350000,13.40594168,9.30105832,11258667.93570002,12353530.46306000
2023-08-27,10.10000000,10.28000000,10.07000000,10.20000000,5522445.75500000,0.11000000,1.09018831,2.07920792,10.15600000,10.37700000,10.81266667,11.24000000,11.48640000,11.72566667,11.93857143,12.16925000,12.41644444,12.52200000,12.59383333,15.09485000,10.59258280,11.31444602,-0.72186322,-0.65896746,-0.06289576,30.88891502,27.01836984,32.57763128,28.98523317,24.88235675,37.19098603,11.24000000,13.28351606,9.19648394,8451655.02190002,10553361.99876000
2023-08-28,10.21000000,10.45000000,9.91000000,10.37000000,11229118.62640000,0.17000000,1.66666667,5.28893242,10.16400000,10.33300000,10.68600000,11.12450000,11.40360000,11.63033333,11.86028571,12.07875000,12.32155556,12.45780000,12.55550000,15.05720000,10.55833929,11.24448705,-0.68614776,-0.66440352,-0.02174424,42.22346652,32.37988751,34.76729785,37.35627567,29.04032972,53.98816756,11.12450000,13.08475213,9.16424787,8558353.69638002,10108942.94539000
2023-08-29,10.37000000,11.21000000,10.33000000,10.81000000,27221388.39160000,0.44000000,4.24300868,8.48601736,10.30200000,10.33300000,10.58200000,11.03400000,11.33960000,11.55333333,11.78828571,12.00200000,12.23200000,12.40620000,12.51850000,15.02230000,10.59705632,11.21230283,-0.61524650,-0.65457212,0.03932561,61.72167043,43.99654796,40.02762095,49.34862822,35.80976256,76.42635956,11.03400000,12.86650648,9.20149352,12154104.12330003,11901238.40564000
2023-08-30,10.81000000,10.83000000,10.33000000,10.41000000,10853711.20180000,-0.40000000,-3.70027752,4.62534690,10.37600000,10.28800000,10.48733333,10.93050000,11.25800000,11.47300000,11.70657143,11.91275000,12.14577778,12.34900000,12.47550000,14.98430000,10.56827843,11.15287299,-0.58459456,-0.64057661,0.05598205,45.11304113,37.59189627,37.18325679,48.45464104,40.02472205,65.31447901,10.93050000,12.64944062,9.21155938,11769935.68640002,12504462.78275000
2023-08-31,10.40000000,10.55000000,9.82000000,9.98000000,18629391.42890000,-0.43000000,-4.13064361,7.01923077,10.35400000,10.25000000,10.39400000,10.80750000,11.15360000,11.37600000,11.61600000,11.82400000,12.04755556,12.28840000,12.42300000,14.94530000,10.47777405,11.06599351,-0.58821945,-0.63010518,0.04188572,33.48838659,32.11017865,34.43816254,36.14002448,38.72982286,30.96042772,10.80750000,12.42043293,9.19456707,14691211.08074003,12974939.50822000
2023-09-01,9.98000000,10.07000000,9.75000000,9.92000000,9409995.81460000,-0.06000000,-0.60120240,3.20641283,10.29800000,10.22700000,10.35066667,10.68400000,11.05160000,11.28833333,11.52171429,11.73350000,11.96133333,12.20460000,12.36750000,14.90675000,10.39196266,10.98110510,-0.58914244,-0.62191263,0.03277019,32.10325492,31.41290715,34.07191678,27.97462819,35.14475797,13.63436864,10.68400000,12.15910428,9.20889572,15468721.09266002,11960188.05728000
2023-09-02,9.92000000,9.97000000,9.76000000,9.92000000,4977252.68140000,0.00000000,0.00000000,2.11693548,10.20800000,10.18600000,10.29133333,10.56650000,10.94120000,11.20433333,11.42714286,11.65375000,11.87088889,12.11020000,12.31550000,14.86565000,10.31935302,10.90250472,-0.58315170,-0.61416044,0.03100874,32.10325492,31.41290715,34.07191678,22.53103067,30.94018220,5.71272760,10.56650000,11.87460067,9.25839933,14218347.90366002,11388350.80002000
2023-09-03,9.92000000,9.99000000,9.83000000,9.88000000,4083544.75080000,-0.04000000,-0.40322581,1.61290323,10.02200000,10.16200000,10.22933333,10.44200000,10.83160000,11.12000000,11.33457143,11.56750000,11.78200000,12.01100000,12.26900000,14.81535000,10.25176025,10.82676363,-0.57500338,-0.60632903,0.03132565,30.87721071,30.88087888,33.81090209,17.98872364,26.62302935,0.72011223,10.44200000,11.47171841,9.41228159,9590779.17550002,10872441.64940000
2023-09-04,9.88000000,10.05000000,9.68000000,9.81000000,7591881.03630000,-0.07000000,-0.70850202,3.74493927,9.90200000,10.13900000,10.15933333,10.34100000,10.72480000,11.03200000,11.24857143,11.48100000,11.68933333,11.92140000,12.22633333,14.77145000,10.18379713,10.75144781,-0.56765067,-0.59859336,0.03094269,28.58470673,29.91366438,33.34444329,14.82472644,22.69026171,-0.90634411,10.34100000,11.17518791,9.50681209,8938413.14240002,10354174.41440000
2023-09-05,9.81000000,9.97000000,9.65000000,9.91000000,7150631.88540000,0.10000000,1.01936799,3.26197757,9.88800000,10.12100000,10.12933333,10.26750000,10.62360000,10.94266667,11.16342857,11.40000000,11.60888889,11.83160000,12.17916667,14.72375000,10.14167450,10.68911834,-0.54744384,-0.58836346,0.04091961,36.64805133,33.17548079,34.68763292,15.43870651,20.27307665,5.76996625,10.26750000,10.96389296,9.57110704,6642661.23370002,10666936.15722000
2023-09-06,9.91000000,10.05000000,9.76000000,9.95000000,7994375.23970000,0.04000000,0.40363269,2.92633703,9.89400000,10.09600000,10.11600000,10.23650000,10.52600000,10.85866667,11.08914286,11.31825000,11.52911111,11.75460000,12.11766667,14.67580000,10.11218611,10.63436883,-0.52218272,-0.57512731,0.05294459,39.90494778,34.50556492,35.23238920,16.70272742,19.08296024,11.94226178,10.23650000,10.93139189,9.54160811,6359537.11872002,10914129.10569000
2023-09-07,9.94000000,10.14000000,9.83000000,10.10000000,6742928.24180000,0.15000000,1.50753769,3.11871227,9.93000000,10.06900000,10.10066667,10.20100000,10.43920000,10.77266667,11.02228571,11.24000000,11.46222222,11.67680000,12.05966667,14.62725000,10.11031133,10.59478596,-0.48447463,-0.55699677,0.07252214,51.19552471,39.43697015,37.27945278,23.84701602,20.67097883,30.19909040,10.20100000,10.84306575,9.55893425,6712672.23080002,10465510.06723000
2023-09-08,10.09000000,10.15000000,9.84000000,9.93000000,6867950.73880000,-0.17000000,-1.68316832,3.07234886,9.94000000,9.98100000,10.08800000,10.15700000,10.34160000,10.68300000,10.95142857,11.16025000,11.38666667,11.59780000,12.00200000,14.57280000,10.08257112,10.54554255,-0.46297143,-0.53819170,0.07522027,40.77651522,36.07836208,35.93623301,26.26838105,22.53677957,33.73158401,10.15700000,10.74136110,9.57263890,7269553.42840002,8430166.30195000
2023-09-09,9.92000000,9.93000000,9.83000000,9.84000000,3168033.27430000,-0.09000000,-0.90634441,1.00806452,9.94600000,9.92400000,10.07466667,10.10600000,10.26200000,10.59500000,10.87685714,11.08575000,11.31044444,11.51500000,11.94483333,14.51710000,10.04525249,10.49328014,-0.44802765,-0.52015889,0.07213124,36.10805783,34.38701621,35.23489477,30.17892070,25.08415995,40.36844221,10.10600000,10.60363229,9.60836771,6384783.87600002,7661598.50920000
2023-09-10,9.83000000,9.84000000,9.22000000,9.47000000,15670164.91090000,-0.37000000,-3.76016260,6.30722279,9.85800000,9.87300000,10.03333333,10.06150000,10.18560000,10.49600000,10.78771429,11.00025000,11.22866667,11.43380000,11.88583333,14.46285000,9.95675211,10.41748161,-0.46072951,-0.50827302,0.04754351,23.07501652,28.41318088,32.51286525,29.07985394,26.41605795,34.40744594,10.06150000,10.61906142,9.50393858,8088690.48110002,7365675.85740000
2023-09-11,9.46000000,9.51000000,9.05000000,9.23000000,13294366.82920000,-0.24000000,-2.53431890,4.86257928,9.71400000,9.80400000,9.96866667,10.01550000,10.13200000,10.39066667,10.69514286,10.91725000,11.14000000,11.34760000,11.80450000,14.41045000,9.84494409,10.32952001,-0.48457592,-0.50353360,0.01895768,18.01395624,25.30272448,30.89726887,24.84111475,25.89107688,22.74119049,10.01550000,10.68323695,9.34776305,9148688.79900002,7754112.95886000
2023-09-12,9.24000000,9.60000000,9.19000000,9.22000000,13987420.50250000,-0.01000000,-0.10834236,4.43722944,9.53800000,9.73400000,9.89200000,9.96000000,10.06840000,10.28900000,10.59628571,10.83675000,11.05088889,11.26980000,11.71416667,14.36460000,9.74879884,10.24733334,-0.49853450,-0.50253378,0.00399928,17.81854848,25.17744118,30.83065992,21.71225832,24.49813736,16.14050024,9.96000000,10.69844787,9.22155213,10597587.25114002,8655129.74097000
2023-09-13,9.22000000,9.46000000,9.10000000,9.29000000,10786515.28330000,0.07000000,0.75921909,3.90455531,9.41000000,9.67500000,9.79066667,9.91850000,10.00760000,10.18633333,10.50114286,10.75875000,10.96577778,11.18900000,11.62166667,14.32135000,9.67821441,10.17641976,-0.49820536,-0.50166809,0.00346274,24.68153954,27.90344827,31.90297424,21.74756615,23.58128029,18.08013787,9.91850000,10.71044032,9.12655968,11381300.16004002,9325426.79422000
2023-09-14,9.29000000,9.48000000,9.25000000,9.40000000,7924634.80080000,0.11000000,1.18406889,2.47578041,9.32200000,9.63400000,9.72333333,9.88650000,9.94920000,10.10533333,10.41314286,10.68250000,10.88977778,11.11160000,11.54016667,14.27620000,9.63541219,10.11890719,-0.48349500,-0.49803347,0.01453848,34.92872983,32.14164357,33.59113039,25.10443804,24.08899954,27.13531504,9.88650000,10.70890405,9.06409595,12332620.46534002,9358702.17067000
2023-09-15,9.40000000,9.52000000,9.18000000,9.43000000,9573822.69510000,0.03000000,0.31914894,3.61702128,9.31400000,9.58600000,9.68666667,9.85350000,9.91200000,10.04033333,10.32714286,10.60350000,10.81288889,11.03720000,11.45733333,14.23370000,9.60381032,10.06787703,-0.46406671,-0.49124012,0.02717341,37.70258149,33.30806877,34.05636214,28.25144354,25.47648087,33.80136888,9.85350000,10.69428347,9.01271653,11113352.02218002,9601021.25164000
2023-09-16,9.42000000,9.61000000,9.36000000,9.38000000,8286075.99790000,-0.05000000,-0.53022269,2.65392781,9.34400000,9.52900000,9.65066667,9.81250000,9.88120000,10.00066667,10.24114286,10.52625000,10.74244444,10.96040000,11.38366667,14.19515000,9.56937796,10.01692317,-0.44754521,-0.48250114,0.03495593,34.74073248,32.29864129,33.64642773,28.83429569,26.59575248,33.31138212,9.81250000,10.66206645,8.96293355,10111693.85592002,9630191.32746000
2023-09-17,9.38000000,9.38000000,9.00000000,9.10000000,9464126.04040000,-0.28000000,-2.98507463,4.05117271,9.32000000,9.42900000,9.59600000,9.74900000,9.83200000,9.94366667,10.15057143,10.43675000,10.66822222,10.87780000,11.30216667,14.15180000,9.49716597,9.94900294,-0.45183697,-0.47636831,0.02453133,22.73739878,27.25299801,31.43534123,22.80709319,25.33286605,17.75554746,9.74900000,10.61284453,8.88515547,9207034.96350002,9902311.10732000
2023-09-18,9.09000000,9.31000000,8.81000000,9.11000000,15039509.39690000,0.01000000,0.10989011,5.50055006,9.28400000,9.34700000,9.54466667,9.66400000,9.79160000,9.88700000,10.05742857,10.34900000,10.59488889,10.79760000,11.22266667,14.11000000,9.43760197,9.88685457,-0.44925260,-0.47094516,0.02169256,23.86478239,27.69308916,31.60284715,24.91346666,25.19306625,24.35426746,9.66400000,10.41551496,8.91248504,10057633.78622003,10719466.97313000
2023-09-19,9.11000000,9.31000000,9.04000000,9.21000000,10158297.40510000,0.10000000,1.09769484,2.96377607,9.24600000,9.28400000,9.50466667,9.60400000,9.75840000,9.83200000,9.98257143,10.26725000,10.52288889,10.72540000,11.14316667,14.07275000,9.40258628,9.83671720,-0.43413091,-0.46358231,0.02945140,35.20952843,32.16960798,33.30312059,33.27564444,27.88725898,44.05241535,9.60400000,10.29381767,8.91418233,10504366.30708002,11418493.38621000
2023-09-20,9.21000000,9.24000000,8.86000000,9.05000000,14962398.81640000,-0.16000000,-1.73724213,4.12595005,9.17000000,9.24200000,9.44733333,9.55750000,9.71680000,9.78833333,9.91600000,10.18250000,10.44422222,10.64860000,11.06850000,14.03730000,9.34834224,9.77844185,-0.43009961,-0.45688577,0.02678616,27.37708008,29.03234277,31.97600621,32.18376296,29.31942697,37.91243493,9.55750000,10.26573353,8.84926647,11582081.53134002,11347716.77676000
2023-09-21,9.05000000,9.11000000,8.77000000,8.83000000,12728825.93740000,-0.22000000,-2.43093923,3.75690608,9.06000000,9.20200000,9.37266667,9.50300000,9.66200000,9.74433333,9.86628571,10.09350000,10.36333333,10.57420000,10.99000000,14.00075000,9.26859728,9.70818690,-0.43958962,-0.45342654,0.01383693,20.02644159,25.32735661,30.24664115,23.83679435,27.49188277,16.52661753,9.50300000,10.25986611,8.74613389,12470631.51924003,11291162.68758000
2023-09-22,8.82000000,8.92000000,8.72000000,8.87000000,7946370.07280000,0.04000000,0.45300113,2.26757370,9.01400000,9.16700000,9.29066667,9.45050000,9.60200000,9.69566667,9.81085714,10.00850000,10.27866667,10.50280000,10.91933333,13.96250000,9.20727462,9.64609898,-0.43882436,-0.45050610,0.01168175,24.45210964,27.17082531,30.95510025,21.50917376,25.49764643,13.53222843,9.45050000,10.23087710,8.67012290,12167080.32572002,10687057.64461000
2023-09-23,8.86000000,8.99000000,8.83000000,8.90000000,5690113.62030000,0.03000000,0.33821871,1.80586907,8.97200000,9.12800000,9.22200000,9.40150000,9.52560000,9.65500000,9.75628571,9.92175000,10.19600000,10.43260000,10.84550000,13.92615000,9.16000160,9.59083239,-0.43083078,-0.44657104,0.01574026,28.03627910,28.61275696,31.49958724,21.08102221,24.02543836,15.19218991,9.40150000,10.19133743,8.61166257,10297201.17040002,10177417.47831000
2023-09-24,8.90000000,9.05000000,8.73000000,8.78000000,9350946.27140000,-0.12000000,-1.34831461,3.59550562,8.88600000,9.06600000,9.15133333,9.35000000,9.46040000,9.61300000,9.69685714,9.84550000,10.11377778,10.35920000,10.77066667,13.89445000,9.10153982,9.53077073,-0.42923091,-0.44310301,0.01387210,22.83599207,26.33734599,30.49580522,16.30120582,21.45069418,6.00222910,9.35000000,10.16170386,8.53829614,10135730.94366002,10320048.62537000
2023-09-25,8.78000000,8.96000000,8.61000000,8.95000000,8593306.07490000,0.17000000,1.93621868,3.98633257,8.86600000,9.01800000,9.11666667,9.30200000,9.41920000,9.57500000,9.65657143,9.78475000,10.03622222,10.28640000,10.70066667,13.86715000,9.07822600,9.48775067,-0.40952468,-0.43638735,0.02686267,41.33456276,34.39970562,33.62264463,25.58608526,22.82915787,31.09994004,9.30200000,10.08738224,8.51661776,8861912.39536002,10221996.96335000
2023-09-26,8.95000000,9.07000000,8.85000000,9.04000000,8396510.87140000,0.09000000,1.00558659,2.45810056,8.90800000,8.98400000,9.10400000,9.25650000,9.38400000,9.53633333,9.62485714,9.74650000,9.96177778,10.21780000,10.63100000,13.83835000,9.07234508,9.45458396,-0.38223888,-0.42555765,0.04331877,49.08837360,38.29987102,35.23228960,37.53358065,27.73063213,57.13947769,9.25650000,9.98736178,8.52563822,7995449.38216002,10233040.45070000
2023-09-27,9.05000000,9.19000000,8.81000000,8.92000000,11022337.44030000,-0.12000000,-1.32743363,4.19889503,8.91800000,8.96600000,9.08400000,9.19750000,9.34400000,9.48800000,9.58457143,9.69925000,9.88733333,10.14260000,10.55916667,13.81040000,9.04890737,9.41498515,-0.36607777,-0.41366168,0.04758390,40.51961052,35.25140754,34.08238382,39.78429186,31.74851871,55.85583817,9.19750000,9.82483773,8.57016227,8610642.85566003,10388861.59069000
2023-09-28,8.93000000,9.36000000,8.91000000,9.27000000,12849433.81970000,0.35000000,3.92376682,5.03919373,8.99200000,8.98200000,9.08266667,9.16450000,9.31960000,9.43666667,9.56028571,9.66075000,9.81844444,10.07560000,10.49500000,13.77585000,9.08292162,9.40424551,-0.32132388,-0.39519412,0.07387024,63.07750550,48.33568441,40.03851152,55.85619458,39.78441066,87.99976240,9.16450000,9.69091689,8.63808311,10042506.89554003,10169854.03297000
2023-09-29,9.28000000,9.37000000,9.07000000,9.17000000,12951374.02630000,-0.10000000,-1.07874865,3.23275862,9.07000000,8.97800000,9.06733333,9.13100000,9.29400000,9.39533333,9.53542857,9.61850000,9.75933333,10.00940000,10.43416667,13.73935000,9.09631830,9.38689399,-0.29057569,-0.37427043,0.08369474,55.81940213,45.47163516,38.98821666,61.79886656,47.12256263,91.15147442,9.13100000,9.55091979,8.71108021,10762592.44652002,10449161.69509000
2023-09-30,9.17000000,9.30000000,9.11000000,9.24000000,7426692.73240000,0.07000000,0.76335878,2.07197383,9.12800000,8.99700000,9.05466667,9.11950000,9.26720000,9.37066667,9.51114286,9.59050000,9.71177778,9.94540000,10.37333333,13.69980000,9.11842317,9.37601295,-0.25758978,-0.35093430,0.09334452,59.71334139,47.83212615,40.13527564,68.83082332,54.35864953,97.77517091,9.11950000,9.51203428,8.72696572,10529269.77802002,9695591.08669000
2023-10-01,9.23000000,9.83000000,9.21000000,9.75000000,16097594.59220000,0.51000000,5.51948052,6.71722644,9.27000000,9.08900000,9.07933333,9.14550000,9.25920000,9.36500000,9.49828571,9.58050000,9.69355556,9.89260000,10.32666667,13.67080000,9.21558884,9.40371570,-0.18812686,-0.31837281,0.13024596,77.24647756,61.18649649,47.62176830,77.03475653,61.91735186,107.26956587,9.14550000,9.62753407,8.66346593,12069486.52218002,10032467.95217000
2023-10-02,9.75000000,9.84000000,9.15000000,9.31000000,18495035.24860000,-0.44000000,-4.51282051,7.07692308,9.34800000,9.13300000,9.09333333,9.15000000,9.22760000,9.34466667,9.46800000,9.55500000,9.66022222,9.83340000,10.27450000,13.63820000,9.23011363,9.39677379,-0.16666016,-0.28803028,0.12137012,53.25250547,49.30695843,42.80288545,70.32669406,64.72046593,81.53915031,9.15000000,9.63662100,8.66337900,13564026.08384002,11087334.46975000
2023-10-03,9.32000000,9.48000000,9.23000000,9.42000000,11978781.87180000,0.11000000,1.18152524,2.68240343,9.37800000,9.18500000,9.11400000,9.15650000,9.20720000,9.32933333,9.42828571,9.53750000,9.62933333,9.77440000,10.22466667,13.59710000,9.25932692,9.39849425,-0.13916733,-0.25825769,0.11909036,57.23733277,51.85621065,44.27391962,68.83568222,66.09220469,74.32263727,9.15650000,9.65433849,8.65866151,13389895.69426002,11716201.29490000
2023-10-04,9.42000000,10.30000000,9.11000000,10.10000000,38293715.73850000,0.68000000,7.21868365,12.63269639,9.56400000,9.31700000,9.17333333,9.19150000,9.21760000,9.33900000,9.41942857,9.53900000,9.61244444,9.73980000,10.18550000,13.56270000,9.38866124,9.45045764,-0.06179640,-0.21896543,0.15716903,73.80279591,64.04852096,52.20340863,74.74951521,68.97797486,86.29259591,9.19150000,9.83772874,8.54527126,18458364.03670002,14610478.24161000
2023-10-05,10.10000000,10.35000000,9.81000000,10.14000000,36532955.23650000,0.04000000,0.39603960,5.34653465,9.74400000,9.43600000,9.24600000,9.22700000,9.24440000,9.34666667,9.42400000,9.54025000,9.60755556,9.71500000,10.14466667,13.52575000,9.50425182,9.50153485,0.00271697,-0.17462895,0.17734592,74.50008029,64.62343255,52.61725713,78.62088893,72.19227955,91.47810768,9.22700000,9.99493914,8.45906086,24279616.53752002,17404443.15777000
2023-10-06,10.14000000,10.83000000,10.12000000,10.66000000,32172091.24260000,0.52000000,5.12820513,7.00197239,9.92600000,9.59800000,9.36800000,9.29100000,9.30160000,9.37033333,9.44514286,9.55175000,9.61888889,9.71680000,10.11450000,13.49585000,9.68205923,9.58734709,0.09471215,-0.12076073,0.21547288,81.98167290,71.16321203,57.59762478,82.79587040,75.72680983,96.93399152,9.29100000,10.29093473,8.29106527,27494515.86760002,19782001.19489000
2023-10-07,10.66000000,11.88000000,10.24000000,10.35000000,57924804.91480000,-0.31000000,-2.90806754,15.38461538,10.13400000,9.74100000,9.46666667,9.35350000,9.34680000,9.37866667,9.45742857,9.55125000,9.61933333,9.70760000,10.07566667,13.46040000,9.78481935,9.64383989,0.14097946,-0.06841270,0.20939215,67.75952496,63.52582754,54.06269606,70.38111407,73.94491125,63.25351972,9.35350000,10.45433748,8.25266252,35380469.80084002,24472247.94234000
2023-10-08,10.34000000,10.54000000,9.95000000,10.09000000,19086610.95440000,-0.26000000,-2.51207729,5.70599613,10.26800000,9.82300000,9.54600000,9.40250000,9.37880000,9.38400000,9.46342857,9.53325000,9.61866667,9.69320000,10.03350000,13.42715000,9.83177022,9.67688879,0.15488143,-0.02375387,0.17863530,57.68737677,57.84567236,51.30690092,58.71376317,68.86786189,38.40556574,9.40250000,10.54418620,8.26081380,36802035.61736002,25095965.65581000
2023-10-09,10.08000000,10.09000000,9.28000000,9.54000000,22985755.45990000,-0.55000000,-5.45094153,8.03571429,10.15600000,9.86000000,9.59666667,9.41900000,9.38440000,9.37400000,9.45571429,9.51150000,9.60755556,9.66680000,9.98450000,13.38715000,9.78688249,9.66674888,0.12013361,0.00502363,0.11510999,41.88345579,47.95130175,46.11781673,44.31699735,60.68424038,11.58251130,9.41900000,10.55850867,8.27949133,33740443.56164002,26099403.79917000
2023-10-10,9.54000000,9.86000000,9.42000000,9.53000000,17927684.10230000,-0.01000000,-0.10482180,4.61215933,10.03400000,9.88900000,9.63533333,9.44300000,9.38840000,9.37600000,9.44485714,9.50025000,9.59511111,9.65020000,9.93600000,13.35005000,9.74736211,9.65661933,0.09074278,0.02216746,0.06857532,41.63459472,47.78916829,46.02949413,34.59881652,51.98909909,-0.18174861,9.44300000,10.56993529,8.31606471,30019389.33480002,27149502.93616000
2023-10-11,9.52000000,9.57000000,9.20000000,9.30000000,16974322.81540000,-0.23000000,-2.41343127,3.88655462,9.76200000,9.84400000,9.65266667,9.46650000,9.38520000,9.37833333,9.42628571,9.48475000,9.57511111,9.63320000,9.88450000,13.31210000,9.67853717,9.63020309,0.04833408,0.02740078,0.02093330,35.76878792,44.05190787,44.00678250,25.35227961,43.11015926,-10.16347970,9.46650000,10.55867841,8.37432159,26979835.64936002,27237175.75848000
2023-10-12,9.31000000,9.32000000,8.88000000,9.12000000,18634129.50360000,-0.18000000,-1.93548387,4.72610097,9.51600000,9.82500000,9.66600000,9.47900000,9.38600000,9.37500000,9.39828571,9.46475000,9.54733333,9.60900000,9.83200000,13.27210000,9.59260837,9.59241027,0.00019811,0.02196025,-0.02176214,31.58916183,41.29480757,42.48226130,19.56818641,35.26283498,-11.82111074,9.47900000,10.54790795,8.41009205,19121700.56712002,27251085.18398000
2023-10-13,9.11000000,9.35000000,9.00000000,9.15000000,12945986.50550000,0.03000000,0.32894737,3.84193194,9.32800000,9.79800000,9.65800000,9.49150000,9.38760000,9.37033333,9.37600000,9.44650000,9.51044444,9.58960000,9.77833333,13.23540000,9.52451478,9.55963913,-0.03512436,0.01054333,-0.04566768,33.15142909,41.95532989,42.82672154,16.04545760,28.85704252,-9.57771223,9.49150000,10.53750040,8.44549960,17893575.67734002,27347805.64735000
2023-10-14,9.15000000,9.25000000,9.11000000,9.15000000,4315713.83030000,0.00000000,0.00000000,1.53005464,9.25000000,9.70300000,9.65666667,9.51000000,9.38520000,9.36200000,9.35628571,9.43000000,9.48244444,9.57180000,9.73366667,13.19760000,9.46689712,9.52929549,-0.06239838,-0.00404501,-0.05835336,33.15142909,41.95532989,42.82672154,13.69697174,23.80368559,-6.51645598,9.51000000,10.51531221,8.50468779,14159567.35142002,23950005.45653000
2023-10-15,9.15000000,9.27000000,9.07000000,9.17000000,9155281.38630000,0.02000000,0.21857923,2.18579235,9.17800000,9.60600000,9.65200000,9.52100000,9.39000000,9.35333333,9.34771429,9.41150000,9.46444444,9.55340000,9.69683333,13.15690000,9.42122064,9.50268101,-0.08146037,-0.01952809,-0.06193229,34.58551632,42.46889975,43.07419126,12.35353671,19.98696930,-2.91332846,9.52100000,10.50510312,8.53689688,12405086.80822003,21212238.07151000
2023-10-16,9.18000000,9.83000000,9.17000000,9.40000000,22689861.62890000,0.23000000,2.50817884,7.18954248,9.19800000,9.48000000,9.62866667,9.53900000,9.41280000,9.35400000,9.35257143,9.39775000,9.45288889,9.53740000,9.67733333,13.11775000,9.41795593,9.49507501,-0.07711909,-0.03104629,-0.04607280,49.52774126,48.21683864,45.88497896,18.67745821,19.55046560,16.93144343,9.53900000,10.49893202,8.57906798,13548194.57092003,20264015.11014000
2023-10-17,9.40000000,9.42000000,9.01000000,9.10000000,20431008.11880000,-0.30000000,-3.19148936,4.36170213,9.19400000,9.35500000,9.61466667,9.54800000,9.42200000,9.35400000,9.34914286,9.37275000,9.43466667,9.51200000,9.64883333,13.07475000,9.36903963,9.46581020,-0.09677057,-0.04419114,-0.05257942,36.48363962,42.21531555,42.99550544,18.51224487,19.20439202,17.12795055,9.54800000,10.48663507,8.60936493,13907570.29396002,16514635.43054000
2023-10-18,9.11000000,9.21000000,8.84000000,8.91000000,14621349.49790000,-0.19000000,-2.08791209,4.06147091,9.14600000,9.23700000,9.58066667,9.53000000,9.42240000,9.34733333,9.33828571,9.34725000,9.41311111,9.47400000,9.61716667,13.03030000,9.29841815,9.42463907,-0.12622092,-0.06059710,-0.06562382,30.39895704,38.87240279,41.27767931,14.62907828,17.67928744,8.52865995,9.53000000,10.50421493,8.55578507,14242642.89244002,16068109.28489000
2023-10-19,8.90000000,9.12000000,8.65000000,9.06000000,14767586.75070000,0.15000000,1.68350168,5.28089888,9.12800000,9.18900000,9.51133333,9.52450000,9.43360000,9.34233333,9.32857143,9.32775000,9.39644444,9.44700000,9.58716667,12.98935000,9.26173843,9.39762877,-0.13589034,-0.07565575,-0.06023459,39.89550238,42.77511183,43.14886276,21.33463976,18.89773821,26.20844284,9.52450000,10.50846566,8.54053434,16333017.47652002,15246292.41397000
2023-10-20,9.06000000,9.39000000,9.02000000,9.22000000,18063925.61560000,0.16000000,1.76600442,4.08388521,9.13800000,9.15800000,9.45000000,9.52350000,9.44440000,9.34800000,9.32257143,9.32150000,9.38111111,9.43180000,9.56816667,12.94990000,9.25531714,9.38447108,-0.12915395,-0.08635539,-0.04279856,48.83184175,46.73249828,45.09614163,30.32478809,22.70675484,45.56085458,9.52350000,10.50872292,8.53827708,18114746.32238002,15259916.56530000
2023-10-21,9.22000000,9.81000000,9.17000000,9.63000000,26179121.61360000,0.41000000,4.44685466,6.94143167,9.18400000,9.19100000,9.38133333,9.51750000,9.46800000,9.37466667,9.32971429,9.33150000,9.37400000,9.42600000,9.55950000,12.90980000,9.31296065,9.40265841,-0.08969776,-0.08702386,-0.00267390,64.88576071,55.36191597,49.70274245,47.90014121,31.10455029,81.49132304,9.51750000,10.49836696,8.53663304,18812598.31932003,16180396.44512000
2023-10-22,9.64000000,10.09000000,9.53000000,10.09000000,32389794.70320000,0.46000000,4.77673936,5.80912863,9.38200000,9.28800000,9.36400000,9.55650000,9.51480000,9.41533333,9.35800000,9.35325000,9.37377778,9.42940000,9.55550000,12.87025000,9.43250517,9.45357260,-0.02106743,-0.07383258,0.05276514,75.31359890,62.74824196,54.20144116,65.26676081,42.49195380,110.81637482,9.55650000,10.56428600,8.54871400,21204355.63620003,17555962.96508000
2023-10-23,10.09000000,10.68000000,9.86000000,10.58000000,52284004.23710000,0.49000000,4.85629336,8.12685828,9.71600000,9.43100000,9.39666667,9.61450000,9.56720000,9.47133333,9.40000000,9.38550000,9.38822222,9.44340000,9.56316667,12.83330000,9.60904283,9.53701167,0.07203117,-0.04465983,0.11669099,82.10616577,68.75604561,58.34289947,75.20247108,53.39545956,118.81649412,9.61450000,10.71816805,8.51083195,28736886.58404002,21489764.73824000
2023-10-24,10.59000000,10.80000000,10.06000000,10.32000000,50965791.90820000,-0.26000000,-2.45746692,6.98772427,9.96800000,9.54800000,9.44866667,9.62550000,9.61320000,9.52266667,9.43171429,9.40850000,9.39888889,9.45360000,9.56783333,12.79690000,9.71842086,9.59501080,0.12341006,-0.01104585,0.13445591,69.86568257,62.88541547,55.56105626,76.02645359,60.93912424,106.20111229,9.62550000,10.75365592,8.49734408,35976527.61554003,26154772.54603000
2023-10-25,10.33000000,10.64000000,10.17000000,10.52000000,30027487.28130000,0.20000000,1.93798450,4.54985479,10.22800000,9.68300000,9.51466667,9.64450000,9.66440000,9.57500000,9.47371429,9.43575000,9.42222222,9.46580000,9.57500000,12.76225000,9.84174073,9.66352852,0.17821221,0.02680576,0.15140644,73.51093283,65.36689377,57.19914396,79.67655045,67.18493297,104.65978541,9.64450000,10.82090800,8.46809200,38369239.94868003,28241993.13553000
2023-10-26,10.52000000,11.47000000,10.37000000,11.05000000,67429642.02850001,0.53000000,5.03802281,10.45627376,10.51200000,9.84800000,9.63133333,9.66400000,9.71640000,9.64200000,9.53714286,9.47750000,9.46266667,9.48780000,9.58916667,12.72980000,10.02762677,9.76623011,0.26139666,0.07372394,0.18767272,80.86982027,70.97669183,61.15828604,81.48649463,71.95212019,100.55524350,9.66400000,10.92142259,8.40657741,46619344.03166003,32715971.17549000
2023-10-27,11.05000000,11.07000000,10.38000000,10.59000000,27011630.08380000,-0.46000000,-4.16289593,6.24434389,10.61200000,9.99700000,9.72933333,9.67600000,9.76760000,9.69766667,9.58628571,9.51475000,9.49311111,9.49760000,9.59283333,12.69305000,10.11414573,9.82725011,0.28689562,0.11635828,0.17053735,62.72186607,61.53879372,56.43080048,77.25577183,73.72000407,84.32730735,9.67600000,10.96516783,8.38683217,45543711.10778002,33374033.37199000
2023-10-28,10.60000000,11.09000000,10.55000000,10.97000000,28279625.70900000,0.38000000,3.58829084,5.09433962,10.69000000,10.20300000,9.85066667,9.72000000,9.82960000,9.75433333,9.64542857,9.56125000,9.53044444,9.51840000,9.59550000,12.65720000,10.24581562,9.91189825,0.33391737,0.15987010,0.17404728,69.50559354,65.65449430,59.15255511,78.03446013,75.15815609,83.78706821,9.72000000,11.12364938,8.31635062,40742835.40216003,34739860.99310000
2023-10-29,10.97000000,11.44000000,10.77000000,11.37000000,22501237.26060000,0.40000000,3.64630811,6.10756609,10.90000000,10.43400000,9.99866667,9.81150000,9.88040000,9.82766667,9.71942857,9.61525000,9.57422222,9.54900000,9.61150000,12.62275000,10.41876706,10.01990578,0.39886128,0.20766833,0.19119295,75.20506777,69.41305778,61.77539736,83.90703139,78.07444786,95.57219846,9.81150000,11.39305520,8.22994480,35049924.47264002,35513226.04409000
2023-10-30,11.38000000,11.69000000,11.06000000,11.46000000,24680292.28460000,0.09000000,0.79155673,5.53602812,11.08800000,10.65800000,10.15133333,9.90800000,9.93320000,9.90166667,9.79114286,9.67550000,9.61933333,9.58880000,9.63616667,12.58585000,10.57895674,10.12657943,0.45237731,0.25661013,0.19576719,76.39620085,70.21316360,62.34309594,85.72197155,80.62362242,95.91866979,9.90800000,11.64510709,8.17089291,33980485.47330002,36174862.71099000
2023-10-31,11.46000000,11.76000000,11.00000000,11.33000000,38194204.72890000,-0.13000000,-1.13438045,6.63176265,11.14400000,10.82800000,10.28000000,10.00950000,9.96000000,9.95433333,9.85657143,9.73800000,9.66266667,9.63080000,9.65966667,12.54640000,10.69450186,10.21572169,0.47878017,0.30104414,0.17773603,70.52380674,67.43359691,60.97809506,82.93745472,81.39489985,86.02256444,10.00950000,11.83214672,8.18685328,28133398.01338003,37376371.02252000
2023-11-01,11.32000000,12.33000000,10.88000000,12.23000000,55832780.59870000,0.90000000,7.94351280,12.80918728,11.47200000,11.04200000,10.48866667,10.16500000,10.03520000,10.05166667,9.95114286,9.82200000,9.73222222,9.69100000,9.69816667,12.51220000,10.93073234,10.36492749,0.56580485,0.35399628,0.21180857,82.01127329,74.92930479,66.30730554,87.15654103,83.31544691,94.83872926,10.16500000,12.18779119,8.14220881,33897628.11636002,39720669.61207000
2023-11-02,12.23000000,12.55000000,11.43000000,11.88000000,50511911.47300000,-0.35000000,-2.86181521,9.15780867,11.65400000,11.17200000,10.68666667,10.30150000,10.10680000,10.13366667,10.02571429,9.89650000,9.79377778,9.74280000,9.73150000,12.47075000,11.07677352,10.47715509,0.59961843,0.40312071,0.19649772,69.39114674,68.26359906,62.82553958,82.05394052,82.89494478,80.37193199,10.30150000,12.40282064,8.20017936,38344085.26916002,39543460.33566000
2023-11-03,11.88000000,12.19000000,11.43000000,12.11000000,28636907.03330000,0.23000000,1.93602694,6.39730640,11.80200000,11.35100000,10.89000000,10.44950000,10.20960000,10.20066667,10.10971429,9.97975000,9.85822222,9.79700000,9.76983333,12.42875000,11.23573144,10.59810656,0.63762488,0.45002154,0.18760334,72.70351027,70.16621505,64.11754272,81.30813160,82.36600705,79.19238069,10.44950000,12.62498518,8.27401482,39571219.22370002,37310571.84817000
2023-11-04,12.12000000,12.33000000,11.92000000,12.22000000,17789371.17220000,0.11000000,0.90834021,3.38283828,11.95400000,11.52100000,11.09000000,10.60200000,10.31720000,10.27000000,10.19485714,10.06150000,9.92866667,9.85280000,9.80833333,12.38385000,11.38715737,10.71824682,0.66891056,0.49379935,0.17511121,74.29966785,71.07107057,64.72930288,82.46962998,82.40054803,82.60779387,10.60200000,12.82687942,8.37712058,38193035.00122003,36086760.23726000
2023-11-05,12.21000000,12.67000000,12.10000000,12.35000000,31702779.99220000,0.13000000,1.06382979,4.66830467,12.15800000,11.65100000,11.27133333,10.74950000,10.43920000,10.32633333,10.26914286,10.14425000,10.00688889,9.91220000,9.84833333,12.35070000,11.53528701,10.83911742,0.69616959,0.53427339,0.16189619,76.26773565,72.15970953,65.45559414,83.28164011,82.69424539,84.45642955,10.74950000,13.02931971,8.46968029,36894750.05388002,32514074.03362999
2023-11-06,12.34000000,13.17000000,12.24000000,13.08000000,38425106.56300000,0.73000000,5.91093117,7.53646677,12.32800000,11.90000000,11.47066667,10.94850000,10.59760000,10.41733333,10.37685714,10.24825000,10.10044444,9.99180000,9.89800000,12.32460000,11.77293516,11.00510872,0.76782644,0.58098400,0.18684243,84.34562385,77.37528953,69.17491747,87.60442674,84.33097251,94.15133521,10.94850000,13.31523682,8.58176318,33413215.24674002,33655421.68155000
2023-11-07,13.07000000,13.10000000,12.29000000,12.81000000,34140867.40420000,-0.27000000,-2.06422018,6.19739862,12.51400000,12.08400000,11.61933333,11.14350000,10.74400000,10.50800000,10.47371429,10.33675000,10.18733333,10.06580000,9.94600000,12.30395000,11.93248360,11.13880437,0.79367922,0.62352305,0.17015618,73.27578518,71.93760173,66.41511838,86.49610982,85.05268494,89.38295957,11.14350000,13.44480649,8.84219351,30139006.43298002,34241545.85107000
2023-11-08,12.80000000,13.15000000,12.66000000,12.99000000,26247567.73210000,0.18000000,1.40515222,3.82812500,12.69000000,12.24600000,11.79733333,11.34000000,10.89760000,10.62300000,10.55628571,10.43225000,10.28088889,10.14140000,9.99850000,12.28285000,12.09517843,11.27592998,0.81924845,0.66266813,0.15658032,75.81508133,73.30214005,67.32205249,88.37731921,86.16089637,92.81016490,11.34000000,13.56201426,9.11798574,29661138.57274003,34616178.89822000
2023-11-09,12.98000000,13.96000000,11.90000000,12.96000000,83842388.03520000,-0.03000000,-0.23094688,15.87057011,12.83800000,12.39600000,11.96000000,11.52700000,11.04920000,10.73733333,10.63685714,10.52525000,10.37000000,10.21960000,10.05666667,12.26345000,12.22822790,11.40067590,0.82755200,0.69564490,0.13190710,74.40118282,72.65975974,67.00735985,81.42903532,84.58360935,75.11988725,11.52700000,13.62376543,9.43023457,42871741.94534002,40532388.47328000
2023-11-10,12.97000000,14.85000000,12.88000000,14.74000000,106183310.08370000,1.78000000,13.73456790,15.18889746,13.31600000,12.73700000,12.20600000,11.78250000,11.26280000,10.91866667,10.75342857,10.65000000,10.49666667,10.33780000,10.14850000,12.25255000,12.61465438,11.64803324,0.96662113,0.74984015,0.21678099,89.00314362,82.55510908,74.41257874,86.54723212,85.23815027,89.16539582,11.78250000,14.13564683,9.42935317,57767847.96364002,47331299.00876000
2023-11-11,14.75000000,17.00000000,13.99000000,16.79000000,159070608.38880000,2.05000000,13.90773406,20.40677966,14.05800000,13.19300000,12.61933333,12.11750000,11.57040000,11.17433333,10.93742857,10.83700000,10.67155556,10.49620000,10.27466667,12.24835000,13.25701524,12.02891967,1.22809557,0.84549123,0.38260434,93.85075740,88.00813839,79.84822711,89.77475559,86.75035204,95.82356267,12.11750000,15.23850439,8.99649561,81896948.32880002,57655081.78777000
2023-11-12,16.80000000,19.73000000,15.87000000,18.98000000,233124323.44949999,2.19000000,13.04347826,22.97619048,15.29200000,13.90300000,13.15333333,12.53750000,11.97320000,11.50200000,11.19142857,11.07600000,10.88733333,10.69780000,10.43616667,12.25735000,14.13747444,12.54381451,1.59365993,0.99512497,0.59853495,96.07104101,91.21018756,83.70664322,89.99032237,87.83034215,94.31028280,12.53750000,16.82874384,8.24625616,121693639.53786001,75916322.98542000
2023-11-13,18.98000000,19.75000000,16.10000000,16.12000000,167177315.27970001,-2.86000000,-15.06849315,19.23076923,15.91800000,14.30400000,13.47000000,12.82750000,12.25560000,11.73433333,11.37942857,11.22650000,11.04177778,10.84460000,10.54816667,12.24935000,14.44247837,12.80871714,1.63376123,1.12285222,0.51090901,61.35450183,66.07471032,66.38556946,77.91286884,84.52451772,64.68957109,12.82750000,17.26905437,8.38594563,149879589.04738003,89770363.81005999
2023-11-14,16.12000000,18.10000000,15.56000000,17.05000000,181131673.61359999,0.93000000,5.76923077,15.75682382,16.73600000,14.78700000,13.84266667,13.15400000,12.56880000,11.99700000,11.59428571,11.39925000,11.21533333,11.00660000,10.67516667,12.24685000,14.84363554,13.12288624,1.72074930,1.24243164,0.47831766,66.13037204,69.09581997,68.59088579,73.81027774,80.95310439,59.52462444,13.15400000,17.83493738,8.47306262,169337446.16306001,106104594.05419999
2023-11-15,17.05000000,20.95000000,17.01000000,20.70000000,287491439.82569999,3.65000000,21.40762463,23.10850440,17.92800000,15.62200000,14.46733333,13.63650000,13.01160000,12.37366667,11.92000000,11.65025000,11.45866667,11.23980000,10.86383333,12.26290000,15.74461469,13.68415393,2.06046076,1.40603746,0.65442330,78.59102213,77.62638163,75.24271964,81.61937485,81.17519454,82.50773546,13.63650000,19.29218657,7.98081343,205599072.11146003,131683460.03755000
2023-11-16,20.69000000,24.07000000,20.23000000,21.71000000,386568923.68010002,1.01000000,4.87922705,18.55969067,18.91200000,16.48500000,15.09933333,14.19250000,13.47640000,12.79400000,12.27971429,11.93425000,11.73422222,11.49560000,11.07400000,12.28595000,16.66236628,14.27866104,2.38370523,1.60157102,0.78213422,80.92168781,79.34727819,76.66939023,81.28226743,81.21088550,81.42503127,14.19250000,20.70814554,7.67685446,251098735.16972002,166497841.74926001
2023-11-17,21.71000000,24.69000000,20.00000000,21.94000000,353409409.68629998,0.23000000,1.05941962,21.60294795,19.50400000,17.39800000,15.77000000,14.74100000,13.93080000,13.22833333,12.64514286,12.23050000,12.01244444,11.74900000,11.28783333,12.31240000,17.47430993,14.84616763,2.62814229,1.80688527,0.82125702,81.47285118,79.73450969,76.98454953,80.35445402,80.92540834,79.21254538,14.74100000,21.92690697,7.55509303,275155752.41708004,198424695.97746998
2023-11-18,21.94000000,22.69000000,20.17000000,21.99000000,129832291.48090000,0.05000000,0.22789426,11.48587056,20.67800000,18.29800000,16.42866667,15.27200000,14.39760000,13.65933333,13.01200000,12.54175000,12.27666667,12.00540000,11.50083333,12.33815000,18.16903148,15.37534040,2.79369108,2.00424643,0.78944464,81.61143472,79.82422248,77.05486005,79.28230889,80.37770853,77.09150962,15.27200000,22.96098214,7.58301786,267686747.65732002,208783168.35235000
2023-11-19,22.00000000,23.04000000,20.75000000,22.85000000,115529303.95819999,0.86000000,3.91086858,10.40909091,21.83800000,19.28700000,17.13733333,15.84150000,14.89080000,14.11366667,13.40285714,12.87475000,12.55911111,12.27760000,11.73083333,12.36635000,18.88918048,15.92901889,2.96016159,2.19542947,0.76473213,84.07071997,81.37157881,78.24753258,80.45611870,80.40384525,80.56066560,15.84150000,24.01372839,7.66927161,254566273.72624001,211951859.94464999
2023-11-20,22.84000000,23.25000000,20.71000000,20.85000000,128538901.97270000,-2.00000000,-8.75273523,11.12084063,21.86800000,19.89800000,17.70400000,16.31750000,15.28280000,14.48766667,13.73000000,13.16350000,12.78555556,12.49960000,11.93116667,12.38595000,19.19084502,16.29353601,2.89730901,2.33580537,0.56150364,61.22125337,68.11777306,69.48308499,72.95103058,77.91957369,63.01394434,16.31750000,24.49230307,8.14269693,222775766.15564004,214187419.13354999
2023-11-21,20.86000000,22.29000000,18.90000000,19.02000000,233043114.47639999,-1.83000000,-8.77697842,16.25119847,21.33000000,20.12100000,18.10000000,16.65700000,15.62000000,14.78533333,14.01342857,13.41100000,12.97822222,12.69380000,12.10033333,12.39415000,19.16456117,16.49549630,2.66906487,2.40245727,0.26660759,47.15043533,58.59170558,62.77016227,61.26636796,72.36850511,39.06209364,16.65700000,24.67961042,8.63438958,192070604.31490001,221584669.74230999
2023-11-22,19.02000000,21.25000000,18.96000000,20.78000000,125310912.97059999,1.76000000,9.25341746,12.03995794,21.09800000,20.30100000,18.63133333,17.10200000,16.01240000,15.12533333,14.35257143,13.70175000,13.21577778,12.92100000,12.29833333,12.41515000,19.41309022,16.81286695,2.60022327,2.44201047,0.15821280,58.23003494,63.88994417,66.06079355,59.90229569,68.21310197,43.28068312,17.10200000,24.99523121,9.20876879,146450904.97176000,210803328.69442001
2023-11-23,20.79000000,21.49000000,20.42000000,20.64000000,65344795.49770000,-0.14000000,-0.67372474,5.14670515,20.82800000,20.75300000,19.14133333,17.52850000,16.38320000,15.46933333,14.68342857,13.98900000,13.46244444,13.13180000,12.49600000,12.43630000,19.60184557,17.09635829,2.50548729,2.45470584,0.05078145,57.08762689,63.18835137,65.57967059,55.69007212,64.03875869,38.99269900,17.52850000,25.20483486,9.85216514,133553405.77512002,200620076.71621999
2023-11-24,20.64000000,21.88000000,20.45000000,20.89000000,77975012.70990001,0.25000000,1.21124031,6.92829457,20.43600000,21.13700000,19.67000000,17.96200000,16.76040000,15.81500000,15.01685714,14.28200000,13.71488889,13.34680000,12.69500000,12.46365000,19.80002318,17.37736878,2.42265439,2.44829555,-0.02564115,58.81889917,63.95933637,66.04053013,48.58324900,58.88692213,27.97590276,17.96200000,25.34990078,10.57409922,126042547.52546000,190304410.62585002
2023-11-25,20.89000000,21.48000000,20.63000000,21.36000000,43652173.50750000,0.47000000,2.24988033,4.06893250,20.53800000,21.20300000,20.11133333,18.41250000,17.16160000,16.15866667,15.35200000,14.58100000,13.98288889,13.56080000,12.90033333,12.49390000,20.04001961,17.67237850,2.36764111,2.43216466,-0.06452355,62.25438705,65.44368033,66.90968216,46.55118155,54.77500860,30.10352744,18.41250000,25.45003807,11.37496193,109065201.83242002,165920483.99403000
2023-11-26,21.36000000,21.52000000,20.10000000,21.06000000,59237018.82430000,-0.30000000,-1.40449438,6.64794007,20.94600000,21.13800000,20.39600000,18.81150000,17.51480000,16.50766667,15.66542857,14.88000000,14.24822222,13.77500000,13.10266667,12.52160000,20.19693967,17.92331343,2.27362624,2.40045698,-0.12683073,58.51530832,63.61918878,65.78820689,47.58584517,52.37862079,38.00029393,18.81150000,25.47076588,12.15223412,74303982.70200002,133187293.50845000
2023-11-27,21.07000000,21.30000000,19.82000000,20.35000000,61234389.44280000,-0.71000000,-3.37132004,7.02420503,20.86000000,20.97900000,20.48733333,19.18850000,17.85360000,16.82033333,15.94457143,15.16600000,14.49711111,13.98020000,13.28733333,12.54860000,20.22048741,18.10306799,2.11741942,2.34384947,-0.22643004,49.98855714,59.34747594,63.17330829,42.83500789,49.19741649,30.11019069,19.18850000,25.24349455,13.13350545,61488677.99644003,103969791.48410000
2023-11-28,20.36000000,20.86000000,19.47000000,20.68000000,64763035.14200000,0.33000000,1.62162162,6.82711198,20.86800000,20.84800000,20.79133333,19.57300000,18.19640000,17.13066667,16.24057143,15.45650000,14.75333333,14.20300000,13.47916667,12.57605000,20.29118166,18.29395184,1.99722982,2.27452554,-0.27729572,53.74766344,60.68593779,63.86980034,42.19651867,46.86378388,32.86198824,19.57300000,24.90404947,14.24195053,61372325.92530002,97462865.85021000
2023-11-29,20.69000000,21.56000000,20.55000000,21.12000000,78187215.84220000,0.44000000,2.12765957,4.88158531,20.91400000,20.67500000,21.06266667,19.98100000,18.55240000,17.45266667,16.54342857,15.75400000,15.01888889,14.43480000,13.67716667,12.60710000,20.41869217,18.50328874,1.91540343,2.20270112,-0.28729769,58.71299838,62.48264768,64.79613091,49.95992100,47.89582959,54.08810383,19.98100000,24.34177202,15.62022798,61414766.55176003,93728657.03861000
2023-11-30,21.12000000,21.50000000,20.81000000,21.39000000,58399634.03710000,0.27000000,1.27840909,3.26704545,20.92000000,20.72900000,21.10866667,20.31350000,18.91400000,17.78800000,16.83885714,16.04800000,15.28533333,14.67660000,13.87116667,12.63890000,20.56812415,18.71711921,1.85100494,2.13236188,-0.28135694,61.73767250,63.59636367,65.36473327,61.04634003,52.27933307,78.58035395,20.31350000,23.94475772,16.68224228,64364258.65768002,86714730.24505000
2023-12-01,21.40000000,22.64000000,21.10000000,21.87000000,91827588.21740000,0.48000000,2.24403927,7.19626168,21.08200000,21.01400000,21.11933333,20.56750000,19.26560000,18.10933333,17.16114286,16.34250000,15.56911111,14.93160000,14.08050000,12.67285000,20.76841274,18.95066593,1.81774681,2.06943887,-0.25169206,66.90932764,65.57808824,66.37230561,65.93415308,56.83093974,84.14057976,20.56750000,23.85546770,17.27953230,70882372.53630003,72593177.61915001
2023-12-02,21.86000000,22.45000000,21.75000000,22.24000000,46717861.22670000,0.37000000,1.69181527,3.20219579,21.46000000,21.16000000,21.13933333,20.73050000,19.64280000,18.45466667,17.48314286,16.63400000,15.86533333,15.19340000,14.29416667,12.70955000,20.99481078,19.19432031,1.80049047,2.01564919,-0.21515871,70.58674553,67.08484610,67.14117682,73.08333654,62.24840534,94.75319895,20.73050000,24.01031691,17.45068309,67979066.89308003,64733872.44476000
2023-12-03,22.24000000,22.74000000,21.59000000,21.94000000,54187429.41280000,-0.30000000,-1.34892086,5.17086331,21.71200000,21.29000000,21.13600000,21.02150000,20.00080000,18.78233333,17.78514286,16.92450000,16.15155556,15.44920000,14.49150000,12.74340000,21.14022451,19.39770399,1.74252052,1.96102345,-0.21850294,63.69909029,64.58425199,65.86700683,73.90061376,66.13247481,89.43689165,21.02150000,23.51820330,18.52479670,65863945.74724003,63618135.83627000
2023-12-04,21.94000000,23.20000000,20.56000000,22.68000000,117438240.46179999,0.74000000,3.37283500,12.03281677,22.02400000,21.46900000,21.12466667,21.30300000,20.38960000,19.13100000,18.10571429,17.22850000,16.45066667,15.71940000,14.70050000,12.78340000,21.37711304,19.64083703,1.73627602,1.91607397,-0.17979795,71.83418009,67.81275778,67.45663221,77.95340292,70.07278418,93.71464039,21.30300000,23.08017813,19.52582187,73714150.67116003,67564458.61146000
2023-12-05,22.67000000,24.83000000,21.81000000,24.54000000,143298771.34360000,1.86000000,8.20105820,13.32157036,22.65400000,21.78700000,21.37066667,21.49500000,20.78160000,19.53733333,18.48314286,17.56575000,16.78200000,16.02220000,14.93183333,12.83270000,21.86371104,20.00373799,1.85997305,1.90485378,-0.04488073,83.19400352,74.24943461,70.99903174,83.49878602,74.54811813,101.40012182,21.49500000,23.76050796,19.22949204,90693978.13246003,77529118.39507000
2023-12-06,24.54000000,27.68000000,24.45000000,26.20000000,281995542.98519999,1.66000000,6.76446618,13.16218419,23.52000000,22.30100000,21.84933333,21.71950000,21.15800000,19.97466667,18.88228571,17.95600000,17.14000000,16.36420000,15.19600000,12.89055000,22.53083242,20.46272036,2.06811206,1.93750544,0.13060662,88.26349470,78.44596381,73.66830153,82.99025849,77.36216492,94.24644563,21.71950000,24.81320481,18.62579519,128727569.08602004,99804970.81116000
2023-12-07,26.20000000,27.90000000,25.71000000,26.28000000,187854395.83520001,0.08000000,0.30534351,8.35877863,24.32800000,22.89400000,22.21600000,21.93650000,21.45000000,20.42366667,19.29371429,18.33875000,17.48888889,16.71160000,15.46583333,12.95040000,23.10762743,20.89362996,2.21399747,1.99280384,0.22119362,88.46472401,78.62906763,73.78961768,81.31323355,78.67918779,86.58132506,21.93650000,25.64339415,18.22960585,156954876.00772002,112466971.45039999
2023-12-08,26.28000000,30.80000000,26.03000000,30.44000000,225203648.10760000,4.16000000,15.82952816,18.15068493,26.02800000,23.87000000,22.86933333,22.35900000,22.02280000,21.00533333,19.81742857,18.81550000,17.93600000,17.13920000,15.81416667,13.02920000,24.23568475,21.60076848,2.63491626,2.12122633,0.51368994,94.42709284,85.57873549,79.03156379,86.37028070,81.24288543,96.62507124,22.35900000,27.67048864,17.04751136,191158119.74668002,128511032.74696000
2023-12-09,30.44000000,34.26000000,30.44000000,31.91000000,332719137.46579999,1.47000000,4.82917214,12.54927727,27.87400000,24.94900000,23.60400000,22.81200000,22.61720000,21.63700000,20.38000000,19.32675000,18.41133333,17.59300000,16.18716667,13.11520000,25.41634863,22.36441526,3.05193337,2.30736774,0.74456563,95.42896185,87.18517976,80.47166131,85.19575891,82.56050992,90.46625688,22.81200000,29.63121310,15.99278690,234214299.14748001,153964224.90931997
2023-12-10,31.91000000,37.99000000,31.52000000,37.14000000,311306219.80570000,5.23000000,16.38984644,20.27577562,30.39400000,26.52400000,24.65600000,23.62650000,23.27480000,22.38366667,21.08828571,19.97200000,18.99111111,18.14320000,16.65116667,13.23020000,27.21998730,23.45890302,3.76108428,2.59811105,1.16297324,97.41388208,91.05328846,84.43923182,88.50495612,84.54199199,96.43088439,23.62650000,32.90643710,14.34656290,267815788.83990002,179254883.48618001
2023-12-11,37.14000000,39.39000000,31.60000000,38.04000000,636025432.12220001,0.90000000,2.42326333,20.97469036,32.76200000,28.14100000,25.78800000,24.57750000,23.92800000,23.09200000,21.80142857,20.61725000,19.60111111,18.70220000,17.13316667,13.35000000,28.88460464,24.53898428,4.34562036,2.94761291,1.39800745,97.62669763,91.53306788,84.98694435,89.94683391,86.34360596,97.15328980,24.57750000,35.60376505,13.55123495,338621766.66730005,233674667.87665996
2023-12-12,38.04000000,42.89000000,36.00000000,37.49000000,493046908.66930002,-0.55000000,-1.44584648,18.11251314,35.00400000,29.66600000,26.93066667,25.41300000,24.55000000,23.70900000,22.50657143,21.25750000,20.19044444,19.24040000,17.60550000,13.46580000,30.20851162,25.49831878,4.71019284,3.30012890,1.41006395,92.07050878,88.37363147,83.12126346,85.23698466,85.97473219,83.76148959,25.41300000,37.68919365,13.13680635,399660269.23412001,278307572.62092000
2023-12-13,37.49000000,41.47000000,34.02000000,38.99000000,447891593.75199997,1.50000000,4.00106695,19.87196586,36.71400000,31.37100000,28.15133333,26.33050000,25.23000000,24.47133333,23.24942857,21.92950000,20.80422222,19.81380000,18.10283333,13.58795000,31.55950983,26.49770257,5.06180726,3.65246457,1.40934269,93.31555040,89.45640458,84.11373686,83.99100685,85.31349041,81.34603973,26.33050000,39.79050465,12.87049535,444197858.36300004,317677989.05483997
2023-12-14,38.98000000,40.34000000,36.51000000,39.30000000,277752335.22589999,0.31000000,0.79507566,9.82555156,38.19200000,33.03300000,29.36333333,27.25100000,25.88800000,25.21300000,24.00200000,22.60650000,21.42288889,20.38940000,18.60500000,13.71000000,32.75035447,27.44602090,5.30433358,3.98283837,1.32149520,93.56608380,89.67323327,84.31265855,82.83782235,84.48826773,79.53693161,27.25100000,41.63101669,12.87098331,433204497.91501999,333709398.53125000
2023-12-15,39.29000000,42.27000000,38.52000000,39.71000000,361849206.99140000,0.41000000,1.04325700,9.54441334,38.70600000,34.55000000,30.58466667,28.16850000,26.64240000,25.84666667,24.71542857,23.29050000,22.05355556,20.96260000,19.11016667,13.83615000,33.82106917,28.35446379,5.46660538,4.27959177,1.18701360,93.92731412,89.97081374,84.57914456,82.38858316,83.78837287,79.58900374,28.16850000,43.28847532,13.04852468,443313095.35215998,355564442.09603000
2023-12-16,39.72000000,45.33000000,38.50000000,42.22000000,371395389.56339997,2.51000000,6.32082599,17.19536757,39.54200000,36.15200000,31.94133333,29.22650000,27.57040000,26.53033333,25.44200000,24.01900000,22.72000000,21.59520000,19.66216667,13.97500000,35.11321237,29.38154055,5.73167182,4.57000778,1.16166404,95.70062604,91.58943006,86.08875326,82.88772556,83.48815710,81.68686248,29.22650000,45.18988874,13.26311126,390387086.84039998,364504426.75384998
2023-12-17,42.23000000,44.06000000,40.28000000,40.62000000,208149662.11939999,-1.60000000,-3.78967314,8.95098271,40.16800000,37.58600000,33.16666667,30.24000000,28.36400000,27.15300000,26.06028571,24.71425000,23.35866667,22.18820000,20.19066667,14.10755000,35.96041047,30.21401903,5.74639144,4.80528451,0.94110693,78.22682039,82.34748506,80.82573071,78.04782779,81.67471400,70.79405537,30.24000000,46.40309897,14.07690103,333407637.53041995,366533953.38226998
2023-12-18,40.62000000,41.44000000,36.50000000,41.16000000,268766460.25559998,0.54000000,1.32939439,12.16149680,40.60200000,38.65800000,34.44800000,31.26400000,29.18480000,27.79200000,26.77571429,25.41850000,24.00422222,22.78400000,20.72566667,14.24290000,36.76034732,31.02483243,5.73551489,4.99133059,0.74418430,79.72604346,82.97981625,81.22985379,75.30004836,79.54982545,66.80049417,31.26400000,47.47185177,15.05614823,297582610.83113998,370890234.59706998
2023-12-19,41.15000000,42.17000000,38.73000000,39.74000000,192934937.91260001,-1.42000000,-3.44995141,8.35965978,40.69000000,39.44100000,35.58533333,32.19500000,29.93880000,28.35500000,27.42400000,26.08800000,24.61577778,23.34960000,21.23433333,14.36915000,37.21875543,31.67040040,5.54835502,5.10273548,0.44561955,65.49522522,75.24744139,76.78894823,69.96211041,76.35392044,57.17849036,32.19500000,48.08544930,16.30455070,280619131.36848003,356911814.64174998
2023-12-20,39.73000000,44.49000000,39.08000000,43.46000000,274642781.08890003,3.72000000,9.36084550,13.61691417,41.44000000,40.07300000,36.84666667,33.29850000,30.82280000,29.10866667,28.07428571,26.80600000,25.30711111,23.99220000,21.79816667,14.51355000,38.17894690,32.54370408,5.63524282,5.20923695,0.42600588,77.89760155,80.45296555,79.80680670,74.46339338,75.72374475,71.94269065,33.29850000,49.09459049,17.50240951,263177846.18798000,353245470.77006996
2023-12-21,43.46000000,47.38000000,43.06000000,45.97000000,328793781.96480000,2.51000000,5.77542568,9.94017487,42.19000000,40.86600000,38.16466667,34.50350000,31.81920000,30.00700000,28.76742857,27.53550000,26.03800000,24.66700000,22.39616667,14.66945000,39.37757045,33.53824451,5.83932594,5.33525474,0.50407119,82.88002702,83.07319175,81.50029800,79.45763152,76.96837367,84.43614720,34.50350000,50.30569209,18.70130791,254657524.66826001,322522305.75432998
2023-12-22,45.96000000,48.88000000,43.66000000,45.35000000,301992614.48290002,-0.62000000,-1.34870568,11.35770235,43.13600000,41.65200000,39.43600000,35.65900000,32.81920000,30.82600000,29.43628571,28.19475000,26.76111111,25.33640000,22.97566667,14.82685000,40.29640577,34.41318937,5.88321640,5.44484708,0.43836933,77.68892311,80.17708415,79.77584737,76.80051040,76.91241925,76.57669271,35.65900000,51.06008390,20.25791610,273426115.14096004,303416876.33569002
2023-12-23,45.35000000,48.27000000,43.34000000,48.05000000,211931808.80440000,2.70000000,5.95369350,10.87100331,44.51400000,42.55800000,40.61000000,36.96450000,33.91400000,31.73966667,30.18085714,28.99300000,27.54022222,26.05520000,23.60450000,14.99400000,41.48926642,35.42332349,6.06594293,5.56906625,0.49687669,83.19079365,82.99368136,81.54982277,82.29888631,78.70790827,89.48084239,36.96450000,51.88822110,22.04077890,262059184.85072002,279820897.84092999
2023-12-24,48.04000000,49.96000000,46.32000000,47.68000000,306550236.14120001,-0.37000000,-0.77003122,7.57701915,46.10200000,43.39600000,41.66133333,38.21450000,34.97640000,32.63266667,30.89028571,29.75875000,28.31177778,26.76440000,24.22383333,15.16230000,42.44168697,36.33122545,6.11046152,5.67734530,0.43311622,79.94873665,81.26744471,80.53962081,82.55289796,79.98957150,87.67955087,38.21450000,52.26278437,24.16621563,284782244.49644005,282700687.93246001
2023-12-25,47.68000000,48.90000000,45.94000000,48.18000000,197044393.30149999,0.50000000,1.04865772,6.20805369,47.04600000,44.24300000,42.39733333,39.39650000,36.04800000,33.52666667,31.67114286,30.44575000,29.05488889,27.48100000,24.84266667,15.33355000,43.32450436,37.20891245,6.11559191,5.76499462,0.35059728,81.14059048,81.82474922,80.87371392,83.96047580,81.31320627,89.25501488,39.39650000,52.54992385,26.24307615,269262566.93895996,266220206.56346998
2023-12-26,48.18000000,48.35000000,40.53000000,44.41000000,215972199.47330001,-3.77000000,-7.82482358,16.23080116,46.73400000,44.46200000,42.82200000,40.30700000,36.94960000,34.30500000,32.39657143,31.01325000,29.66866667,28.10760000,25.40633333,15.48685000,43.49150369,37.74232635,5.74917734,5.76183117,-0.01265382,52.76351792,65.73789180,71.24974359,75.56255594,79.39632282,67.89502216,40.30700000,52.06076329,28.55323671,246698250.44066000,250677887.55445999
2023-12-27,44.41000000,44.95000000,41.87000000,42.39000000,181963479.03209999,-2.02000000,-4.54852511,6.93537492,46.14200000,44.63900000,43.14866667,41.11250000,37.75560000,35.03966667,33.01400000,31.52450000,30.18888889,28.69920000,25.93000000,15.64055000,43.32204158,38.08659847,5.23544311,5.65655356,-0.42111044,43.07702812,58.96212798,66.80497535,61.23879508,73.34381358,37.02875809,41.11250000,50.85467716,31.37032284,222692423.35050002,248059269.24573001
2023-12-28,42.40000000,43.39000000,39.23000000,39.80000000,206543476.75540000,-2.59000000,-6.10993159,9.81132075,44.49200000,44.50300000,43.20266667,41.58050000,38.47000000,35.67700000,33.56142857,31.96975000,30.71511111,29.23540000,26.40383333,15.78165000,42.78018903,38.21351710,4.56667193,5.43857723,-0.87190530,33.58928220,51.53259590,61.65871137,43.03174574,63.23979096,2.61565529,41.58050000,49.96924553,33.19175447,221614756.94069999,241836970.89570999
2023-12-29,39.80000000,42.15000000,38.50000000,40.18000000,205177566.47110000,0.38000000,0.95477387,9.17085427,42.99200000,44.54700000,43.26133333,41.99400000,39.17000000,36.31233333,34.11257143,32.40300000,31.22911111,29.77980000,26.88250000,15.92495000,42.38015995,38.35918250,4.02097745,5.15505727,-1.13407983,36.06840440,52.49075761,62.10562667,33.57439245,53.35132479,-5.97947224,41.99400000,49.09160048,34.89639952,201340223.00668001,243061233.75156003
2023-12-30,40.18000000,40.36000000,38.15000000,39.33000000,87475649.37590000,-0.85000000,-2.11548034,5.50024888,41.22200000,44.13400000,43.23600000,42.10350000,39.76160000,36.91033333,34.62600000,32.86500000,31.64311111,30.27160000,27.34916667,16.06260000,41.91090457,38.43109491,3.47980966,4.82000775,-1.34019809,32.78343869,50.07510324,60.46068570,25.71343917,44.13869625,-11.13707500,42.10350000,48.94888192,35.25811808,179426474.22156000,224344520.58025998
2023-12-31,39.33000000,40.55000000,37.51000000,38.55000000,87260271.43290000,-0.78000000,-1.98321892,7.72946860,40.05000000,43.39200000,42.99133333,42.12900000,40.25560000,37.46633333,35.12571429,33.35325000,32.01733333,30.70680000,27.78783333,16.19845000,41.39384233,38.43990269,2.95393964,4.44679413,-1.49285449,29.79525094,47.86975394,58.96522699,19.92676400,36.06805217,-12.35581234,42.12900000,48.91418169,35.34381831,153684088.61348003,200191169.52706999
2024-01-01,38.57000000,42.00000000,38.00000000,41.94000000,109336068.27519999,3.39000000,8.79377432,10.37075447,39.96000000,43.05100000,43.07933333,42.35150000,40.88200000,38.12300000,35.74257143,33.88225000,32.46177778,31.16600000,28.28883333,16.35110000,41.47786659,38.69916916,2.77869743,4.11317479,-1.33447736,52.41577695,56.87470349,63.10397889,25.14528577,32.42713003,10.58159724,42.35150000,48.77856539,35.92443461,139158606.46209997,180925514.90630001
2024-01-02,41.95000000,43.44000000,40.31000000,40.61000000,152881602.45289999,-1.33000000,-3.17119695,7.46126341,40.12200000,42.30700000,43.04266667,42.43250000,41.28880000,38.74533333,36.31200000,34.38150000,32.87555556,31.65580000,28.76383333,16.49640000,41.34434865,38.84071218,2.50363647,3.79126712,-1.28763066,45.51188176,52.95931910,60.60169003,25.83580948,30.23002318,17.04738207,42.43250000,48.72051659,36.14448341,128426231.60160001,175020494.27114999
2024-01-03,40.61000000,41.43000000,33.06000000,36.80000000,235808452.79710001,-3.81000000,-9.38192563,20.61068702,39.44600000,41.21900000,42.84666667,42.30750000,41.48440000,39.21600000,36.76000000,34.77925000,33.18555556,32.05080000,29.17350000,16.62230000,40.64521809,38.68954832,1.95566977,3.42414765,-1.46847788,31.32745347,43.58296627,54.17964173,25.37735020,28.61246552,18.90711957,42.30750000,48.94726815,35.66773185,134552408.86680001,167946315.93674001
2024-01-04,36.79000000,39.45000000,36.07000000,38.72000000,134629036.81369999,1.92000000,5.21739130,9.18727915,39.32400000,40.27300000,42.53066667,42.25800000,41.54760000,39.68866667,37.25514286,35.21325000,33.58266667,32.41120000,29.61300000,16.75920000,40.34903069,38.69180400,1.65722669,3.07076346,-1.41353677,42.21773494,48.58709535,56.59819830,32.78590939,30.00361348,38.35050121,42.25800000,48.99337589,35.52262411,143983086.35435998,161704780.28795999
2024-01-05,38.72000000,38.91000000,35.00000000,36.46000000,123863570.23480000,-2.26000000,-5.83677686,10.09814050,38.90600000,39.47800000,41.89666667,41.97000000,41.48440000,40.03066667,37.67200000,35.59825000,33.97022222,32.70620000,30.00266667,16.88415000,39.75071828,38.52648518,1.22423309,2.70145739,-1.47722430,34.49166597,43.61900196,53.15224046,32.77570581,30.92764425,36.47182892,41.97000000,49.18754587,34.75245413,151303746.11473998,152493917.36410999
2024-01-06,36.46000000,36.51000000,33.42000000,34.61000000,82136611.39569999,-1.85000000,-5.07405376,8.47504114,37.44000000,38.70000000,41.18066667,41.66950000,41.36920000,40.30833333,38.02542857,35.95475000,34.27755556,32.95960000,30.36600000,16.99660000,38.95983854,38.23637517,0.72346337,2.30585858,-1.58239521,29.23601657,39.96937851,50.52465180,26.82799141,29.56109331,21.36178762,41.66950000,49.58992921,33.74907079,145863854.73884001,142511230.60047001
2024-01-07,34.62000000,35.78000000,33.08000000,33.64000000,94797296.68740000,-0.97000000,-2.80265819,7.79896014,36.04600000,38.08400000,40.22000000,41.29350000,41.15520000,40.41500000,38.35971429,36.27875000,34.56644444,33.19260000,30.71016667,17.10030000,38.14140184,37.89590294,0.24549891,1.89378665,-1.64828774,26.67830429,38.14386280,49.19409867,19.74788381,26.29002347,6.66360447,41.29350000,49.99157547,32.59542453,134246993.58574003,131336612.59366998
2024-01-08,33.65000000,36.46000000,31.12000000,36.08000000,183891701.83090001,2.44000000,7.25326992,15.86924220,35.90200000,37.67400000,39.44666667,41.11050000,41.02640000,40.55400000,38.74257143,36.65275000,34.90400000,33.45720000,31.09550000,17.21745000,37.82426310,37.76139161,0.06287149,1.52760362,-1.46473213,41.99592559,45.03302864,52.47895495,26.58516929,26.38840541,26.97869705,41.11050000,50.09546868,32.12553132,123863643.39250000,129208026.12965000
2024-01-09,36.08000000,37.60000000,33.78000000,34.65000000,153866821.88299999,-1.43000000,-3.96341463,10.58758315,35.08800000,37.20600000,38.54466667,40.67000000,40.82400000,40.47100000,39.03142857,36.98425000,35.19933333,33.73320000,31.42733333,17.32425000,37.33591493,37.53091816,-0.19500323,1.18308225,-1.37808547,36.61620613,42.03954671,50.48288395,27.27431199,26.68370761,28.45552077,40.67000000,50.02614631,31.31385369,127711200.40636000,135847143.38036001
2024-01-10,34.64000000,39.55000000,33.32000000,38.53000000,156681131.74590001,3.88000000,11.19769120,17.98498845,35.50200000,37.20400000,38.15266667,40.29800000,40.67640000,40.48733333,39.38371429,37.40075000,35.58755556,34.12340000,31.78966667,17.45185000,37.51962032,37.60492422,-0.08530389,0.92940502,-1.01470891,55.27185300,51.56872836,55.29690009,38.23157596,30.53299706,53.62873377,40.29800000,49.35367481,31.24232519,134274712.70857999,142789229.41166002
2024-01-11,38.54000000,41.85000000,37.54000000,39.29000000,200053618.72250000,0.76000000,1.97248897,11.18318630,36.43800000,36.93900000,37.94600000,39.99500000,40.62320000,40.54733333,39.75542857,37.82700000,36.00844444,34.49360000,32.12816667,17.58110000,37.79198643,37.72974465,0.06224178,0.75597237,-0.69373059,58.16602493,53.21243644,56.16788356,50.86827027,37.31142146,77.98196790,39.99500000,48.73910598,31.25089402,157858114.17394000,151860984.45638999
2024-01-12,39.29000000,39.59000000,34.34000000,35.93000000,119413535.18550000,-3.36000000,-8.55179435,13.36217867,36.89600000,36.47100000,37.68800000,39.38900000,40.41400000,40.44533333,39.91228571,38.17675000,36.34733333,34.79940000,32.45833333,17.69500000,37.50552698,37.59643023,-0.09090325,0.58659725,-0.67750050,43.30144243,45.72746438,51.53566299,48.85470892,41.15918395,64.24575886,39.38900000,47.43464060,31.34335940,162781361.87356001,148514177.72964999
2024-01-13,35.93000000,36.63000000,34.70000000,36.49000000,62472543.15890000,0.56000000,1.55858614,5.37155580,36.97800000,36.44000000,37.44200000,38.82950000,40.28400000,40.35166667,40.04314286,38.52200000,36.68888889,35.11140000,32.78233333,17.81145000,37.34929206,37.51447243,-0.16518037,0.43624172,-0.60142210,46.05844269,47.08086717,52.22094741,49.25200539,43.85679109,60.04243397,38.82950000,45.95072543,31.70827457,138497530.13916001,131180586.76583000
2024-01-14,36.48000000,37.86000000,35.28000000,35.29000000,79754495.88940001,-1.20000000,-3.28857221,7.07236842,37.10600000,36.09700000,37.17266667,38.18500000,39.95720000,40.20433333,39.99028571,38.79075000,36.99777778,35.39000000,33.02550000,17.92620000,37.03247790,37.34969670,-0.31721880,0.28554962,-0.60276842,40.93948398,44.48748460,50.62046345,45.78900390,44.50086203,48.36528764,38.18500000,43.94639420,32.42360580,123675064.94044001,125693132.67340000
2024-01-15,35.28000000,36.81000000,35.16000000,35.61000000,56483453.14150000,0.32000000,0.90677246,4.67687075,36.52200000,36.01200000,36.97666667,37.74500000,39.54280000,39.98400000,39.92085714,39.02600000,37.30311111,35.68100000,33.25716667,18.04090000,36.81363514,37.22083028,-0.40719513,0.14700067,-0.55419580,42.96783093,45.36300493,51.03802228,44.47443379,44.49205262,44.43919614,37.74500000,42.80626466,32.68373534,103635529.21956000,118955120.96407001
2024-01-16,35.60000000,36.54000000,34.74000000,35.57000000,64853795.11330000,-0.04000000,-0.11232800,5.05617978,35.77800000,36.10800000,36.55200000,37.40400000,39.15160000,39.81566667,39.86600000,39.25825000,37.59933333,35.98540000,33.48433333,18.15360000,36.62230666,37.09854655,-0.47623989,0.02235256,-0.49859245,42.74761529,45.26565342,50.98179084,43.47379152,44.15263225,42.11611007,37.40400000,42.04947046,32.75852954,76595564.49772000,117226839.33583000
2024-01-17,35.58000000,36.51000000,35.25000000,36.06000000,75831603.86870000,0.49000000,1.37756536,3.54131535,35.80400000,36.35000000,36.24866667,37.21700000,38.67200000,39.64566667,39.78228571,39.39875000,37.91311111,36.29300000,33.71883333,18.26895000,36.53579794,37.02161718,-0.48581923,-0.07928180,-0.40653743,46.75877627,46.79162185,51.66254237,39.68983522,42.66503324,33.73943919,37.21700000,41.75625614,32.67774386,67879178.23436001,115330270.05396000
2024-01-18,36.07000000,36.19000000,32.72000000,33.59000000,87012674.83340000,-2.47000000,-6.84969495,9.62018298,35.22400000,36.10100000,36.03466667,36.88750000,38.10840000,39.44066667,39.61914286,39.44075000,38.15555556,36.54240000,33.89783333,18.37125000,36.08259826,36.76742331,-0.68482505,-0.20039045,-0.48443460,32.84088405,40.57153455,48.14554856,29.63623188,38.32209946,12.26449673,36.88750000,41.47758944,32.29741056,72787204.56926000,105642367.35421000
2024-01-19,33.59000000,33.75000000,31.18000000,32.73000000,78517635.83570001,-0.86000000,-2.56028580,7.65108663,34.71200000,35.90900000,35.63533333,36.55750000,37.49040000,39.08300000,39.41971429,39.33050000,38.33755556,36.76920000,34.09583333,18.46865000,35.56681391,36.46835492,-0.90154101,-0.34062056,-0.56092044,29.20842136,38.62147747,46.98349524,24.59972472,33.74797454,6.30322508,36.55750000,41.35263734,31.76236266,72539832.55851999,98107448.74948001
2024-01-20,32.74000000,32.99000000,32.03000000,32.89000000,39872607.79680000,0.16000000,0.48884815,2.93219304,34.16800000,35.34500000,35.39733333,36.27450000,37.02960000,38.64700000,39.15314286,39.20175000,38.48622222,36.98960000,34.32700000,18.56790000,35.15499639,36.20329159,-1.04829520,-0.48215549,-0.56613971,30.91441167,39.21445237,47.23075629,23.17746214,30.22447041,9.08344560,36.27450000,41.23958006,31.30941994,69217663.48958001,86426596.35457000
2024-01-21,32.87000000,33.50000000,32.45000000,32.54000000,34299280.47130000,-0.35000000,-1.06415324,3.19440219,33.56200000,34.67000000,35.25933333,35.80450000,36.63560000,38.22000000,38.92228571,39.07800000,38.62533333,37.19560000,34.52300000,18.66725000,34.75268925,35.93193666,-1.17924741,-0.62157388,-0.55767353,29.07513919,38.33075437,46.73324603,22.23806857,27.56233646,11.58953279,35.80450000,40.26550520,31.34349480,63106760.56118001,69851162.52945000
2024-01-22,32.54000000,32.74000000,29.32000000,29.53000000,107101920.97229999,-3.01000000,-9.25015366,10.51014136,32.25600000,34.03000000,34.98533333,35.25050000,36.22480000,37.60266667,38.59000000,38.84150000,38.60511111,37.34740000,34.67116667,18.75305000,33.94919860,35.45771913,-1.50852053,-0.79896321,-0.70955733,18.01439314,31.64119376,42.69718057,15.64505118,23.58990804,-0.24466253,35.25050000,39.94463733,30.55636267,69360823.98190001,68620001.10813001
2024-01-23,29.53000000,30.88000000,27.24000000,30.63000000,136439933.49590001,1.10000000,3.72502540,12.32644768,31.66400000,33.44400000,34.62200000,34.94200000,35.84280000,37.03433333,38.32971429,38.62475000,38.57666667,37.50640000,34.83350000,18.84250000,33.43855266,35.10011030,-1.66155765,-0.97148209,-0.69007555,29.73636485,36.08799214,44.52420919,22.23776662,23.13919423,20.43491139,34.94200000,40.00394304,29.88005696,79246275.71440001,76016740.14183000
2024-01-24,30.64000000,31.91000000,29.49000000,31.20000000,104263442.80630000,0.57000000,1.86092067,7.89817232,31.35800000,33.03500000,34.39200000,34.56600000,35.51760000,36.46833333,37.97942857,38.41200000,38.44466667,37.63960000,34.99750000,18.93030000,33.09415994,34.81121324,-1.71705330,-1.12059634,-0.59645697,35.47312997,38.35484156,45.46439794,29.01872613,25.09903820,36.85810200,34.56600000,39.56309979,29.56890021,84395437.10852000,78467634.83352000
2024-01-25,31.19000000,31.36000000,29.61000000,30.51000000,62623570.06280000,-0.69000000,-2.21153846,5.61077268,30.88200000,32.52500000,33.85733333,34.26850000,35.19600000,36.00500000,37.53771429,38.11925000,38.27733333,37.72580000,35.15500000,19.01495000,32.69659687,34.49260486,-1.79600798,-1.25567867,-0.54032932,31.71202147,36.63873792,44.51151067,31.10417772,27.10075137,39.11103042,34.26850000,39.49406580,29.04293420,88945629.56172000,79081646.52564999
2024-01-26,30.51000000,33.11000000,30.12000000,32.26000000,84623777.37369999,1.75000000,5.73582432,9.80006555,30.82600000,32.19400000,33.38866667,34.15100000,34.80880000,35.66733333,37.16371429,37.91025000,38.16111111,37.84540000,35.35350000,19.10930000,32.62942812,34.32722672,-1.69779859,-1.34410265,-0.35369594,48.37192519,43.61845488,47.42759632,39.43258031,31.21136102,55.87501889,34.15100000,39.44940850,28.85259150,99010528.94219999,81058644.75169000
2024-01-27,32.26000000,33.32000000,31.85000000,33.28000000,38915351.91550000,1.02000000,3.16181029,4.55672660,31.57600000,31.91600000,33.21200000,34.13300000,34.51560000,35.45000000,36.74171429,37.71325000,38.03422222,37.90220000,35.56350000,19.20935000,32.72951610,34.24965437,-1.52013826,-1.37930977,-0.14082849,55.89742792,47.30908417,49.05590505,57.21516619,39.87929607,91.88690641,34.13300000,39.44115500,28.82484500,85373215.13084000,77367019.55636999
2024-01-28,33.29000000,36.72000000,33.19000000,34.82000000,157564050.23100001,1.54000000,4.62740385,10.60378492,32.41400000,32.03900000,33.10066667,34.07000000,34.43640000,35.27133333,36.37428571,37.59025000,37.93466667,37.96040000,35.79183333,19.31840000,33.05112901,34.29190219,-1.24077318,-1.35160246,0.11082927,65.11119915,52.43700971,51.42610927,64.79604609,48.18487941,98.01837945,34.07000000,39.31033346,28.82966654,89598038.47786000,84422157.09612998
2024-01-29,34.83000000,36.55000000,34.34000000,36.06000000,107431891.17200001,1.24000000,3.56117174,6.34510479,33.38600000,32.37200000,33.15200000,34.14050000,34.33000000,35.16233333,36.02800000,37.40525000,37.85355556,37.93880000,36.03633333,19.42815000,33.51403224,34.42287240,-0.90884016,-1.26305000,0.35420984,70.97105541,56.18277340,53.25347557,74.21002229,56.85992704,108.91021279,34.14050000,39.45115453,28.82984547,90231728.15099999,87313582.62976000
2024-01-30,36.07000000,37.15000000,35.00000000,35.22000000,106967388.28510000,-0.84000000,-2.32945092,5.96063210,34.32800000,32.60500000,33.12600000,33.97500000,34.28040000,35.05133333,35.76542857,37.13650000,37.69800000,37.88240000,36.25883333,19.53105000,33.77648882,34.48191889,-0.70543007,-1.15152601,0.44609594,62.44518506,53.09281160,51.87400170,76.31492236,63.34492548,102.25491612,33.97500000,38.90213860,29.04786140,99100491.79546002,94023060.67859000
2024-01-31,35.23000000,35.50000000,33.13000000,33.17000000,90998502.27800000,-2.05000000,-5.82055650,6.72722112,34.51000000,32.66800000,32.96600000,33.66900000,34.22280000,34.75900000,35.50200000,36.83200000,37.53244444,37.79600000,36.44100000,19.62270000,33.68318285,34.38473971,-0.70155687,-1.06153218,0.35997532,46.19361755,46.31166045,48.66381941,70.82279721,65.83754939,80.79329286,33.66900000,37.92007739,29.41792261,100375436.77632001,99692982.85925999
2024-02-01,33.18000000,33.97000000,32.30000000,33.85000000,69850053.08530000,0.68000000,2.05004522,5.03315250,34.62400000,33.10000000,32.81866667,33.56500000,34.23120000,34.53366667,35.33200000,36.47700000,37.37000000,37.69320000,36.63950000,19.72050000,33.70884702,34.34512936,-0.63628234,-0.97648221,0.34019987,51.24438356,48.68341144,49.74037787,66.18821816,65.95443898,66.65577652,33.56500000,37.68286097,29.44713903,106562377.01028000,95967796.07056001
2024-02-02,33.87000000,36.94000000,33.76000000,36.76000000,129263139.97560000,2.91000000,8.59675037,9.38883968,35.01200000,33.71300000,33.03000000,33.57850000,34.25840000,34.53233333,35.23428571,36.20400000,37.30377778,37.64240000,36.87416667,19.83230000,34.17825517,34.52400867,-0.34575350,-0.85033647,0.50458297,67.10250172,57.45721106,54.04390609,75.73467418,69.21451738,88.77498777,33.57850000,37.73829390,29.41870610,100902194.95919999,95250116.71853001
2024-02-03,36.76000000,37.60000000,35.40000000,35.95000000,71345861.01390000,-0.81000000,-2.20348205,5.98476605,34.99000000,34.18800000,33.24466667,33.61150000,34.31040000,34.44000000,35.13771429,35.89825000,37.13688889,37.56720000,37.06433333,19.94305000,34.45083130,34.62963766,-0.17880636,-0.71603045,0.53722409,60.52671966,54.62142446,52.73243507,76.47017494,71.63306990,86.14438502,33.61150000,37.83839272,29.38460728,93684988.92758000,91958358.53929000
2024-02-04,35.96000000,36.53000000,34.68000000,34.87000000,55027209.62820000,-1.08000000,-3.00417246,5.14460512,34.92000000,34.62400000,33.37666667,33.57450000,34.16400000,34.38700000,35.03257143,35.65975000,36.89022222,37.42020000,37.20883333,20.04745000,34.51531879,34.64744228,-0.13212348,-0.59924905,0.46712557,52.32282842,50.96286484,51.01020496,68.48736300,70.58450093,64.29308714,33.57450000,37.74024742,29.40875258,83296953.19620000,91198722.49583000
2024-02-05,34.86000000,35.92000000,34.11000000,34.55000000,72413861.00350000,-0.32000000,-0.91769429,5.19219736,35.19600000,34.85300000,33.51066667,33.52350000,33.97440000,34.38500000,34.82142857,35.46375000,36.65022222,37.29880000,37.34666667,20.15080000,34.52065436,34.64022433,-0.11956997,-0.50331324,0.38374327,49.91718997,49.88289033,50.50026780,59.80918540,66.99272909,45.44209802,33.52350000,37.61061596,29.43638404,79580024.94129999,89977730.85880999
2024-02-06,34.55000000,34.75000000,33.72000000,34.16000000,62009663.59490000,-0.39000000,-1.12879884,2.98118669,35.25800000,34.94100000,33.81933333,33.42850000,33.90360000,34.40233333,34.63714286,35.32275000,36.34155556,37.15880000,37.40866667,20.25170000,34.46516908,34.60465216,-0.13948308,-0.43054721,0.29106413,46.77217591,48.51595659,49.86630350,51.57090347,61.85212055,31.00846932,33.42850000,37.35244149,29.50455851,78011947.04322000,92287162.02675000
2024-02-07,34.16000000,35.50000000,33.65000000,35.28000000,73067917.61890000,1.12000000,3.27868852,5.41569087,34.96200000,34.98700000,34.12933333,33.51300000,33.85520000,34.37566667,34.59371429,35.20025000,36.06600000,37.06960000,37.46483333,20.36045000,34.59052768,34.65467792,-0.06415024,-0.35726781,0.29311757,56.26752940,52.58639171,51.68390942,53.12274068,58.94232726,41.48356752,33.51300000,37.52341854,29.50258146,66772902.57188000,83837548.76553999
2024-02-08,35.28000000,36.15000000,35.08000000,35.42000000,87019169.57200000,0.14000000,0.39682540,3.03287982,34.85600000,34.92300000,34.41066667,33.64750000,33.86040000,34.40133333,34.49942857,35.10250000,35.78244444,36.90880000,37.43616667,20.46985000,34.71813881,34.71136845,0.00677036,-0.28446018,0.29123054,57.40725247,53.09211461,51.91131771,55.03780196,57.64081883,49.83176823,33.64750000,37.72718459,29.56781541,69907564.28350000,81796276.60554001
2024-02-09,35.43000000,38.61000000,35.41000000,38.00000000,152502318.21919999,2.58000000,7.28402033,9.03189388,35.48200000,35.20100000,34.91000000,33.90300000,33.95600000,34.38366667,34.54342857,35.08875000,35.64000000,36.74940000,37.43550000,20.59430000,35.22304053,34.95497078,0.26806974,-0.17395419,0.44202394,72.97973487,61.37463382,55.90251679,66.80280300,60.69481355,79.01878189,33.90300000,38.40149144,29.40450856,89402586.00170000,86349769.59895000
2024-02-10,38.00000000,41.24000000,38.00000000,40.20000000,138026385.26980001,2.20000000,5.78947368,8.52631579,36.61200000,35.90400000,35.43933333,34.28600000,34.14120000,34.41400000,34.70314286,35.04525000,35.59133333,36.64640000,37.48066667,20.72865000,35.98872660,35.34349147,0.64523513,-0.01011633,0.65535146,80.33625771,66.82385087,58.93513211,73.30112207,64.89691639,90.10953343,34.28600000,39.53723905,29.03476095,102525090.85495999,91052557.89813000
2024-02-11,40.20000000,41.20000000,39.33000000,39.72000000,83925949.11240000,-0.48000000,-1.19402985,4.65174129,37.72400000,36.49100000,35.86866667,34.79550000,34.28760000,34.54033333,34.87685714,35.02300000,35.58955556,36.47980000,37.49283333,20.86090000,36.56276866,35.66767728,0.89509138,0.17092521,0.72416617,74.99073253,64.65286794,58.02661580,75.52529789,68.43971022,89.69647323,34.79550000,40.08104523,29.50995477,106908347.95846000,92460147.50083999
2024-02-12,39.73000000,41.18000000,38.38000000,40.97000000,170721445.51890001,1.25000000,3.14702920,7.04757110,38.86200000,36.91200000,36.27866667,35.31250000,34.58280000,34.68966667,35.01657143,35.12725000,35.60711111,36.34560000,37.52066667,21.00000000,37.24080425,36.06044193,1.18036232,0.37281264,0.80754969,79.29585988,67.63959914,59.71418951,82.49776118,73.12572721,101.24182911,35.31250000,40.89683853,29.72816147,126439053.53845999,96605978.05516998
2024-02-13,40.96000000,41.70000000,38.88000000,39.74000000,138973220.81959999,-1.23000000,-3.00219673,6.88476562,39.72600000,37.29100000,36.52400000,35.73950000,34.86320000,34.83800000,35.16200000,35.15275000,35.61622222,36.17680000,37.52116667,21.13260000,37.62529591,36.33300179,1.29229412,0.55670893,0.73558519,65.90061023,62.01463441,57.34676473,80.21589876,75.48911772,89.66946082,35.73950000,41.30577996,30.17322004,136829863.78797999,103368714.03573999
2024-02-14,39.73000000,42.42000000,39.10000000,42.22000000,162922260.72940001,2.48000000,6.24056366,8.35640574,40.57000000,38.02600000,36.99066667,36.32500000,35.23640000,35.05833333,35.26742857,35.29675000,35.69777778,36.13300000,37.52116667,21.27755000,38.33217346,36.76907573,1.56309773,0.75798669,0.80511104,75.79409741,67.88839135,60.63064226,86.05043193,79.00955579,100.13218421,36.32500000,42.03675151,30.61324849,138913852.29001999,114158219.14586000
2024-02-15,42.23000000,43.60000000,40.84000000,41.55000000,154895019.49349999,-0.67000000,-1.58692563,6.53563817,40.84000000,38.72600000,37.54933333,36.78950000,35.59680000,35.25766667,35.33200000,35.47025000,35.68911111,36.11620000,37.53666667,21.41970000,38.82722370,37.12321827,1.70400543,0.94719044,0.75681499,69.27779525,64.92934111,59.34266398,83.83261626,80.61724262,90.26336356,36.78950000,42.61911035,30.95988965,142287579.13475999,122406334.99485998
2024-02-16,41.54000000,41.81000000,39.41000000,40.26000000,101322784.79269999,-1.29000000,-3.10469314,5.77756379,40.94800000,39.33600000,37.97666667,37.13850000,36.02600000,35.39766667,35.45571429,35.63575000,35.68133333,36.12540000,37.52166667,21.55690000,39.04765082,37.35557247,1.69207835,1.09616802,0.59591033,57.79710350,59.48359376,56.91364405,76.15445153,79.12964559,70.20406342,37.13850000,42.91900180,31.35799820,145766946.27081999,126337647.11464000
2024-02-17,40.25000000,40.47000000,38.38000000,39.76000000,73476733.99869999,-0.50000000,-1.24192747,5.19254658,40.70600000,39.78400000,38.17666667,37.38550000,36.39120000,35.60333333,35.54914286,35.72775000,35.74711111,36.11700000,37.52200000,21.69125000,39.15724300,37.53367821,1.62356479,1.20164737,0.42191741,53.66097433,57.44632829,55.98678589,68.47415206,75.57781441,54.26682735,37.38550000,43.17103723,31.59996277,126318003.96677999,126378528.75262001
2024-02-18,39.75000000,40.75000000,38.97000000,40.29000000,64625056.91960000,0.53000000,1.33299799,4.47798742,40.81600000,40.27100000,38.46600000,37.59700000,36.75480000,35.85533333,35.69200000,35.86875000,35.78200000,36.13620000,37.46916667,21.82995000,39.33151331,37.73785020,1.59366311,1.28005052,0.31361259,57.52719039,59.06744293,56.76556790,59.28038709,70.14533864,37.55048399,37.59700000,43.48684175,31.70715825,111448371.18678001,124139117.48738000
2024-02-19,40.29000000,40.64000000,39.11000000,39.51000000,106838681.11960000,-0.78000000,-1.93596426,3.79746835,40.27400000,40.42200000,38.77533333,37.81150000,37.11480000,36.07600000,35.80342857,35.89325000,35.84977778,36.15540000,37.36150000,21.96530000,39.35897280,37.86912055,1.48985225,1.32201087,0.16784138,50.13934411,55.66296651,55.26389125,46.73609458,62.34225729,15.52376918,37.81150000,43.64908881,31.97391119,100231655.26482001,119572753.77742000
2024-02-20,39.51000000,39.72000000,36.84000000,38.49000000,126250607.26160000,-1.02000000,-2.58162491,7.28929385,39.66200000,40.25100000,39.03800000,38.07750000,37.36400000,36.27433333,35.88685714,35.87325000,35.93600000,36.08640000,37.24716667,22.09570000,39.22528468,37.91511162,1.31017305,1.31964330,-0.00947025,41.72971375,51.43388893,53.33849050,39.29349106,54.65933521,8.56180277,38.07750000,43.49422993,32.66077007,94502772.81843999,118395175.97660001
2024-02-21,38.50000000,38.55000000,35.90000000,37.61000000,86455737.69329999,-0.88000000,-2.28630813,6.88311688,39.13200000,40.04000000,39.26800000,38.26550000,37.53720000,36.54366667,35.93114286,35.91525000,36.02422222,36.02640000,37.07316667,22.22150000,38.97677934,37.89251076,1.08426858,1.27256836,-0.18829978,35.55565583,48.00143597,51.71640440,33.59825811,47.63897618,5.51682198,38.26550000,43.31284417,33.21815583,91529363.39856000,118648154.83469000
2024-02-22,37.60000000,38.22000000,36.52000000,36.78000000,69690461.63450000,-0.83000000,-2.20685988,4.52127660,38.53600000,39.62100000,39.36800000,38.26650000,37.61560000,36.74866667,36.02228571,35.92250000,36.03977778,36.02600000,36.89150000,22.34245000,38.63881329,37.81010256,0.82871073,1.18379683,-0.35508610,30.45565845,44.91717148,50.21349615,26.20836255,40.49543830,-2.36578895,38.26650000,43.31259604,33.22040396,90772108.92572001,108545056.44625001
2024-02-23,36.77000000,36.96000000,35.14000000,35.92000000,81642670.30180000,-0.86000000,-2.33822730,4.94968725,37.66200000,39.23900000,39.40133333,38.26500000,37.61000000,36.90600000,36.11342857,35.93825000,36.06800000,35.97000000,36.68716667,22.45970000,38.22053432,37.67009496,0.55043936,1.05712534,-0.50668598,25.84611299,41.87580031,48.68384368,20.54552775,33.84546812,-6.05435298,38.26500000,43.31401241,33.21598759,94175631.60216001,102812001.39447001
2024-02-24,35.91000000,36.95000000,35.20000000,36.76000000,49567366.35070000,0.84000000,2.33853007,4.87329435,37.11200000,38.69300000,39.31866667,38.35950000,37.67160000,37.11433333,36.22400000,35.96700000,36.02866667,35.97600000,36.55966667,22.58010000,37.99583673,37.60268052,0.39315621,0.92433151,-0.53117530,37.01891993,45.78716692,50.22913974,21.79297053,29.82796892,5.72297373,38.35950000,43.20772040,33.51127960,82721368.64838000,91476511.95660000
2024-02-25,36.76000000,37.49000000,36.42000000,37.46000000,52961284.93520000,0.70000000,1.90424374,2.91077258,36.90600000,38.28400000,39.13600000,38.50500000,37.84320000,37.28766667,36.36457143,36.01425000,35.98800000,36.03300000,36.47750000,22.70430000,37.91340031,37.59211159,0.32128872,0.80372296,-0.48243423,45.26575824,48.91248096,51.49915530,28.31355492,29.32316425,26.29433625,38.50500000,43.03613905,33.97386095,68063504.18310000,81283138.50077000
2024-02-26,37.46000000,39.35000000,36.28000000,39.29000000,110880743.61139999,1.83000000,4.88521089,8.19540844,37.24200000,38.18700000,39.10733333,38.76150000,38.06080000,37.48800000,36.64342857,36.09500000,36.06266667,36.14600000,36.46900000,22.83835000,38.12518488,37.71788110,0.40730378,0.72443912,-0.31713534,61.20291300,56.12590329,54.65557162,43.53405147,34.06012666,62.48190109,38.76150000,42.81235189,34.71064811,72948505.36671999,82238934.38263999
2024-02-27,39.29000000,39.94000000,38.31000000,39.26000000,84965291.77470000,-0.03000000,-0.07635531,4.14863833,37.73800000,38.13700000,38.99333333,38.96050000,38.16080000,37.63600000,36.89000000,36.23675000,36.12422222,36.20960000,36.45366667,22.97245000,38.29977182,37.83211213,0.46765969,0.67308323,-0.20542354,60.85433927,55.98453456,54.59479315,53.99239795,40.70421709,80.56875967,38.96050000,42.66768492,35.25331508,76003471.39476000,83387790.16024001
2024-02-28,39.25000000,41.30000000,36.20000000,40.33000000,199681257.95410001,1.07000000,2.72542028,12.99363057,38.62000000,38.14100000,39.03266667,39.20600000,38.33600000,37.77833333,37.15085714,36.42675000,36.23622222,36.32320000,36.47033333,23.11215000,38.61211462,38.01714086,0.59497375,0.65746134,-0.06248758,68.52641011,59.91317881,56.39928479,64.07934755,48.49592724,95.24618816,39.20600000,42.55940455,35.85259545,99611188.92522000,96893410.26368999
2024-02-29,40.33000000,44.65000000,39.59000000,40.97000000,240248455.96030000,0.64000000,1.58690801,12.54649145,39.46200000,38.28700000,38.94933333,39.35450000,38.58000000,37.97000000,37.44971429,36.62875000,36.35533333,36.37200000,36.51066667,23.25565000,38.97486622,38.23587117,0.73899505,0.67376808,0.06522697,72.40784291,62.11935181,57.45459818,63.15419525,53.38201658,82.69855259,39.35450000,42.74586659,35.96313341,137747406.84714001,110234387.74775998
2024-03-01,40.98000000,43.37000000,40.98000000,42.67000000,145794882.90880001,1.70000000,4.14937759,5.83211323,40.50400000,38.70500000,39.02400000,39.47800000,38.90480000,38.28666667,37.74714286,36.88200000,36.51311111,36.43960000,36.52283333,23.40715000,39.54334834,38.56432516,0.97902318,0.73481910,0.24420408,80.19360875,67.32951199,60.12940778,68.49606707,58.42003341,88.64813440,39.47800000,43.16593538,35.79006462,156314126.44186002,112188815.31248000
2024-03-02,42.68000000,44.58000000,41.95000000,44.35000000,161061187.01289999,1.68000000,3.93719241,6.16213683,41.51600000,39.37900000,39.29666667,39.70950000,39.31240000,38.63666667,38.06342857,37.25250000,36.69733333,36.60800000,36.58516667,23.56975000,40.28283321,38.99289366,1.28993954,0.84584319,0.44409636,85.15957384,71.54832634,62.55688930,77.94585334,64.92864005,103.98027991,39.70950000,43.99435939,35.42464061,166350215.12216002,119649360.24443999
2024-03-03,44.35000000,44.89000000,40.35000000,42.58000000,141173893.63209999,-1.77000000,-3.99098083,10.23675310,42.18000000,39.95900000,39.48466667,39.79000000,39.60440000,38.83066667,38.28514286,37.55125000,36.89711111,36.72980000,36.68150000,23.72575000,40.63624348,39.25860524,1.37763824,0.95220220,0.42543604,64.66235073,62.30162719,58.63235631,77.35089913,69.06939308,93.91391123,39.79000000,44.23217585,35.34782415,177591935.49364001,126797703.44419999
2024-03-04,42.59000000,43.99000000,41.42000000,43.08000000,208220180.69850001,0.50000000,1.17426022,6.03428035,42.73000000,40.67500000,39.67066667,39.95700000,39.91080000,39.06833333,38.48571429,37.84825000,37.12711111,36.88560000,36.75416667,23.88830000,41.01220602,39.54167152,1.47053450,1.05586866,0.41466584,67.32806950,63.74551768,59.38345323,77.95775324,72.03217980,89.80890011,39.95700000,44.63607368,35.27792632,179299720.04251999,139455454.48386997
2024-03-05,43.09000000,45.18000000,34.83000000,39.43000000,393662488.66560000,-3.65000000,-8.47260910,24.01949408,42.42200000,40.94200000,39.66533333,39.81750000,39.96800000,39.22033333,38.60600000,38.07125000,37.27244444,36.96200000,36.80366667,24.03140000,40.76878971,39.53339956,1.23539015,1.09177296,0.14361720,40.53914179,48.84652927,52.16826224,66.78665031,70.28366997,59.79261098,39.81750000,44.37733783,35.25766217,209982526.58357999,173864966.71535999
2024-03-06,39.42000000,42.14000000,37.90000000,41.56000000,170395711.45539999,2.13000000,5.40197819,10.75596144,42.20000000,41.35200000,39.87000000,39.81800000,40.02240000,39.45400000,38.84571429,38.30375000,37.47288889,37.08180000,36.91950000,24.18515000,40.89051437,39.68351811,1.20699626,1.11481762,0.09217864,53.49641433,55.47198512,55.46337182,66.19915173,68.92216389,60.75312742,39.81800000,44.37863984,35.25736016,214902692.29290000,185608409.36737999
2024-03-07,41.56000000,44.50000000,41.55000000,43.20000000,214071326.40930000,1.64000000,3.94610202,7.09817132,41.97000000,41.74300000,40.24266667,39.96500000,40.16160000,39.75533333,39.11285714,38.55175000,37.77666667,37.22460000,37.07883333,24.34685000,41.24581985,39.94399825,1.30182160,1.15221842,0.14960319,61.29020568,59.84093494,57.79910390,71.08928956,69.64453911,73.97879046,39.96500000,44.76867622,35.16132378,225504720.17218000,195927467.64717001
2024-03-08,43.20000000,43.96000000,41.09000000,42.61000000,167931924.50180000,-0.59000000,-1.36574074,6.64351852,41.97600000,42.07800000,40.63133333,40.10750000,40.22720000,39.99966667,39.28000000,38.74650000,38.04288889,37.40500000,37.18766667,24.50810000,41.45569372,40.14147986,1.31421386,1.18461751,0.12959636,57.15492135,57.62207770,56.68313744,72.44922042,70.57943288,76.18879549,40.10750000,45.05257889,35.16242111,230856326.34611997,204224130.91987997
2024-03-09,42.62000000,43.54000000,42.33000000,42.92000000,103820937.72420000,0.31000000,0.72752875,2.83904270,41.94400000,42.33700000,41.09800000,40.23900000,40.35440000,40.24966667,39.47914286,38.91800000,38.30333333,37.60880000,37.32550000,24.67195000,41.68097161,40.34729617,1.33367544,1.21442909,0.11924635,58.90320996,58.50401023,57.13687730,74.35423068,71.83769881,79.38729441,40.23900000,45.34186978,35.13613022,209976477.75126001,194638098.89688998
2024-03-10,42.92000000,43.93000000,40.89000000,42.05000000,120671794.46630000,-0.87000000,-2.02702703,7.08294501,42.46800000,42.44500000,41.45066667,40.36600000,40.34760000,40.38466667,39.68428571,39.08875000,38.55977778,37.79200000,37.38416667,24.83055000,41.73774521,40.47342238,1.26432283,1.22440784,0.03991499,51.78666884,54.99970307,55.43634269,72.82230516,72.16590093,74.13511361,40.36600000,45.51866472,35.21333528,155378338.91139999,182680432.74748999
2024-03-11,42.04000000,49.56000000,40.01000000,49.09000000,409472577.09859997,7.04000000,16.74197384,22.71646051,43.97400000,43.08700000,42.22600000,40.89600000,40.64920000,40.68100000,40.09971429,39.48675000,38.93377778,38.12300000,37.54750000,25.02540000,42.86886133,41.11168739,1.75717394,1.33096106,0.42621288,77.81438675,70.56418248,64.38633157,80.81794772,75.04991653,92.35401012,40.89600000,47.27166228,34.52033772,203193712.04003999,209048202.16646999
2024-03-12,49.09000000,57.36000000,46.34000000,55.48000000,668918266.42060006,6.39000000,13.01690772,22.44856386,46.43000000,44.20000000,43.30533333,41.78950000,41.25800000,41.20633333,40.70885714,40.02750000,39.42711111,38.64200000,37.87333333,25.25260000,44.80903651,42.17600684,2.63302967,1.59137478,1.04165489,86.02922356,78.07356214,70.07804736,84.43048860,78.17677388,96.93791803,41.78950000,50.72213084,32.85686916,294163100.04230005,259833910.10724002
2024-03-13,55.48000000,55.52000000,52.20000000,54.79000000,312228136.66039997,-0.69000000,-1.24369142,5.98413843,48.86600000,45.42100000,44.34066667,42.69000000,41.85920000,41.66700000,41.26628571,40.47825000,39.87088889,39.12520000,38.17833333,25.47610000,46.34456936,43.11037670,3.23419265,1.91993836,1.31425430,82.09054862,75.79579224,68.83842596,85.81798811,80.72384529,96.00627374,42.69000000,53.01841150,32.36158850,323022342.47402000,276939334.41007000
2024-03-14,54.79000000,59.28000000,50.46000000,53.95000000,427385035.77649999,-0.84000000,-1.53312648,16.09782807,51.07200000,46.50800000,45.24866667,43.59150000,42.40560000,42.14066667,41.79571429,40.92825000,40.26844444,39.58020000,38.48933333,25.69485000,47.51463561,43.91331176,3.60132385,2.25621546,1.34510839,76.94428593,72.96856687,67.32555933,82.23537841,81.22768967,84.25075591,43.59150000,54.55951143,32.62348857,387735162.08447999,298855819.91786999
2024-03-15,53.95000000,59.00000000,48.30000000,58.36000000,636414805.63399994,4.41000000,8.17423540,19.83317887,54.33400000,48.40100000,46.40800000,44.67150000,43.15960000,42.67866667,42.37742857,41.51550000,40.78266667,40.13720000,38.86850000,25.93480000,49.18315321,44.98343682,4.19971639,2.64491564,1.55480075,83.47198409,77.72680087,70.83670618,86.56549877,83.00695937,93.68257758,44.67150000,56.97916347,32.36383653,490883764.31801999,323131051.61470997
2024-03-16,58.36000000,61.46000000,52.00000000,53.44000000,549894204.41900003,-4.92000000,-8.43043180,16.20973269,55.20400000,49.58900000,47.12600000,45.47050000,43.75760000,43.07500000,42.75571429,41.98775000,41.23311111,40.56080000,39.16633333,26.14795000,49.83805271,45.60984890,4.22820381,2.96157328,1.26663053,60.52889115,64.01294433,62.96047029,78.58057339,81.53149737,72.67872541,45.47050000,57.88132800,33.05967200,518968089.78210002,361080900.91106999
2024-03-17,53.44000000,58.50000000,50.05000000,58.45000000,352408551.08939999,5.01000000,9.37500000,15.81212575,55.79800000,51.11400000,48.06600000,46.42850000,44.59120000,43.68133333,43.29085714,42.59500000,41.77977778,41.06420000,39.53950000,26.38815000,51.16296768,46.56097121,4.60199647,3.28965792,1.31233856,70.45277712,69.91041955,66.87413497,81.04283758,81.36861078,80.39129119,46.42850000,59.75476733,33.10223267,455666146.71586001,374914623.37908000
2024-03-18,58.44000000,65.39000000,55.26000000,60.65000000,735077808.72959995,2.20000000,3.76390077,17.33401780,56.97000000,52.91800000,49.27066667,47.49800000,45.54600000,44.37766667,43.85314286,43.22925000,42.31066667,41.58080000,39.99050000,26.64150000,52.62251111,47.60460297,5.01790814,3.63530796,1.38260018,73.90940495,72.10063877,68.40388408,81.13651741,81.29124632,80.82705959,47.49800000,61.79954000,33.19646000,540236081.12969995,431629211.80186003
2024-03-19,60.64000000,61.95000000,53.16000000,53.63000000,717161181.61600006,-7.02000000,-11.57460841,14.49538259,56.90600000,53.98900000,49.97400000,48.16300000,46.25440000,44.82233333,44.25000000,43.68450000,42.70355556,41.93220000,40.33883333,26.86005000,52.77750940,48.05092868,4.72658073,3.85356251,0.87301821,51.04409326,57.52490692,59.28765754,71.97911247,78.18720170,59.56293401,48.16300000,62.29704565,34.02895435,598191310.29760003,492963236.19103992
2024-03-20,53.62000000,58.15000000,50.42000000,57.06000000,510854815.88580000,3.43000000,6.39567406,14.41626259,56.64600000,55.49000000,51.14933333,48.96750000,47.06640000,45.40733333,44.67400000,44.16100000,43.19666667,42.36900000,40.74166667,27.09575000,53.43635411,48.71826729,4.71808682,4.02646738,0.69161944,58.56079165,61.65659480,61.87796232,66.74373028,74.37271123,51.48576837,48.96750000,63.20892494,34.72607506,573079312.34796011,531981538.33298999
2024-03-21,57.05000000,57.87000000,52.76000000,53.82000000,270643944.25919998,-3.24000000,-5.67823344,8.95705521,56.72200000,55.96300000,51.96666667,49.52500000,47.72080000,45.91833333,45.02457143,44.50150000,43.62488889,42.78200000,41.09633333,27.31545000,53.49537656,49.09617342,4.39920314,4.10101453,0.29818861,49.87963780,56.03932230,58.22639767,55.26235032,68.00259092,29.78186910,49.52500000,63.60042465,35.44957535,517229260.31599998,518098675.04905003
2024-03-22,53.83000000,57.80000000,51.63000000,53.44000000,310739153.21660000,-0.38000000,-0.70605723,11.46201003,55.72000000,55.75900000,52.64933333,49.97950000,48.28680000,46.44600000,45.40114286,44.84450000,44.05333333,43.17380000,41.49483333,27.53360000,53.48685709,49.41793835,4.06891873,4.09459537,-0.02567663,48.86023483,55.39361924,57.80889463,46.86692284,60.95736823,18.68603205,49.97950000,63.93788699,36.02111301,508895380.74143994,482280763.72864997
2024-03-23,53.44000000,55.98000000,52.60000000,53.45000000,151858218.49950001,0.01000000,0.01871257,6.32485030,54.28000000,55.62500000,53.37200000,50.52300000,48.85440000,47.00166667,45.79228571,45.15650000,44.45711111,43.50760000,41.87516667,27.75130000,53.48118676,49.71660958,3.76457718,4.02859173,-0.26401455,48.89321848,55.40836946,57.81720030,41.28947577,54.40140408,15.06561915,50.52300000,64.10981730,36.93618270,392251462.69542003,466243771.91255999
2024-03-24,53.45000000,55.82000000,52.43000000,55.68000000,125020868.10120000,2.23000000,4.17212348,6.34237605,54.69000000,55.79800000,54.22266667,51.15300000,49.46840000,47.66033333,46.23200000,45.55500000,44.90733333,43.90220000,42.28316667,27.97995000,53.81946572,50.15834221,3.66112352,3.95509809,-0.29397457,56.41562779,58.72842796,59.66487580,39.76012856,49.52097890,20.23842788,51.15300000,64.45211766,37.85388234,273823399.99246001,436007355.14503002
2024-03-25,55.69000000,59.19000000,54.94000000,57.76000000,219010109.68450001,2.08000000,3.73563218,7.63153169,54.83000000,55.73800000,55.27000000,52.06950000,50.14000000,48.36033333,46.75342857,45.94350000,45.34644444,44.36000000,42.73733333,28.21825000,54.42570177,50.72142797,3.70427380,3.90493323,-0.20065943,62.58040309,61.63495973,61.31411887,43.26033777,47.43409853,34.91281627,52.06950000,64.46253960,39.67646040,215454458.75219998,394266885.55008000
2024-03-26,57.75000000,60.00000000,55.33000000,55.78000000,198542241.17750001,-1.98000000,-3.42797784,8.08658009,55.22200000,55.97200000,55.71600000,52.78050000,50.66440000,48.97100000,47.24742857,46.29925000,45.69266667,44.78460000,43.12933333,28.44750000,54.63405534,51.09613701,3.53791833,3.83153025,-0.29361192,53.87555295,57.43458563,58.92104041,40.77520626,45.21446777,31.89668323,52.78050000,64.23060315,41.33039685,201034118.13586003,359131689.22592998
2024-03-27,55.79000000,56.72000000,52.50000000,54.10000000,176643631.99439999,-1.68000000,-3.01183220,7.56407958,55.35400000,55.53700000,55.62400000,53.32550000,51.05440000,49.46466667,47.71857143,46.64525000,46.01222222,45.18340000,43.47633333,28.66880000,54.55189298,51.31864538,3.23324760,3.71187372,-0.47862612,47.19187504,54.02657498,56.95297136,37.82238382,42.75043979,27.96627188,53.32550000,63.85628390,42.79471610,174215013.89142001,341555197.31642997
2024-03-28,54.10000000,55.05000000,53.18000000,54.63000000,91542489.91230001,0.53000000,0.97966728,3.45656192,55.59000000,54.93500000,55.61333333,53.92650000,51.53640000,49.97700000,48.22857143,47.01700000,46.31577778,45.57040000,43.80650000,28.89460000,54.56390945,51.56393091,2.99997854,3.56949468,-0.56951615,49.56074005,54.94662187,57.42115240,39.86349596,41.78812518,36.01423753,53.92650000,63.17646108,44.67653892,162151868.17398000,277201665.43470001
2024-03-29,54.62000000,54.65000000,52.52000000,53.33000000,87644369.35650000,-1.30000000,-2.37964488,3.89967045,55.12000000,54.90500000,55.57200000,54.44700000,51.94640000,50.41033333,48.72600000,47.34300000,46.61777778,45.92860000,44.09433333,29.11510000,54.37407722,51.69475084,2.67932638,3.39146102,-0.71213464,43.78022797,52.15378862,55.86601341,33.34587505,38.97404180,22.08954154,54.44700000,62.12763621,46.76636379,154676568.42504001,214249984.20874998
2024-03-30,53.32000000,54.63000000,52.76000000,52.93000000,71782958.38160001,-0.40000000,-0.75004688,3.50712678,54.15400000,54.49200000,55.21000000,54.99100000,52.48640000,50.80900000,49.18800000,47.67850000,46.85577778,46.22720000,44.38950000,29.33365000,54.15191150,51.78625078,2.36566072,3.18630096,-0.82064024,41.97266690,51.27890962,55.38441513,27.40780359,35.11862907,11.98615265,54.99100000,60.07782054,49.90417946,125231138.16446002,170342798.45833001
2024-03-31,52.92000000,54.28000000,52.87000000,54.06000000,64607779.01590000,1.13000000,2.13489514,2.66439909,53.81000000,54.51600000,55.25133333,55.23950000,52.98640000,51.18866667,49.66228571,48.06775000,47.13377778,46.50440000,44.73766667,29.55750000,54.13777127,51.95467665,2.18309462,2.98565969,-0.80256507,49.09719889,53.67385338,56.49008962,25.44932393,31.89552735,12.55691708,55.23950000,59.53686014,50.94213986,98444245.73214000,149739181.93399999
2024-04-01,54.06000000,54.14000000,50.26000000,51.38000000,156553860.93610001,-2.68000000,-4.95745468,7.17721051,53.26600000,54.31000000,54.78000000,55.03450000,53.31360000,51.42300000,50.00771429,48.41200000,47.38088889,46.73760000,45.02983333,29.76740000,53.71349876,51.91210801,1.80139076,2.74880591,-0.94741515,36.38363277,47.61776458,53.22570107,20.79920705,28.19675392,6.00411332,55.03450000,59.66203987,50.40696013,94426291.52048001,134320652.70594999
2024-04-02,51.38000000,51.38000000,46.29000000,46.86000000,154830432.93590000,-4.52000000,-8.79719735,9.90657844,51.71200000,53.65100000,53.86066667,54.63800000,53.48360000,51.56566667,50.22485714,48.66400000,47.53866667,46.85540000,45.19816667,29.95455000,52.65911434,51.53787778,1.12123656,2.42329204,-1.30205548,23.87255999,39.43182494,48.31238085,15.25198778,23.88183187,-2.00770040,54.63800000,60.53778626,48.73821374,107083880.12520000,134617874.14958999
2024-04-03,46.87000000,48.32000000,44.97000000,45.89000000,110514330.33070000,-0.97000000,-2.06999573,7.14742906,50.22400000,52.67200000,53.34466667,54.23500000,53.60240000,51.65933333,50.38371429,48.91325000,47.66311111,46.97840000,45.36383333,30.13710000,51.61771213,51.11951647,0.49819567,2.03827276,-1.54007710,21.93054548,37.90625449,47.33392132,12.20835557,19.99067311,-3.35627950,54.23500000,61.31561104,47.15438896,111657872.32004002,133167220.37254000
2024-04-04,45.89000000,48.16000000,45.42000000,46.50000000,82468190.23370001,0.61000000,1.32926564,5.97079974,48.93800000,51.54600000,52.64066667,53.64200000,53.78040000,51.89500000,50.54171429,49.15675000,47.81844444,47.06400000,45.55766667,30.32410000,50.83037180,50.77733006,0.05304174,1.64122656,-1.58818482,26.44597695,39.51172831,48.02467491,12.47932925,17.48689182,2.46420410,53.64200000,61.23594662,46.04805338,113794918.69046001,119513028.42746000
2024-04-05,46.50000000,46.59000000,43.77000000,45.30000000,80710237.74410000,-1.20000000,-2.58064516,6.06451613,47.18600000,50.49800000,52.07266667,53.23500000,53.62880000,52.01966667,50.61685714,49.35275000,47.96977778,47.13900000,45.73683333,30.50505000,49.97954537,50.37160191,-0.39205653,1.23456994,-1.62662648,23.26890716,37.43457637,46.76559457,12.84082943,15.93820436,6.64607957,53.23500000,61.69740354,44.77259646,117015410.43610001,107729828.08412001
2024-04-06,45.30000000,48.98000000,45.05000000,48.19000000,96766131.29040000,2.89000000,6.37969095,8.67549669,46.54800000,49.90700000,51.72266667,52.72200000,53.33720000,52.18600000,50.72657143,49.57525000,48.20488889,47.29760000,45.97066667,30.69995000,49.70423070,50.21000177,-0.50577107,0.88650174,-1.39227281,43.04352454,45.02725196,50.05616292,22.10221962,17.99287611,30.32090663,52.72200000,61.09678320,44.34721680,105057864.50696000,99742078.01372001
2024-04-07,48.19000000,49.51000000,47.89000000,49.32000000,58052626.93380000,1.13000000,2.34488483,3.36169330,47.04000000,49.37600000,51.44733333,52.15550000,53.11840000,52.40966667,50.91914286,49.82675000,48.48355556,47.48880000,46.20466667,30.90130000,49.64511828,50.14407571,-0.49895742,0.60940991,-1.10836733,49.18774792,47.73282134,51.28475416,31.76980387,22.58518536,50.13904088,52.15550000,59.77061924,44.54038076,85702303.30653998,96393091.71587001
2024-04-08,49.33000000,50.81000000,48.25000000,49.86000000,93243385.78850000,0.54000000,1.09489051,5.18953983,47.83400000,49.02900000,51.05933333,51.96700000,52.95480000,52.64100000,51.11285714,50.06500000,48.79333333,47.68020000,46.44533333,31.10645000,49.67817701,50.12303306,-0.44485605,0.39855671,-0.84341277,52.14794769,49.04032159,51.87508330,40.49480740,28.55505938,64.37430345,51.96700000,59.61500930,44.31899070,82248114.39809999,96952993.35907000
2024-04-09,49.87000000,49.96000000,46.35000000,46.47000000,84177485.45310000,-3.39000000,-6.79903730,7.23882093,47.82800000,48.38300000,50.30666667,51.43750000,52.47920000,52.78833333,51.31400000,50.20250000,49.00911111,47.81940000,46.58650000,31.29445000,49.18461132,49.85243802,-0.66782671,0.18528003,-0.85310674,36.24219428,41.86758144,48.06001295,35.67541966,30.92851280,45.16923336,51.43750000,59.06719510,43.80780490,82589973.44198000,98192446.06622000
2024-04-10,46.47000000,48.01000000,45.07000000,47.30000000,105377413.68430001,0.83000000,1.78609856,6.32666236,48.22800000,47.70700000,49.74133333,51.11150000,52.23360000,52.72866667,51.47800000,50.31825000,49.22777778,47.99560000,46.70483333,31.48645000,48.89467111,49.66336854,-0.76869743,-0.00551546,-0.76318196,41.48588762,44.05319818,49.01791941,39.24572436,33.70091666,50.33533977,51.11150000,58.86867332,43.35432668,87523408.63001999,102269409.53306000
2024-04-11,47.30000000,47.50000000,45.59000000,46.01000000,68799759.50260000,-1.29000000,-2.72727273,4.03805497,47.79200000,47.17000000,49.20200000,50.74000000,51.73600000,52.41300000,51.55828571,50.35975000,49.37711111,48.16360000,46.80966667,31.67260000,48.45087556,49.39274865,-0.94187309,-0.19278699,-0.74908610,35.96865841,41.41325167,47.59437215,36.76987685,34.72390339,40.86182377,50.74000000,58.73563565,42.74436435,81930134.27246001,93493999.38970999
2024-04-12,46.02000000,46.88000000,36.00000000,39.34000000,189778464.97310001,-6.67000000,-14.49684851,23.64189483,45.79600000,46.41800000,48.18266667,50.03450000,50.88360000,51.89800000,51.46485714,50.27875000,49.37888889,48.21480000,46.78250000,31.82455000,47.04920240,48.64810060,-1.59889820,-0.47400923,-1.12488897,19.70712940,30.95114599,41.14710293,32.03069440,33.82616706,28.43974909,50.03450000,59.39657012,40.67242988,108275301.88032000,96988802.59343001
2024-04-13,39.34000000,39.35000000,29.24000000,33.89000000,287382772.21560001,-5.45000000,-13.85358414,25.69903406,42.60200000,45.21800000,46.88666667,48.94500000,50.09400000,51.22933333,51.20685714,50.04900000,49.23577778,48.17420000,46.68500000,31.94880000,45.02470972,47.55490796,-2.53019824,-0.88524703,-1.64495121,13.65429941,25.26243137,36.88675798,28.53970262,32.06401224,21.49108337,48.94500000,60.38235984,37.50764016,147103179.16574001,114675646.78192000
2024-04-14,33.90000000,37.91000000,32.64000000,37.27000000,195815295.57170001,3.38000000,9.97344349,15.54572271,40.76200000,44.29500000,45.84266667,47.92050000,49.30240000,50.52633333,51.07028571,49.99500000,49.15355556,48.18440000,46.60250000,32.09055000,43.83167745,46.79306293,-2.96138547,-1.30047472,-1.66091075,29.71905563,33.52820621,40.85011341,31.43567874,31.85456774,30.59790072,47.92050000,59.69891107,36.14208893,169430741.18946001,126010357.31572001
2024-04-15,37.27000000,38.61000000,34.09000000,35.16000000,181182661.63170001,-2.11000000,-5.66138986,12.12771666,38.33400000,43.28100000,44.58266667,46.88950000,48.55600000,49.91700000,50.67228571,49.83500000,48.98666667,48.13840000,46.49600000,32.22000000,42.49757323,45.93135456,-3.43378133,-1.72713604,-1.70664529,26.08368004,31.17980490,39.24475036,30.10562789,31.27158779,27.77370808,46.88950000,59.36070047,34.41829953,184591790.77894002,136057599.70448002
2024-04-16,35.16000000,35.91000000,32.70000000,34.76000000,113739884.01860000,-0.40000000,-1.13765643,9.12969283,36.08400000,41.93800000,43.47466667,45.92250000,47.80880000,49.12733333,50.08028571,49.62400000,48.77355556,48.04780000,46.40433333,32.34795000,41.30717735,45.10384682,-3.79666947,-2.14104273,-1.65562674,25.37748978,30.73460432,38.94201762,28.60078484,30.38132014,25.03971424,45.92250000,59.02294736,32.82205264,193579815.68214002,137754974.97730002
2024-04-17,34.75000000,35.36000000,32.23000000,33.58000000,102621089.25080000,-1.18000000,-3.39470656,9.00719424,34.93200000,40.36400000,42.58933333,44.87000000,47.01400000,48.22500000,49.47428571,49.39825000,48.57355556,47.93420000,46.30133333,32.46965000,40.11838083,44.25022854,-4.13184770,-2.53920372,-1.59264398,23.15798123,29.38436957,38.03876416,26.04917188,28.93727072,20.27297419,44.87000000,58.40019858,31.33980142,176148340.53768000,142211821.20900002
2024-04-18,33.58000000,35.61000000,32.80000000,34.85000000,92539554.37440000,1.27000000,3.78201310,8.36807624,35.12400000,38.86300000,41.85333333,43.94600000,46.18080000,47.59900000,48.92857143,49.19650000,48.39066667,47.82460000,46.21066667,32.59515000,39.30786071,43.55391531,-4.24605460,-2.88057390,-1.36548071,30.95685168,32.84814664,39.61183450,27.32882103,28.40112082,25.18422145,43.94600000,57.56733064,30.32466936,137179696.96943998,142141438.06759000
2024-04-19,34.84000000,36.14000000,31.92000000,34.67000000,112889750.93770000,-0.18000000,-0.51649928,12.11251435,34.60400000,37.68300000,41.06466667,43.03300000,45.25720000,46.85266667,48.25171429,49.01200000,48.28488889,47.69860000,46.13000000,32.72195000,38.59434367,42.89584751,-4.30150384,-3.16475989,-1.13674395,30.43155208,32.60089682,39.46365859,28.13159080,28.31127748,27.77221744,43.03300000,56.56641766,29.49958234,120594588.04264000,145012664.61605000
2024-04-20,34.66000000,38.49000000,34.12000000,38.31000000,69728770.22620000,3.64000000,10.49899048,12.60819388,35.23400000,36.78400000,40.59866667,42.24550000,44.55840000,46.33566667,47.81942857,48.74250000,48.21266667,47.61140000,46.12700000,32.86640000,38.55059849,42.55615510,-4.00555661,-3.33291923,-0.67263738,50.72272312,42.19885766,43.89245959,35.89347172,30.83867556,46.00306404,42.24550000,54.88035151,29.61064849,98303809.76153998,141447800.27024001
2024-04-21,38.31000000,38.77000000,36.35000000,37.15000000,59028643.46370000,-1.16000000,-3.02793004,6.31688854,35.71200000,35.89800000,39.86266667,41.53400000,43.88040000,45.79266667,47.21085714,48.28425000,48.07822222,47.46740000,46.11933333,33.00165000,38.33512180,42.15569917,-3.82057737,-3.43045086,-0.39012651,45.63281535,40.20825209,42.84999624,50.00877013,37.22870709,75.56889623,41.53400000,53.59252291,29.47547709,87361561.65055999,140470688.66635001
2024-04-22,37.14000000,39.72000000,36.75000000,39.19000000,70413028.09850000,2.04000000,5.49125168,7.99676898,36.83400000,35.88300000,39.18733333,41.15050000,43.26280000,45.31733333,46.59771429,47.89425000,48.00222222,47.39960000,46.15950000,33.14690000,38.46664152,41.93601775,-3.46937622,-3.43823593,-0.03114029,55.13400667,45.17030186,45.23679245,64.40755616,46.28832344,100.64602159,41.15050000,52.98154298,29.31945702,80919949.42009999,128534144.97889002
2024-04-23,39.18000000,39.92000000,37.98000000,38.30000000,55564423.53310000,-0.89000000,-2.27098750,4.95150587,37.52400000,36.32400000,38.41666667,40.77100000,42.66160000,44.73800000,46.15971429,47.50300000,47.89955556,47.30400000,46.19916667,33.28510000,38.44100437,41.66668310,-3.22567873,-3.39572449,0.17004576,50.51252356,43.45398344,44.39276892,69.52170411,54.03278366,100.49954499,40.77100000,52.44784691,29.09415309,73524923.25183998,105352310.11064000
2024-04-24,38.30000000,39.84000000,36.02000000,36.37000000,87499076.50489999,-1.93000000,-5.03916449,9.97389034,37.86400000,36.23400000,37.74333333,40.26450000,41.99920000,44.02500000,45.56857143,46.95325000,47.77333333,47.24280000,46.19266667,33.41520000,38.12238831,41.27433620,-3.15194789,-3.34696917,0.19502128,41.46735441,39.87014407,42.59445095,64.88946940,57.65167891,79.36505039,40.26450000,51.77260328,28.75639672,68446788.36527999,94520688.20396000
2024-04-25,36.37000000,36.75000000,34.70000000,35.59000000,75984595.74830000,-0.78000000,-2.14462469,5.63651361,37.32000000,36.27700000,36.96266667,39.77900000,41.26040000,43.35200000,45.04771429,46.50700000,47.47333333,47.12340000,46.16150000,33.54270000,37.73279011,40.85327426,-3.12048415,-3.30167217,0.18118801,38.15394138,38.47126161,41.87901395,58.55131294,57.95155692,59.75082497,39.77900000,51.21167322,28.34632678,69697953.46969999,84000881.61562000
2024-04-26,35.59000000,35.88000000,34.27000000,34.42000000,57796224.89620000,-1.17000000,-3.28744029,4.52374262,36.77400000,36.24300000,36.19000000,39.09050000,40.58200000,42.69600000,44.50428571,45.90625000,47.00533333,46.94780000,46.08033333,33.66710000,37.22313009,40.37673543,-3.15360534,-3.27205880,0.11845347,33.35637880,36.38242312,40.80621256,49.45087529,55.11799638,38.11663312,39.09050000,50.03867356,28.14232644,69451469.75619999,78406515.70338000
2024-04-27,34.43000000,35.13000000,33.08000000,34.47000000,61815567.02870000,0.05000000,0.14526438,5.95410979,35.83000000,36.33200000,35.86533333,38.34800000,40.08640000,42.02400000,43.96200000,45.25175000,46.55377778,46.78500000,46.00050000,33.79180000,36.79957162,39.93919947,-3.13962785,-3.24557261,0.10594476,33.78336490,36.54305078,40.87375407,43.59225019,51.27608098,28.22458862,38.34800000,48.34828547,28.34771453,67731977.54223999,74325963.48117000
2024-04-28,34.47000000,35.39000000,33.80000000,33.95000000,43507285.11600000,-0.52000000,-1.50855817,4.61270670,34.96000000,36.24200000,35.86933333,37.55250000,39.60880000,41.37800000,43.34114286,44.75975000,46.10933333,46.60560000,45.89416667,33.91505000,36.36117598,39.49555507,-3.13437908,-3.22333391,0.08895482,31.28206829,35.52538791,40.37382175,33.30126621,45.28447606,9.33484652,37.55250000,46.12647500,28.97852500,65320549.85881998,69422736.55533001
2024-04-29,33.95000000,35.88000000,32.84000000,35.28000000,77198606.24640000,1.33000000,3.91752577,8.95434462,34.74200000,36.30300000,35.73666667,36.99300000,39.16000000,40.78966667,42.69885714,44.21525000,45.59644444,46.47020000,45.79933333,34.04585000,36.19484122,39.18329173,-2.98845051,-3.17635723,0.18790672,44.00628641,40.17402628,42.25870689,33.68860309,41.41918507,18.22743912,36.99300000,44.51235916,29.47364084,63260455.80711999,65853622.08620000
2024-04-30,35.29000000,35.73000000,31.92000000,32.71000000,93852030.79490000,-2.57000000,-7.28458050,10.79625956,34.16600000,35.74300000,35.57333333,36.26350000,38.65640000,40.07800000,42.03971429,43.68750000,45.13577778,46.14260000,45.63333333,34.16365000,35.65871180,38.70378864,-3.04507684,-3.15010115,0.10502431,30.78735959,34.87367362,39.72653332,25.75073539,36.19636851,4.85946915,36.26350000,42.24654719,30.28045281,66833942.81643999,68265948.14307000
2024-05-01,32.71000000,34.00000000,30.26000000,33.33000000,108925079.83470000,0.62000000,1.89544482,11.43381229,33.94800000,35.36100000,35.47800000,35.62950000,38.06200000,39.47633333,41.44628571,43.18475000,44.57755556,45.69960000,45.44966667,34.28455000,35.30044844,38.30573022,-3.00528177,-3.12113727,0.11585550,36.32459521,37.05911605,40.62219375,27.76066969,33.38446890,16.51307128,35.62950000,39.61914700,31.63985300,77059713.80413999,73255591.78016999
2024-05-02,33.33000000,34.13000000,32.30000000,33.58000000,56848906.04510000,0.25000000,0.75007501,5.49054905,33.77000000,34.80000000,35.47800000,35.34150000,37.43240000,39.03366667,40.84485714,42.68800000,43.97600000,45.27540000,45.29966667,34.40660000,35.03576407,37.95567613,-2.91991206,-3.08089223,0.16098017,38.69768425,37.97468001,40.99114259,30.05895725,32.27596502,25.62494171,35.34150000,39.02305731,31.65994269,76066381.60742000,71899179.57483001
2024-05-03,33.57000000,36.13000000,33.30000000,35.54000000,53837533.69250000,1.96000000,5.83680762,8.43014596,34.08800000,34.52400000,35.52400000,35.42400000,36.85960000,38.68866667,40.33657143,42.18450000,43.57400000,44.90720000,45.17400000,34.53730000,35.11333883,37.77673716,-2.66339833,-2.99739345,0.33399512,54.61180201,44.83752534,43.84561058,47.15794890,37.23662631,67.00059408,35.42400000,39.04200410,31.80599590,78132431.32271999,71726490.59077001
2024-05-04,35.55000000,37.68000000,35.18000000,37.36000000,69719212.22340000,1.82000000,5.12099043,7.03234880,34.50400000,34.62300000,35.70333333,35.42850000,36.49520000,38.38400000,39.89171429,41.67450000,43.13622222,44.48720000,45.13950000,34.67860000,35.45897901,37.74586774,-2.28688873,-2.85529251,0.56840378,64.79540758,50.39715268,46.35979496,63.33440978,45.93588747,98.13145440,35.42850000,39.05638194,31.80061806,76636552.51811999,69948504.16262001
2024-05-05,37.36000000,38.01000000,36.60000000,37.35000000,65537437.85770000,-0.01000000,-0.02676660,3.77408994,35.43200000,34.79900000,35.63933333,35.53800000,36.09720000,38.11900000,39.41428571,41.21375000,42.77022222,44.16540000,45.06933333,34.82080000,35.74990531,37.71654420,-1.96663889,-2.67756178,0.71092290,64.69969463,50.36672542,46.34789747,72.71756351,54.86311282,108.42646490,35.53800000,39.26266940,31.81333060,70973633.93067999,68903788.37356000
2024-05-06,37.35000000,39.87000000,36.78000000,37.11000000,111834033.51090001,-0.24000000,-0.64257028,8.27309237,36.18800000,35.06800000,35.63666667,35.65550000,35.74120000,37.74966667,39.00657143,40.78900000,42.40733333,43.73860000,44.96783333,34.96105000,35.95915065,37.67161500,-1.71246435,-2.48454230,0.77207795,62.05955068,49.58295470,46.05192155,72.23834792,60.65485785,95.40532807,35.65550000,39.42483039,31.88616961,71555424.66591999,74307569.23503001
2024-05-07,37.12000000,37.60000000,35.27000000,35.31000000,67921942.22239999,-1.80000000,-4.85044462,6.27693966,36.53400000,35.15200000,35.37800000,35.74200000,35.58000000,37.28266667,38.67657143,40.30600000,42.00422222,43.23180000,44.84616667,35.09150000,35.85928132,37.49668056,-1.63739924,-2.31511368,0.67771445,45.38988281,43.98305172,43.85992973,65.67537451,62.32836340,72.36939672,35.74200000,39.38817521,32.09582479,73770031.90137999,74918206.75440000
2024-05-08,35.31000000,35.50000000,33.62000000,34.02000000,74538366.50020000,-1.29000000,-3.65335599,5.32427074,36.23000000,35.15900000,35.09266667,35.70050000,35.58520000,36.75466667,38.33742857,39.82325000,41.52288889,42.83960000,44.69783333,35.21345000,35.57631496,37.23914866,-1.66283370,-2.18465769,0.52182399,36.87228988,40.41450694,42.35238685,56.82555318,60.49409333,49.48847287,35.70050000,39.40780417,31.99319583,77910198.46291998,78021314.89282000
2024-05-09,34.02000000,35.38000000,33.73000000,35.07000000,54170713.06900000,1.05000000,3.08641975,4.85008818,35.77200000,35.13800000,35.00600000,35.72050000,35.49720000,36.37466667,38.01085714,39.37675000,41.01866667,42.39980000,44.58150000,35.33835000,35.49842035,37.07847098,-1.58005063,-2.06373628,0.48368564,46.65068347,44.41876565,43.98758005,54.56771183,58.51863283,46.66586983,35.72050000,39.40866300,32.03233700,74800498.63203999,75718525.57508001
2024-05-10,35.07000000,36.12000000,33.23000000,33.71000000,78617666.39080000,-1.36000000,-3.87795837,8.24066153,35.04400000,35.23800000,34.88066667,35.49050000,35.43920000,35.92166667,37.67971429,38.86800000,40.52822222,41.99760000,44.32516667,35.45400000,35.22327876,36.82895462,-1.60567586,-1.97212419,0.36644834,37.59857551,40.56673433,42.36348142,42.58719318,53.20815295,21.34527365,35.49050000,39.07087619,31.91012381,77416544.33865999,74195089.13467000
2024-05-11,33.71000000,34.04000000,33.06000000,33.49000000,39737059.97580000,-0.22000000,-0.65262533,2.90714921,34.32000000,35.25400000,34.81866667,35.30750000,35.38840000,35.50433333,37.25971429,38.42075000,40.07022222,41.59860000,43.95866667,35.56985000,34.95662049,36.58162464,-1.62500415,-1.90270018,0.27769603,36.23377155,39.95527195,42.10109407,30.49621004,45.63750531,0.21361950,35.30750000,38.90483747,31.71016253,62997149.63163998,67276287.14878000
2024-05-12,33.49000000,34.00000000,32.78000000,33.14000000,23080898.46860000,-0.35000000,-1.04508809,3.64287847,33.88600000,35.21000000,34.73000000,35.00500000,35.37080000,35.29766667,36.79742857,38.07775000,39.59266667,41.19240000,43.59783333,35.68295000,34.67714041,36.32668949,-1.64954907,-1.85206996,0.20252089,33.88554514,38.93669759,41.67261387,22.02333138,37.76611400,-9.46223387,35.00500000,38.22543148,31.78456852,54028940.88087998,63899486.39112999
2024-05-13,33.14000000,33.82000000,31.93000000,32.46000000,67252363.28800000,-0.68000000,-2.05190103,5.70307785,33.57400000,34.90200000,34.63066667,34.71300000,35.27520000,35.25000000,36.30028571,37.74200000,39.12888889,40.72800000,43.23966667,35.79000000,34.33604189,36.04026804,-1.70422615,-1.82250120,0.11827505,29.43767545,36.94072972,40.83016645,16.90724191,30.81315663,-10.90458755,34.71300000,37.72797386,31.69802614,52571740.23843999,65240969.35067999
2024-05-14,32.46000000,33.34000000,31.48000000,31.58000000,57193264.90230000,-0.88000000,-2.71102896,5.73012939,32.87600000,34.32400000,34.38400000,34.47350000,35.15160000,35.06033333,35.87485714,37.36900000,38.65444444,40.20440000,42.79333333,35.89495000,33.91203544,35.70987782,-1.79784237,-1.81756943,0.01972706,24.45311590,34.44775606,39.74515719,11.66879298,24.43170208,-13.85702524,34.47350000,37.68861742,31.25838258,53176250.60509999,63988374.61856999
2024-05-15,31.58000000,34.79000000,31.35000000,34.66000000,73696952.44859999,3.08000000,9.75300823,10.89297023,33.06600000,34.05500000,34.51400000,34.42700000,35.00560000,35.04366667,35.51371429,37.10300000,38.22333333,39.78200000,42.48033333,36.01340000,34.02710691,35.63210909,-1.60500217,-1.77505598,0.17005381,55.85070662,47.87814743,45.07566464,25.43252865,24.76531094,26.76696408,34.42700000,37.60076151,31.25323849,52192107.81665999,64804326.07766000
2024-05-16,34.66000000,35.01000000,33.75000000,34.46000000,49891095.65220000,-0.20000000,-0.57703405,3.63531448,33.26000000,33.79000000,34.58933333,34.42900000,34.89800000,35.03366667,35.18371429,36.75975000,37.84733333,39.38920000,42.08050000,36.12885000,34.09370585,35.54528619,-1.45158034,-1.71036085,0.25878051,54.09873369,47.19321378,44.80707708,38.68807291,29.40623160,57.25175554,34.42900000,37.60279335,31.25520665,54222914.95193999,58610032.29178999
2024-05-17,34.45000000,37.59000000,34.26000000,36.43000000,80374559.89830001,1.97000000,5.71677307,9.66618287,33.91800000,33.90200000,34.77933333,34.52700000,34.78760000,35.12866667,35.10057143,36.43750000,37.61555556,39.02520000,41.67683333,36.25370000,34.45313572,35.61082055,-1.15768483,-1.59982565,0.44214082,66.51448863,54.22919264,47.99223924,52.92880074,37.24708798,84.29222627,34.52700000,37.82474468,31.22925532,65681647.23787999,59855294.05938001
2024-05-18,36.43000000,37.66000000,36.34000000,37.24000000,45083811.82690000,0.81000000,2.22344222,3.62338732,34.87400000,34.22400000,34.89266667,34.69150000,34.74520000,35.20833333,35.19628571,36.12200000,37.42333333,38.70340000,41.40366667,36.38325000,34.88188407,35.73150051,-0.84961644,-1.44978381,0.60016737,70.45724143,56.81039119,49.24883720,66.40050002,46.96489199,105.27171608,34.69150000,38.19016305,31.19283695,61247936.94565998,56909838.59204999
2024-05-19,37.23000000,37.76000000,35.37000000,35.60000000,40393050.16410000,-1.64000000,-4.40386681,6.41955412,35.67800000,34.27700000,34.77533333,34.70750000,34.71440000,35.23933333,35.14857143,35.85025000,37.18111111,38.35680000,41.04600000,36.50010000,34.99236344,35.72175973,-0.72939629,-1.30570630,0.57631002,54.78462845,50.51786261,46.85693034,66.36788405,53.43255601,92.23854012,34.70750000,38.22039280,31.19460720,57887893.99801998,55532072.30156000
2024-05-20,35.60000000,40.35000000,35.15000000,40.13000000,107147027.40220000,4.53000000,12.72471910,14.60674157,36.77200000,34.91900000,34.96066667,35.07850000,34.89600000,35.30000000,35.29057143,35.67100000,37.06622222,38.07820000,40.81783333,36.64135000,35.78276907,36.04829605,-0.26552698,-1.09767044,0.83214346,73.97395034,62.90039809,53.38271869,76.76377455,61.20962886,107.87206594,35.07850000,39.21505476,30.94194524,64577908.98873999,58385008.40269999
2024-05-21,40.13000000,41.42000000,39.66000000,41.20000000,123442698.74879999,1.07000000,2.66633441,4.38574632,38.12000000,35.69000000,35.23333333,35.47200000,35.16720000,35.43500000,35.47457143,35.55075000,36.91088889,37.87460000,40.61383333,36.78680000,36.61618921,36.42990375,0.18628546,-0.84087926,1.02716472,76.76853312,65.14772572,54.75218986,83.78094735,68.73340169,113.87603867,35.47200000,40.34072554,30.60327446,79288229.60805999,66755572.28000001
2024-05-22,41.19000000,41.80000000,39.19000000,40.00000000,85499874.05300000,-1.20000000,-2.91262136,6.33648944,38.83400000,36.37600000,35.54600000,35.79300000,35.38840000,35.46200000,35.65800000,35.56725000,36.70377778,37.73740000,40.38966667,36.92570000,37.13677549,36.69435532,0.44242017,-0.58421937,1.02663954,67.07566262,60.65268913,52.93245197,83.44567144,73.63749161,103.06203111,35.79300000,40.97309591,30.61290409,80313292.43899998,72997469.83844000
2024-05-23,40.01000000,40.47000000,36.37000000,38.52000000,120639334.92630000,-1.48000000,-3.70000000,10.24743814,39.09000000,36.98200000,35.84600000,35.94200000,35.57120000,35.46933333,35.76285714,35.68300000,36.45177778,37.59000000,40.10366667,37.05655000,37.34957926,36.82958826,0.51999100,-0.36337730,0.88336830,56.51492937,55.50041207,50.76123416,78.50126102,75.25874808,84.98628691,35.94200000,41.26102484,30.62297516,95424397.05888000,78336167.00227001
2024-05-24,38.52000000,39.00000000,36.91000000,38.01000000,51852303.83840000,-0.51000000,-1.32398754,5.42575286,39.57200000,37.62500000,36.04200000,35.97450000,35.68040000,35.52400000,35.85828571,35.70150000,36.26377778,37.42020000,39.77450000,37.18120000,37.45118245,36.91702617,0.53415628,-0.18387058,0.71802686,53.06039673,53.78293607,50.02342060,69.97392557,73.49714057,62.92749556,35.97450000,41.33776481,30.61123519,97716247.79373999,77802070.89588001
2024-05-25,38.01000000,38.72000000,37.71000000,38.28000000,28064975.97830000,0.27000000,0.71033938,2.65719547,39.20200000,37.98700000,36.34666667,36.02100000,35.90320000,35.61366667,35.85742857,35.77950000,36.06333333,37.27980000,39.48283333,37.30855000,37.57869284,37.01798719,0.56070565,-0.03495534,0.59566099,54.81506338,54.59443087,50.42151376,64.42116700,70.47181605,52.31986890,36.02100000,41.45019942,30.59180058,81899837.50895998,73238873.24885000
2024-05-26,38.28000000,38.31000000,36.46000000,36.76000000,33232783.77000000,-1.52000000,-3.97074190,4.83281087,38.31400000,38.21700000,36.56466667,36.00350000,36.04040000,35.69166667,35.84628571,35.82950000,35.85777778,37.05120000,39.19383333,37.42740000,37.45274010,36.99887703,0.45386307,0.06280834,0.39105472,43.76340640,49.28037873,48.16760432,51.01762011,63.98708407,25.07869218,36.00350000,41.42016153,30.58683847,63857854.51319999,71573042.06062999
2024-05-27,36.76000000,38.95000000,36.65000000,38.26000000,51245768.08040000,1.50000000,4.08052231,6.25680087,37.96600000,38.40000000,36.90600000,36.15100000,36.22760000,35.81800000,35.81971429,35.94650000,35.83377778,36.83000000,38.92100000,37.55390000,37.57693393,37.09229355,0.48464038,0.14717475,0.33746563,54.60240660,54.09110393,50.44851528,49.60071917,59.19162910,30.41889930,36.15100000,41.64821039,30.65378961,57007033.31867999,68660162.87884000
2024-05-28,38.27000000,38.40000000,36.53000000,37.02000000,72192289.80090000,-1.24000000,-3.24098275,4.88633394,37.66600000,38.37800000,37.21000000,36.30100000,36.28680000,35.92033333,35.78314286,36.00075000,35.90333333,36.57320000,38.64916667,37.66530000,37.49125179,37.08693847,0.40431332,0.19860246,0.20571085,45.83825356,49.82889449,48.60354724,42.44057970,53.60794597,20.10584716,36.30100000,41.71649006,30.88550994,47317624.29359999,71371010.67624000
2024-05-29,37.02000000,37.50000000,36.14000000,36.20000000,51945591.12980000,-0.82000000,-2.21501891,3.67368990,37.30400000,38.43800000,37.51800000,36.35750000,36.24040000,35.95100000,35.77828571,36.03900000,35.87955556,36.36780000,38.37033333,37.76235000,37.29259766,37.02123932,0.27135834,0.21315364,0.05820470,40.65941147,47.14874039,47.40719171,28.64707669,45.28765621,-4.63408235,36.35750000,41.74240629,30.97259371,47336281.75187999,72526264.77281000
2024-05-30,36.20000000,37.09000000,35.30000000,35.98000000,57807071.27830000,-0.22000000,-0.60773481,4.94475138,36.84400000,38.02300000,37.60600000,36.47100000,36.18560000,36.06000000,35.78942857,35.98075000,35.89777778,36.14140000,38.06900000,37.84735000,37.09065956,36.94411048,0.14654908,0.19983273,-0.05328365,39.23236165,46.41800130,47.08274282,22.58523061,37.72018101,-7.68467018,36.47100000,41.71479091,31.22720909,53284700.81187999,67592269.16042000
2024-05-31,35.98000000,36.79000000,35.20000000,36.02000000,39991001.99670000,0.04000000,0.11117287,4.41912173,36.69600000,37.50500000,37.71000000,36.59750000,36.14200000,36.14966667,35.83514286,35.95250000,35.92577778,35.94160000,37.81300000,37.94685000,36.92594271,36.87565786,0.05028485,0.16992315,-0.11963830,39.69416380,46.58221297,47.15136374,20.24341117,31.89459106,-3.05894861,36.59750000,41.65733929,31.53766071,54636344.45721998,59247099.48521000
2024-06-01,36.04000000,36.22000000,35.70000000,35.76000000,17298006.53760000,-0.26000000,-0.72182121,1.44284129,36.19600000,37.08100000,37.66533333,36.72850000,36.16000000,36.22233333,35.87200000,35.86675000,35.97422222,35.87000000,37.62800000,38.04040000,36.74656691,36.79301653,-0.04644963,0.12664860,-0.17309822,37.47292243,45.59144853,46.74026405,18.40788815,27.39902343,0.42561760,36.72850000,41.54105496,31.91594504,47846792.14865999,52426912.73367000
2024-06-02,35.76000000,36.18000000,34.77000000,34.91000000,33668426.94070000,-0.85000000,-2.37695749,3.94295302,35.77400000,36.72000000,37.51000000,36.85100000,36.19560000,36.20133333,35.89942857,35.78200000,35.97555556,35.89040000,37.44500000,38.11145000,36.46401815,36.65353383,-0.18951568,0.06341574,-0.25293142,30.72732175,42.37694386,45.39023139,13.38835287,22.72879991,-5.29254121,36.85100000,41.31842549,32.38357451,40142019.57661998,43729821.93511000
2024-06-03,34.91000000,36.27000000,34.56000000,35.03000000,53465616.59720000,0.12000000,0.34374105,4.89830994,35.54000000,36.42200000,37.47200000,37.02350000,36.19400000,36.12366667,35.89228571,35.74850000,35.98355556,35.84560000,37.25383333,38.17805000,36.24339997,36.53327206,-0.28987209,-0.00724182,-0.28263026,32.77736106,42.99593915,45.62161105,12.49428536,19.31729506,-1.15173404,37.02350000,40.85515362,33.19184638,40446024.67009999,43891153.21099000
2024-06-04,35.03000000,36.29000000,34.41000000,36.06000000,45713111.83790000,1.03000000,2.94033685,5.36682843,35.55600000,36.20000000,37.20066667,37.09350000,36.28800000,36.08066667,35.98800000,35.76025000,35.93355556,35.86360000,37.09983333,38.24865000,36.21518459,36.49821487,-0.28303028,-0.06239951,-0.22063076,48.48112629,48.20569759,47.60974101,20.44406102,19.69288371,21.94641563,37.09350000,40.79219550,33.39480450,38027232.78201999,45655966.79695000
2024-06-05,36.07000000,36.91000000,35.93000000,36.57000000,48026610.50660000,0.51000000,1.41430948,2.71693928,35.66600000,36.18100000,36.89200000,37.19900000,36.41120000,36.06266667,36.08057143,35.81400000,35.92066667,35.89980000,36.90616667,38.32155000,36.26977158,36.50353229,-0.23376071,-0.09667175,-0.13708896,54.76054951,50.64231897,48.58105129,31.67448679,23.68675140,47.64995757,37.19900000,40.69630061,33.70169939,39634354.48399998,47135349.47061000
2024-06-06,36.58000000,37.20000000,35.72000000,35.89000000,41245262.01840000,-0.68000000,-1.85944763,4.04592674,35.69200000,35.94400000,36.61800000,37.17200000,36.52120000,36.08200000,36.14657143,35.84950000,35.84733333,35.94600000,36.68233333,38.38675000,36.21134518,36.45808545,-0.24674027,-0.12668546,-0.12005481,45.82406013,47.39890999,47.35943149,37.08180457,28.15176913,54.94187546,37.17200000,40.70247842,33.64152158,44423805.58015998,46135298.86441000
2024-06-07,35.89000000,36.89000000,30.90000000,33.51000000,100663704.73750000,-2.38000000,-6.63137364,16.68988576,35.41200000,35.59300000,36.28400000,36.98550000,36.56320000,36.06500000,36.08857143,35.83850000,35.74088889,35.91920000,36.40983333,38.45005000,35.79575362,36.23970875,-0.44395514,-0.19013939,-0.25381574,27.18872319,38.08557451,43.37589289,38.53072686,31.61142170,52.36933716,36.98550000,40.87652327,33.09447673,57822861.13951999,48982440.35807000
2024-06-08,33.51000000,33.73000000,31.92000000,32.27000000,38304804.58550000,-1.24000000,-3.70038794,5.40137272,34.86000000,35.20000000,35.90133333,36.81900000,36.59080000,35.97166667,35.94314286,35.76325000,35.64977778,35.87120000,36.17316667,38.51630000,35.25332998,35.94565625,-0.69232627,-0.29057677,-0.40174950,21.67718782,34.25951761,41.47909960,32.93582849,32.05289063,34.70170420,36.81900000,41.21222876,32.42577124,54790698.73717999,47618361.70364000
2024-06-09,32.27000000,33.02000000,32.04000000,32.98000000,19536741.67050000,0.71000000,2.20018593,3.03687636,34.24400000,34.90000000,35.54800000,36.46150000,36.52360000,35.94733333,35.81828571,35.77000000,35.59177778,35.76460000,35.93450000,38.57730000,34.90358691,35.72597801,-0.82239110,-0.39693964,-0.42545147,31.25260959,38.14118008,42.96915178,32.96251000,32.35609709,34.17533582,36.46150000,40.88384172,32.03915828,49555424.70369999,43791328.74286000
2024-06-10,32.99000000,33.47000000,32.02000000,32.28000000,36937712.15570000,-0.70000000,-2.12249848,4.39527129,33.38600000,34.52600000,35.24933333,36.01550000,36.43640000,35.90700000,35.68028571,35.74375000,35.54422222,35.66720000,35.70566667,38.63550000,34.49995815,35.47072038,-0.97076223,-0.51170415,-0.45905807,27.30342283,35.86363274,41.87231859,29.27659397,31.32959605,25.17058981,36.01550000,40.21949547,31.81150453,47337645.03351998,43485999.75876000
2024-06-11,32.28000000,32.38000000,30.59000000,31.55000000,58507811.98310000,-0.73000000,-2.26146221,5.54522924,32.51800000,34.10500000,34.80200000,35.59300000,36.24120000,35.85400000,35.57285714,35.69300000,35.47933333,35.51440000,35.57583333,38.68880000,34.04611844,35.18029665,-1.13417821,-0.63619897,-0.49797925,23.57534101,33.58225833,40.74064817,24.35887908,29.00602373,15.06458980,35.59300000,39.80935462,31.37664538,50790155.02645998,47606980.30330999
2024-06-12,31.56000000,33.99000000,30.79000000,33.27000000,61655997.15700000,1.72000000,5.45166403,10.13941698,32.47000000,33.94100000,34.55200000,35.33050000,36.08240000,35.88100000,35.55142857,35.63625000,35.46422222,35.41380000,35.56550000,38.74835000,33.92671560,35.03879319,-1.11207759,-0.73137469,-0.38070290,44.86195329,42.91590868,44.43296667,29.75412917,29.25539221,30.75160310,35.33050000,39.43171150,31.22928850,42988613.51035999,50405737.32494000
2024-06-13,33.27000000,33.44000000,30.92000000,30.99000000,44157110.41070000,-2.28000000,-6.85302074,7.57439134,32.21400000,33.53700000,34.20466667,34.97950000,35.89800000,35.86133333,35.43485714,35.47700000,35.36888889,35.30620000,35.46083333,38.79800000,33.47491320,34.73888259,-1.26396939,-0.83789363,-0.42607576,31.08811288,35.66760567,40.90736255,21.85323185,26.78800542,11.98368471,34.97950000,39.31031723,30.64868277,44159074.67539998,49474886.70629000
2024-06-14,31.00000000,32.21000000,29.29000000,30.29000000,67446270.91290000,-0.70000000,-2.25879316,9.41935484,31.67600000,32.96000000,33.82533333,34.58000000,35.50440000,35.71566667,35.33714286,35.30050000,35.31511111,35.20020000,35.37966667,38.84770000,32.98492655,34.40933573,-1.42440917,-0.95519674,-0.46921244,27.92892453,33.75798836,39.89327711,18.78289625,24.11963570,8.10941734,34.58000000,39.09889600,30.06110400,53740980.52387998,51648202.61379000
2024-06-15,30.29000000,30.65000000,29.91000000,30.01000000,19579437.52710000,-0.28000000,-0.92439749,2.44305051,31.22200000,32.30400000,33.42466667,34.24250000,35.05680000,35.56733333,35.23771429,35.12300000,35.24133333,35.11200000,35.30050000,38.89435000,32.52724555,34.08345901,-1.55621346,-1.07540008,-0.48081338,26.62997250,32.98731924,39.48472675,15.67982557,21.30636565,4.42674539,34.24250000,39.07335206,29.41164794,50269325.59815999,48803485.31584000
2024-06-16,30.01000000,30.48000000,29.66000000,30.08000000,28573651.37260000,0.07000000,0.23325558,2.73242253,30.92800000,31.72300000,33.04600000,33.83350000,34.66000000,35.35566667,35.15028571,34.99225000,35.16355556,35.02420000,35.24216667,38.93915000,32.15074623,33.78690649,-1.63616026,-1.18755212,-0.44860814,27.63959987,33.40196894,39.64596779,16.05605392,19.55626174,9.05563829,33.83350000,38.61706518,29.04993482,44282493.47605999,47536324.25126000
2024-06-17,30.07000000,30.35000000,27.29000000,28.47000000,56802836.11040000,-1.61000000,-5.35239362,10.17625540,29.96800000,31.21900000,32.61666667,33.40600000,34.25800000,35.06333333,35.03628571,34.85350000,35.00644444,34.91460000,35.13583333,38.97455000,31.58447758,33.39306156,-1.80858398,-1.31175849,-0.49682549,20.03164241,28.91311344,37.26309551,16.57468272,18.56240207,12.59924401,33.40600000,38.50811679,28.30388321,43311861.26673999,43150237.38855000
2024-06-18,28.47000000,28.54000000,24.94000000,26.60000000,73954733.24370000,-1.87000000,-6.56831753,12.64488936,29.09000000,30.65200000,32.05466667,32.92600000,33.80160000,34.76333333,34.89400000,34.64175000,34.76733333,34.74100000,35.00133333,38.99820000,30.81763488,32.88987182,-2.07223694,-1.46385418,-0.60838276,14.47740884,24.70611536,34.73296602,17.16396896,18.09625770,15.29939147,32.92600000,38.68533622,27.16666378,49271385.83333998,46715230.25437000
2024-06-19,26.60000000,27.67000000,26.38000000,26.94000000,35174949.16020000,0.34000000,1.27819549,4.84962406,28.42000000,30.04800000,31.44666667,32.47400000,33.34800000,34.32366667,34.67342857,34.47250000,34.53600000,34.62560000,34.81183333,39.02170000,30.22107566,32.44914057,-2.22806491,-1.61669633,-0.61136858,19.35603997,26.81817681,35.56304524,18.80912848,18.33388129,19.75962285,32.47400000,38.62946792,26.31853208,42817121.48279998,48279051.00333999
2024-06-20,26.95000000,28.89000000,26.67000000,27.58000000,51810644.17320000,0.64000000,2.37564959,8.23747681,27.93400000,29.57800000,30.84733333,32.05200000,32.98080000,33.86966667,34.47685714,34.32475000,34.32422222,34.51060000,34.65233333,39.04990000,29.81475633,32.08846349,-2.27370716,-1.74809849,-0.52560867,28.56124211,30.80399500,37.13351405,22.26317589,19.64364616,27.50223536,32.05200000,38.33969760,25.76430240,49263362.81201998,49766344.20509000
2024-06-21,27.58000000,28.03000000,26.93000000,27.48000000,38909264.31930000,-0.10000000,-0.36258158,3.98839739,27.41400000,29.17100000,30.28666667,31.63800000,32.54960000,33.45233333,34.22114286,34.18325000,34.15022222,34.38860000,34.45716667,39.07390000,29.45556305,31.74709583,-2.29153278,-1.85678535,-0.43474743,27.96277131,30.52064931,36.98653973,24.80290157,21.36339796,31.68190880,31.63800000,37.98776867,25.28823133,51330485.40135999,47806489.43871000
2024-06-22,27.48000000,27.50000000,24.52000000,25.61000000,96219307.81659999,-1.87000000,-6.80494905,10.84425036,26.84200000,28.40500000,29.76000000,31.17300000,32.09320000,33.02200000,33.88885714,34.01200000,33.96333333,34.19000000,34.24566667,39.07925000,28.86393796,31.29249614,-2.42855817,-1.97113991,-0.45741826,19.01962019,25.69843586,34.33477716,21.26001847,21.32893813,21.12217916,31.17300000,37.86666110,24.47933890,59213779.74259999,51262820.50467000
2024-06-23,25.62000000,26.15000000,24.12000000,25.09000000,74742374.20280001,-0.52000000,-2.03045685,7.92349727,26.54000000,27.81500000,29.28133333,30.67600000,31.64880000,32.59133333,33.58857143,33.84975000,33.74155556,33.94460000,34.05766667,39.07370000,28.28333212,30.83305198,-2.54971985,-2.08685590,-0.46286395,17.18554686,24.52305780,33.63505092,19.12485152,20.59424260,16.18606937,30.67600000,37.63468227,23.71731773,59371307.93441999,54321346.88388000
2024-06-24,25.08000000,25.25000000,23.51000000,24.80000000,78337741.24750000,-0.29000000,-1.15583898,6.93779904,26.11200000,27.26600000,28.73600000,30.11300000,31.20160000,32.14200000,33.15057143,33.60325000,33.54355556,33.69360000,33.87783333,39.06630000,27.74743487,30.38615924,-2.63872436,-2.19722959,-0.44149477,16.14372265,23.85914806,33.24082624,18.91919800,20.03589440,16.68580521,30.11300000,37.05957841,23.16642159,68003866.35187998,55410493.91734000
2024-06-25,24.79000000,25.79000000,24.58000000,25.40000000,37456242.45560000,0.60000000,2.41935484,4.88100040,25.67600000,26.80500000,28.27733333,29.55450000,30.77680000,31.76333333,32.69914286,33.37675000,33.36377778,33.45940000,33.72750000,39.04110000,27.38629105,30.01681411,-2.63052306,-2.28388829,-0.34663477,27.11382648,28.24380511,34.88840693,21.82332498,20.63170459,24.20656576,29.55450000,36.09976096,23.00923904,65132986.00835999,57198174.41019000
2024-06-26,25.40000000,26.66000000,25.28000000,25.82000000,59795467.94100000,0.42000000,1.65354331,5.43307087,25.34400000,26.37900000,27.89533333,29.05100000,30.37920000,31.34866667,32.29400000,33.11150000,33.20111111,33.26960000,33.58333333,39.01065000,27.14532319,29.70593899,-2.56061580,-2.33923379,-0.22138201,34.33021699,31.26635764,36.04137245,28.86115098,23.37485339,39.83374616,29.05100000,35.07253644,23.02946356,69310226.73269999,60320356.06703000
2024-06-27,25.82000000,28.38000000,25.36000000,27.91000000,62280204.56500000,2.09000000,8.09450039,11.69635941,25.80400000,26.32300000,27.53800000,28.77100000,30.09920000,31.04500000,31.99085714,32.87825000,33.10000000,33.14740000,33.48266667,38.96450000,27.26296578,29.57290647,-2.30994069,-2.33337517,0.02343448,58.73005730,44.05828034,41.42699494,46.50222953,31.08397877,77.33873104,28.77100000,34.42936093,23.11263907,62522406.08237998,60868092.91249000
2024-06-28,27.91000000,29.09000000,27.66000000,27.96000000,58730860.74560000,0.05000000,0.17914726,5.12361161,26.37800000,26.45900000,27.33600000,28.55550000,29.81640000,30.77033333,31.70371429,32.68725000,33.01955556,33.00520000,33.36066667,38.91410000,27.37020181,29.45343192,-2.08323011,-2.28334616,0.20011605,59.16562164,44.32868255,41.54986029,57.58452100,39.91749284,92.91857731,28.55550000,33.97606309,23.13493691,59320103.39093999,59345705.66268001
2024-06-29,27.96000000,28.68000000,27.57000000,27.76000000,30477482.76180000,-0.20000000,-0.71530758,3.96995708,26.97000000,26.54100000,27.16733333,28.29450000,29.48440000,30.49633333,31.40314286,32.37800000,32.86622222,32.88620000,33.27816667,38.86545000,27.43017077,29.32799252,-1.89782175,-2.20624128,0.30841952,56.31284883,43.41300445,41.18923263,63.77797218,47.87098596,95.59194463,28.29450000,33.30524834,23.28375166,49748051.69379999,58875959.02284000
2024-06-30,27.77000000,29.57000000,27.40000000,29.36000000,43687945.32380000,1.60000000,5.76368876,7.81418797,27.76200000,26.71900000,27.12400000,28.14850000,29.19600000,30.27433333,31.19171429,32.08200000,32.75288889,32.80360000,33.21200000,38.81730000,27.72706757,29.33036344,-1.60329587,-2.08565220,0.48235632,70.13621554,52.05611005,45.16243792,74.69686594,56.81294595,110.46470593,28.14850000,32.82961222,23.46738778,50994392.26743998,58063689.13790001
2024-07-01,29.36000000,30.12000000,28.81000000,28.83000000,50168618.60360000,-0.53000000,-1.80517711,4.46185286,28.36400000,26.85400000,27.04066667,28.01250000,28.91360000,30.04333333,30.92228571,31.80275000,32.58400000,32.71740000,33.13283333,38.76495000,27.89674948,29.29329948,-1.39655000,-1.94783176,0.55128176,62.30033801,49.33317847,44.13187194,76.62594895,63.41728029,103.04328629,28.01250000,32.42802703,23.59697297,49069022.39995999,59189624.56632999
2024-07-02,28.83000000,28.91000000,28.09000000,28.71000000,43714512.60250000,-0.12000000,-0.41623309,2.84425945,28.52400000,27.16400000,27.05666667,27.78450000,28.72160000,29.83666667,30.68485714,31.55750000,32.39444444,32.64240000,33.01900000,38.70995000,28.02186495,29.25009211,-1.22822717,-1.80391084,0.57568367,60.46491824,48.70392887,43.89522305,77.30686057,68.04714038,95.82630096,27.78450000,31.46705332,24.10194668,45355884.00745998,53939145.04492000
2024-07-03,28.72000000,28.97000000,26.43000000,26.51000000,57083893.42530000,-2.20000000,-7.66283525,8.84401114,28.23400000,27.30600000,27.05066667,27.56050000,28.49120000,29.55266667,30.40800000,31.27000000,32.19244444,32.54100000,32.83816667,38.63140000,27.78927034,29.04712233,-1.25785199,-1.69469907,0.43684708,36.68679895,38.80475787,39.81125083,63.15042209,66.41490095,56.62146437,27.56050000,30.95589301,24.16510699,45026490.54339999,52173296.96717000
2024-07-04,26.51000000,26.70000000,24.28000000,24.44000000,54238577.75260000,-2.07000000,-7.80837420,9.12863071,27.57000000,27.27000000,26.88400000,27.26800000,28.14960000,29.16533333,30.07828571,30.92400000,31.84377778,32.33660000,32.62300000,38.55050000,27.27399798,28.70585401,-1.43185603,-1.64213046,0.21027443,25.40601121,32.10647247,36.47898714,43.01352340,58.61444177,11.81168667,27.26800000,30.68121025,23.85478975,49778709.54155999,49763380.61768000
2024-07-05,24.43000000,25.44000000,21.80000000,25.13000000,104088829.61589999,0.69000000,2.82324059,14.89971347,26.72400000,27.24300000,26.72066667,27.02400000,27.86360000,28.78400000,29.76714286,30.63325000,31.48666667,32.15000000,32.42333333,38.47035000,26.94415214,28.44097593,-1.49682380,-1.61306913,0.11624533,33.57588548,36.11638987,38.27599424,42.01702842,53.08197065,19.88714396,27.02400000,30.30710764,23.74089236,61858886.39997999,56426639.33371000
2024-07-06,25.13000000,27.61000000,24.84000000,27.41000000,33193537.63490000,2.28000000,9.07282133,11.02268205,26.44000000,27.40200000,26.71600000,26.89050000,27.69800000,28.50133333,29.52857143,30.36200000,31.20688889,31.96960000,32.29166667,38.40870000,27.01582104,28.36460735,-1.34878631,-1.56021256,0.21142626,53.68846326,47.32998373,43.76171397,50.48731382,52.21708504,47.02777138,26.89050000,29.85174778,23.92925222,58463870.20623998,53766446.30310000
2024-07-07,27.41000000,27.49000000,25.46000000,25.75000000,40061548.53450000,-1.66000000,-6.05618387,7.40605618,25.84800000,27.18600000,26.72533333,26.75450000,27.39720000,28.24266667,29.26685714,30.08025000,30.92311111,31.73980000,32.15383333,38.32015000,26.82107934,28.17093273,-1.34985339,-1.51814073,0.16828734,42.45680749,41.53875580,40.99378956,49.48352973,51.30589994,45.83878930,26.75450000,29.65962052,23.84937948,57733277.39263999,51544580.70005000
2024-07-08,25.75000000,27.21000000,24.53000000,25.21000000,78064237.49120000,-0.54000000,-2.09708738,10.40776699,25.58800000,26.91100000,26.73333333,26.68500000,27.16600000,28.00733333,28.98628571,29.80550000,30.63866667,31.53200000,31.98950000,38.21635000,26.57322098,27.95160438,-1.37838340,-1.49018926,0.11180587,39.25138885,39.81012565,40.13215820,46.65087879,49.75422622,40.44418393,26.68500000,29.67106236,23.69893764,61929346.20581999,53477918.37460999
2024-07-09,25.21000000,26.50000000,24.71000000,26.43000000,58903183.49730000,1.22000000,4.83934946,7.10035700,25.98600000,26.77800000,26.84200000,26.65950000,27.01160000,27.78900000,28.71114286,29.56675000,30.37533333,31.25800000,31.86816667,38.12175000,26.55118698,27.83889294,-1.28770596,-1.44969260,0.16198664,49.57300746,45.40927549,42.95861881,49.65026535,49.71957260,49.51165085,26.65950000,29.64510388,23.67389612,62862267.35475998,56320488.44816001
2024-07-10,26.43000000,27.42000000,25.63000000,25.75000000,38399327.97630000,-0.68000000,-2.57283390,6.77260689,26.11000000,26.41700000,26.86533333,26.56800000,26.84120000,27.57133333,28.40200000,29.31000000,30.13066667,30.94900000,31.73916667,38.01025000,26.42792745,27.68416013,-1.25623268,-1.41100062,0.15476793,44.51428154,42.97827378,41.81055056,51.46372874,50.30095798,53.78927025,26.56800000,29.54698322,23.58901678,49724367.02683999,55791626.71341000
2024-07-11,25.75000000,26.38000000,25.01000000,25.21000000,52941820.68210000,-0.54000000,-2.09708738,5.32038835,25.67000000,26.05500000,26.82466667,26.45450000,26.64640000,27.36000000,28.09685714,29.04625000,29.84066667,30.65320000,31.60700000,37.89790000,26.24055399,27.50088901,-1.26033502,-1.38086750,0.12053248,40.56917983,41.07336416,40.90469529,50.16224408,50.25472001,49.97729221,26.45450000,29.46003507,23.44896493,53674023.63627999,56068946.92126000
2024-07-12,25.19000000,26.10000000,24.82000000,25.96000000,31475282.67950000,0.75000000,2.97500992,5.08138150,25.71200000,25.78000000,26.69466667,26.47200000,26.54600000,27.11633333,27.88114286,28.82250000,29.59488889,30.40200000,31.49866667,37.78680000,26.19739184,27.38674908,-1.18935724,-1.34256545,0.15320820,48.21787655,44.78158354,42.70377275,57.30839221,52.60594408,66.71328847,26.47200000,29.46086072,23.48313928,51956770.46527998,54845023.92896000
2024-07-13,25.97000000,26.34000000,25.53000000,25.86000000,45491281.93590000,-0.10000000,-0.38520801,3.11898344,25.84200000,25.71500000,26.55466667,26.51050000,26.51640000,26.94533333,27.69800000,28.59325000,29.36511111,30.15900000,31.40333333,37.69405000,26.14548540,27.27365656,-1.12817115,-1.29968659,0.17151543,47.24501357,44.37539905,42.52365785,61.49876750,55.57021855,73.35586539,26.51050000,29.44372510,23.57727490,45442179.35421999,53685762.78002001
2024-07-14,25.85000000,26.67000000,25.60000000,26.35000000,38925850.49960000,0.49000000,1.89481825,4.13926499,25.82600000,25.90600000,26.46066667,26.58800000,26.49280000,26.81400000,27.50857143,28.35050000,29.15111111,29.92040000,31.26483333,37.61385000,26.17694919,27.20523755,-1.02828837,-1.24540694,0.21711858,52.83995028,46.94764900,43.73700680,60.69614803,57.27886171,67.53072066,26.58800000,29.41076162,23.76523838,41446712.75467999,52154490.05472000
2024-07-15,26.35000000,27.89000000,26.27000000,27.82000000,60995475.21530000,1.47000000,5.57874763,6.14800759,26.24000000,26.17500000,26.35800000,26.70900000,26.50240000,26.74100000,27.38114286,28.13175000,28.96888889,29.74160000,31.15416667,37.55395000,26.42972624,27.25077551,-0.82104928,-1.16053541,0.33948613,65.87052934,53.92124540,47.22465250,73.10298757,62.55357033,94.20182206,26.70900000,29.52480427,23.89319573,45965942.20247999,47845154.61466000
2024-07-16,27.83000000,29.25000000,26.47000000,28.01000000,82273401.70240000,0.19000000,0.68296190,9.98922027,26.80000000,26.23500000,26.30333333,26.81850000,26.52360000,26.67200000,27.28000000,27.93475000,28.79666667,29.53660000,31.01383333,37.49310000,26.67284528,27.30701436,-0.63416909,-1.05526215,0.42109306,67.27306003,54.75974346,47.66221944,73.31159624,66.13957897,87.65563078,26.81850000,29.65896160,23.97803840,51832258.40653999,52753141.02141000
2024-07-17,28.01000000,29.03000000,27.21000000,27.24000000,64203078.29200000,-0.77000000,-2.74901821,6.49767940,27.05600000,26.38400000,26.20533333,26.78500000,26.58880000,26.63100000,27.10771429,27.77800000,28.62622222,29.34100000,30.84716667,37.43265000,26.76009985,27.30205034,-0.54195049,-0.95259981,0.41064933,56.06795553,50.68234014,46.04770505,67.45002157,66.57639317,69.19727838,26.78500000,29.58680017,23.98319983,58377817.52903999,55167293.99716000
2024-07-18,27.24000000,27.94000000,26.59000000,27.14000000,46231790.19610000,-0.10000000,-0.36710720,4.95594714,27.31200000,26.57700000,26.24733333,26.74400000,26.67080000,26.64900000,26.99771429,27.64975000,28.45088889,29.15980000,30.70616667,37.37560000,26.81854603,27.29004661,-0.47150058,-0.85637997,0.38487939,54.64938629,50.15326264,45.83728881,62.42341544,65.19206726,56.88611179,26.74400000,29.49697657,23.99102343,58525919.18107998,51984049.26765000
2024-07-19,27.13000000,28.41000000,26.65000000,28.16000000,59868083.94650000,1.02000000,3.75829035,6.48728345,27.67400000,26.75000000,26.49533333,26.76400000,26.80520000,26.68966667,26.93685714,27.52925000,28.27533333,29.00340000,30.50666667,37.30670000,27.02492356,27.35448760,-0.32956404,-0.75101678,0.42145274,65.37282922,55.34081144,48.34935234,66.74728824,65.71047425,68.82091623,26.76400000,29.55362288,23.97437712,62714365.87045999,52080539.31257000
2024-07-20,28.17000000,29.18000000,27.78000000,29.11000000,41756067.04320000,0.95000000,3.37357955,4.96982606,27.93200000,27.08600000,26.76066667,26.75150000,26.95360000,26.74066667,26.91114286,27.45000000,28.10955556,28.86520000,30.30516667,37.24920000,27.34570455,27.48452556,-0.13882100,-0.62857763,0.48975662,72.61104095,59.61147576,50.57709652,76.77810187,69.39968346,91.53493869,26.75150000,29.49398658,24.00901342,58866484.23603998,52416213.21926000
2024-07-21,29.10000000,33.00000000,28.54000000,32.64000000,149864559.63749999,3.53000000,12.12641704,15.32646048,28.85800000,27.82900000,27.10933333,26.94200000,27.22640000,26.91266667,26.98428571,27.47725000,28.03733333,28.80280000,30.18250000,37.22840000,28.16021154,27.86641255,0.29379899,-0.44410230,0.73790129,85.82400371,70.89400973,57.65809422,82.91230888,73.90389193,100.92914277,26.94200000,30.65128621,23.23271379,72384715.82305999,62108487.11480000
2024-07-22,32.64000000,32.95000000,31.32000000,31.87000000,90737040.37860000,-0.77000000,-2.35906863,4.99387255,29.78400000,28.42000000,27.51733333,27.10000000,27.38480000,27.12133333,27.08142857,27.44225000,28.00088889,28.74200000,30.07166667,37.19415000,28.73094823,28.16297459,0.56797364,-0.24168711,0.80966076,76.20155148,66.47512752,55.83718157,83.51811583,77.10863323,96.33708102,27.10000000,31.35538421,22.84461579,77691508.24037999,68034662.88471000
2024-07-23,31.87000000,32.63000000,29.43000000,29.82000000,91559187.20200001,-2.05000000,-6.43238155,10.04079071,30.32000000,28.81600000,27.82466667,27.26550000,27.45920000,27.27900000,27.17342857,27.41300000,27.94644444,28.63780000,29.93516667,37.16095000,28.89849466,28.28571721,0.61277745,-0.07079420,0.68357165,56.10495223,56.28564302,51.33341830,73.26170575,75.82632407,68.13246910,27.26550000,31.67880274,22.85219726,86756987.64155999,72641453.41132000
2024-07-24,29.82000000,30.55000000,28.26000000,28.38000000,82729476.27320001,-1.44000000,-4.82897384,7.67940979,30.36400000,29.01900000,27.95466667,27.46250000,27.48400000,27.39833333,27.21457143,27.36525000,27.84422222,28.48420000,29.77016667,37.12980000,28.81872625,28.29270112,0.52602513,0.04856966,0.47745546,45.90095453,50.36926592,48.46793040,58.59100955,70.08121923,35.61059019,27.46250000,31.69270156,23.23229844,91329266.10689999,77021815.98868001
2024-07-25,28.37000000,28.59000000,26.26000000,27.24000000,67018304.04810000,-1.14000000,-4.01691332,8.21290095,29.99000000,28.96100000,28.05400000,27.56800000,27.39920000,27.45966667,27.20485714,27.29600000,27.73222222,28.29760000,29.61150000,37.09780000,28.57584529,28.21472326,0.36112203,0.11108014,0.25004189,39.13859851,46.17730064,46.33144465,43.90735948,61.35659931,9.00887982,27.56800000,31.65612710,23.47987290,96381713.50787999,77624098.87196001
2024-07-26,27.23000000,28.93000000,27.17000000,28.72000000,59215084.02210000,1.48000000,5.43318649,6.46345942,29.20600000,29.03200000,28.28800000,27.63350000,27.39480000,27.55633333,27.24028571,27.26200000,27.66933333,28.15420000,29.45250000,37.06100000,28.59802293,28.25215117,0.34587177,0.15803846,0.18783331,50.49973864,51.85238428,49.35568627,41.43774509,54.71698124,14.87927280,27.63350000,31.75282685,23.51417315,78251818.38479999,75318267.10393000
2024-07-27,28.73000000,29.52000000,27.59000000,28.04000000,45551954.80350000,-0.68000000,-2.36768802,6.71771667,28.44000000,29.11200000,28.42666667,27.74800000,27.36800000,27.56066667,27.30971429,27.25125000,27.55311111,28.04480000,29.30283333,37.02795000,28.51217325,28.23643626,0.27573699,0.18157817,0.09415882,45.78722388,49.24955968,48.05735054,36.42832858,48.62076369,12.04345836,27.74800000,31.77311902,23.72288098,69214801.26978000,73453154.75508000
2024-07-28,28.04000000,28.17000000,27.10000000,27.40000000,26343950.08450000,-0.64000000,-2.28245364,3.81597718,27.95600000,29.13800000,28.52933333,27.85750000,27.40360000,27.54200000,27.37571429,27.27125000,27.47333333,27.94740000,29.15616667,36.97230000,28.34106967,28.17447802,0.16659165,0.17858087,-0.01198921,41.42163224,46.83569584,46.84706820,29.92353458,42.38835399,4.99389578,27.85750000,31.70724025,24.00775975,56171753.84627999,71464370.74392000
2024-07-29,27.39000000,28.86000000,26.96000000,27.01000000,65430675.01450000,-0.39000000,-1.42335766,6.93683826,27.68200000,29.02300000,28.57333333,27.88650000,27.50640000,27.51700000,27.43885714,27.27300000,27.40044444,27.82800000,29.00666667,36.91090000,28.13628972,28.08822039,0.04806933,0.15247856,-0.10440923,38.72189627,45.35782713,46.10869196,23.65822187,36.14497661,-1.31528762,27.88650000,31.69952629,24.07347371,52711993.59453999,72020629.85072000
2024-07-30,27.01000000,27.32000000,26.03000000,26.33000000,36860292.96840000,-0.68000000,-2.51758608,4.77600889,27.50000000,28.74500000,28.47400000,27.91550000,27.55440000,27.41600000,27.46542857,27.24175000,27.31866667,27.70900000,28.84516667,36.86290000,27.85839900,27.95798184,-0.09958285,0.10206628,-0.20164912,34.07507041,42.78961930,44.82332516,17.21723462,29.83572928,-8.01975471,27.91550000,31.66845799,24.16254201,46680391.37859999,71531052.44324002
2024-07-31,26.32000000,26.87000000,25.44000000,25.70000000,50588227.54100000,-0.63000000,-2.39270794,5.43313070,26.89600000,28.05100000,28.32000000,27.94000000,27.48600000,27.31166667,27.46200000,27.19725000,27.22133333,27.59200000,28.67750000,36.80895000,27.52633761,27.79072393,-0.26438632,0.02877576,-0.29316207,30.06400701,40.47345986,43.64703605,12.68353425,24.11833094,-10.18605912,27.94000000,31.62436240,24.25563760,44955020.08237998,61603419.23359001
2024-08-01,25.70000000,25.92000000,24.01000000,25.71000000,49488078.45280000,0.01000000,0.03891051,7.43190661,26.43000000,27.43500000,28.21800000,27.92750000,27.48440000,27.21166667,27.39914286,27.19975000,27.16000000,27.44080000,28.52416667,36.76105000,27.24690106,27.63659623,-0.38969517,-0.05491843,-0.33477675,30.22046276,40.52920176,43.67151997,17.12031743,21.78565977,7.78963276,27.92750000,31.64172231,24.21327769,45742244.81223999,57478523.04101000
2024-08-02,25.71000000,25.91000000,23.35000000,23.60000000,54604667.84360000,-2.11000000,-8.20692338,9.95721509,25.67000000,26.81300000,27.98200000,27.81450000,27.42000000,27.11466667,27.27457143,27.16250000,27.09333333,27.29300000,28.33366667,36.70100000,26.68583936,27.33758910,-0.65174975,-0.17428469,-0.47746506,19.29243888,33.34235403,39.85864534,12.76416624,18.77849526,0.73550820,27.81450000,31.91137159,23.71762841,51394388.36405999,53783071.10517000
2024-08-03,23.60000000,24.15000000,22.20000000,22.67000000,42969793.94170000,-0.93000000,-3.94067797,8.26271186,24.80200000,26.24200000,27.61600000,27.63050000,27.26960000,27.05566667,27.12914286,27.10925000,26.99844444,27.14060000,28.11050000,36.63650000,26.06801792,26.99184176,-0.92382384,-0.32419252,-0.59963132,16.19499718,30.72283957,38.31991453,10.64969917,16.06889656,-0.18869562,27.63050000,32.29548028,22.96551972,46902212.14949999,49807102.87202000
2024-08-04,22.68000000,22.96000000,20.58000000,21.25000000,45338300.75480000,-1.42000000,-6.26378474,10.49382716,23.78600000,25.64300000,27.09200000,27.30200000,27.08960000,26.92633333,26.89742857,27.00550000,26.85777778,26.96540000,27.85516667,36.56245000,25.32678439,26.56652015,-1.23973576,-0.50730117,-0.73243459,12.51378180,27.16759347,36.09951906,9.59793517,13.91190943,0.96998664,27.30200000,32.76741894,21.83658106,48597813.70677999,47639102.54269000
2024-08-05,21.26000000,21.38000000,17.29000000,19.54000000,182450243.82810000,-1.71000000,-8.04705882,19.23800564,22.55400000,24.72500000,26.21866667,26.87850000,26.86280000,26.66400000,26.63200000,26.84850000,26.68133333,26.75460000,27.58266667,36.49220000,24.43650987,26.04603718,-1.60952731,-0.72774640,-0.88178091,9.41967510,23.58254297,33.64946780,12.88090521,13.56824136,11.50623291,26.87850000,33.33559165,20.42140835,74970216.96419999,59962618.52328999
2024-08-06,19.54000000,21.46000000,19.51000000,20.89000000,55749283.57020000,1.35000000,6.90890481,9.97952917,21.59000000,24.01000000,25.48666667,26.56100000,26.66000000,26.50200000,26.40857143,26.67300000,26.57644444,26.60300000,27.37233333,36.43300000,23.89089297,25.66410850,-1.77321553,-0.93684022,-0.83637531,26.61059059,31.38109719,37.16274199,18.95892096,15.36513456,26.14649376,26.56100000,33.54612676,19.57587324,76222457.98767999,60982351.39996000
2024-08-07,20.88000000,21.70000000,19.71000000,19.85000000,45248760.45470000,-1.04000000,-4.97845859,9.53065134,20.84000000,23.25500000,24.82200000,26.19650000,26.41960000,26.32333333,26.21828571,26.47025000,26.46000000,26.46800000,27.16533333,36.36780000,23.26921713,25.23343379,-1.96421667,-1.14231551,-0.82190116,22.63869879,28.90229445,35.64549843,21.14709054,17.29245322,28.85636519,26.19650000,33.78883762,18.60416238,74351276.50989999,62872832.43697999
2024-08-08,19.86000000,22.80000000,19.52000000,22.73000000,51022188.49700000,2.88000000,14.50881612,16.51560926,20.85200000,22.82700000,24.44533333,25.92500000,26.27480000,26.20000000,26.16942857,26.34450000,26.41400000,26.38380000,26.99450000,36.31875000,23.18626064,25.04799425,-1.86173361,-1.28619913,-0.57553448,48.28796399,42.59963381,42.43654851,33.02638326,22.53709656,54.00495664,25.92500000,33.60949019,18.24050981,75961755.42095998,61431983.78523000
2024-08-09,22.73000000,22.80000000,21.29000000,21.74000000,37226098.66350000,-0.99000000,-4.35547734,6.64320282,20.95000000,22.36800000,24.07866667,25.55650000,26.03160000,26.06633333,26.07257143,26.15400000,26.33266667,26.26700000,26.81883333,36.27980000,22.96375901,24.80295764,-1.83919863,-1.39679903,-0.44239960,42.47840323,39.72935914,40.88884091,39.20569235,28.09329516,61.43048674,25.55650000,33.30448113,17.80851887,74339315.00269999,61468564.35474000
2024-08-10,21.75000000,22.05000000,21.40000000,21.59000000,17996461.18320000,-0.15000000,-0.68997240,2.98850575,21.36000000,21.95700000,23.60333333,25.00400000,25.77480000,25.94566667,25.90628571,25.97300000,26.23866667,26.14920000,26.65283333,36.23460000,22.75241147,24.56496078,-1.81254931,-1.47994909,-0.33260022,41.56909262,39.29177272,40.65442013,42.76512514,32.98390515,62.32756512,25.00400000,32.17998744,17.82801256,41448558.47371999,58209387.71896000
2024-08-11,21.59000000,22.37000000,20.39000000,20.40000000,28180519.50600000,-1.19000000,-5.51181102,9.17091246,21.26200000,21.42600000,23.09400000,24.43050000,25.50120000,25.76033333,25.75342857,25.76525000,26.07177778,26.04500000,26.43833333,36.18060000,22.39050201,24.25644517,-1.86594315,-1.55714790,-0.30879525,34.53187227,35.87232427,38.81237354,43.62184242,36.52988424,57.80575877,24.43050000,31.11240164,17.74859836,35934805.66087999,56078631.82428000
2024-08-12,20.40000000,21.71000000,20.30000000,21.26000000,38548924.10000000,0.86000000,4.21568627,6.91176471,21.54400000,21.19200000,22.68466667,24.00250000,25.26600000,25.60700000,25.64057143,25.63400000,25.92288889,25.96840000,26.27616667,36.13435000,22.21657862,24.03448626,-1.81790764,-1.60929985,-0.20860779,42.91296807,39.98969810,40.83399564,52.42044051,41.82673633,73.60784886,24.00250000,30.31737425,17.68762575,34594838.38993999,54473057.44992000
2024-08-13,21.27000000,21.62000000,20.60000000,21.37000000,28945587.83750000,0.11000000,0.51740357,4.79548660,21.27200000,21.06200000,22.30866667,23.65200000,24.99440000,25.44100000,25.49600000,25.55725000,25.78088889,25.89980000,26.12750000,36.07990000,22.08633576,23.83711691,-1.75078115,-1.63759611,-0.11318504,44.01307022,40.52255415,41.09375747,59.62935598,47.76094288,83.36618218,23.65200000,29.71707378,17.58692622,30179518.25803999,53070636.83950000
2024-08-14,21.38000000,21.87000000,20.77000000,20.95000000,26415235.11380000,-0.42000000,-1.96537202,5.14499532,21.11400000,21.03200000,21.95000000,23.33750000,24.66800000,25.21200000,25.35885714,25.45275000,25.59400000,25.81080000,25.97650000,36.01825000,21.91151487,23.62325640,-1.71174153,-1.65242519,-0.05931633,40.44224451,39.07726925,40.38729696,54.34256964,49.95481847,63.11807199,23.33750000,29.27007156,17.40492844,28017345.54809999,51178330.27540000
2024-08-15,20.95000000,21.15000000,19.83000000,20.14000000,38908034.28390000,-0.81000000,-3.86634845,6.30071599,20.82400000,21.09200000,21.57933333,22.90850000,24.16800000,24.94966667,25.21400000,25.27100000,25.40088889,25.69720000,25.81083333,35.94485000,21.63897412,23.36523741,-1.72626328,-1.66719281,-0.05907047,34.04916098,36.34966500,39.03676463,42.52919277,47.47960990,32.62835850,22.90850000,28.42879852,17.38820148,32199660.16823999,36824109.32098000
2024-08-16,20.14000000,20.72000000,19.78000000,20.36000000,26208595.50550000,0.22000000,1.09235353,4.66732870,20.81600000,21.03900000,21.22266667,22.52450000,23.70760000,24.72033333,25.05400000,25.13625000,25.21533333,25.54620000,25.67566667,35.86635000,21.44220887,23.14262723,-1.70041835,-1.67383792,-0.02658044,37.28059976,37.63938014,39.60910285,36.88938055,43.94953345,22.76907474,22.52450000,27.59170093,17.45729907,31805275.36813999,33870040.51451000
2024-08-17,20.36000000,20.71000000,20.23000000,20.70000000,12200550.15880000,0.34000000,1.66994106,2.35756385,20.70400000,21.12400000,21.02933333,22.18950000,23.34280000,24.50566667,24.90657143,25.02350000,25.08622222,25.40100000,25.57733333,35.79375000,21.32802289,22.96169188,-1.63366899,-1.66580413,0.03213515,42.50507419,39.69934554,40.50978166,34.74744575,40.88217088,22.47799548,22.18950000,26.76120462,17.61779538,26535600.57989999,30565219.48492000
2024-08-18,20.70000000,21.51000000,20.55000000,20.82000000,22734942.92130000,0.12000000,0.57971014,4.63768116,20.59400000,20.93300000,20.90600000,21.88000000,23.04040000,24.26100000,24.74857143,24.88325000,25.00577778,25.26220000,25.47533333,35.73200000,21.24986553,22.80304804,-1.55318251,-1.64327981,0.09009730,44.46435248,40.45665541,40.83475733,36.54977722,39.43803966,30.77325233,21.88000000,25.87999474,17.88000526,25293471.59665999,27736494.92735000
2024-08-19,20.83000000,21.25000000,20.38000000,21.21000000,22393421.53610000,0.39000000,1.87319885,4.17666827,20.64600000,20.88000000,20.90333333,21.62400000,22.79920000,23.99766667,24.55971429,24.76975000,24.91866667,25.09920000,25.36916667,35.66880000,21.24373237,22.68504448,-1.44131211,-1.60288627,0.16157416,50.97929738,42.99492102,41.91089233,42.77063655,40.54890529,47.21409907,21.62400000,25.03714734,18.21085266,24489108.88111999,26253227.21461000
2024-08-20,21.22000000,22.79000000,21.16000000,22.26000000,49753996.61910000,1.05000000,4.95049505,7.68143261,21.07000000,20.94700000,21.08466667,21.45200000,22.54080000,23.65166667,24.39542857,24.69600000,24.80422222,24.96780000,25.28216667,35.59630000,21.40008123,22.65355970,-1.25347847,-1.53300471,0.27952624,64.45211907,49.33799098,44.73485851,55.97776656,45.69185905,76.54958158,21.45200000,24.30025043,18.60374957,26658301.34815999,29428980.75820000
2024-08-21,22.26000000,23.80000000,22.25000000,23.53000000,48983823.40560000,1.27000000,5.70530099,6.96316262,21.70400000,21.26000000,21.26066667,21.34300000,22.36040000,23.37366667,24.28942857,24.63525000,24.75488889,24.86420000,25.24750000,35.53420000,21.72776104,22.71848120,-0.99072016,-1.42454780,0.43382764,74.58886834,55.82397100,47.92972341,68.41303840,53.26558550,98.70794421,21.34300000,23.61337766,19.07262234,31213346.92817999,31509311.14816000
2024-08-22,23.53000000,25.35000000,23.05000000,25.22000000,59655170.69040000,1.69000000,7.18232044,9.77475563,22.60800000,21.65600000,21.61866667,21.42400000,22.27320000,23.22033333,24.23457143,24.61925000,24.75511111,24.83840000,25.24966667,35.48595000,22.26502858,22.90377889,-0.63875032,-1.26738830,0.62863798,82.53955359,62.74740121,51.79894948,78.16404834,61.56507311,111.36199880,21.42400000,24.11082086,18.73717914,40704271.03449999,33619935.80720000
2024-08-23,25.22000000,27.01000000,25.22000000,26.49000000,89076545.45620000,1.27000000,5.03568596,7.09754163,23.74200000,22.16800000,21.86933333,21.61500000,22.25240000,23.15733333,24.18685714,24.62275000,24.75644444,24.87940000,25.27783333,35.44565000,22.91502418,23.16942490,-0.25440072,-1.06479079,0.81039006,86.38189185,66.98873444,54.45291473,83.04528073,68.72514232,111.68555755,21.61500000,25.09947685,18.13052315,53972591.54147999,39633031.56907000
2024-08-24,26.50000000,28.00000000,26.19000000,27.11000000,63305812.60520000,0.62000000,2.34050585,6.83018868,24.92200000,22.78400000,22.22733333,21.90800000,22.28360000,23.15300000,24.12971429,24.60500000,24.78666667,24.91900000,25.30633333,35.41040000,23.56040507,23.46131935,0.09908572,-0.83201548,0.93110121,87.93701331,68.87593749,55.69558834,85.08777028,74.17935164,106.90460757,21.90800000,26.16345644,17.65254356,62155069.75529999,43322089.31821000
2024-08-25,27.12000000,27.68000000,26.13000000,26.92000000,54288884.54780000,-0.19000000,-0.70084840,5.71533923,25.85400000,23.46200000,22.58266667,22.27700000,22.33240000,23.09300000,23.96628571,24.57775000,24.82466667,24.90920000,25.32466667,35.36860000,24.07726583,23.71751792,0.35974791,-0.59366281,0.95341072,84.39298610,67.58426467,55.21387351,85.42530889,77.92800406,100.41991855,22.27700000,26.92926193,17.62473807,63062047.34103999,44860174.34460000
2024-08-26,26.93000000,27.20000000,25.89000000,25.94000000,51492936.01620000,-0.98000000,-3.64041605,4.86446342,26.33600000,24.02000000,22.95200000,22.52950000,22.34160000,23.02300000,23.79685714,24.54525000,24.82422222,24.91300000,25.29183333,35.32120000,24.36384032,23.88214622,0.48169410,-0.37859142,0.86028552,67.54424648,61.13331063,52.75795984,81.27216568,79.04272460,85.73104785,22.52950000,27.40749560,17.65150440,63563869.86315999,47388608.39567000
2024-08-27,25.94000000,26.81000000,23.66000000,24.09000000,55812661.75860000,-1.85000000,-7.13184271,12.14340786,26.11000000,24.35900000,23.14066667,22.74150000,22.36120000,22.91266667,23.63314286,24.46900000,24.78488889,24.89060000,25.22733333,35.25165000,24.32171104,23.89754280,0.42416824,-0.21803949,0.64220773,46.50975506,51.09054933,48.50779770,70.41066513,76.16537144,58.90125252,22.74150000,27.49615545,17.98684455,62795368.07679999,51749819.55565000
2024-08-28,24.08000000,24.84000000,23.19000000,23.45000000,58124609.63990000,-0.64000000,-2.65670403,6.85215947,25.50200000,24.62200000,23.27933333,22.77750000,22.39240000,22.79400000,23.49228571,24.35125000,24.72044444,24.83100000,25.15550000,35.16790000,24.18760165,23.86439148,0.32321017,-0.10978956,0.43299973,41.18529767,48.10798901,47.13700698,58.10028748,70.14367679,34.01350886,22.77750000,27.54268018,18.01231982,56604980.91353998,55288786.22751000
2024-08-29,23.44000000,24.68000000,22.78000000,22.89000000,44603570.26410000,-0.56000000,-2.38805970,8.10580205,24.65800000,24.79000000,23.40866667,22.83500000,22.45800000,22.67933333,23.36800000,24.19575000,24.61088889,24.77380000,25.04766667,35.08375000,23.98797063,23.79221433,0.19575629,-0.04868039,0.24443668,36.76587528,45.56870121,45.95137588,42.44366991,60.91034116,5.51032741,22.83500000,27.57515545,18.09484455,52864532.44531999,57509801.10031001
2024-08-30,22.90000000,23.64000000,22.18000000,23.29000000,37662456.76930000,0.40000000,1.74748799,6.37554585,23.93200000,24.89300000,23.61866667,22.92000000,22.60800000,22.59900000,23.21285714,23.96200000,24.50600000,24.73540000,24.95533333,34.99535000,23.88059053,23.75501327,0.12557726,-0.01382886,0.13940612,42.09204208,47.71900154,46.94600471,34.65316826,52.15795019,-0.35639562,22.92000000,27.62700709,18.21299291,49539246.88961999,56300647.11533000
2024-08-31,23.29000000,23.40000000,22.47000000,22.81000000,16773810.89130000,-0.48000000,-2.06097037,3.99313010,23.30600000,24.82100000,23.78200000,23.04050000,22.68480000,22.50233333,23.06342857,23.73550000,24.40755556,24.67240000,24.85700000,34.91070000,23.71588429,23.68501229,0.03087201,-0.00488869,0.03576069,37.53893662,45.37254060,45.88858901,26.71035959,43.67541999,-7.21976121,23.04050000,27.59685808,18.48414192,42595421.86463998,53079645.86390000
2024-09-01,22.80000000,22.84000000,21.09000000,21.42000000,37609773.47160000,-1.39000000,-6.09381850,7.67543860,22.77200000,24.44100000,23.83000000,23.04850000,22.74760000,22.42966667,22.89257143,23.52550000,24.28044444,24.58360000,24.77216667,34.80670000,23.36267133,23.51723360,-0.15456227,-0.03482340,-0.11973887,27.28335497,39.27201455,42.96435338,19.39880220,35.58321406,-12.97002153,23.04850000,27.59223959,18.50476041,38954844.20723999,50875106.14202000
2024-09-02,21.42000000,22.57000000,21.37000000,22.37000000,26745482.64140000,0.95000000,4.43510738,5.60224090,22.55600000,24.02900000,23.93333333,23.09850000,22.73320000,22.41966667,22.76000000,23.37525000,24.15177778,24.50400000,24.73766667,34.71080000,23.20995266,23.43225333,-0.22230067,-0.07231886,-0.14998182,40.59398975,44.80513621,45.44374114,19.40699105,30.19113972,-2.16130631,23.09850000,27.58613107,18.61086893,32679018.80753999,44641999.86054000
2024-09-03,22.37000000,22.73000000,21.33000000,21.38000000,25694253.93130000,-0.99000000,-4.42556996,6.25838176,22.25400000,23.45600000,23.94466667,23.12000000,22.71880000,22.42400000,22.61857143,23.22875000,23.98000000,24.37520000,24.67516667,34.61640000,22.92842148,23.28023457,-0.35181309,-0.12821770,-0.22359538,33.03261554,40.59975906,43.39254044,14.52009987,24.96745977,-6.37461994,23.12000000,27.56823797,18.67176203,28897155.54097999,40880843.99315000
2024-09-04,21.38000000,22.32000000,20.48000000,21.90000000,38361489.18730000,0.52000000,2.43217961,8.60617399,21.97600000,22.95400000,23.92066667,23.20800000,22.73120000,22.50266667,22.51000000,23.05825000,23.74133333,24.25300000,24.58333333,34.52710000,22.77020279,23.17799497,-0.40779218,-0.18413260,-0.22365958,40.06886012,43.63135591,44.75915470,17.15768638,22.36420197,6.74465519,23.20800000,27.47391188,18.94208812,29036962.02457999,39288104.45710000
2024-09-05,21.91000000,22.19000000,21.23000000,21.38000000,24485822.00760000,-0.52000000,-2.37442922,4.38156093,21.69000000,22.49800000,23.77733333,23.25900000,22.77040000,22.51900000,22.38628571,22.89175000,23.50822222,24.13580000,24.51050000,34.43255000,22.55632544,23.04481016,-0.48848472,-0.24500302,-0.24348170,35.58248933,41.33023381,43.65930706,18.31919153,21.01586516,12.92584427,23.25900000,27.40423138,19.11376862,30579364.24783999,36587393.05624000
2024-09-06,21.38000000,22.19000000,20.48000000,21.17000000,53194424.16700000,-0.21000000,-0.98222638,7.99812909,21.64000000,22.20600000,23.50733333,23.28250000,22.76680000,22.56300000,22.31685714,22.73600000,23.31600000,24.01640000,24.44316667,34.34085000,22.34304460,22.90593533,-0.56289073,-0.30858056,-0.25431017,33.75112950,40.39172602,43.21184847,17.68898483,19.90690505,13.25314439,23.28250000,27.37159654,19.19340346,33696294.38691999,36325569.29708000
2024-09-07,21.16000000,22.00000000,21.05000000,21.80000000,20542367.17070000,0.63000000,2.97590931,4.48960302,21.52600000,22.04100000,23.19466667,23.33150000,22.78400000,22.53200000,22.29200000,22.60575000,23.16977778,23.88920000,24.36600000,34.25740000,22.25949928,22.82401420,-0.56451492,-0.35976743,-0.20474748,44.10721460,44.51511691,44.97716913,25.71670719,21.84350576,33.46311003,23.33150000,27.31856474,19.34443526,32455671.29277999,32567345.05016000
2024-09-08,21.80000000,23.52000000,21.71000000,23.25000000,43646473.90700000,1.45000000,6.65137615,8.30275229,21.90000000,22.07700000,22.93733333,23.43350000,22.87600000,22.58233333,22.34914286,22.52875000,23.08111111,23.77200000,24.32433333,34.18560000,22.41188401,22.85556870,-0.44368469,-0.37655089,-0.06713381,60.96173338,52.72594293,48.79968555,47.51727848,30.40143000,81.74897543,23.43350000,27.29442585,19.57257415,36046115.28791999,32471635.41445000
2024-09-09,23.25000000,24.44000000,23.14000000,23.84000000,49599865.70100000,0.59000000,2.53763441,5.59139785,22.28800000,22.13200000,22.73200000,23.51250000,23.02400000,22.65733333,22.47200000,22.48225000,22.97266667,23.59600000,24.30150000,34.12090000,22.63159416,22.92848954,-0.29689538,-0.36061978,0.06372441,65.97201454,55.63986293,50.26665645,59.96101393,40.25462464,99.37379251,23.51250000,27.33680936,19.68819064,38293790.59065999,33665376.30762000
2024-09-10,23.85000000,24.59000000,23.57000000,24.36000000,34584566.54620000,0.52000000,2.18120805,4.27672956,22.88400000,22.28700000,22.62666667,23.55400000,23.18400000,22.78933333,22.57114286,22.44850000,22.89088889,23.44580000,24.27483333,34.06310000,22.89750275,23.03452735,-0.13702460,-0.31590075,0.17887615,70.03889970,58.12175620,51.54349418,71.44197360,50.65040763,113.02510555,23.55400000,27.39707662,19.71092338,40313539.49837999,35446451.87311000
2024-09-11,24.36000000,24.52000000,22.87000000,23.28000000,39700927.91640000,-1.08000000,-4.43349754,6.77339901,23.30600000,22.47300000,22.57266667,23.45700000,23.28720000,22.85666667,22.66914286,22.44050000,22.79933333,23.31500000,24.23183333,33.99570000,22.95634848,23.05271051,-0.09636203,-0.27199300,0.17563098,53.96447940,51.58285773,48.82674444,70.33682263,57.21254596,96.58537596,23.45700000,27.22012356,19.69387644,37614840.24825998,35655567.31759000
2024-09-12,23.28000000,24.10000000,23.27000000,24.02000000,36335837.15310000,0.74000000,3.17869416,3.56529210,23.75000000,22.63800000,22.61066667,23.33350000,23.41520000,22.94500000,22.70600000,22.47425000,22.73288889,23.22780000,24.19300000,33.92850000,23.11998718,23.12436158,-0.00437441,-0.21846928,0.21409488,61.27256957,55.33859156,50.68516801,75.60167737,63.34225643,100.12051925,23.33350000,26.83020687,19.83679313,40773534.24473999,36614602.76876000
2024-09-13,24.02000000,25.10000000,23.66000000,24.91000000,45713745.91910000,0.89000000,3.70524563,5.99500416,24.08200000,22.99100000,22.74533333,23.22350000,23.56320000,23.07700000,22.79657143,22.56575000,22.70133333,23.18120000,24.14450000,33.85660000,23.39537376,23.25663109,0.13874267,-0.14702689,0.28576956,68.49157092,59.46414174,52.83480433,82.36360021,69.68270436,107.72539192,23.22350000,26.33745687,20.10954313,41186988.64715999,38616551.96754000
2024-09-14,24.91000000,25.66000000,24.61000000,25.32000000,30153730.38330000,0.41000000,1.64592533,4.21517463,24.37800000,23.33300000,22.88066667,23.14350000,23.68560000,23.24966667,22.90314286,22.71025000,22.69288889,23.11320000,24.09966667,33.78690000,23.69147011,23.40947324,0.28199687,-0.06122214,0.34321901,71.43508718,61.26244953,53.80281512,86.05449795,75.13996889,107.88355608,23.14350000,25.92171052,20.36528948,37297761.58361999,37795776.08714000
2024-09-15,25.33000000,25.38000000,23.64000000,23.80000000,35627441.53680000,-1.52000000,-6.00315956,6.86932491,24.26600000,23.57500000,22.94666667,23.03650000,23.69640000,23.36433333,23.00028571,22.78300000,22.65044444,23.02840000,24.04233333,33.70425000,23.70816701,23.43840114,0.26976587,0.00497546,0.26479041,50.46258802,51.94282327,49.84527191,77.25397477,75.84463752,80.07264929,23.03650000,25.50926768,20.56373232,37506336.58173998,38909938.04006000
2024-09-16,23.80000000,24.24000000,23.22000000,23.52000000,41392391.91520000,-0.28000000,-1.17647059,4.28571429,24.31400000,23.81000000,23.08666667,23.00800000,23.62840000,23.45833333,23.06485714,22.87475000,22.64866667,22.95080000,23.98200000,33.61700000,23.67921824,23.44444550,0.23477274,0.05093492,0.18383782,47.38723042,50.40199283,49.15033560,66.77691145,72.82206216,54.68661003,23.00800000,25.44248557,20.57351443,37844629.38149999,37729734.81488000
2024-09-17,23.52000000,24.49000000,23.16000000,23.77000000,37959235.77430000,0.25000000,1.06292517,5.65476190,24.26400000,24.00700000,23.18000000,23.02400000,23.51960000,23.55666667,23.13342857,22.90075000,22.67311111,22.88600000,23.90883333,33.52250000,23.69318467,23.46856065,0.22462402,0.08567274,0.13895128,50.61208418,51.79480852,49.80236870,55.27062914,66.97158449,31.86871844,23.02400000,25.47486795,20.57313205,38169309.10573999,39471421.67524000
2024-09-18,23.78000000,24.73000000,22.79000000,24.68000000,48753644.39840000,0.91000000,3.82835507,8.15811606,24.21800000,24.15000000,23.40000000,23.11350000,23.42240000,23.67233333,23.24000000,22.97425000,22.74933333,22.85300000,23.83500000,33.42415000,23.84500241,23.55829690,0.28670551,0.12587929,0.16082622,61.04232852,56.63095279,52.13366009,58.79830561,64.24715819,47.90060043,23.11350000,25.67212854,20.55487146,38777288.80159999,39982138.72438000
2024-09-19,24.70000000,26.79000000,24.69000000,26.66000000,76311005.46930000,1.98000000,8.02269044,8.50202429,24.48600000,24.43200000,23.71733333,23.28200000,23.41200000,23.81900000,23.42628571,23.10100000,22.90755556,22.87220000,23.73533333,33.34455000,24.27807896,23.78805268,0.49002628,0.19870869,0.29131759,74.88894752,64.97219479,56.69943124,71.44887040,66.64772893,81.05115335,23.28200000,26.29337912,20.27062088,48008743.81879999,42653252.70121000
2024-09-20,26.67000000,28.80000000,26.48000000,27.67000000,93413291.53389999,1.01000000,3.78844711,8.69891264,25.26000000,24.76300000,24.13666667,23.52500000,23.48120000,23.95700000,23.63514286,23.28275000,23.05822222,22.91140000,23.66533333,33.26750000,24.79991297,24.07560434,0.72430863,0.30382868,0.42047995,79.37599943,68.35868700,58.79165753,74.69858138,69.33134641,85.43305131,23.52500000,27.10640519,19.94359481,59565913.81822000,48536125.19998000
2024-09-21,27.67000000,28.13000000,26.99000000,27.79000000,29561950.86500000,0.12000000,0.43368269,4.11998554,26.11400000,25.21400000,24.57800000,23.84350000,23.62920000,24.04266667,23.83771429,23.44600000,23.23466667,22.99520000,23.63150000,33.20930000,25.25992636,24.35074476,0.90918160,0.42489926,0.48428234,79.88837044,68.75027715,59.03704344,77.53061277,72.06443520,88.46296790,23.84350000,27.75451158,19.93248842,57199825.60817999,47522227.49484000
2024-09-22,27.79000000,27.80000000,26.45000000,27.29000000,33432679.69090000,-0.50000000,-1.79920835,4.85786254,26.81800000,25.54100000,24.94400000,24.08950000,23.78280000,24.06933333,24.02257143,23.59400000,23.33600000,23.08760000,23.61333333,33.13795000,25.57224538,24.56846737,1.00377801,0.54067501,0.46310300,71.06133245,65.08876394,57.54713242,76.64547784,73.59144941,82.75353470,24.08950000,28.22287876,19.95612124,56294514.39149998,47231911.74862000
2024-09-23,27.30000000,28.18000000,26.56000000,27.39000000,56175373.39080000,0.10000000,0.36643459,5.93406593,27.36000000,25.78900000,25.22000000,24.39000000,23.96280000,24.07866667,24.19914286,23.75500000,23.46155556,23.21040000,23.61583333,33.05890000,25.85189994,24.77746978,1.07443015,0.64742604,0.42700411,71.80890714,65.48977149,57.76955292,76.61001906,74.59763929,80.63477859,24.39000000,28.56760445,20.21239555,57778860.18997999,48278074.49579000
2024-09-24,27.39000000,28.55000000,26.84000000,28.46000000,52064639.40760000,1.07000000,3.90653523,6.24315444,27.72000000,26.10300000,25.52800000,24.71800000,24.16960000,24.13000000,24.37628571,23.96300000,23.61422222,23.38880000,23.61150000,32.98815000,26.25314610,25.05024980,1.20289630,0.75852009,0.44437621,78.83069471,69.56981048,60.10339216,82.52093339,77.23873733,93.08532553,24.71800000,29.09766401,20.33833599,52929586.97763999,50469165.39822000
2024-09-25,28.46000000,28.50000000,27.15000000,27.28000000,59288278.13760000,-1.18000000,-4.14617006,4.74349965,27.64200000,26.45100000,25.72266667,25.01300000,24.34840000,24.17466667,24.48342857,24.13600000,23.76711111,23.51660000,23.59883333,32.90995000,26.41112362,25.21541648,1.19570714,0.84595750,0.34974964,59.28808114,60.90679630,56.50962980,79.91689514,78.13145660,83.48777223,25.01300000,29.23806356,20.78793644,46104584.29837999,52835249.05830000
2024-09-26,27.29000000,29.42000000,26.96000000,29.16000000,80954044.96179999,1.88000000,6.89149560,9.01429095,27.91600000,27.01500000,26.11466667,25.41250000,24.65800000,24.34366667,24.59600000,24.34750000,23.94266667,23.70280000,23.62816667,32.84550000,26.83402768,25.50760785,1.32641983,0.94204997,0.38436986,72.37927906,67.86228439,60.44191393,85.30407388,80.52232903,94.86756360,25.41250000,29.61851011,21.20648989,56383003.11773999,56791414.36296000
2024-09-27,29.15000000,30.85000000,28.93000000,30.43000000,66390948.59370000,1.27000000,4.35528121,6.58662093,28.54400000,27.68100000,26.54200000,25.84400000,24.98040000,24.57633333,24.70857143,24.58775000,24.14400000,23.85680000,23.68516667,32.75220000,27.38725419,25.87222949,1.51502470,1.05664491,0.45837978,78.09037941,71.58764269,62.81210142,87.92998865,82.99154890,97.80686815,25.84400000,30.25526023,21.43273977,62974656.89829998,59634585.64490000
2024-09-28,30.44000000,30.76000000,29.03000000,29.28000000,37547068.66220000,-1.15000000,-3.77916530,5.68331143,28.92200000,28.14100000,26.83333333,26.14550000,25.29640000,24.78933333,24.77057143,24.78950000,24.32911111,24.00760000,23.73433333,32.62120000,27.67844585,26.12465694,1.55378892,1.15607371,0.39771520,63.76402017,64.23250837,59.44658388,80.05938637,82.01416139,76.14983633,26.14550000,30.63385910,21.65714090,59248995.95257999,58513928.07127999
2024-09-29,29.29000000,29.47000000,28.24000000,29.04000000,37840831.39860000,-0.24000000,-0.81967213,4.19938546,29.03800000,28.37900000,27.08133333,26.40550000,25.58200000,24.98100000,24.83114286,24.95900000,24.52688889,24.15660000,23.79000000,32.49245000,27.88791572,26.34060828,1.54730745,1.23432046,0.31298699,60.96310454,62.76436771,58.76094706,72.99413637,79.00748638,60.96743634,26.40550000,30.93380385,21.87719615,56404234.35077999,54666910.66421000
2024-09-30,29.04000000,29.12000000,27.56000000,27.71000000,59979330.25050000,-1.33000000,-4.57988981,5.37190083,29.12400000,28.38300000,27.34200000,26.57300000,25.83520000,25.14433333,24.88171429,25.06350000,24.69022222,24.30280000,23.82333333,32.36125000,27.86054407,26.44204470,1.41849937,1.27115624,0.14734313,47.18105935,55.14455370,55.08694244,58.20821213,72.07439496,30.47584645,26.57300000,31.02999498,22.11600502,56542444.77335999,51323514.53587000
2024-10-01,27.71000000,28.89000000,25.00000000,25.82000000,94507403.53530000,-1.89000000,-6.82064237,14.03825334,28.45600000,28.18600000,27.49533333,26.70000000,26.02120000,25.29100000,24.93114286,25.07850000,24.80400000,24.39400000,23.86033333,32.19855000,27.54661422,26.39596732,1.15064690,1.24705437,-0.09640747,34.05315599,46.40998670,50.41296392,43.47783942,62.54220978,5.34909870,26.70000000,30.89920795,22.50079205,59253116.48806000,57818059.80290000
2024-10-02,25.82000000,26.78000000,25.03000000,25.33000000,54444077.26510000,-0.49000000,-1.89775368,6.77769171,27.43600000,27.99000000,27.59933333,26.76550000,26.16240000,25.38966667,24.98485714,25.04950000,24.90422222,24.47320000,23.90466667,32.05800000,27.20559664,26.31700677,0.88858987,1.17536147,-0.28677160,31.34018723,44.42004398,49.28175737,30.86556816,51.98332924,-11.36995400,26.76550000,30.82731435,22.70368565,56863742.22233999,59919199.56032000
2024-10-03,25.33000000,25.67000000,23.90000000,24.66000000,55724653.94270000,-0.67000000,-2.64508488,6.98776155,26.51200000,27.71700000,27.59800000,26.75300000,26.21880000,25.49900000,25.03542857,24.98825000,24.98088889,24.54740000,23.96150000,31.88905000,26.81396639,26.19426553,0.61970086,1.06422935,-0.44452849,27.71697907,41.74980075,47.75291846,24.22212937,42.72959595,-12.79280378,26.75300000,30.84031594,22.66568406,60499259.27844000,59874127.61551000
2024-10-04,24.66000000,26.50000000,24.44000000,26.27000000,46297749.99780000,1.61000000,6.52879157,8.35360908,25.95800000,27.49800000,27.57200000,26.80050000,26.31600000,25.64466667,25.12057143,24.97200000,25.07000000,24.67000000,24.07366667,31.71715000,26.73027925,26.19987549,0.53040376,0.95746423,-0.42706047,45.78914721,49.67949533,51.52376535,27.51499272,37.65806154,7.22885509,26.80050000,30.83949141,22.76150859,62190642.99827999,59297438.67452999
2024-10-05,26.27000000,26.45000000,25.10000000,25.67000000,27258996.91850000,-0.60000000,-2.28397411,5.13894176,25.55000000,27.33700000,27.43866667,26.89400000,26.36840000,25.78766667,25.20228571,24.96525000,25.11755556,24.77620000,24.15333333,31.57735000,26.56715937,26.16062546,0.40653391,0.84727817,-0.44074426,41.18432815,47.07420587,50.11716054,26.83253712,34.04955340,12.39850455,26.89400000,30.72157529,23.06642471,55646576.33188000,56094510.55262001
2024-10-06,25.67000000,27.08000000,25.49000000,26.94000000,32687088.21070000,1.27000000,4.94740943,6.19400078,25.77400000,27.11500000,27.38200000,27.06500000,26.51480000,25.98000000,25.36000000,25.03650000,25.15577778,24.90100000,24.27150000,31.42675000,26.62451947,26.21835690,0.40616256,0.75905505,-0.35289249,53.15123429,52.79090709,52.95392809,32.65998101,33.58636260,30.80721783,27.06500000,30.54796607,23.58203393,43282513.26695999,51267814.87751000
2024-10-07,26.93000000,27.74000000,26.51000000,26.56000000,48317380.61450000,-0.38000000,-1.41054195,4.56739696,26.02000000,26.72800000,27.33333333,27.20450000,26.61640000,26.13866667,25.47971429,25.11425000,25.15733333,25.01580000,24.33533333,31.29045000,26.61459339,26.24366380,0.37092960,0.68142996,-0.31050036,49.53262815,50.99304052,52.03010133,37.69193228,34.95488583,43.16602519,27.20450000,30.33772753,24.07127247,42057173.93683998,49460458.07959000
2024-10-08,26.57000000,27.19000000,26.03000000,26.34000000,34934854.72370000,-0.22000000,-0.82831325,4.36582612,26.35600000,26.43400000,27.26333333,27.28750000,26.67360000,26.24166667,25.62142857,25.20050000,25.14022222,25.11840000,24.41200000,31.15495000,26.57234826,26.25079981,0.32154844,0.60945365,-0.28790521,47.29561189,49.91931181,51.48745574,40.70905320,36.87294162,48.38127635,27.28750000,30.22071361,24.35428639,37899214.09303999,49199236.68574001
2024-10-09,26.34000000,26.70000000,25.68000000,25.76000000,42119019.95670000,-0.58000000,-2.20197418,3.87243736,26.25400000,26.10600000,27.08333333,27.24250000,26.69120000,26.30566667,25.73171429,25.26225000,25.11444444,25.18840000,24.48150000,31.01650000,26.44737160,26.21444427,0.23292733,0.53414839,-0.30122106,41.38291749,47.06887542,50.05141525,39.56421850,37.77003391,43.15258767,27.24250000,30.24308854,24.24191146,37063468.08481999,49627055.54155000
2024-10-10,25.76000000,26.37000000,25.06000000,25.86000000,33682369.14920000,0.10000000,0.38819876,5.08540373,26.29200000,25.92100000,26.98866667,27.15200000,26.77360000,26.35566667,25.85971429,25.33850000,25.11266667,25.23500000,24.57250000,30.86740000,26.35700674,26.18818914,0.16881760,0.46108223,-0.29226463,42.86084008,47.63131388,50.30080010,43.39003455,39.64336746,50.88336874,27.15200000,30.20698798,24.09701202,38348142.53095999,46997359.43142001
2024-10-11,25.85000000,27.60000000,25.75000000,27.45000000,36241553.54280000,1.59000000,6.14849188,7.15667311,26.39400000,26.08400000,26.87466667,27.13500000,26.93080000,26.49466667,26.03914286,25.48925000,25.18733333,25.27960000,24.67566667,30.71585000,26.52515955,26.28165661,0.24350294,0.41756637,-0.17406344,61.42028185,55.78127901,54.10281210,59.74266192,46.34313228,86.54172121,27.13500000,30.17880302,24.09119698,39059035.59737999,41170774.43217000
2024-10-12,27.46000000,29.37000000,27.39000000,28.64000000,59088021.32940000,1.19000000,4.33515483,7.21048798,26.81000000,26.41500000,26.75533333,27.20250000,27.12560000,26.64866667,26.23457143,25.64600000,25.30266667,25.32260000,24.79683333,30.58015000,26.85051962,26.45634871,0.39417090,0.41288728,-0.01871638,70.13300122,60.76645018,56.69032349,68.22600721,53.63742392,97.40317377,27.20250000,30.31976516,24.08523484,41213163.74035998,41635168.83860000
2024-10-13,28.63000000,29.36000000,28.30000000,29.06000000,46283905.10460000,0.42000000,1.46648045,3.70241006,27.35400000,26.85500000,26.74066667,27.28600000,27.30080000,26.78700000,26.40057143,25.83800000,25.43977778,25.36160000,24.93200000,30.45495000,27.19043968,26.64921177,0.54122790,0.43855540,0.10267250,72.74034669,62.39863163,57.57125494,76.41981300,61.23155362,106.79633177,27.28600000,30.51198267,24.06001733,43482973.81653999,40691093.95479000
2024-10-14,29.05000000,29.87000000,28.65000000,29.07000000,58934697.38770000,0.01000000,0.03441156,4.19965577,28.01600000,27.13500000,26.74266667,27.31650000,27.39720000,26.91200000,26.55000000,26.01725000,25.56822222,25.40460000,25.08083333,30.32715000,27.47960280,26.82852942,0.65107338,0.48105900,0.17001438,72.80816975,62.43921842,57.59268543,78.73586979,67.06632567,102.07495802,27.31650000,30.60023520,24.03276480,46846109.30273999,41954788.69378000
2024-10-15,29.07000000,29.62000000,27.45000000,28.21000000,80098151.23860000,-0.86000000,-2.95837633,7.46474028,28.48600000,27.38900000,26.77600000,27.36300000,27.41880000,27.05900000,26.66000000,26.18800000,25.68822222,25.45000000,25.21166667,30.20155000,27.59197160,26.93086057,0.66111103,0.51706941,0.14404162,57.93297690,56.69761878,55.09539511,74.32010169,69.48425101,83.99180304,27.36300000,30.67080958,24.05519042,56129265.72061999,47238704.12579000
2024-10-16,28.21000000,28.22000000,27.25000000,28.02000000,54092851.61230000,-0.19000000,-0.67352003,3.43849699,28.60000000,27.49700000,26.92266667,27.30600000,27.42800000,27.20900000,26.79542857,26.35925000,25.83488889,25.52860000,25.33366667,30.07700000,27.65782213,27.01153757,0.64628456,0.54291244,0.10337212,54.95626960,55.46830139,54.55009477,70.05955497,69.67601900,70.82662692,27.30600000,30.52142598,24.09057402,59699525.33451998,49379280.46595000
2024-10-17,28.03000000,28.27000000,26.82000000,27.31000000,36337925.13130000,-0.71000000,-2.53390435,5.17302890,28.33400000,27.57200000,27.05466667,27.15000000,27.42880000,27.32700000,26.88942857,26.49700000,25.94466667,25.60580000,25.44183333,29.94325000,27.60431103,27.03364590,0.57066513,0.54846298,0.02220216,44.66510278,50.96372764,52.52307149,62.29888557,67.21697452,52.46270767,27.15000000,30.01040115,24.28959885,55149506.09489999,48181334.91763000
2024-10-18,27.31000000,28.17000000,27.10000000,28.10000000,24778156.15310000,0.79000000,2.89271329,3.91797876,28.14200000,27.74800000,27.28400000,27.09100000,27.45720000,27.44100000,26.98057143,26.61825000,26.09400000,25.71000000,25.55666667,29.82685000,27.68057087,27.11263509,0.56793578,0.55235754,0.01557825,55.73325147,55.36374037,54.48667561,62.59981145,65.67792017,56.44359402,27.09100000,29.81168026,24.37031974,50848356.30459999,47165665.06057000
2024-10-19,28.10000000,28.46000000,27.71000000,28.10000000,16538971.60940000,0.00000000,0.00000000,2.66903915,27.94800000,27.98200000,27.40600000,27.04400000,27.44280000,27.48900000,27.06000000,26.72475000,26.23177778,25.80620000,25.65400000,29.73305000,27.74509843,27.18577323,0.55932520,0.55375107,0.00557413,55.73325147,55.36374037,54.48667561,60.74615262,64.03399765,54.17046255,27.04400000,29.65310471,24.43489529,42369211.14893998,44607660.22584000
2024-10-20,28.10000000,29.00000000,27.76000000,28.96000000,25017782.38930000,0.86000000,3.06049822,4.41281139,28.09800000,28.29200000,27.62533333,27.10650000,27.51000000,27.53200000,27.20742857,26.83975000,26.40022222,25.92920000,25.74450000,29.64840000,27.93200636,27.31719744,0.61480893,0.56596264,0.04884629,66.29996774,60.01223273,56.61365160,63.88541322,63.98446951,63.68730065,27.10650000,29.83971307,24.37328693,31353137.37907999,43741201.54985000
2024-10-21,28.97000000,29.32000000,27.38000000,27.75000000,42865094.75060000,-1.21000000,-4.17817680,6.69658267,28.04400000,28.32200000,27.67933333,27.20300000,27.45360000,27.53066667,27.32828571,26.95150000,26.54644444,26.05580000,25.78666667,29.55465000,27.90400538,27.34925689,0.55474850,0.56371981,-0.00897131,47.25505895,51.74158481,52.97872334,52.75420991,60.24104964,37.78053044,27.20300000,29.88068242,24.52531758,29107586.00673999,44403555.67063000
2024-10-22,27.75000000,28.23000000,27.24000000,27.64000000,36359773.81130000,-0.11000000,-0.39639640,3.56756757,28.11000000,28.22200000,27.75133333,27.31850000,27.34200000,27.54233333,27.43885714,27.04200000,26.67622222,26.16120000,25.80583333,29.46635000,27.86338917,27.37079341,0.49259576,0.54949500,-0.05689924,45.81923250,51.04393137,52.65800060,44.13122190,54.87110706,22.65145159,27.31850000,29.85137667,24.78562333,29111955.74273999,42130730.91882000
2024-10-23,27.65000000,27.71000000,25.89000000,26.75000000,45278205.20170000,-0.89000000,-3.21997106,6.58227848,27.84000000,27.99100000,27.77866667,27.42300000,27.24080000,27.52100000,27.49800000,27.08800000,26.75400000,26.26860000,25.79983333,29.35915000,27.69209853,27.32480871,0.36728981,0.51305396,-0.14576415,35.38145754,45.61523209,50.09749903,37.10624803,48.94948738,13.41976931,27.42300000,29.64777060,25.19822940,33211965.55245999,42030160.92853000
2024-10-24,26.75000000,27.24000000,26.38000000,26.83000000,35524442.59940000,0.08000000,0.29906542,3.21495327,27.58600000,27.76700000,27.85000000,27.45100000,27.15240000,27.46666667,27.50285714,27.12575000,26.82044444,26.36720000,25.79833333,29.24670000,27.55946799,27.28815622,0.27131177,0.46470553,-0.19339376,36.93118740,46.17655364,50.32406263,33.87258129,43.92385202,13.77003983,27.45100000,29.62825950,25.27374050,37009059.75045999,39689135.44970000
2024-10-25,26.84000000,26.89000000,24.01000000,24.93000000,53725297.04260000,-1.90000000,-7.08162505,10.73025335,26.78000000,27.43900000,27.78800000,27.41400000,27.04120000,27.38833333,27.42457143,27.15400000,26.83311111,26.43820000,25.78150000,29.12205000,27.15493445,27.11347798,0.04145647,0.38005571,-0.33859924,21.93704096,36.43363437,45.23445601,28.35698765,38.73489723,7.60116850,27.41400000,29.73884431,25.08915569,42750562.68111999,37051850.03010000
2024-10-26,24.94000000,25.68000000,24.56000000,25.41000000,26269037.03880000,0.48000000,1.92539110,4.49077787,26.31200000,27.17800000,27.65200000,27.33750000,27.02480000,27.26333333,27.35657143,27.20125000,26.88044444,26.52300000,25.80350000,29.01675000,26.88648300,26.98729443,-0.10081143,0.28388229,-0.38469371,30.49224937,39.92684085,46.65665323,27.69310790,35.05430079,12.97072213,27.33750000,29.82314616,24.85185384,39431351.13875999,34269468.57275000
2024-10-27,25.41000000,25.94000000,25.25000000,25.77000000,15291541.58100000,0.36000000,1.41676505,2.71546635,25.93800000,27.02400000,27.46066667,27.29800000,27.04240000,27.10800000,27.31314286,27.25125000,26.91933333,26.60240000,25.84216667,28.90910000,26.71471638,26.89712447,-0.18240809,0.19062421,-0.37303230,36.73258808,42.51163895,47.71917903,29.51040841,33.20633666,22.11855190,27.29800000,29.85961627,24.73638373,35217704.69269998,32164830.21772000
2024-10-28,25.77000000,26.54000000,25.05000000,26.25000000,39155059.55000000,0.48000000,1.86263097,5.78191696,25.83800000,26.83900000,27.27333333,27.29350000,27.10600000,27.00700000,27.28057143,27.29050000,26.94911111,26.66240000,25.89816667,28.81030000,26.64322155,26.84918932,-0.20596777,0.11130582,-0.31727358,44.67922174,45.89765888,49.12896108,33.73512475,33.38259936,34.44017554,27.29350000,29.86250780,24.72449220,33993075.56235999,33602520.55741000
2024-10-29,26.26000000,27.16000000,26.17000000,26.88000000,39886683.75370000,0.63000000,2.40000000,3.76999238,25.84800000,26.71700000,27.12733333,27.34950000,27.13040000,26.93500000,27.23542857,27.29600000,26.98377778,26.72320000,25.95800000,28.74800000,26.67964901,26.85147159,-0.17182259,0.05468013,-0.22650272,53.81568633,50.10541777,50.94077254,40.50640457,35.75720110,50.00481153,27.34950000,29.82488174,24.87411826,34865523.79321999,35937291.77184000
2024-10-30,26.88000000,26.91000000,26.01000000,26.18000000,43220750.80530000,-0.70000000,-2.60416667,3.34821429,26.09800000,26.43900000,26.99200000,27.36550000,27.15080000,26.88400000,27.20400000,27.25875000,27.03666667,26.75960000,26.01416667,28.70945000,26.60277993,26.80173296,-0.19895303,0.00395350,-0.20290653,44.10378075,45.78883173,48.92065985,44.14487003,38.55309074,55.32842861,27.36550000,29.80420954,24.92679046,32764614.54575999,37757588.61344000
2024-10-31,26.17000000,26.23000000,24.68000000,25.03000000,35186075.72170000,-1.15000000,-4.39266616,5.92281238,26.02200000,26.16700000,26.79266667,27.24450000,27.07440000,26.85766667,27.08600000,27.18975000,27.07022222,26.79460000,26.07433333,28.64825000,26.36081379,26.67049348,-0.30967969,-0.05877314,-0.25090656,32.53028645,39.66465448,45.80663775,38.61910254,38.57509467,38.70711828,27.24450000,29.89638295,24.59261705,34548022.28233999,36989686.71055000
2024-11-01,25.03000000,25.71000000,24.40000000,24.78000000,39162928.63680000,-0.25000000,-0.99880144,5.23371954,25.82400000,25.88100000,26.62400000,27.05150000,27.00320000,26.83933333,26.92457143,27.12700000,27.09266667,26.80980000,26.11450000,28.59635000,26.11761167,26.53045693,-0.41284526,-0.12958756,-0.28325770,30.44606768,38.44521238,45.15462336,33.69240479,36.94753138,27.18215161,27.05150000,29.83436694,24.26863306,39322299.69349999,37270002.19310000
2024-11-02,24.79000000,25.02000000,23.96000000,24.12000000,18214287.55240000,-0.66000000,-2.66343826,4.27591771,25.39800000,25.61800000,26.35866667,26.80450000,26.91440000,26.82133333,26.77714286,27.04525000,27.08022222,26.79400000,26.16016667,28.54315000,25.81028679,26.35190456,-0.54161777,-0.21199360,-0.32962416,25.30899717,35.31807462,43.45084036,24.12826986,32.67444421,7.03592117,26.80450000,29.71093913,23.89806087,35134145.29397999,34563610.42817000
2024-11-03,24.13000000,24.20000000,22.60000000,23.54000000,42845339.89920000,-0.58000000,-2.40464345,6.63075010,24.73000000,25.28900000,26.05466667,26.52800000,26.82560000,26.73033333,26.62000000,26.92225000,27.01088889,26.75840000,26.18750000,28.49295000,25.46101190,26.14361533,-0.68260343,-0.30611557,-0.37648786,21.48599090,32.76323225,41.99770821,22.95685827,29.43524889,10.00007702,26.52800000,29.57570906,23.48029094,35725876.52307999,35295700.15815000
2024-11-04,23.53000000,23.94000000,22.35000000,22.72000000,39369761.11750000,-0.82000000,-3.48343246,6.75733107,24.03800000,25.06800000,25.63866667,26.25350000,26.70000000,26.63200000,26.47742857,26.80825000,26.90088889,26.73680000,26.20983333,28.43230000,25.03931776,25.89001420,-0.85069643,-0.41503174,-0.43566469,17.10300880,29.47477631,40.02307409,17.86867474,25.57972418,2.44657588,26.25350000,29.63410272,22.87289728,34955678.58551998,33860146.56564000
2024-11-05,22.72000000,24.51000000,22.59000000,23.99000000,40421717.80390000,1.27000000,5.58978873,8.45070423,23.83000000,24.92600000,25.38800000,26.05200000,26.56160000,26.53366667,26.42514286,26.67900000,26.81644444,26.74620000,26.25683333,28.37890000,24.87788426,25.74927241,-0.87138814,-0.50630302,-0.36508512,39.89171848,39.70056792,44.25864396,23.27766119,24.81236985,20.20824388,26.05200000,29.46948199,22.63451801,36002807.00195999,35275414.64215000
2024-11-06,24.00000000,27.30000000,24.00000000,27.01000000,95661304.15019999,3.02000000,12.58857857,13.75000000,24.27600000,25.05000000,25.34600000,26.03700000,26.49640000,26.54866667,26.47314286,26.59350000,26.81022222,26.81100000,26.34366667,28.32240000,25.20590207,25.84265963,-0.63675757,-0.53239393,-0.10436364,66.31551948,56.18205115,52.56992694,46.89891218,32.17455063,76.34763528,26.03700000,29.43380407,22.64019593,47302482.10463999,43312390.89907000
2024-11-07,27.01000000,28.00000000,26.51000000,27.38000000,62873205.23140000,0.37000000,1.36986301,5.51647538,24.92800000,25.16300000,25.38800000,26.00100000,26.42920000,26.58333333,26.55085714,26.54600000,26.81000000,26.86500000,26.41250000,28.27355000,25.54037867,25.95653670,-0.41615803,-0.50914675,0.09298872,68.36040023,57.72636651,53.45712770,60.94145768,41.76351964,99.29733374,26.00100000,29.32011783,22.68188217,56234265.64043999,45684205.46721000
2024-11-08,27.39000000,28.79000000,27.10000000,28.78000000,67829426.47640000,1.40000000,5.11322133,6.17013509,25.97600000,25.35300000,25.51800000,26.03500000,26.41760000,26.68400000,26.62257143,26.53950000,26.81711111,26.90740000,26.49483333,28.22150000,26.03878195,26.16568213,-0.12690018,-0.43269744,0.30579726,75.19712029,63.09521878,56.65812650,73.90921195,52.47875041,116.77013503,26.03500000,29.45698773,22.61301227,61231082.95587999,48478479.73948000
2024-11-09,28.78000000,30.48000000,28.49000000,30.36000000,82497709.14340000,1.58000000,5.48992356,6.91452397,27.50400000,25.77100000,25.88000000,26.10500000,26.50360000,26.83400000,26.75657143,26.60575000,26.88555556,26.96120000,26.59483333,28.18180000,26.70358473,26.47637234,0.22721239,-0.30071547,0.52792786,80.81216370,68.08542560,59.90548165,82.11413638,62.35721240,121.62798434,26.10500000,29.82336127,22.38663873,69856672.56105998,52406175.57329000
2024-11-10,30.37000000,33.29000000,29.69000000,31.89000000,194206289.38450000,1.53000000,5.03952569,11.85380310,29.08400000,26.45700000,26.31200000,26.31200000,26.65840000,26.98200000,26.89800000,26.75750000,26.94622222,27.04320000,26.73833333,28.15940000,27.50149477,26.87738180,0.62411297,-0.11574978,0.73986276,84.80853811,72.07440064,62.72731001,83.81039927,69.50827469,112.41464842,26.31200000,30.79771346,21.82628654,100613586.87718000,68308196.93956999
2024-11-11,31.89000000,35.79000000,30.70000000,35.71000000,232582798.02919999,3.82000000,11.97867670,15.96111634,30.82400000,27.55000000,26.97466667,26.71550000,26.99440000,27.21766667,27.15942857,27.01700000,27.06355556,27.21160000,26.93316667,28.16000000,28.76434173,27.53164981,1.23269192,0.15393856,1.07875336,90.64572399,79.16674585,68.50262069,89.00852015,76.00835651,115.00884742,26.71550000,32.85219369,20.57880631,127997885.65298000,87650183.87881000
2024-11-12,35.72000000,37.67000000,32.66000000,33.96000000,316778934.58850002,-1.75000000,-4.90058807,14.02575588,32.14000000,28.53400000,27.48866667,27.07600000,27.22880000,27.38100000,27.37714286,27.24950000,27.16755556,27.34300000,27.08400000,28.15770000,29.56367377,28.00782390,1.55584987,0.43432082,1.12152905,74.83761790,70.25017217,63.77854028,84.60011004,78.87227435,96.05578141,27.07600000,34.01578128,20.13621872,178779031.52440000,117506648.58242002
2024-11-13,33.96000000,35.05000000,31.20000000,33.12000000,271484932.74250001,-0.84000000,-2.47349823,11.33686690,33.00800000,29.49200000,27.90466667,27.39050000,27.42960000,27.51600000,27.58742857,27.42075000,27.25822222,27.43620000,27.21400000,28.15095000,30.11080088,28.38650361,1.72429727,0.69231611,1.03198116,68.00630494,66.33774971,61.64911889,79.67593543,79.14016138,80.74748353,27.39050000,34.83508680,19.94591320,219510132.77761999,140370607.86675000
2024-11-14,33.11000000,34.72000000,30.68000000,31.21000000,136834420.79920000,-1.91000000,-5.76690821,12.20175174,33.17800000,30.34100000,28.24000000,27.70450000,27.51960000,27.61600000,27.74028571,27.55925000,27.33600000,27.51480000,27.33750000,28.13725000,30.27990844,28.59565149,1.68425695,0.89070428,0.79355267,54.44559812,58.28575602,57.12387314,70.69836807,76.32623027,59.44264366,27.70450000,35.24130785,20.16769215,230377475.10878000,150117073.83491999
2024-11-15,31.21000000,33.30000000,30.59000000,33.13000000,95198522.40960000,1.92000000,6.15187440,8.68311439,33.42600000,31.25500000,28.78000000,28.09050000,27.73480000,27.78633333,27.90257143,27.71400000,27.49844444,27.59420000,27.49766667,28.12650000,30.71838406,28.93152916,1.78685491,1.06993440,0.71692050,63.27848791,63.18594441,60.18913890,66.90524419,73.18590158,54.34392940,28.09050000,35.91768468,20.26331532,210575921.71380001,155594754.29549000
2024-11-16,33.13000000,35.74000000,32.79000000,35.14000000,141387216.15300000,2.01000000,6.06700875,8.90431633,33.31200000,32.06800000,29.47066667,28.55900000,28.03480000,28.04733333,28.08828571,27.92850000,27.71644444,27.68840000,27.68716667,28.13865000,31.39863267,29.39141589,2.00721678,1.25739088,0.74982590,70.47122210,67.54058643,63.07300313,69.95827380,72.11002565,65.65477009,28.55900000,36.90580878,20.21219122,192336805.33856001,160167345.49577004
2024-11-17,35.15000000,37.27000000,33.08000000,34.71000000,202935987.02289999,-0.43000000,-1.22367672,11.92034139,33.46200000,32.80100000,30.17666667,28.98200000,28.35320000,28.26766667,28.24971429,28.13775000,27.93977778,27.79700000,27.85433333,28.14555000,31.90807380,29.78538508,2.12268872,1.43045045,0.69223827,67.09732150,65.72616548,62.06929861,69.22417963,71.14807698,65.37638493,28.98200000,37.68594369,20.27805631,169568215.82543999,174173623.67492002
2024-11-18,34.72000000,36.16000000,34.06000000,35.48000000,156459725.77559999,0.77000000,2.21838087,6.04838710,33.93400000,33.47100000,30.97266667,29.41200000,28.69920000,28.51366667,28.43285714,28.38075000,28.14444444,27.92580000,28.00133333,28.15505000,32.45760091,30.20720841,2.25039250,1.59443886,0.65595364,70.16653880,67.43513133,63.16459951,70.33491674,70.87702357,69.25070310,29.41200000,38.51909521,20.30490479,146563174.43206000,183036653.60483998
2024-11-19,35.48000000,35.63000000,33.52000000,34.20000000,103415382.17490000,-1.28000000,-3.60766629,5.94701240,34.53200000,33.85500000,31.73800000,29.81300000,29.07000000,28.68833333,28.60400000,28.58925000,28.33400000,28.05560000,28.11016667,28.14835000,32.72566230,30.50297075,2.22269156,1.72008940,0.50260216,59.15841289,61.84309824,60.15164398,63.88617802,68.54674172,54.56505062,29.81300000,39.02653947,20.59946053,139879366.70719999,185128420.90799001
2024-11-20,34.20000000,35.75000000,32.77000000,33.59000000,123686935.66769999,-0.61000000,-1.78362573,8.71345029,34.62400000,34.02500000,32.37800000,30.24100000,29.39720000,28.88300000,28.76314286,28.74275000,28.48177778,28.21100000,28.20683333,28.12950000,32.85863733,30.73163958,2.12699775,1.80147107,0.32552668,54.28776836,59.28714734,58.75788274,56.71507913,64.60285419,40.93952902,30.24100000,39.31321530,21.16878470,145577049.35881999,178076485.53631002
2024-11-21,33.60000000,36.20000000,32.31000000,35.84000000,146592209.79499999,2.25000000,6.69842215,11.57738095,34.76400000,34.03800000,32.96666667,30.79400000,29.80000000,29.15633333,29.00685714,28.92275000,28.68800000,28.42120000,28.34933333,28.12195000,33.31730851,31.11003665,2.20727186,1.88263123,0.32464064,66.49698380,65.09241577,62.13477720,64.00765754,64.40445531,63.21406202,30.79400000,39.81280235,21.77519765,146618048.08722001,169477426.71289000
2024-11-22,35.84000000,43.52000000,35.18000000,43.17000000,313578549.61650002,7.33000000,20.45200893,23.27008929,36.45600000,34.95900000,34.01933333,31.74650000,30.47680000,29.70366667,29.43742857,29.27550000,29.06200000,28.79140000,28.61233333,28.15225000,34.83310720,32.00336727,2.82973994,2.07205297,0.75768697,83.61020102,76.83265696,70.37946619,75.10281062,67.97057375,89.36728438,31.74650000,41.76582086,21.72717914,168746560.60594001,169157388.21569002
2024-11-23,43.18000000,45.27000000,40.69000000,41.44000000,334734194.35380000,-1.73000000,-4.00741256,10.60676239,37.64800000,35.79100000,34.86333333,32.64150000,31.05920000,30.19066667,29.81857143,29.58475000,29.41044444,29.09480000,28.82866667,28.18290000,35.84955225,32.70237710,3.14717515,2.28707740,0.86009774,73.04321760,70.70962602,66.79751549,74.70523433,70.21546061,83.68478178,32.64150000,42.77153928,22.51146072,204401454.32157999,175482314.37682000
2024-11-24,41.44000000,43.14000000,38.31000000,42.06000000,241000210.30460000,0.62000000,1.49613900,11.65540541,39.22000000,36.87600000,35.64333333,33.60850000,31.69440000,30.76166667,30.19285714,29.93100000,29.77044444,29.42260000,29.07500000,28.22310000,36.80500575,33.39553435,3.40947140,2.51155620,0.89791519,74.43285297,71.59464971,67.41764878,74.88065005,71.77052375,81.10090263,33.60850000,43.43868183,23.77831817,231918419.94751996,185898893.32736000
2024-11-25,42.05000000,47.93000000,40.02000000,41.31000000,417727497.52340001,-0.75000000,-1.78316690,18.81093936,40.76400000,37.69400000,36.27133333,34.47450000,32.34560000,31.29166667,30.58028571,30.26325000,30.07844444,29.71000000,29.27750000,28.25430000,37.49808179,33.98179107,3.51629072,2.71250311,0.80378761,69.25072702,68.84936096,65.86482914,69.12657933,70.88920895,65.60132010,34.47450000,43.77421924,25.17478076,290726532.31866002,218151790.83874002
2024-11-26,41.31000000,43.35000000,38.50000000,42.72000000,267482961.01920000,1.41000000,3.41321714,11.74049867,42.14000000,38.45200000,36.73866667,35.26000000,33.06320000,31.85666667,31.01114286,30.64850000,30.39133333,30.03320000,29.48233333,28.29935000,38.30145382,34.62906580,3.67238802,2.90448009,0.76790793,73.42479084,71.12049913,67.34052828,68.29949506,70.02597098,64.84654320,35.26000000,44.55891901,25.96108099,314904682.56349999,230761365.32536000
2024-11-27,42.73000000,44.47000000,41.95000000,43.78000000,210644449.29719999,1.06000000,2.48127341,5.89749590,42.26200000,39.35900000,37.39333333,36.08000000,33.84960000,32.44100000,31.49771429,31.04050000,30.71844444,30.38200000,29.72400000,28.35080000,39.14430708,35.30691278,3.83739430,3.09106293,0.74633137,76.32412499,72.74987190,68.41177886,70.01016273,70.02070157,69.98908506,36.08000000,45.34544230,26.81455770,294317862.49963999,231532211.55278999
2024-11-28,43.78000000,44.24000000,41.51000000,42.77000000,115964045.75990000,-1.01000000,-2.30698949,6.23572407,42.52800000,40.08800000,38.03666667,36.77950000,34.61880000,32.97066667,31.95314286,31.40725000,31.02288889,30.72220000,29.95283333,28.39895000,39.70210599,35.85973406,3.84237193,3.24132473,0.60104720,67.85913146,68.71976551,66.25117853,68.99525147,69.67888487,67.62798467,36.77950000,45.83442126,27.72457874,250563832.78086001,227482643.55122000
2024-11-29,42.78000000,45.07000000,42.54000000,44.86000000,122489794.78800000,2.09000000,4.88660276,5.91397849,43.08800000,41.15400000,38.94666667,37.50450000,35.50440000,33.59333333,32.52257143,31.80475000,31.39288889,31.10220000,30.23866667,28.46095000,40.49562815,36.52642042,3.96920772,3.38690133,0.58230639,74.79946968,72.19668285,68.40574544,72.77873785,70.71216919,76.91187517,37.50450000,46.71584421,28.29315579,226861749.67754000,229390084.81252998
2024-11-30,44.86000000,46.26000000,43.65000000,44.81000000,114264133.79380000,-0.05000000,-0.11145787,5.81810076,43.78800000,42.27600000,39.72533333,38.15050000,36.33720000,34.25266667,33.07685714,32.23125000,31.76600000,31.44940000,30.55516667,28.52710000,41.15937766,37.14001891,4.01935875,3.51339281,0.50596594,74.33863772,71.98785142,68.29690019,73.69562916,71.70665585,77.67357577,38.15050000,47.51486128,28.78613872,166169076.93161997,228447804.62514001
2024-12-01,44.81000000,45.78000000,43.65000000,45.09000000,116980846.15560000,0.28000000,0.62486052,4.75340326,44.26200000,43.20100000,40.38866667,38.61950000,37.06040000,34.92966667,33.62885714,32.66750000,32.16111111,31.77840000,30.88450000,28.57925000,41.76408879,37.72890640,4.03518239,3.61775073,0.41743166,75.35881339,72.47425227,68.58895924,72.62314293,72.01215154,73.84512571,38.61950000,48.39955376,28.83944624,136068653.95890000,225486668.26120001
2024-12-02,45.09000000,52.49000000,45.00000000,52.27000000,637685454.45089996,7.18000000,15.92370814,16.61122200,45.96000000,44.11100000,41.55933333,39.53500000,38.05600000,35.86800000,34.37228571,33.30550000,32.69822222,32.24260000,31.34466667,28.66830000,43.38038282,38.80602444,4.57435838,3.80907226,0.76528612,88.91698088,81.47336125,74.80063017,81.23160163,75.08530157,93.52420176,39.53500000,50.79459053,28.27540947,221476854.98964000,257897358.74463996
2024-12-03,52.27000000,53.95000000,47.80000000,50.90000000,433373443.56309998,-1.37000000,-2.62100631,11.76583126,47.58600000,45.05700000,42.58733333,40.42400000,38.94080000,36.78000000,35.05857143,33.90725000,33.20488889,32.67920000,31.75516667,28.74065000,44.53724700,39.70187448,4.83537252,4.01433231,0.82104021,78.96821792,76.28215792,71.96702590,80.90736765,77.02599026,88.67012241,40.42400000,52.33950851,28.50849149,284958734.55027997,267761283.66557002
2024-12-04,50.90000000,55.79000000,50.83000000,52.76000000,361391902.15410000,1.86000000,3.65422397,9.74459725,49.16600000,46.12700000,43.82466667,41.50150000,39.83680000,37.78133333,35.81800000,34.60300000,33.73377778,33.17020000,32.20666667,28.81825000,45.80228593,40.66914304,5.13314289,4.23809443,0.89504846,82.21094802,78.32739845,73.39485227,81.43005154,78.49401069,87.30213324,41.50150000,53.80007377,29.20292623,332739156.02349997,279800452.85052001
2024-12-05,52.76000000,53.62000000,48.76000000,50.30000000,266029870.37270001,-2.46000000,-4.66262320,9.21152388,50.26400000,47.02600000,44.93866667,42.36000000,40.57320000,38.65833333,36.54000000,35.22525000,34.23488889,33.61580000,32.59600000,28.89175000,46.49424194,41.38253985,5.11170209,4.41281596,0.69888613,66.04868071,69.66044994,68.57454497,74.80490831,77.26430990,69.88610513,42.36000000,54.59499726,30.12500274,363092303.33928001,264630690.13544998
2024-12-06,50.29000000,53.55000000,49.62000000,52.47000000,183017115.24370000,2.17000000,4.31411531,7.81467489,51.74000000,48.00100000,46.04733333,43.22650000,41.24360000,39.50700000,37.33114286,35.89275000,34.78666667,34.11900000,33.02783333,28.95345000,47.41358933,42.20383320,5.20975614,4.57220399,0.63755214,71.89700123,72.58010466,70.36600593,75.45350563,76.66070847,73.03909995,43.22650000,55.75956578,30.69343422,376299557.15689999,256184105.55790001
2024-12-07,52.48000000,53.08000000,51.20000000,51.60000000,93826491.07300000,-0.87000000,-1.65809034,3.58231707,51.60600000,48.78300000,46.60933333,44.07100000,41.94920000,40.31433333,38.11628571,36.52650000,35.33888889,34.58900000,33.44883333,29.00545000,48.05765251,42.89984555,5.15780696,4.68932459,0.46848237,66.39464938,69.64865026,68.72694264,73.09478992,75.47206896,68.34023184,44.07100000,56.46319092,31.67880908,267527764.48131999,244502309.73547998
2024-12-08,51.60000000,54.39000000,50.35000000,53.98000000,136298773.01719999,2.38000000,4.61240310,7.82945736,52.22200000,49.90400000,47.44533333,44.99600000,42.78360000,41.15433333,38.98600000,37.20400000,35.94222222,35.10660000,33.91916667,29.07535000,48.96878289,43.72059773,5.24818516,4.80109670,0.44708846,73.14221013,72.91351014,70.67672613,77.09339646,76.01251146,79.25516647,44.99600000,57.44979570,32.54220430,208112830.37213999,246535782.46120995
2024-12-09,53.99000000,54.20000000,40.40000000,45.02000000,410835147.27899998,-8.96000000,-16.59874027,25.56028894,50.67400000,49.92000000,47.64266667,45.53700000,43.33600000,41.64300000,39.62314286,37.67500000,36.38866667,35.42780000,34.23850000,29.10785000,48.36127783,43.81684975,4.54442808,4.74976298,-0.20533490,38.35277137,50.57186601,56.77194188,61.40209537,71.14237276,41.92154058,45.53700000,56.90921193,34.16478807,218001479.39712000,275370317.71030998
2024-12-10,45.02000000,46.49000000,41.32000000,44.60000000,260398681.02320001,-0.42000000,-0.93291870,11.48378498,49.53400000,49.89900000,47.86200000,46.08750000,43.79480000,42.06666667,40.21200000,38.16425000,36.81511111,35.76480000,34.52433333,29.14080000,47.78261971,43.87486088,3.90775882,4.58136215,-0.67360332,37.35338855,49.79168781,56.23083008,50.03154636,64.10543063,21.88377782,46.08750000,55.99645794,36.17854206,216875241.52722001,289983772.43325001
2024-12-11,44.60000000,48.48000000,42.78000000,48.47000000,146677911.42260000,3.87000000,8.67713004,12.78026906,48.73400000,50.23700000,48.24533333,46.71900000,44.32800000,42.49200000,40.82514286,38.75650000,37.31955556,36.18140000,34.85483333,29.19175000,47.88837052,44.21524156,3.67312896,4.39971551,-0.72658655,51.36597384,56.53233211,59.90522725,50.83324663,59.68136930,33.13700130,46.71900000,55.41357883,38.02442117,209607400.76299998,292953478.95994997
2024-12-12,48.46000000,55.41000000,48.21000000,53.14000000,361910981.18839997,4.67000000,9.63482567,14.85761453,49.04200000,50.32400000,48.86933333,47.21750000,45.06520000,43.13133333,41.56114286,39.48200000,37.91711111,36.70920000,35.25616667,29.27365000,48.69631352,44.87633478,3.81997874,4.28376816,-0.46378941,63.26451306,63.06075500,63.73836552,61.48250663,60.28174841,63.88402309,47.21750000,56.19400002,38.24099998,263224298.78607997,265376031.63369998
2024-12-13,53.14000000,54.03000000,50.72000000,52.78000000,159498082.86420000,-0.36000000,-0.67745578,6.22882951,48.80200000,50.51200000,49.53666667,47.78450000,45.75720000,43.78666667,42.24685714,40.21300000,38.49266667,37.22820000,35.65133333,29.34625000,49.32457298,45.46179146,3.86278152,4.19957083,-0.33678931,61.86440634,62.27420862,63.25194750,68.48112035,63.01487239,79.41361626,47.78450000,56.65640118,38.91259882,267864160.75547999,237988495.56380996
2024-12-14,52.79000000,53.84000000,49.38000000,49.85000000,112587915.56919999,-2.93000000,-5.55134521,8.44856980,49.76800000,50.22100000,49.86933333,48.17400000,46.38320000,44.40800000,42.80371429,40.89125000,39.01866667,37.72660000,36.01200000,29.41040000,49.40540790,45.78684394,3.61856396,4.08336945,-0.46480550,50.86922377,56.06532917,59.40197070,66.64008956,64.22327811,71.47371245,48.17400000,56.66346939,39.68453061,208214714.41351998,213108096.90531999
2024-12-15,49.85000000,51.56000000,48.10000000,50.76000000,126223151.34980001,0.91000000,1.82547643,6.94082247,51.00000000,50.26700000,50.26600000,48.64650000,47.07000000,44.99566667,43.34285714,41.56050000,39.59044444,38.23360000,36.39100000,29.48320000,49.61380669,46.15522587,3.45858081,3.95841173,-0.49983091,53.92144142,57.50097179,60.18731989,67.43361067,65.29338896,71.71405408,48.64650000,56.55978603,40.73321397,181379608.47883999,199127425.00303000
2024-12-16,50.77000000,52.05000000,48.34000000,48.98000000,142060478.58039999,-1.78000000,-3.50669819,7.30746504,51.10200000,49.91800000,50.52533333,48.95950000,47.59560000,45.45700000,43.72200000,42.10975000,40.12822222,38.69780000,36.75216667,29.54820000,49.51629797,46.36446840,3.15182956,3.79709529,-0.64526573,47.05919619,53.75289890,57.90115732,64.00970447,64.86549413,62.29812515,48.95950000,56.36467451,41.55432549,180456121.91039997,195031761.33669999
2024-12-17,48.99000000,50.84000000,47.52000000,47.92000000,118587968.52689999,-1.06000000,-2.16414863,6.77689324,50.05800000,49.55000000,50.23533333,49.16650000,47.78560000,45.89733333,44.12085714,42.62325000,40.65711111,39.13120000,37.08250000,29.60770000,49.27071366,46.47969296,2.79102070,3.59588037,-0.80485968,43.13623439,51.56917634,56.56601681,59.37311411,63.03470079,52.04994074,49.16650000,56.18332572,42.14967428,131791519.37810001,197507909.08208999
2024-12-18,47.92000000,48.20000000,42.63000000,42.78000000,220212557.43529999,-5.14000000,-10.72621035,11.62353923,48.05800000,48.43000000,49.69400000,49.16700000,47.83920000,46.14066667,44.39685714,42.97325000,41.08466667,39.44920000,37.32716667,29.64280000,48.27214233,46.20564163,2.06650070,3.29000444,-1.22350374,29.04652015,42.44717420,50.65572501,43.03606235,56.36848798,16.37121109,49.16700000,56.18190773,42.15209227,143934414.29231998,205899287.52389997
2024-12-19,42.78000000,43.61000000,37.46000000,38.83000000,249266230.68410000,-3.95000000,-9.23328658,14.37587658,45.85400000,47.81100000,48.76533333,48.86550000,47.71000000,46.29500000,44.61457143,43.18500000,41.44266667,39.70220000,37.49166667,29.66240000,46.81950505,45.65929781,1.16020724,2.86404500,-1.70383776,22.32263085,36.96543540,46.73960706,31.23481223,47.99059606,-2.27675544,48.86550000,57.07624642,40.65475358,171270077.31529999,189742395.86440998
2024-12-20,38.84000000,40.39000000,33.60000000,39.86000000,236335621.78529999,1.03000000,2.65258820,17.48197734,43.67400000,47.33700000,48.06933333,48.61800000,47.65200000,46.50400000,44.80685714,43.38425000,41.79533333,39.99880000,37.69350000,29.68655000,45.74881196,45.22972019,0.51909177,2.39505435,-1.87596258,27.56915157,39.19905184,47.83687914,30.39068484,42.12395899,6.92413655,48.61800000,57.60517824,39.63082176,193292571.40239999,187336089.94062001
2024-12-21,39.85000000,42.36000000,36.93000000,37.42000000,108690002.07660000,-2.44000000,-6.12142499,13.62609787,41.36200000,46.23200000,47.06600000,48.23450000,47.44000000,46.55666667,44.87200000,43.42700000,42.02666667,40.25160000,37.85650000,29.69335000,44.46745628,44.65122240,-0.18376612,1.87929026,-2.06305638,23.12840134,35.91058490,45.51875675,26.49312094,36.91367964,5.65200355,48.23450000,58.42904441,38.03995559,186618476.10163999,183537299.00602001
2024-12-22,37.42000000,38.54000000,35.52000000,36.57000000,77612224.23740000,-0.85000000,-2.27151256,8.07055051,39.09200000,44.57500000,46.06400000,47.44950000,47.15160000,46.33666667,44.92514286,43.49225000,42.23088889,40.50060000,38.02016667,29.69335000,43.25246300,44.05261333,-0.80015033,1.34340214,-2.14355247,21.66929145,34.80108228,44.73081727,22.55338498,32.12691475,3.40632543,47.44950000,58.69894251,36.20005749,178423327.24374002,155107423.31092000
2024-12-23,36.57000000,39.74000000,35.62000000,39.11000000,118045262.30490001,2.54000000,6.94558381,11.26606508,38.35800000,43.20800000,45.07266667,46.86000000,47.00520000,46.25900000,45.02885714,43.64200000,42.46044444,40.81200000,38.22483333,29.70945000,42.61516100,43.68649383,-1.07133282,0.86045515,-1.93178797,36.12038504,40.76694598,47.56125099,24.99042287,29.74808412,15.47510035,46.86000000,58.57416956,35.14583044,157989868.21766001,150962141.25498998
2024-12-24,39.10000000,42.06000000,37.70000000,41.25000000,102505025.00550000,2.14000000,5.47174636,11.15089514,38.84200000,42.34800000,44.82133333,46.28450000,46.86080000,46.23200000,45.23028571,43.89300000,42.70244444,41.18260000,38.49683333,29.74815000,42.40513623,43.50601280,-1.10087657,0.46818880,-1.56906537,46.16229844,45.36205593,49.82047829,30.48142012,29.99252946,31.45920145,46.28450000,57.90880752,34.66019248,128637627.08194001,149953852.19861999
2024-12-25,41.25000000,41.90000000,39.83000000,40.25000000,49851890.42000000,-1.00000000,-2.42424242,5.01818182,38.92000000,41.29700000,44.53133333,45.78200000,46.67840000,46.19666667,45.42057143,44.07100000,42.88822222,41.50780000,38.74416667,29.78805000,42.07357681,43.26482667,-1.19124986,0.13630107,-1.32755093,42.42273964,43.63639512,48.79540212,33.17864203,31.05456698,37.42679213,45.78200000,57.54351011,34.02048989,91340880.80888000,142316726.10563999
2024-12-26,40.26000000,40.74000000,36.97000000,37.33000000,73445870.69350000,-2.92000000,-7.25465839,9.36413313,38.90200000,40.13200000,43.78866667,45.02500000,46.36800000,46.01700000,45.46314286,44.12575000,42.92422222,41.71420000,38.93683333,29.80980000,41.34379576,42.82520988,-1.48141412,-0.18724197,-1.29417215,33.04324011,38.92003131,45.91677208,30.63507642,30.91473680,30.07575568,45.02500000,56.92217614,33.12782386,84292054.53226000,135455265.31695002
2024-12-27,37.33000000,39.05000000,36.31000000,36.56000000,70181445.81190000,-0.77000000,-2.06268417,7.33994107,38.90000000,38.99600000,42.68333333,44.27300000,45.73960000,45.77633333,45.27428571,44.17200000,42.98200000,41.89780000,39.10866667,29.83120000,40.60782719,42.36112026,-1.75329307,-0.50045219,-1.25284089,30.88259304,37.74640336,45.18331231,30.28019414,30.70322258,29.43413726,44.27300000,56.32065817,32.22534183,82805898.84716001,130614613.04545000
2024-12-28,36.57000000,38.14000000,36.28000000,37.74000000,40337601.07820000,1.18000000,3.22757112,5.08613618,38.62600000,38.49200000,41.68066667,43.46100000,45.21320000,45.60866667,45.16857143,44.22850000,43.08466667,42.07700000,39.28966667,29.86215000,40.16662300,42.01881505,-1.85219205,-0.77080016,-1.08139189,38.30162833,40.73413596,46.54864459,35.94022075,32.44888863,42.92288498,43.46100000,54.92913599,31.99286401,67264366.60181999,112627117.40974002
2024-12-29,37.75000000,37.81000000,35.53000000,35.84000000,42295552.22930000,-1.90000000,-5.03444621,6.03973510,37.54400000,38.19300000,40.74666667,43.00200000,44.53640000,45.30800000,44.99085714,44.26950000,43.18755556,42.18660000,39.45066667,29.87500000,39.50098870,41.56112505,-2.06013636,-1.02866740,-1.03146896,31.72235084,37.56715307,44.67889689,25.51960136,30.13912621,16.28055166,43.00200000,54.93291270,31.07108730,55222472.04658000,91930049.56425999
2024-12-30,35.85000000,37.19000000,34.87000000,35.97000000,105411654.37000000,0.13000000,0.36272321,6.47140865,36.68800000,37.80400000,39.76066667,42.57050000,43.96320000,45.01333333,44.83828571,44.32900000,43.25066667,42.26820000,39.63300000,29.89990000,38.95775967,41.14696764,-2.18920797,-1.26077551,-0.92843246,32.67192343,37.92737127,44.83709317,22.11274305,27.46366515,11.41089883,42.57050000,54.87641039,30.26458961,66334424.83658000,78837652.82273000
2024-12-31,35.98000000,37.29000000,34.94000000,35.71000000,47951380.44690000,-0.26000000,-0.72282458,6.53140634,36.36400000,37.63300000,38.87600000,41.93250000,43.29280000,44.70066667,44.63800000,44.32575000,43.26333333,42.26820000,39.81516667,29.92700000,38.45810433,40.74422930,-2.28612496,-1.46584540,-0.82027956,31.61662249,37.45586132,44.57109896,18.63612633,24.52115221,6.86607457,41.93250000,54.27361464,29.59138536,61235526.78726001,72763790.65976000
2025-01-01,35.70000000,37.99000000,34.95000000,37.78000000,45581445.13640000,2.07000000,5.79669560,8.51540616,36.60800000,37.75400000,38.20000000,41.16450000,42.74000000,44.21766667,44.46657143,44.19100000,43.33155556,42.34460000,40.04283333,29.96585000,38.35378059,40.52465676,-2.17087617,-1.60685156,-0.56402461,47.74264586,43.55095366,47.17460099,25.91504389,24.98578277,27.77356612,41.16450000,52.43419383,29.89480617,56315526.65216000,69560712.74966000
2025-01-02,37.77000000,40.60000000,37.77000000,39.28000000,76293071.22950000,1.50000000,3.97035469,7.49271909,36.91600000,37.77100000,37.96666667,40.48950000,42.15200000,43.83033333,44.36685714,44.13700000,43.41600000,42.46780000,40.30516667,30.01185000,38.49627588,40.43245996,-1.93618408,-1.67271806,-0.26346602,56.63502545,47.58860546,48.98640776,38.18707999,29.38621518,55.78880962,40.48950000,50.36021687,30.61878313,63506620.68242000,65385493.64212000
2025-01-03,39.28000000,42.19000000,38.89000000,41.94000000,90014945.11820000,2.66000000,6.77189409,8.40122200,38.13600000,37.84000000,38.17400000,40.09400000,42.02880000,43.46966667,44.28342857,44.13400000,43.58800000,42.68240000,40.62550000,30.07920000,39.02607959,40.54412959,-1.51805000,-1.64178445,0.12373445,68.16341565,53.95938155,52.03083128,57.65295315,38.80846117,95.34193710,40.09400000,48.96920591,31.21879409,73050499.26019999,64136485.65339001
2025-01-04,41.93000000,42.85000000,40.89000000,42.63000000,68826668.92440000,0.69000000,1.64520744,4.67445743,39.46800000,38.07800000,38.35866667,39.68750000,41.95000000,43.21400000,44.22114286,44.16700000,43.78888889,42.87240000,40.93616667,30.15935000,39.58052889,40.69863851,-1.11810962,-1.53704948,0.41893986,70.59660419,55.49038606,52.79338922,70.84967135,49.48886456,113.57128494,39.68750000,47.13580571,32.23919429,65733502.17107999,66033963.50382999
2025-01-05,42.63000000,43.20000000,41.24000000,43.11000000,54687769.58800000,0.48000000,1.12596763,4.59770115,40.94800000,38.65600000,38.73800000,39.39400000,41.73560000,42.90200000,44.16457143,44.17675000,43.95044444,43.03180000,41.20450000,30.24020000,40.12352444,40.87725788,-0.75373344,-1.38038627,0.62665284,72.36004168,56.58597116,53.33191461,80.20630351,59.72801088,121.16288878,39.39400000,45.67106066,33.11693934,67080779.99930000,64158153.39328001
2025-01-06,43.11000000,45.05000000,42.03000000,44.05000000,102430295.04040000,0.94000000,2.18046857,7.00533519,42.20200000,39.40500000,39.23666667,39.20050000,41.37200000,42.65033333,43.92971429,44.18350000,43.97000000,43.21860000,41.48233333,30.32255000,40.72759761,41.11227582,-0.38467821,-1.18124466,0.79656645,75.77437167,58.75487402,54.39504233,83.52980810,67.66194329,115.26553774,39.20050000,44.53941168,33.86158832,78450549.98010001,67383038.31613000
2025-01-07,44.04000000,44.57000000,39.13000000,39.21000000,125638901.67209999,-4.84000000,-10.98751419,12.35240690,42.18800000,39.55200000,39.24333333,39.02200000,40.82920000,42.15800000,43.59571429,44.09450000,43.92044444,43.29320000,41.65616667,30.38120000,40.49412105,40.97136650,-0.47724544,-1.04044482,0.56319937,42.97426223,45.88008099,48.46333554,69.89740973,68.40709877,72.87803164,39.02200000,44.08879427,33.95520573,88319716.06862000,75913168.37552001
2025-01-08,39.20000000,39.93000000,36.19000000,37.43000000,113149764.62100001,-1.78000000,-4.53965825,9.54081633,41.28600000,39.71100000,38.98866667,38.95200000,40.33240000,41.90500000,43.15771429,43.90875000,43.81755556,43.35780000,41.77400000,30.44030000,40.02271781,40.70904305,-0.68632524,-0.96962090,0.28329566,36.08149837,42.17251367,46.51668859,54.80796652,63.87405469,36.67579020,38.95200000,44.06840334,33.83559666,92946679.96918000,82998589.61468999
2025-01-09,37.42000000,37.94000000,35.50000000,36.20000000,73080769.73530000,-1.23000000,-3.28613412,6.52057723,40.00000000,39.73400000,38.71866667,38.76900000,39.75000000,41.62500000,42.75485714,43.69350000,43.70400000,43.41000000,41.84583333,30.49585000,39.43460738,40.37503986,-0.94043248,-0.96378322,0.02335074,31.84598539,39.75100171,45.20735149,40.66405689,56.13738875,9.71739316,38.76900000,44.00898353,33.52901647,93797500.13135999,79765501.15121999
2025-01-10,36.21000000,37.93000000,35.95000000,36.67000000,77720625.26690000,0.47000000,1.29834254,5.46810273,38.71200000,39.83000000,38.67466667,38.73150000,39.25760000,41.23166667,42.30342857,43.48300000,43.56955556,43.42660000,41.86183333,30.55520000,39.00928317,40.10059247,-1.09130930,-0.98928843,-0.10202086,35.32709589,41.15936846,45.81547820,31.19314089,47.82263947,-2.06585625,38.73150000,44.02261778,33.44038222,98404071.26714000,82742425.63322000
2025-01-11,36.67000000,37.78000000,36.02000000,37.13000000,31797081.11180000,0.46000000,1.25443142,4.79956368,37.32800000,39.76500000,38.71266667,38.75950000,38.82600000,40.69800000,41.89000000,43.10450000,43.42177778,43.30580000,41.91466667,30.61385000,38.72016268,39.88054858,-1.16038590,-1.02350793,-0.13687797,38.98716106,42.59216858,46.42276724,26.48478154,40.71002016,-1.96569570,38.75950000,44.00821303,33.51078697,84277428.48142001,81363989.23076001
2025-01-12,37.14000000,37.63000000,36.11000000,36.56000000,29734176.15470000,-0.57000000,-1.53514678,4.09262251,36.79800000,39.49300000,38.63400000,38.63200000,38.57720000,40.15733333,41.39228571,42.74600000,43.28377778,43.20820000,41.97200000,30.66755000,38.38782996,39.63458202,-1.24675206,-1.06815675,-0.17859530,35.96097142,41.23486061,45.75963043,21.35634651,34.25879561,-4.44855170,38.63200000,43.96802493,33.29597507,65096483.37794000,76708099.72328000
2025-01-13,36.57000000,37.36000000,32.79000000,35.29000000,110252574.66970000,-1.27000000,-3.47374179,12.49658190,36.37000000,38.82800000,38.59733333,38.33400000,38.43560000,39.67200000,41.11428571,42.30925000,43.07111111,43.07280000,42.04000000,30.70445000,37.91124074,39.31276113,-1.40152039,-1.13482948,-0.26669091,29.78055866,38.27050523,44.28874858,21.03473671,29.85077598,3.40265819,38.33400000,43.71987783,32.94812217,64517045.38768001,78731862.67842999
2025-01-14,35.30000000,36.72000000,35.01000000,36.57000000,49231450.65720000,1.28000000,3.62708983,4.84419263,36.44400000,38.22200000,38.63733333,38.15000000,38.30400000,39.19900000,40.88485714,41.96600000,42.88800000,42.97800000,42.09733333,30.74750000,37.70489601,39.10959364,-1.40469763,-1.18880311,-0.21589452,41.86464660,42.79234040,46.11049989,24.30048244,28.00067813,16.90009106,38.15000000,43.51165725,32.78834275,59747181.57206000,76772340.85170999
2025-01-15,36.57000000,40.02000000,36.20000000,39.82000000,101398574.69730000,3.25000000,8.88706590,10.44572054,37.07400000,37.89300000,38.91133333,38.27450000,38.40000000,38.89366667,40.63771429,41.64975000,42.77088889,42.92000000,42.17533333,30.80780000,38.03029662,39.16221633,-1.13191971,-1.17742643,0.04550672,61.86189539,52.44191773,50.40707764,36.09279475,30.69805034,46.88228357,38.27450000,43.67150687,32.87749313,64482771.45813999,81443421.36263999
2025-01-16,39.83000000,40.53000000,38.34000000,40.06000000,99954575.88910000,0.24000000,0.60271220,5.49836806,37.66000000,37.49400000,39.06333333,38.44950000,38.53960000,38.63166667,40.26400000,41.36125000,42.49955556,42.84560000,42.26450000,30.86130000,38.34255868,39.22871882,-0.88616014,-1.11917317,0.23301303,62.99002211,53.07949558,50.70990109,55.37107936,38.92239334,88.26845139,38.44950000,43.83940274,33.05959726,78114270.41360000,81195849.44750999
2025-01-17,40.07000000,41.82000000,40.07000000,41.38000000,78772706.52810000,1.32000000,3.29505741,4.36735713,38.62400000,37.71100000,39.20333333,38.63150000,38.63040000,38.58500000,39.93828571,41.04625000,42.28800000,42.81780000,42.36283333,30.92405000,38.80985734,39.38807299,-0.57821564,-1.01098167,0.43276603,69.03522224,56.57269232,52.37874875,68.62317066,48.82265245,108.22420708,38.63150000,44.16445305,33.09854695,87921976.48828000,76509229.93311000
2025-01-18,41.37000000,41.68000000,38.30000000,39.25000000,96055274.18310000,-2.13000000,-5.14741421,8.17017162,39.41600000,37.89300000,39.02400000,38.80200000,38.55040000,38.59900000,39.63542857,40.90200000,41.98777778,42.70560000,42.44700000,30.97675000,38.87757160,39.37784536,-0.50027376,-0.90884009,0.40856633,52.44701214,50.01761810,49.55372324,69.59521824,55.74684105,97.29197263,38.80200000,44.18077153,33.42322847,85082516.39096001,74799780.88931999
2025-01-19,39.25000000,40.57000000,34.86000000,35.68000000,204328955.07600001,-3.57000000,-9.09554140,14.54777070,39.23800000,37.84100000,38.56066667,38.78750000,38.36760000,38.45966667,39.20457143,40.67900000,41.66288889,42.52300000,42.48183333,31.02260000,38.38563751,39.10393089,-0.71829338,-0.87073074,0.15243736,35.35881195,41.27344645,45.28234366,57.06495539,56.18621249,58.82244117,38.78750000,44.19987520,33.37512480,116102017.27472000,87924599.42339000
2025-01-20,35.68000000,40.24000000,34.49000000,36.03000000,260134821.68610001,0.35000000,0.98094170,16.11547085,38.48000000,37.77700000,38.08866667,38.80350000,38.31560000,38.41333333,38.83457143,40.36800000,41.29755556,42.34180000,42.48500000,31.08055000,38.02323174,38.87623230,-0.85300057,-0.86718471,0.01418414,37.74513873,42.35133367,45.76063193,50.00343648,54.12528716,41.75973513,38.80350000,44.17933785,33.42766215,147849266.67248002,106166019.06531000
2025-01-21,36.04000000,37.59000000,34.52000000,36.95000000,96599835.12130000,0.92000000,2.55342770,8.51831299,37.85800000,37.75900000,37.61533333,38.76200000,38.33120000,38.42600000,38.52114286,39.96325000,40.97200000,42.03540000,42.38133333,31.13965000,37.85811916,38.73354843,-0.87542927,-0.86883362,-0.00659565,44.23831916,45.23377173,47.03059339,48.69184433,52.31413955,41.44725389,38.76200000,44.18372472,33.34027528,147178318.51892000,112646294.46626000
2025-01-22,36.96000000,37.77000000,36.50000000,36.80000000,57918690.42780000,-0.15000000,-0.40595399,3.43614719,36.94200000,37.78300000,37.45466667,38.63800000,38.29360000,38.34900000,38.35028571,39.56375000,40.59022222,41.75340000,42.30400000,31.18660000,37.69533160,38.59032262,-0.89499102,-0.87406510,-0.02092592,43.35362273,44.83504048,46.84399124,42.96600445,49.19809451,30.50182432,38.63800000,44.12291366,33.15308634,143007515.29886001,115464745.89356999
2025-01-23,36.80000000,36.96000000,34.64000000,35.56000000,94707000.30010000,-1.24000000,-3.36956522,6.30434783,36.20400000,37.81000000,37.33000000,38.31900000,38.28240000,38.15933333,38.25685714,39.20650000,40.38000000,41.40940000,42.19566667,31.23565000,37.36681904,38.36585428,-0.99903523,-0.89905913,-0.09997611,36.17672751,41.53337065,45.29378791,33.50985108,43.96868004,12.59219317,38.31900000,43.73702022,32.90097978,142737860.52226001,113910188.45661001
2025-01-24,35.56000000,36.79000000,34.56000000,35.34000000,62133579.02960000,-0.22000000,-0.61867267,6.27109111,36.13600000,37.68700000,37.27266667,37.95450000,38.25720000,37.99566667,38.12771429,38.82100000,40.17422222,41.11020000,42.09616667,31.28630000,37.05500073,38.14171692,-1.08671619,-0.93659054,-0.15012565,34.94509901,40.94971524,45.01798097,26.20529408,38.04755138,2.52077947,37.95450000,43.12666223,32.78233777,114298785.31298001,115200401.29384999
2025-01-25,35.35000000,37.26000000,34.90000000,36.61000000,52088486.77230000,1.27000000,3.59366157,6.67609618,36.25200000,37.36600000,37.26866667,37.62950000,38.29320000,37.97166667,38.10457143,38.51175000,39.91066667,40.79300000,41.99433333,31.33720000,36.98653908,38.02825641,-1.04171733,-0.95761590,-0.08410143,47.35966129,45.75062638,46.96337194,27.11094185,34.40201487,12.52879580,37.62950000,42.22204533,33.03695467,72689518.33022000,110269392.50135000
2025-01-26,36.61000000,38.16000000,35.71000000,35.75000000,57086352.31270000,-0.86000000,-2.34908495,6.69216061,36.01200000,36.93500000,37.17666667,37.21450000,38.21200000,37.94466667,38.08114286,38.20750000,39.52422222,40.47600000,41.86050000,31.38720000,36.79630230,37.85949668,-1.06319438,-0.97873159,-0.08446278,41.00155612,43.15852741,45.81786122,23.91540768,30.90647914,9.93326477,37.21450000,40.74033532,33.68866468,64786821.76850001,105982570.14371000
2025-01-27,35.74000000,36.06000000,32.87000000,34.20000000,130216503.94589999,-1.55000000,-4.33566434,8.92557359,35.49200000,36.21700000,37.01933333,36.96400000,38.00880000,37.82666667,37.94085714,37.99300000,39.11133333,40.08040000,41.71766667,31.43215000,36.39687118,37.58842285,-1.19155167,-1.02129561,-0.17025606,31.77533678,38.83265748,43.80824823,21.70118088,27.83804639,9.42744986,36.96400000,40.60296689,33.32503311,79246384.47212000,111126949.88549002
2025-01-28,34.20000000,34.52000000,31.84000000,32.08000000,57137570.95170000,-2.12000000,-6.19883041,7.83625731,34.79600000,35.50000000,36.80533333,36.69650000,37.61440000,37.70133333,37.67885714,37.82425000,38.71644444,39.82160000,41.50466667,31.46275000,35.73273715,37.18039153,-1.44765438,-1.10656736,-0.34108701,23.20510767,33.78061378,41.22746338,15.41983487,23.69864255,-1.13778048,36.69650000,40.92933046,32.46366954,71732498.60244000,107235179.56235000
2025-01-29,32.08000000,33.84000000,31.89000000,32.80000000,68039294.09119999,0.72000000,2.24438903,6.07855362,34.28800000,35.21200000,36.55400000,36.52650000,37.22120000,37.59566667,37.46600000,37.64775000,38.31733333,39.58560000,41.30450000,31.49745000,35.28154682,36.85591808,-1.57437126,-1.20012814,-0.37424312,30.81047983,36.82567343,42.42938683,15.34318105,20.91348872,4.20256573,36.52650000,41.10248433,31.95051567,72913641.61476001,93606213.46386999
2025-01-30,32.80000000,34.70000000,32.44000000,34.29000000,48115679.59650000,1.49000000,4.54268293,6.89024390,33.82400000,35.03800000,36.18533333,36.40750000,36.86840000,37.54833333,37.37914286,37.56950000,37.99088889,39.30200000,41.12450000,31.53715000,35.12900115,36.66585007,-1.53684892,-1.26747230,-0.26937662,44.46786413,42.76719920,44.86424075,23.15072830,21.65923524,26.13371440,36.40750000,41.09031011,31.72468989,72119080.17960000,72404299.25491001
2025-01-31,34.29000000,36.17000000,33.80000000,34.42000000,70087463.15080000,0.13000000,0.37911928,6.91163605,33.55800000,34.78500000,35.80933333,36.27200000,36.48320000,37.43633333,37.31800000,37.51575000,37.69088889,38.92760000,40.82700000,31.57015000,35.01992405,36.49949081,-1.47956676,-1.30989119,-0.16967557,45.59227772,43.27498161,45.07572444,29.04141380,24.11996143,38.88431854,36.27200000,41.02311776,31.52088224,74719302.34721999,69753062.05785999
2025-02-01,34.42000000,35.10000000,31.87000000,32.11000000,54567232.23560000,-2.31000000,-6.71121441,9.38407902,33.14000000,34.31600000,35.19133333,36.04950000,36.19920000,37.19733333,37.15714286,37.34075000,37.45377778,38.51420000,40.51383333,31.59065000,34.57224343,36.17434334,-1.60209991,-1.36833293,-0.23376698,31.84375897,36.92452740,42.08277149,20.78499317,23.00830534,16.33836882,36.04950000,41.14793103,30.95106897,59589448.00516001,69417916.23864000
2025-02-02,32.11000000,32.59000000,25.91000000,27.63000000,169857544.97200000,-4.48000000,-13.95203986,20.80348801,32.25000000,33.52300000,34.41666667,35.66650000,35.80720000,36.72033333,36.92257143,37.00025000,37.20488889,38.06980000,40.09500000,31.59260000,33.50420598,35.54142902,-2.03722304,-1.50211096,-0.53511209,18.71183641,28.17650919,37.09788003,18.53693422,21.51784830,12.57510606,35.66650000,42.00516755,29.32783245,82133442.80922000,76932970.70583001
2025-02-03,27.63000000,28.78000000,21.20000000,28.39000000,412423278.61820000,0.76000000,2.75063337,27.43394861,31.36800000,32.82800000,33.93066667,35.25750000,35.49480000,36.24566667,36.70600000,36.70375000,36.95000000,37.62240000,39.72983333,31.59885000,32.71740506,35.01169354,-2.29428848,-1.66054646,-0.63374202,25.00746159,31.19332931,38.38976318,26.48924546,23.17498069,33.11777499,35.25750000,42.36027003,28.15472997,151010239.71461999,111961940.66469002
2025-02-04,28.40000000,28.64000000,25.54000000,26.46000000,125115874.64980000,-1.93000000,-6.79816837,10.91549296,29.80200000,31.81300000,33.29266667,34.58950000,35.08640000,35.69066667,36.44171429,36.43200000,36.70644444,37.17200000,39.29633333,31.59035000,31.75472736,34.37823476,-2.62350740,-1.85313865,-0.77036875,20.23235606,27.94192144,36.40830230,29.37181049,25.24059062,37.63425022,34.58950000,42.36651736,26.81248264,166410278.72527999,119264679.45243999
2025-02-05,26.47000000,27.41000000,25.62000000,25.84000000,61967111.55630000,-0.62000000,-2.34315949,6.76237250,28.08600000,30.82200000,32.55200000,33.87850000,34.63480000,35.08366667,36.10057143,36.16400000,36.46800000,36.73040000,38.86700000,31.57400000,30.84476930,33.74577292,-2.90100362,-2.06271164,-0.83829198,18.84518686,26.95721302,35.78909148,29.91298165,26.79805430,36.14283636,33.87850000,42.13499926,25.62200074,164786208.40638000,119752755.37680002
2025-02-06,25.85000000,26.82000000,24.28000000,24.50000000,53648955.70170000,-1.34000000,-5.18575851,9.82591876,26.56400000,29.85200000,31.73200000,33.03450000,34.15240000,34.59333333,35.67828571,35.83300000,36.14333333,36.36480000,38.37566667,31.53330000,29.86865095,33.06090085,-3.19224991,-2.28861929,-0.90363061,16.00007497,24.88915284,34.46706862,27.29001716,26.96204192,27.94596764,33.03450000,41.51039145,24.55860855,164602553.09959999,112096000.55238001
2025-02-07,24.50000000,26.22000000,23.71000000,24.46000000,70197288.25720000,-0.04000000,-0.16326531,10.24489796,25.93000000,29.09000000,30.99200000,32.29500000,33.71920000,34.16100000,35.17885714,35.54850000,35.77022222,36.07740000,38.03300000,31.49625000,29.03655080,32.42379709,-3.38724628,-2.50834469,-0.87890159,15.91401226,24.82712903,34.42745616,25.45230714,26.45879699,23.43932744,32.29500000,41.06331497,23.52668503,144670501.75663999,113401972.28293002
2025-02-08,24.46000000,24.82000000,23.91000000,24.58000000,30238254.65430000,0.12000000,0.49059689,3.72035977,25.16800000,28.26800000,30.27466667,31.74000000,33.23960000,33.77366667,34.66314286,35.26375000,35.42200000,35.77180000,37.69933333,31.47005000,28.35092760,31.84277508,-3.49184748,-2.70504525,-0.78680223,17.51132459,25.43525240,34.66252469,24.49436820,25.80398739,21.87512981,31.74000000,40.99769552,22.48230448,68233496.96386001,109621868.33924000
2025-02-09,24.59000000,25.52000000,23.66000000,24.87000000,47747381.89610000,0.29000000,1.17982099,7.56405043,24.85000000,27.32600000,29.49200000,31.18200000,32.64160000,33.38033333,34.14200000,34.99275000,35.14511111,35.52080000,37.30600000,31.45250000,27.81540028,31.32627322,-3.51087294,-2.86621079,-0.64466216,21.81827112,26.99230927,35.24788940,25.13053803,25.57950427,24.23260555,31.18200000,40.69281290,21.67118710,52759798.41312000,109585038.56920001
2025-02-10,24.87000000,25.99000000,23.86000000,25.67000000,51027513.99930000,0.80000000,3.21672698,8.56453559,24.81600000,26.45100000,28.82000000,30.61800000,32.06600000,32.99833333,33.61685714,34.69000000,34.90311111,35.30280000,36.84816667,31.44465000,27.48533870,30.90729002,-3.42195132,-2.97735890,-0.44459243,33.33991051,31.30900354,36.87581798,29.83534259,26.99811705,35.50979368,30.61800000,40.02588382,21.21011618,50571878.90172000,107679043.65405002
2025-02-11,25.66000000,27.02000000,24.88000000,25.39000000,54579420.51820000,-0.28000000,-1.09076743,8.33982853,24.99400000,25.77900000,28.23266667,30.04750000,31.42640000,32.62600000,33.22200000,34.34275000,34.62866667,35.02840000,36.39166667,31.42800000,27.16297890,30.49860187,-3.33562297,-3.04901171,-0.28661126,31.39660540,30.61778862,36.54030829,38.31591001,30.77071470,53.40630063,30.04750000,39.25870342,20.83629658,50757971.86502001,107680262.48231001
2025-02-12,25.39000000,27.09000000,24.29000000,26.49000000,72789130.04130000,1.10000000,4.33241434,11.02796377,25.40000000,25.66500000,27.86000000,29.59400000,30.91600000,32.33266667,32.90942857,33.95650000,34.42088889,34.73320000,36.00233333,31.42025000,27.05944368,30.20166840,-3.14222472,-3.06765431,-0.07457040,46.18432629,36.61505314,38.82210020,44.48637642,35.34260194,62.77392538,29.59400000,38.55208579,20.63591421,51276340.22184000,97973420.98924001
2025-02-13,26.50000000,26.62000000,25.09000000,25.39000000,40864349.80230000,-1.10000000,-4.15251038,5.77358491,25.56200000,25.36500000,27.36600000,29.09650000,30.50440000,31.96000000,32.60057143,33.52550000,34.18577778,34.43600000,35.57950000,31.41020000,26.80260619,29.84524852,-3.04264233,-3.06265192,0.02000959,36.69311803,33.45991445,37.41817464,45.03536206,38.57352198,57.95904221,29.09650000,37.81286881,20.38013119,53401559.25144000,60817528.10765000
2025-02-14,25.40000000,27.23000000,25.30000000,26.39000000,50962705.42600000,1.00000000,3.93855849,7.59842520,25.86600000,25.35800000,26.83933333,28.58550000,30.11880000,31.51233333,32.30685714,33.10750000,33.97866667,34.21720000,35.20300000,31.40710000,26.73912832,29.58930418,-2.85017587,-3.02015671,0.16998084,48.28670145,38.69863026,39.49383090,55.51377078,44.22027158,78.10076919,28.58550000,36.61874271,20.55225729,54044623.95742001,53402211.18527000
2025-02-15,26.38000000,26.97000000,25.38000000,25.48000000,22959101.30970000,-0.91000000,-3.44827586,6.02729340,25.82800000,25.32200000,26.24333333,28.07200000,29.66000000,31.02633333,31.97400000,32.64325000,33.70533333,33.99560000,34.82900000,31.40285000,26.54541627,29.28491128,-2.73949501,-2.96402437,0.22452935,40.23954466,35.89329503,38.28797772,54.00264458,47.48106258,67.04580857,28.07200000,35.46434483,20.67965517,48430941.41950000,49501410.16061001
2025-02-16,25.49000000,25.59000000,24.74000000,24.85000000,26467002.95190000,-0.63000000,-2.47252747,3.33464104,25.72000000,25.35700000,25.75933333,27.60450000,29.18200000,30.47533333,31.63942857,32.28425000,33.38466667,33.73780000,34.53016667,31.39860000,26.28458300,28.95639933,-2.67181634,-2.90558276,0.23376642,35.34588078,34.03017403,37.46168292,47.11287416,47.35833311,46.62195627,27.60450000,34.53315742,20.67584258,42808457.90624000,46783214.88563000
2025-02-17,24.86000000,25.95000000,24.43000000,25.03000000,44270096.33290000,0.18000000,0.72434608,6.11423974,25.42800000,25.41400000,25.58600000,27.25200000,28.76080000,30.00133333,31.34628571,31.97425000,33.00888889,33.52160000,34.30016667,31.39520000,26.09157023,28.66555494,-2.57398471,-2.83926315,0.26527844,37.93379268,35.08049836,37.86148845,44.20036615,46.30567746,39.98974355,27.25200000,33.93493538,20.56906462,37104651.16456001,44190495.69320000
2025-02-18,25.04000000,25.12000000,22.93000000,23.52000000,51671352.22500000,-1.51000000,-6.03276069,8.74600639,25.05400000,25.30800000,25.26133333,26.78800000,28.28800000,29.59600000,30.97342857,31.65725000,32.58422222,33.27260000,34.02783333,31.39480000,25.69594404,28.28440272,-2.58845868,-2.78910226,0.20064357,27.03880989,30.61916717,35.85498461,34.04055418,42.21730303,17.68705648,26.78800000,33.12891675,20.44708325,39266051.64910000,46333805.45027000
2025-02-19,23.53000000,24.02000000,22.98000000,23.74000000,39830964.99590000,0.22000000,0.93537415,4.41988950,24.52400000,25.19500000,25.08000000,26.26050000,27.77320000,29.18633333,30.51400000,31.33400000,32.15377778,33.03320000,33.79983333,31.40015000,25.39502957,27.94778030,-2.55275073,-2.74183195,0.18908122,30.52733016,31.99378387,36.36766805,28.97277255,37.80245954,11.31339859,26.26050000,31.65893047,20.86206953,37039703.56308000,45542163.76025000
2025-02-20,23.73000000,25.35000000,23.72000000,25.15000000,49698632.51280000,1.41000000,5.93934288,6.86894227,24.45800000,25.14300000,25.03400000,25.79700000,27.34920000,28.79300000,30.08800000,31.03450000,31.73377778,32.78060000,33.60950000,31.41965000,25.35733271,27.74053731,-2.38320460,-2.67010648,0.28690188,49.20579524,40.26812209,39.59637915,36.52448403,37.37646770,34.82051668,25.79700000,29.60249796,21.99150204,42387609.80370001,45409275.61160000
2025-02-21,25.15000000,26.54000000,23.77000000,24.54000000,93158496.78420000,-0.61000000,-2.42544732,11.01391650,24.39600000,25.05800000,25.03666667,25.41850000,26.96280000,28.38433333,29.60685714,30.73400000,31.40777778,32.48580000,33.36666667,31.44465000,25.23158922,27.50346047,-2.27187125,-2.59045944,0.31858818,43.17893537,38.08138450,38.70970243,36.83027617,37.19440386,36.10202080,25.41850000,27.83116199,23.00583801,55725908.57016001,49267183.23819999
2025-02-22,24.54000000,26.37000000,24.44000000,25.83000000,55008685.35410000,1.29000000,5.25672372,7.86471068,24.55600000,24.99200000,25.12800000,25.32850000,26.71280000,28.06000000,29.22342857,30.49750000,31.15000000,32.16360000,33.10966667,31.46935000,25.32365242,27.37950044,-2.05584802,-2.48353715,0.42768913,56.65244097,44.97495379,41.59571252,47.03413760,40.47431511,60.15378260,25.32850000,27.51775871,23.13924129,57873626.37440000,47489138.76948000
2025-02-23,25.84000000,25.98000000,24.40000000,24.85000000,34383537.23430000,-0.98000000,-3.79403794,6.11455108,24.82200000,24.93800000,25.14600000,25.15150000,26.39480000,27.71033333,28.91400000,30.20450000,30.89777778,31.80800000,32.85300000,31.49435000,25.25078281,27.19213004,-1.94134722,-2.37509917,0.43375194,46.58279132,41.17577592,40.09893010,47.19767589,42.71543537,56.16215694,25.15150000,26.80556389,23.49743611,54416063.37626000,46841057.51268000
2025-02-24,24.85000000,25.18000000,21.47000000,21.88000000,69436665.50740001,-2.97000000,-11.95171026,14.92957746,24.45000000,24.48700000,24.94666667,24.92250000,25.89840000,27.21933333,28.50971429,29.75600000,30.56911111,31.38340000,32.59550000,31.49010000,24.73220084,26.79863892,-2.06643808,-2.31336695,0.24692887,28.29357289,32.18671231,36.00206813,34.16071227,39.86386100,22.75441479,24.92250000,27.02199242,22.82300758,60337203.47855999,48688453.52082001
2025-02-25,21.88000000,22.34000000,20.30000000,21.94000000,121123997.59430000,0.06000000,0.27422303,9.32358318,23.80800000,24.13300000,24.69800000,24.72750000,25.39920000,26.75900000,28.08085714,29.30300000,30.23155556,30.94120000,32.35183333,31.49110000,24.30263148,26.43873974,-2.13610826,-2.27791521,0.14180695,28.96963984,32.51141535,36.13960791,31.53449194,37.08740465,20.42866652,24.72750000,27.16537548,22.28962452,74622276.49486001,58504943.14928000
2025-02-26,21.94000000,22.59000000,21.00000000,21.87000000,78322118.17500000,-0.07000000,-0.31905196,7.24703737,23.27400000,23.83500000,24.46333333,24.59600000,24.98960000,26.34800000,27.65428571,28.81525000,29.90511111,30.59440000,32.08733333,31.49250000,23.92838049,26.10031458,-2.17193409,-2.25671899,0.08478490,28.59223475,32.31448884,36.04530149,29.40974676,34.52818535,19.17286958,24.59600000,27.34891539,21.84308461,71655000.77302000,63690454.67159001
2025-02-27,21.88000000,23.39000000,21.65000000,22.52000000,61273125.58630000,0.65000000,2.97210791,7.95246801,22.61200000,23.58400000,24.19866667,24.49900000,24.78520000,26.02933333,27.28171429,28.39700000,29.62133333,30.29620000,31.86533333,31.50310000,23.71170656,25.83510609,-2.12339953,-2.23005510,0.10665557,37.64411261,36.22745366,37.62249344,31.46547220,33.50728097,27.38185466,24.49900000,27.40457287,21.59342713,72907888.81946000,65390757.59693000
2025-02-28,22.53000000,22.61000000,20.23000000,22.37000000,103422389.14540000,-0.15000000,-0.66607460,10.56369285,22.11600000,23.46900000,23.99733333,24.38850000,24.54440000,25.68166667,26.91114286,28.06425000,29.30577778,30.01960000,31.63866667,31.50865000,23.50529017,25.57843156,-2.07314139,-2.19867236,0.12553096,36.36748095,35.70776958,37.40039292,32.28178865,33.09878353,30.64779890,24.38850000,27.44526317,21.33173683,86715659.20168000,70565861.28897001
2025-03-01,22.38000000,22.50000000,21.05000000,21.86000000,34477528.88090000,-0.51000000,-2.27983907,6.47899911,22.11200000,23.28100000,23.69533333,24.23800000,24.36040000,25.26733333,26.48971429,27.71000000,28.90666667,29.72340000,31.40783333,31.51110000,23.25216861,25.30299219,-2.05082358,-2.16910260,0.11827902,31.94709594,33.90384632,36.63314016,30.13186333,32.10981013,26.17596972,24.23800000,27.48539637,20.99060363,79723831.87638000,70030517.67747000
2025-03-02,21.87000000,24.99000000,21.56000000,24.95000000,139096246.28029999,3.09000000,14.13540714,15.68358482,22.71400000,23.26100000,23.66000000,24.20200000,24.32480000,24.95166667,26.18114286,27.41000000,28.57088889,29.47980000,31.19400000,31.53110000,23.51337344,25.27684462,-1.76347118,-2.08797632,0.32450513,63.87319987,50.44939459,43.90815273,45.71223027,36.64395018,63.84879047,24.20200000,27.39811343,21.00588657,83318281.61358000,78970279.05422001
2025-03-03,24.95000000,25.12000000,20.58000000,20.95000000,115053851.08950000,-4.00000000,-16.03206413,18.19639279,22.53000000,22.90200000,23.40000000,23.98000000,24.18280000,24.57966667,25.80257143,27.01375000,28.11688889,29.16760000,30.88850000,31.53515000,23.11900829,24.95633761,-1.83732932,-2.03784692,0.20051760,36.94749729,37.27316127,38.01307563,34.64873323,35.97887786,31.98844396,23.98000000,27.43498572,20.52501428,90664628.19648001,81159814.48475000
2025-03-04,20.96000000,21.11000000,18.84000000,20.00000000,141421209.33690000,-0.95000000,-4.53460621,10.83015267,22.02600000,22.31900000,23.06466667,23.65550000,24.00440000,24.32533333,25.45742857,26.62475000,27.68911111,28.86180000,30.52283333,31.53335000,22.63916086,24.58920149,-1.95004063,-2.02028566,0.07024503,32.98466814,34.91079501,36.78899707,29.19799881,33.71858484,20.15682674,23.65550000,27.33001236,19.98098764,106694244.94660001,89801066.88303000
2025-03-05,19.99000000,22.48000000,19.69000000,21.73000000,106170321.92420000,1.73000000,8.65000000,13.95697849,21.89800000,22.00700000,22.94533333,23.47250000,23.89040000,24.10333333,25.14114286,26.28450000,27.37911111,28.56500000,30.17450000,31.53850000,22.49928996,24.37740879,-1.87811883,-1.99185229,0.11373347,45.70940164,42.18971837,40.43386350,34.80503530,34.08073499,36.25363591,23.47250000,27.14785104,19.79714896,107243831.50236000,96979745.35202000
2025-03-06,21.73000000,22.57000000,20.89000000,20.99000000,73529163.99969999,-0.74000000,-3.40543028,7.73124712,21.72400000,21.91800000,22.76200000,23.20250000,23.73520000,23.92100000,24.76114286,25.89400000,27.04488889,28.18840000,29.80583333,31.53935000,22.26709150,24.12648962,-1.85939811,-1.96536146,0.10596334,41.65004797,40.09730475,39.41932817,34.61524646,34.25890548,35.32792842,23.20250000,26.76715027,19.63784973,115054158.52611999,97388995.20124999
2025-03-07,21.00000000,21.32000000,19.68000000,20.14000000,99216520.79260001,-0.85000000,-4.04954740,7.80952381,20.76200000,21.73800000,22.42800000,22.93550000,23.51400000,23.73100000,24.35314286,25.50375000,26.67133333,27.79000000,29.40733333,31.53400000,21.93984666,23.83119409,-1.89134743,-1.95055865,0.05921122,37.10766791,37.75119979,38.26843953,29.97704329,32.83161809,24.26789370,22.93550000,26.58091803,19.29008197,107078213.42858000,95198247.52108000
2025-03-08,20.14000000,21.10000000,19.42000000,20.49000000,48799426.93910000,0.35000000,1.73783515,8.34160874,20.67000000,21.60000000,22.15800000,22.71750000,23.31800000,23.59733333,24.02114286,25.16100000,26.30888889,27.37220000,29.09533333,31.52515000,21.71679333,23.58369823,-1.86690491,-1.93382790,0.06692300,40.32355836,39.34536715,39.03324274,28.74265731,31.46863116,23.29070961,22.71750000,26.40211310,19.03288690,93827328.59850000,92245978.39748999
2025-03-09,20.50000000,20.69000000,17.76000000,17.97000000,53567494.22430000,-2.52000000,-12.29868228,14.29268293,20.26400000,21.14500000,21.63400000,22.36450000,22.97720000,23.38100000,23.74514286,24.80825000,25.91800000,26.94660000,28.77100000,31.49735000,21.14036358,23.16786873,-2.02750515,-1.95256335,-0.07494180,27.96767787,32.75636451,35.70939695,20.11285850,27.68337361,4.97182828,22.36450000,26.44749928,18.28150072,76256585.57597999,91475415.26128998
2025-03-10,17.98000000,19.06000000,16.14000000,16.26000000,97887232.21780001,-1.71000000,-9.51585977,16.24026696,19.17000000,20.53400000,21.06133333,22.00150000,22.61200000,23.10366667,23.39857143,24.39475000,25.49400000,26.55820000,28.43866667,31.45255000,20.38953842,22.65617475,-2.26663634,-2.01537795,-0.25125839,22.38287823,29.14349821,33.67872023,13.85400663,23.07358461,-4.58514934,22.00150000,26.86773285,17.13526715,74599967.63470000,90921899.56852999
2025-03-11,16.26000000,17.91000000,15.27000000,17.51000000,125898176.69610000,1.25000000,7.68757688,16.23616236,18.47400000,20.09900000,20.77000000,21.69000000,22.25680000,22.85833333,23.14285714,23.97525000,25.06955556,26.18780000,28.11933333,31.40765000,19.94653251,22.27497662,-2.32844412,-2.07799118,-0.25045293,33.95212731,34.87182235,36.43591461,16.81637667,20.98784863,8.47343275,21.69000000,26.87482807,16.50517193,85073770.17398000,100063964.35005000
2025-03-12,17.51000000,18.98000000,16.95000000,18.91000000,68699303.49439999,1.40000000,7.99543118,11.59337521,18.22800000,19.49500000,20.56800000,21.37800000,21.99400000,22.63300000,22.94485714,23.58750000,24.69533333,25.82700000,27.81566667,31.36665000,19.78706597,22.02571910,-2.23865313,-2.11012357,-0.12852956,44.97525724,40.72664779,39.38117327,27.83192235,23.26920654,36.95735396,21.37800000,26.43559502,16.32040498,78970326.71434000,93024270.07145999
2025-03-13,18.92000000,19.33000000,17.73000000,18.50000000,56114838.33780000,-0.41000000,-2.16816499,8.45665962,17.83000000,19.25000000,20.34333333,21.07600000,21.74000000,22.40333333,22.77342857,23.24725000,24.34644444,25.46100000,27.51466667,31.32455000,19.58905582,21.76455472,-2.17549890,-2.12319864,-0.05230026,42.48351236,39.58962086,38.83133722,33.30347334,26.61396214,46.68249576,21.07600000,26.05938460,16.09261540,80433408.99407999,87130368.79629001
2025-03-14,18.51000000,19.31000000,18.46000000,18.58000000,49382522.03370000,0.08000000,0.43243243,4.59211237,17.95200000,19.10800000,20.08066667,20.71350000,21.48200000,22.13966667,22.60542857,23.02100000,24.04644444,25.12140000,27.23616667,31.28775000,19.43381646,21.52866178,-2.09484532,-2.11752797,0.02268266,43.22007906,39.94650322,39.00472970,37.31647081,30.18146503,51.58648238,20.71350000,25.27797276,16.14902724,79596414.55596000,77926500.06597000
2025-03-15,18.58000000,19.47000000,18.37000000,19.40000000,47865003.70580000,0.82000000,4.41334769,5.92034446,18.58000000,18.87500000,19.88266667,20.44100000,21.31720000,21.94000000,22.45742857,22.79625000,23.74866667,24.80260000,26.95000000,31.26430000,19.42861393,21.37098313,-1.94236920,-2.08249622,0.14012702,50.94675311,43.66770633,40.79960045,47.63246815,35.99846607,70.90047230,20.44100000,24.59825061,16.28374939,69591968.85356000,72095968.24413000
2025-03-16,19.39000000,19.85000000,18.12000000,18.25000000,40969548.71150000,-1.15000000,-5.92783505,8.92212481,18.72800000,18.60100000,19.64200000,20.25950000,21.09760000,21.66866667,22.26828571,22.59100000,23.39222222,24.43540000,26.59050000,31.23830000,19.24728871,21.13979919,-1.89251048,-2.04449907,0.15198859,41.45333660,39.88639521,39.11518282,48.79328637,40.26340617,65.85304677,20.25950000,24.46886037,16.05013963,52606243.25664000,68840006.71531001
2025-03-17,18.26000000,19.09000000,18.20000000,18.82000000,36971660.98530000,0.57000000,3.12328767,4.87404162,18.71000000,18.46900000,19.23333333,20.10350000,20.84440000,21.44666667,22.07257143,22.41550000,23.04555556,24.09680000,26.23650000,31.21795000,19.18155198,20.96796221,-1.78641023,-1.99288130,0.20647107,47.29475267,42.57512800,40.38806299,54.36157591,44.96279608,73.15913556,20.10350000,24.28177098,15.92522902,46260714.75482000,62615520.73458000
2025-03-18,18.83000000,19.28000000,18.32000000,18.97000000,40601532.79850000,0.15000000,0.79702444,5.09824748,18.80400000,18.31700000,19.10133333,19.95850000,20.62160000,21.25066667,21.88914286,22.27725000,22.75355556,23.79220000,25.86300000,31.19635000,19.14900553,20.81996501,-1.67095949,-1.92849694,0.25753745,48.90463864,43.30314050,40.72833440,63.16972600,51.03177272,87.44563257,19.95850000,24.07953858,15.83746142,43158053.64696000,61795731.32052001
2025-03-19,18.97000000,20.10000000,18.84000000,19.74000000,63209350.02080000,0.77000000,4.05904059,6.64206642,19.03600000,18.49400000,19.08400000,19.81950000,20.37800000,21.07433333,21.69628571,22.15925000,22.57822222,23.54540000,25.53783333,31.18100000,19.23992775,20.73996760,-1.50003985,-1.84280552,0.34276567,56.99614472,47.06150115,42.48683438,72.96201195,58.34185247,102.20233093,19.81950000,23.76035470,15.87864530,45923419.24438000,62759916.90017001
2025-03-20,19.74000000,19.86000000,18.41000000,18.74000000,34882936.57820000,-1.00000000,-5.06585613,7.34549139,18.90400000,18.74200000,18.88466667,19.63800000,20.13360000,20.91500000,21.50628571,22.01325000,22.36377778,23.26420000,25.25550000,31.16760000,19.16301579,20.59182186,-1.42880607,-1.76000563,0.33119957,45.71408401,43.02114840,40.84464572,67.58314024,61.42228173,79.90485728,19.63800000,23.41523151,15.86076849,43327005.81885999,56459487.33621000
2025-03-21,18.75000000,19.49000000,18.36000000,19.18000000,26361091.90000000,0.44000000,2.34791889,6.02666667,19.09000000,18.90900000,18.76400000,19.50400000,20.02560000,20.76300000,21.30028571,21.87100000,22.20200000,22.96200000,24.97466667,31.15165000,19.16562875,20.48724246,-1.32161371,-1.67232725,0.35071353,50.85088324,45.27627235,41.87612222,65.44923836,62.76460060,70.81851388,19.50400000,23.13671335,15.87128665,40405314.45656000,46505778.85660000
2025-03-22,19.19000000,19.74000000,19.08000000,19.43000000,19927143.81460000,0.25000000,1.30344108,3.43929130,19.21200000,18.96100000,18.71666667,19.22800000,19.92520000,20.57233333,21.12742857,21.71500000,22.05955556,22.66220000,24.68266667,31.14190000,19.20630125,20.40892820,-1.20262696,-1.57838719,0.37576023,53.82965430,46.58660865,42.47085779,65.68669763,63.73863295,69.58282699,19.22800000,21.80346807,16.65253193,36996411.02242000,41628562.88862000
2025-03-23,19.43000000,19.85000000,19.31000000,19.82000000,18218893.49980000,0.39000000,2.00720535,2.77920741,19.38200000,19.09300000,18.67200000,19.17150000,19.84320000,20.41500000,20.98371429,21.57575000,21.95555556,22.41640000,24.39966667,31.13150000,19.30071644,20.36530389,-1.06458745,-1.47562724,0.41103979,58.53419621,48.67794690,43.41337893,72.41066037,66.62930875,83.97336361,19.17150000,21.63505562,16.70794438,32519883.16268000,37838968.40482000
2025-03-24,19.82000000,22.14000000,19.78000000,21.48000000,70137438.44960000,1.66000000,8.37537841,11.90716448,19.73000000,19.38300000,18.90600000,19.24550000,19.80160000,20.27000000,20.88228571,21.45050000,21.88933333,22.29340000,24.16500000,31.13200000,19.63599083,20.44787397,-0.81188314,-1.34287842,0.53099528,72.72793837,56.57316833,47.25167740,76.13447010,69.79769587,88.80801856,19.24550000,21.89568351,16.59531649,33905500.84844000,39914460.04641000
2025-03-25,21.49000000,23.46000000,21.29000000,22.90000000,55666156.96000000,1.42000000,6.61080074,10.09771987,20.56200000,19.73300000,19.34866667,19.30400000,19.82280000,20.20500000,20.86457143,21.38825000,21.85200000,22.18360000,23.95766667,31.14065000,20.13814609,20.62951294,-0.49136685,-1.17257611,0.68120926,79.81899696,62.02482935,50.26307156,80.54085079,73.37874751,94.86505735,19.30400000,22.22310873,16.38489127,38062144.92480000,40694575.37183000
2025-03-26,22.91000000,23.25000000,21.83000000,22.04000000,43449904.96550000,-0.86000000,-3.75545852,6.19816674,21.13400000,20.11200000,19.65066667,19.35650000,19.83000000,20.21033333,20.81600000,21.27950000,21.78911111,22.09520000,23.71483333,31.14185000,20.43073900,20.73399346,-0.30325446,-0.99871178,0.69545732,67.13310051,57.27442978,48.51278690,77.81841414,74.85863639,83.73796966,19.35650000,22.43661124,16.27638876,41479907.53790000,40942610.99723000
2025-03-27,22.05000000,22.38000000,21.63000000,22.02000000,32253008.44960000,-0.02000000,-0.09074410,3.40136054,21.65200000,20.43200000,19.85800000,19.45050000,19.71280000,20.21300000,20.72657143,21.19300000,21.70800000,22.01880000,23.48600000,31.13570000,20.67524069,20.82925321,-0.15401251,-0.82977193,0.67575941,66.83665668,57.16335834,48.47182652,75.80051139,75.17259472,77.05634473,19.45050000,22.73899014,16.16200986,43945080.46490000,40470745.74366000
2025-03-28,22.03000000,22.19000000,19.77000000,20.36000000,48054422.38700000,-1.66000000,-7.53860127,10.98502043,21.76000000,20.57100000,19.98200000,19.44400000,19.68920000,20.16266667,20.60714286,21.08075000,21.59622222,21.93600000,23.25533333,31.11830000,20.62674212,20.79449371,-0.16775159,-0.69736786,0.52961627,46.42047188,48.62510838,45.16883002,63.60556969,71.31691971,48.18286964,19.44400000,22.72434273,16.16365727,49912186.24234001,41216034.70251000
2025-03-29,20.37000000,20.54000000,19.46000000,19.60000000,36504610.33050000,-0.76000000,-3.73280943,5.30191458,21.38400000,20.55700000,20.05000000,19.52550000,19.67320000,20.06533333,20.42914286,20.94500000,21.44311111,21.83880000,23.04733333,31.09450000,20.46878180,20.70601269,-0.23723090,-0.60534047,0.36810957,39.74964230,45.24944992,43.74475259,50.50828829,64.38070924,22.76344639,19.52550000,22.73180612,16.31919388,43185620.61852000,38545560.73348000
2025-03-30,19.60000000,19.91000000,18.69000000,18.86000000,35696938.21000000,-0.74000000,-3.77551020,6.22448980,20.57600000,20.56900000,20.01400000,19.65550000,19.55840000,19.94833333,20.25800000,20.82850000,21.29800000,21.72440000,22.81500000,31.07240000,20.22127690,20.56927101,-0.34799411,-0.55387119,0.20587709,34.03492821,42.14189598,42.38697476,34.86017262,54.54053036,-4.50054286,19.65550000,22.49407989,16.81692011,39191776.86852000,38626960.89665999
2025-03-31,18.87000000,19.12000000,18.18000000,18.77000000,38779225.20740000,-0.09000000,-0.47720042,4.98145204,19.92200000,20.52800000,20.04866667,19.71850000,19.46960000,19.84533333,20.16914286,20.70425000,21.12866667,21.60240000,22.55633333,31.04615000,19.99800353,20.43599168,-0.43798814,-0.53069458,0.09270644,33.33547295,41.76137422,42.22066336,26.96486256,45.34864110,-9.80269452,19.71850000,22.40863226,17.02836774,38257640.91689999,39868774.22740000
2025-04-01,18.78000000,19.95000000,18.72000000,19.82000000,42539275.31530000,1.05000000,5.59403303,6.54952077,19.48200000,20.56700000,20.11533333,19.76400000,19.45680000,19.67433333,20.10857143,20.57100000,21.00288889,21.48540000,22.31300000,31.02070000,19.97061838,20.39036266,-0.41974429,-0.50850452,0.08876024,48.23038842,47.76436482,44.85473743,28.33011039,39.67579753,5.63873612,19.76400000,22.42720266,17.10079734,40314894.29004000,42129987.37747000
2025-04-02,19.83000000,19.90000000,17.76000000,17.99000000,79695314.82660000,-1.83000000,-9.23309788,10.79172970,19.00800000,20.38400000,20.05000000,19.73850000,19.35680000,19.57566667,19.99771429,20.40725000,20.85044444,21.33740000,22.07766667,30.98405000,19.66590786,20.21255802,-0.54665017,-0.51613365,-0.03051651,32.87039089,39.93750092,41.42060481,20.23176950,33.19445485,-5.69360120,19.73850000,22.46175096,17.01524904,46643072.77795999,48277629.51015000
2025-04-03,17.98000000,18.99000000,17.58000000,18.15000000,46698936.21020000,0.16000000,0.88938299,7.84204672,18.71800000,20.05100000,19.94400000,19.71700000,19.36400000,19.51400000,19.87285714,20.21525000,20.69755556,21.17060000,21.91966667,30.95580000,19.43269126,20.05977595,-0.62708468,-0.53832386,-0.08876082,35.04089473,40.86179332,41.82693862,16.83881635,27.74257535,-4.96870165,19.71700000,22.48518086,16.94881914,48681937.95390000,45933779.28621000
2025-04-04,18.16000000,18.77000000,17.61000000,18.19000000,46526960.44370000,0.04000000,0.22038567,6.38766520,18.58400000,19.58000000,19.90733333,19.65650000,19.44120000,19.39600000,19.75342857,20.04875000,20.57911111,21.02660000,21.74966667,30.92915000,19.24150799,19.92127403,-0.67976603,-0.56661229,-0.11315374,35.66493902,41.10895651,41.93201334,15.46198868,23.64904646,-0.91212689,19.65650000,22.50556097,16.80743903,50847942.40064000,45019859.63458000
2025-04-05,18.18000000,18.37000000,17.69000000,17.87000000,16053024.75340000,-0.32000000,-1.75920836,3.74037404,18.40400000,19.16300000,19.82000000,19.63750000,19.45560000,19.29200000,19.63942857,19.94850000,20.44866667,20.85620000,21.60650000,30.89965000,19.03050676,19.76932780,-0.73882104,-0.60105404,-0.13776700,32.65348555,39.66227858,41.30914545,12.40488327,19.90099206,-2.58733432,19.63750000,22.53077987,16.74422013,46302702.30984000,42280171.61337000
2025-04-06,17.88000000,17.92000000,15.62000000,16.04000000,50269103.40190000,-1.83000000,-10.24062675,12.86353468,17.64800000,18.56500000,19.59400000,19.49850000,19.34080000,19.15533333,19.38485714,19.80100000,20.24622222,20.66740000,21.44316667,30.85645000,18.57042880,19.49308130,-0.92265250,-0.66537373,-0.25727876,20.67394109,32.52217301,37.94560803,11.11545064,16.97247825,-0.59860460,19.49850000,22.79602236,16.20097764,47848667.92715999,44081781.10860000
2025-04-07,16.05000000,17.23000000,14.66000000,16.68000000,112072613.59960000,0.64000000,3.99002494,16.01246106,17.38600000,18.19700000,19.38466667,19.38400000,19.26800000,19.02833333,19.26285714,19.67125000,20.07155556,20.50400000,21.31283333,30.80655000,18.27959360,19.28470490,-1.00511131,-0.73332125,-0.27179006,31.25780576,36.85884840,39.73628898,20.13871882,18.02789178,24.36037291,19.38400000,22.90991250,15.85808750,54324127.68176000,50483600.22986000
2025-04-08,16.69000000,17.74000000,15.94000000,16.15000000,50680687.36260000,-0.53000000,-3.17745803,10.78490114,16.98600000,17.85200000,19.02933333,19.20450000,19.17080000,18.96766667,19.15285714,19.51200000,19.85644444,20.32640000,21.17433333,30.74895000,17.95196381,19.05250454,-1.10054073,-0.80676514,-0.29377558,27.59855713,34.83624110,38.76953584,22.81459642,19.62345999,29.19686927,19.20450000,23.00864995,15.40035005,55120477.91224001,51901207.93307000
2025-04-09,16.16000000,18.91000000,15.59000000,18.44000000,87358685.73850000,2.29000000,14.17956656,20.54455446,17.03600000,17.81000000,18.73200000,19.18950000,19.13240000,19.04033333,19.05885714,19.41375000,19.71400000,20.22480000,21.07200000,30.70220000,18.02704630,19.00713383,-0.98008753,-0.84142962,-0.13865791,54.94564424,48.22739498,44.82206322,39.02825646,26.09172548,64.90131843,19.18950000,23.00371427,15.37528573,63286822.97120000,57067382.68592000
2025-04-10,18.44000000,18.45000000,17.55000000,18.31000000,40856524.91910000,-0.13000000,-0.70498915,4.88069414,17.12400000,17.76400000,18.48333333,19.14600000,19.13480000,19.06700000,18.98228571,19.32500000,19.63466667,20.11620000,20.96266667,30.65730000,18.07057764,18.95549429,-0.88491665,-0.85012703,-0.03478962,53.56731538,47.62134291,44.56113758,49.23766716,33.80703937,80.09892273,19.14600000,22.98046092,15.31153908,68247523.00433999,57275112.65708999
2025-04-11,18.31000000,19.57000000,18.31000000,19.12000000,50243726.57950000,0.81000000,4.42381212,6.88148553,17.74000000,17.69400000,18.29000000,19.13050000,19.14680000,19.07400000,18.95314286,19.17925000,19.57200000,19.99560000,20.85350000,30.61595000,18.23202724,18.96767990,-0.73565266,-0.82723215,0.09157949,60.90079970,51.74330453,46.58290077,63.10345496,43.57251124,102.16534240,19.13050000,22.96263270,15.29836730,68242447.63986000,58045557.78351001
2025-04-12,19.13000000,21.03000000,18.84000000,20.49000000,51164785.41250000,1.37000000,7.16527197,11.44798745,18.50200000,17.94400000,18.29866667,19.16400000,19.20760000,19.14033333,18.95314286,19.16775000,19.54133333,19.91460000,20.77183333,30.57610000,18.57940766,19.08044435,-0.50103669,-0.76199306,0.26095637,70.39185605,57.86186189,49.81307198,72.57655762,53.24052670,111.24861947,19.16400000,23.03304803,15.29495197,56060882.00244000,55192504.84210000
2025-04-13,20.50000000,20.68000000,19.27000000,19.59000000,41435383.95040000,-0.90000000,-4.39238653,6.87804878,19.19000000,18.08800000,18.29800000,19.06950000,19.20160000,19.17400000,18.99942857,19.15750000,19.47622222,19.78980000,20.65683333,30.53765000,18.73488341,19.11818921,-0.38330581,-0.68625561,0.30294980,59.08532250,53.04212964,47.83038364,74.18238326,60.22114555,102.10485868,19.06950000,22.78983657,15.34916343,54211821.32000001,54666149.61612000
2025-04-14,19.60000000,20.68000000,19.55000000,20.11000000,50354679.00920000,0.52000000,2.65441552,5.76530612,19.52400000,18.28000000,18.38133333,18.93000000,19.25640000,19.19766667,19.10942857,19.11700000,19.42600000,19.69500000,20.56883333,30.49240000,18.94643980,19.19165668,-0.24521688,-0.59804786,0.35283099,63.18520598,55.38455178,49.05295541,77.97402212,66.13877107,101.64452421,18.93000000,22.23119596,15.62880404,46811019.97414000,55048921.47267000
2025-04-15,20.12000000,20.28000000,18.96000000,19.01000000,39340073.80860000,-1.10000000,-5.46991546,6.56063618,19.66400000,18.39400000,18.39733333,18.77850000,19.24960000,19.22300000,19.15228571,19.06750000,19.36266667,19.63760000,20.44583333,30.43530000,18.95621830,19.17820063,-0.22198233,-0.52283476,0.30085242,50.37213274,49.66708859,46.64032374,74.74563275,69.00772497,86.22144831,18.77850000,21.73930554,15.81769446,46507729.75204001,57377626.37819000
2025-04-16,19.01000000,19.30000000,18.50000000,18.76000000,35218492.23730000,-0.25000000,-1.31509732,4.20831142,19.59200000,18.66600000,18.32666667,18.61550000,19.22280000,19.22100000,19.14800000,19.03300000,19.22511111,19.57400000,20.33383333,30.38270000,18.92603087,19.14722281,-0.22119194,-0.46250619,0.24131425,47.73228605,48.42759714,46.10257211,69.25444144,69.08996379,69.58339674,18.61550000,21.15370886,16.07729114,43502682.88360000,55872565.26173000
2025-04-17,18.75000000,19.56000000,18.69000000,19.05000000,25172332.37130000,0.29000000,1.54584222,4.64000000,19.30400000,18.90300000,18.39733333,18.55000000,19.19200000,19.22366667,19.16371429,18.99700000,19.18288889,19.51760000,20.23716667,30.33275000,18.94510304,19.14002112,-0.19491808,-0.40898857,0.21407049,51.28599182,50.00642781,46.84441253,67.37060802,68.51684520,65.07813366,18.55000000,20.96319182,16.13680818,38304192.27536000,47182537.13890000
2025-04-18,19.06000000,19.34000000,18.85000000,19.07000000,13686565.82890000,0.02000000,0.10498688,2.57082896,19.20000000,19.19500000,18.45866667,18.52350000,19.09560000,19.20133333,19.17771429,19.02450000,19.16222222,19.44860000,20.13783333,30.28955000,18.96431796,19.13483437,-0.17051641,-0.36129414,0.19077773,51.55856193,50.12131028,46.89701145,59.47312565,65.50227202,47.41483292,18.52350000,20.89949641,16.14750359,32754428.65106000,43483124.98553000
2025-04-19,19.07000000,20.36000000,19.03000000,19.89000000,22727767.97920000,0.82000000,4.29994756,6.97430519,19.15600000,19.34000000,18.57200000,18.57500000,18.97520000,19.23966667,19.19171429,19.11525000,19.12133333,19.39900000,20.07733333,30.25990000,19.10673058,19.19077256,-0.08404198,-0.30584371,0.22180172,62.01533668,54.77007821,49.05379707,59.01149553,63.33867986,50.35712689,18.57500000,21.02519870,16.12480130,27229046.44506000,37020033.20959999
2025-04-20,19.89000000,20.04000000,19.23000000,19.51000000,18959174.46910000,-0.38000000,-1.91050779,4.07239819,19.25600000,19.46000000,18.68133333,18.61200000,18.87400000,19.25066667,19.22771429,19.16525000,19.08844444,19.35200000,20.00683333,30.23080000,19.16877203,19.21441904,-0.04564701,-0.25380437,0.20815736,55.36878058,52.30557648,48.10893822,52.64797989,59.77511320,38.39371328,18.61200000,21.09670352,16.12729648,23152866.57716000,34830298.16460000
2025-04-21,19.51000000,20.95000000,19.51000000,19.92000000,47952952.13320000,0.41000000,2.10148642,7.38083034,19.48800000,19.54000000,18.94000000,18.61700000,18.79000000,19.26700000,19.25914286,19.19050000,19.08355556,19.25140000,19.91966667,30.20710000,19.28434556,19.26668429,0.01766127,-0.19951124,0.21717251,60.80733931,54.70456947,49.21035863,54.41838115,57.98953585,47.27607176,18.61700000,21.11231856,16.12168144,25699758.55634000,34601220.71997000
2025-04-22,19.92000000,22.30000000,19.44000000,22.11000000,66139435.17820000,2.19000000,10.99397590,14.35742972,20.10000000,19.70200000,19.30200000,18.82300000,18.86000000,19.34333333,19.34885714,19.28075000,19.11955556,19.27460000,19.87916667,30.18630000,19.71906163,19.47730027,0.24176136,-0.11125672,0.35301808,77.99480391,64.97133752,54.58338518,67.94558744,61.30821971,81.22032288,18.82300000,21.74426937,15.90173063,33893179.11772000,36098685.69654000
2025-04-23,22.11000000,23.08000000,21.88000000,22.33000000,68661297.30000000,0.22000000,0.99502488,5.42740841,20.75200000,19.97600000,19.71400000,19.03200000,18.96920000,19.37166667,19.42285714,19.37450000,19.21644444,19.32120000,19.82083333,30.16960000,20.12074446,19.68861136,0.43213309,-0.00257876,0.43471185,79.09969509,65.82035004,55.08150181,73.17187634,65.26277192,88.99008518,19.03200000,22.32499480,15.73900520,44888125.41193999,38821277.03150000
2025-04-24,22.34000000,22.64000000,21.61000000,22.37000000,42587258.30430000,0.04000000,0.17913121,4.61056401,21.24800000,20.20200000,19.97600000,19.24100000,19.10960000,19.35400000,19.52657143,19.44875000,19.35222222,19.33400000,19.77950000,30.14675000,20.46678377,19.88723274,0.57955103,0.11384720,0.46570383,79.32617704,65.98388145,55.17477557,76.94718976,69.15757787,92.52641354,19.24100000,22.82657872,15.65542128,48860023.47696000,38044534.96100999
2025-04-25,22.38000000,22.87000000,21.77000000,22.17000000,51711129.25560000,-0.20000000,-0.89405454,4.91510277,21.78000000,20.51800000,20.23333333,19.45600000,19.24560000,19.35833333,19.61200000,19.54675000,19.45577778,19.35760000,19.78433333,30.12480000,20.72881704,20.05632662,0.67249042,0.22557584,0.44691458,74.48342873,64.30568991,54.58342040,77.72181671,72.01232415,89.14080183,19.45600000,23.20728553,15.70471447,55410414.43426000,39281640.50571000
2025-04-26,22.17000000,22.99000000,21.72000000,22.42000000,40923431.64440000,0.25000000,1.12764998,5.72846189,22.28000000,20.88400000,20.45333333,19.77500000,19.34960000,19.37166667,19.69742857,19.63675000,19.53377778,19.40320000,19.79233333,30.10520000,20.98899903,20.23141353,0.75758550,0.33197777,0.42560772,76.62403224,65.50213949,55.20958190,79.94693218,74.65719349,90.52640956,19.77500000,23.38561884,16.16438116,54004510.33650000,39852134.44642000
2025-04-27,22.41000000,22.80000000,21.65000000,21.71000000,31126231.05430000,-0.71000000,-3.16681534,5.13163766,22.20000000,21.15000000,20.53466667,20.02650000,19.49840000,19.41666667,19.75142857,19.70525000,19.60511111,19.42760000,19.78966667,30.08495000,21.09992226,20.34093846,0.75898380,0.41737898,0.34160482,59.58788232,59.33976441,53.04239289,75.35556796,74.88998498,76.28673391,20.02650000,23.42383193,16.62916807,47001869.51171999,40447524.31472000
2025-04-28,21.72000000,22.43000000,21.02000000,21.84000000,52073415.87340000,0.13000000,0.59880240,6.49171271,22.10200000,21.42700000,20.68466667,20.31100000,19.64600000,19.49133333,19.76171429,19.75775000,19.67755556,19.50500000,19.77833333,30.06485000,21.21378037,20.45198005,0.76180032,0.48626325,0.27553707,61.47010303,60.08974617,53.39194484,72.83444790,74.20480595,70.09373180,20.31100000,23.26562456,17.35637544,43684293.22640000,44286209.31917000
2025-04-29,21.84000000,22.30000000,21.27000000,21.57000000,40576282.76020000,-0.27000000,-1.23626374,4.71611722,21.94200000,21.59500000,20.78200000,20.46750000,19.78120000,19.58166667,19.72371429,19.82850000,19.72577778,19.61120000,19.76500000,30.03545000,21.26858339,20.53479634,0.73378705,0.53576801,0.19801904,55.07674715,57.67923434,52.54425914,68.06179311,72.15713500,59.87110931,20.46750000,23.33514804,17.59985196,43282098.11758000,46071060.79727000
2025-04-30,21.56000000,21.94000000,20.36000000,20.92000000,42991436.42240000,-0.65000000,-3.01344460,7.32838590,21.69200000,21.73600000,20.90933333,20.59800000,19.90320000,19.65333333,19.69171429,19.87200000,19.78511111,19.67940000,19.74933333,29.99685000,21.21495518,20.56332995,0.65162523,0.55893945,0.09268578,42.35153722,52.18173066,50.52899146,58.92764229,67.74730410,41.28831867,20.59800000,23.28404660,17.91195340,41538159.55094000,48474286.99260000
2025-05-01,20.91000000,21.87000000,20.81000000,21.64000000,45632481.53940000,0.72000000,3.44168260,5.06934481,21.53600000,21.90800000,21.10133333,20.72400000,20.12720000,19.71400000,19.68085714,19.92725000,19.84777778,19.73400000,19.69416667,29.95975000,21.28034669,20.64308329,0.63726340,0.57460424,0.06265916,55.89631624,57.12034410,52.62900697,54.97136937,63.48865919,37.93678973,20.72400000,23.35396018,18.09403982,42479969.52994000,48242239.93321999
2025-05-02,21.64000000,22.19000000,20.97000000,21.25000000,38255276.47560000,-0.39000000,-1.80221811,5.63770795,21.44400000,21.82200000,21.24800000,20.76200000,20.31000000,19.82266667,19.70628571,19.96300000,19.89844444,19.78900000,19.69916667,29.92065000,21.27567797,20.68804008,0.58763789,0.57721097,0.01042692,48.49077692,53.83488802,51.39585847,47.92768097,58.30166645,27.17971002,20.76200000,23.39967521,18.12432479,43905778.61420000,45453824.06296000
2025-05-03,21.26000000,21.28000000,20.49000000,20.52000000,21408406.85640000,-0.73000000,-3.43529412,3.71589840,21.18000000,21.64100000,21.34466667,20.80850000,20.48480000,19.90166667,19.73257143,19.93900000,19.91577778,19.82780000,19.70783333,29.88220000,21.15941982,20.67559267,0.48382715,0.55853421,-0.07470706,37.36998081,48.17656780,49.14666946,33.97967071,50.19433454,1.55034306,20.80850000,23.39140147,18.22559853,37772776.81080000,40728535.01860000
2025-05-04,20.53000000,20.63000000,19.76000000,19.91000000,22868619.52670000,-0.61000000,-2.97270955,4.23770093,20.84800000,21.39500000,21.34600000,20.79850000,20.54360000,19.95900000,19.76257143,19.86425000,19.94177778,19.83800000,19.67750000,29.84165000,20.96720138,20.61888210,0.34831929,0.51649122,-0.16817194,30.38292073,43.96426962,47.34024938,24.20110142,41.52992350,-10.45654273,20.79850000,23.39430451,18.20269549,34231244.16410001,38756671.14084000
2025-05-05,19.91000000,20.24000000,19.30000000,19.69000000,28146509.30880000,-0.22000000,-1.10497238,4.72124561,20.60200000,21.14700000,21.35800000,20.83250000,20.59880000,20.01966667,19.78885714,19.80550000,19.95311111,19.86680000,19.65583333,29.80355000,20.77070886,20.55007602,0.22063285,0.45731955,-0.23668670,28.10843914,42.50217392,46.69434945,19.84835333,34.30273344,-9.06040690,20.83250000,23.34618360,18.31881640,31262258.74138000,36400209.14616000
2025-05-06,19.69000000,20.13000000,19.27000000,20.01000000,27023837.24360000,0.32000000,1.62519045,4.36769934,20.27600000,20.90600000,21.36400000,20.89500000,20.63440000,20.15200000,19.79428571,19.75525000,19.96600000,19.89060000,19.65366667,29.76310000,20.65367673,20.51007039,0.14360635,0.39457691,-0.25097056,36.41660505,45.38427684,47.77582569,21.03814273,29.88120320,3.35202177,20.89500000,23.24878754,18.54121246,27540529.88222000,35010249.70608000
2025-05-07,20.01000000,20.25000000,19.09000000,19.55000000,34142291.68190000,-0.46000000,-2.29885057,5.79710145,19.93600000,20.69000000,21.19333333,20.92000000,20.59680000,20.24766667,19.83885714,19.73500000,19.96000000,19.90220000,19.63800000,29.72035000,20.48388031,20.43895406,0.04492625,0.32464678,-0.27972053,30.36361659,42.07679741,46.36483637,18.80216784,26.18819142,4.03012069,20.92000000,23.20076626,18.63923374,26717932.92348000,35311855.76884000
2025-05-08,19.55000000,22.17000000,19.49000000,22.16000000,72841350.78560001,2.61000000,13.35038363,13.70843990,20.26400000,20.72200000,21.18200000,21.07450000,20.69960000,20.44800000,19.95342857,19.79900000,19.97511111,19.95060000,19.70783333,29.68635000,20.74174488,20.56643895,0.17530593,0.29477861,-0.11947267,67.33305418,60.08296371,54.34747406,45.54553125,32.64063803,71.35531769,21.07450000,23.24350147,18.90549853,37004521.70932000,37388649.26006000
2025-05-09,22.16000000,24.01000000,21.96000000,23.27000000,102519688.40500000,1.11000000,5.00902527,9.25090253,20.93600000,20.89200000,21.24200000,21.24350000,20.82600000,20.60900000,20.09857143,19.90925000,19.98333333,20.04120000,19.82466667,29.66395000,21.13070720,20.76670273,0.36400448,0.30862378,0.05538070,74.29698468,65.11433866,57.17593738,58.68347070,41.32158225,93.40724759,21.24350000,23.54647999,18.94052001,52934735.48498000,43582989.82454000
2025-05-10,23.27000000,25.97000000,23.01000000,25.82000000,101624346.20230000,2.55000000,10.95831543,12.72024065,22.16200000,21.38200000,21.48533333,21.55900000,21.09840000,20.85933333,20.32571429,20.08550000,20.06733333,20.17400000,19.96316667,29.65485000,21.85213687,21.14102104,0.71111582,0.38912219,0.32199363,83.81100719,73.48889761,62.71371443,71.72890295,51.45735582,112.27199720,21.55900000,24.50200884,18.61599116,67630302.86368001,49446280.80253001
2025-05-11,25.81000000,26.02000000,24.16000000,24.78000000,68150117.33419999,-1.04000000,-4.02788536,7.20650910,23.11600000,21.69600000,21.64266667,21.80200000,21.33920000,21.04800000,20.57542857,20.20950000,20.12866667,20.28100000,20.06100000,29.64500000,22.30257735,21.41057504,0.89200231,0.48969821,0.40230409,70.95671906,66.39725518,59.44241276,75.18819600,59.36763588,106.82931624,21.80200000,24.96922425,18.63477575,75855558.88180000,51698044.38201000
2025-05-12,24.79000000,26.84000000,23.73000000,24.83000000,131614493.60470000,0.05000000,0.20177563,12.54538120,24.17200000,22.05400000,21.85066667,21.93800000,21.57040000,21.19266667,20.80828571,20.38050000,20.22800000,20.38120000,20.16650000,29.63500000,22.69141160,21.66386578,1.02754582,0.59726774,0.43027809,71.21145173,66.56646774,59.54826871,74.81363604,64.51630260,95.40830293,21.93800000,25.38237665,18.49362335,95349999.26636001,61033966.09492000
2025-05-13,24.83000000,26.25000000,23.45000000,25.72000000,72716442.24310000,0.89000000,3.58437374,11.27668143,24.88400000,22.57400000,22.10933333,22.10750000,21.83640000,21.39700000,21.08171429,20.56975000,20.36400000,20.46600000,20.28550000,29.63895000,23.15734828,21.96432017,1.19302811,0.71641981,0.47660830,75.75383060,69.54451705,61.41862463,78.39188639,69.14149720,96.89266479,22.10750000,25.94438402,18.27061598,95325017.55786000,66164769.63359001
2025-05-14,25.72000000,26.54000000,24.74000000,24.96000000,68678206.33570001,-0.76000000,-2.95489891,6.99844479,25.22200000,23.07900000,22.33533333,22.23700000,22.03920000,21.55866667,21.26800000,20.73900000,20.49955556,20.50720000,20.37816667,29.63670000,23.43467931,22.18622238,1.24845694,0.82282724,0.42562970,65.21033017,64.21601519,58.98832295,77.50856942,71.93052127,88.66466573,22.23700000,26.28045918,18.19354082,88556721.14400001,70745728.31448999
2025-05-15,24.95000000,25.13000000,22.94000000,23.50000000,86761937.60500000,-1.46000000,-5.84935897,8.77755511,24.75800000,23.46000000,22.50733333,22.30350000,22.19880000,21.70833333,21.41628571,20.87975000,20.60466667,20.53640000,20.46566667,29.62535000,23.44472865,22.28353924,1.16118941,0.89049967,0.27068974,49.37001025,55.33134558,54.65322826,70.64012155,71.50038803,68.91958859,22.30350000,26.38587947,18.22112053,85584239.42454000,76607271.14410999
2025-05-16,23.51000000,24.05000000,22.67000000,23.06000000,52512748.39830000,-0.44000000,-1.87234043,5.86984262,24.41400000,23.76500000,22.60200000,22.33550000,22.32440000,21.85166667,21.52885714,21.05525000,20.67666667,20.55720000,20.53633333,29.60940000,23.38553963,22.34105485,1.04448478,0.92129669,0.12318809,45.38321548,52.92399717,53.41867766,63.28389056,68.76155554,52.32856059,22.33550000,26.43173434,18.23926566,82456765.63736001,79156162.25958000
2025-05-17,23.06000000,23.14000000,21.97000000,22.17000000,38022312.18840000,-0.89000000,-3.85949696,5.07372073,23.88200000,24.02700000,22.66333333,22.35850000,22.32680000,21.95566667,21.57685714,21.19250000,20.76955556,20.59340000,20.58966667,29.58585000,23.19853353,22.32838412,0.87014941,0.91106724,-0.04091783,37.94550062,48.28810066,50.98770925,43.62368660,60.38226589,10.10652802,22.35850000,26.44510083,18.27189917,63738329.35410000,79544164.31022999
2025-05-18,22.18000000,23.86000000,21.56000000,23.06000000,65624125.94040000,0.89000000,4.01443392,10.36970243,23.35000000,24.11700000,22.83266667,22.41950000,22.35600000,22.08866667,21.67600000,21.36525000,20.87866667,20.66260000,20.64500000,29.57025000,23.17722068,22.38257789,0.79464279,0.88778235,-0.09313956,48.14376938,52.79859916,53.20961780,38.55215470,53.10556216,9.44533978,22.41950000,26.50993287,18.32906713,62319866.09356000,78822441.82571000
2025-05-19,23.06000000,23.20000000,21.26000000,22.25000000,50650958.33850000,-0.81000000,-3.51257589,8.41283608,22.80800000,24.01500000,22.98866667,22.45350000,22.35120000,22.16733333,21.73714286,21.46050000,20.96888889,20.73040000,20.70350000,29.55635000,23.03457134,22.37275730,0.66181404,0.84258869,-0.18077465,40.81760078,48.59065133,51.01335898,31.61541496,45.94217976,2.96188536,22.45350000,26.52546461,18.38153539,58714416.49412000,73635568.81906000
2025-05-20,22.25000000,22.82000000,21.75000000,22.60000000,52681440.00960000,0.35000000,1.57303371,4.80898876,22.62800000,23.69300000,23.18266667,22.53750000,22.36840000,22.27033333,21.83971429,21.56775000,21.07400000,20.80700000,20.76050000,29.54545000,22.96771421,22.38959010,0.57812412,0.78969577,-0.21157165,45.14583449,50.45207406,51.90837187,29.08172228,40.32202727,6.60111231,22.53750000,26.54507112,18.52992888,51898316.97504000,68741278.19979000
2025-05-21,22.61000000,23.81000000,22.15000000,23.17000000,84517794.05430000,0.57000000,2.52212389,7.34188412,22.65000000,23.53200000,23.39333333,22.61400000,22.39840000,22.37866667,21.96571429,21.66900000,21.23244444,20.87400000,20.82283333,29.54070000,22.99883510,22.44739824,0.55143687,0.74204399,-0.19060712,52.00542711,53.44674000,53.35658405,31.44589566,37.36331673,19.61105352,22.61400000,26.60782365,18.62017635,58299326.10624000,70378045.87179999
2025-05-22,23.18000000,25.43000000,23.13000000,25.26000000,112080848.16329999,2.09000000,9.02028485,9.92234685,23.26800000,23.57500000,23.77400000,22.81450000,22.54040000,22.48366667,22.14314286,21.78825000,21.42311111,21.01940000,20.91350000,29.54930000,23.34670663,22.65573911,0.69096752,0.73182870,-0.04086118,69.04028063,62.51023354,58.17548961,46.21645569,40.31436305,58.02064097,22.81450000,26.92103638,18.70796362,73111033.30122000,68424681.32765999
2025-05-23,25.26000000,25.98000000,22.92000000,23.07000000,116259960.81710000,-2.19000000,-8.66983373,12.11401425,23.27000000,23.31000000,23.83466667,22.94200000,22.58960000,22.50833333,22.25742857,21.87525000,21.57688889,21.11780000,20.94000000,29.55105000,23.30413638,22.68642510,0.61771128,0.70900521,-0.09129394,47.73584745,51.13093150,52.27078320,43.59345634,41.40739415,47.96558072,22.94200000,26.90439481,18.97960519,83238200.27655999,72779033.18505999
2025-05-24,23.08000000,23.48000000,22.75000000,22.96000000,43939870.41760000,-0.11000000,-0.47680971,3.16291161,23.41200000,23.11000000,23.81400000,23.09450000,22.64520000,22.52800000,22.34514286,21.94650000,21.67733333,21.21320000,20.94100000,29.54590000,23.25119232,22.70668991,0.54450241,0.67610465,-0.13160224,46.86420473,50.62595075,51.99418775,41.06795394,41.29424741,40.61536700,23.09450000,26.79143742,19.39756258,81895982.69238000,70305199.59325001
2025-05-25,22.96000000,23.47000000,22.03000000,23.45000000,35290419.95250000,0.49000000,2.13414634,6.27177700,23.58200000,23.10500000,23.65600000,23.28250000,22.74640000,22.57066667,22.45771429,22.05750000,21.79155556,21.32480000,20.96450000,29.52810000,23.28177812,22.76174991,0.52002820,0.64488936,-0.12486116,51.58939220,52.88706863,53.14661573,42.84473766,41.81107749,44.91205798,23.28250000,26.61491733,19.95008267,78417778.68096000,65158047.82799999
2025-05-26,23.45000000,24.00000000,22.87000000,23.07000000,39483368.52590000,-0.38000000,-1.62046908,4.81876333,23.56200000,23.10600000,23.54200000,23.43550000,22.80360000,22.59233333,22.54771429,22.16525000,21.87933333,21.46540000,20.98200000,29.50655000,23.24919687,22.78458325,0.46461361,0.60883421,-0.14422060,47.64635979,50.91445672,52.13384612,41.34564431,41.65593310,40.72506674,23.43550000,26.39546070,20.47553930,69410893.57528000,63855109.84075999
2025-05-27,23.06000000,23.88000000,22.51000000,23.38000000,54648932.47140000,0.31000000,1.34373645,5.94102342,23.18600000,23.22700000,23.44533333,23.62700000,22.88880000,22.64800000,22.58400000,22.27350000,21.94355556,21.59940000,21.03233333,29.47955000,23.26932043,22.82868820,0.44063223,0.57519382,-0.13456159,51.29087375,52.49145262,52.89792222,42.53551429,41.94912683,43.70828920,23.62700000,25.95707883,21.29692117,57924510.43690000,65517771.86906000
2025-05-28,23.38000000,23.77000000,22.77000000,23.60000000,42979769.13250000,0.22000000,0.94097519,4.27715997,23.29200000,23.28100000,23.30400000,23.69900000,23.01200000,22.70666667,22.62028571,22.38675000,22.03266667,21.74840000,21.09900000,29.44575000,23.32019421,22.88582241,0.43437180,0.54702941,-0.11265761,54.01691884,53.64444981,53.44820874,42.93541772,42.27789046,44.25047224,23.69900000,25.92487558,21.47312442,43268472.09998000,63253336.18827001
2025-05-29,23.61000000,24.35000000,22.17000000,22.25000000,71969453.61830001,-1.35000000,-5.72033898,9.23337569,23.15000000,23.28100000,23.12333333,23.64800000,23.10560000,22.72933333,22.61685714,22.44575000,22.08022222,21.82460000,21.15550000,29.39755000,23.15554894,22.83872445,0.31682449,0.50098843,-0.18416393,38.25257997,46.14720713,49.72818343,30.48015190,38.34531094,14.74983382,23.64800000,25.96032487,21.33567513,48874388.74012000,65385185.71625000
2025-05-30,22.25000000,22.35000000,20.40000000,20.56000000,70186709.58419999,-1.69000000,-7.59550562,8.76404494,22.57200000,23.07700000,22.92733333,23.38500000,23.14040000,22.71733333,22.57085714,22.47200000,22.11466667,21.86960000,21.18533333,29.32180000,22.75623372,22.66993005,0.08630368,0.41805148,-0.33174780,26.59366137,38.75111269,45.58380282,21.27589577,32.65550588,-1.48332446,23.38500000,25.84872845,20.92127155,55853646.66646000,67135712.67371000
2025-05-31,20.55000000,21.12000000,19.77000000,20.80000000,38663263.23050000,0.24000000,1.16731518,6.56934307,22.11800000,22.84000000,22.77666667,23.18600000,23.17200000,22.68933333,22.52457143,22.49400000,22.16000000,21.90320000,21.20166667,29.25600000,22.45527469,22.53141671,-0.07614202,0.31921278,-0.39535480,30.21814254,40.23505377,46.24764142,19.71264764,28.34121980,2.45550331,23.18600000,25.81284441,20.55915559,55689625.60738000,62550259.59133001
2025-06-01,20.81000000,20.97000000,20.17000000,20.88000000,23818452.02860000,0.08000000,0.38461538,3.84430562,21.61800000,22.40200000,22.69066667,22.98850000,23.22520000,22.67700000,22.50085714,22.46325000,22.20066667,21.91100000,21.24983333,29.19480000,22.21292474,22.40908955,-0.19616481,0.21613726,-0.41230207,31.56965790,40.75699647,46.47476127,21.22036771,25.96760244,11.72589826,22.98850000,25.68786659,20.28913341,49523529.51882000,53724019.97786000
2025-06-02,20.88000000,21.32000000,20.22000000,21.15000000,31027122.40760000,0.27000000,1.29310345,5.26819923,21.12800000,22.21000000,22.56333333,22.76000000,23.18480000,22.69800000,22.48114286,22.43375000,22.24688889,21.94220000,21.29983333,29.14450000,22.04939785,22.31582365,-0.26642580,0.11962465,-0.38605045,36.54687410,42.60256888,47.25956035,24.19057993,25.37526160,21.82121659,22.76000000,25.25150134,20.26849866,47133000.17384000,45200736.13691000
2025-06-03,21.16000000,21.70000000,20.89000000,21.14000000,33430603.68160000,-0.01000000,-0.04728132,3.82797732,20.90600000,22.02800000,22.48933333,22.56900000,23.09960000,22.73900000,22.46885714,22.40300000,22.27466667,21.96280000,21.34900000,29.08455000,21.90949049,22.22872561,-0.31923511,0.03185270,-0.35108781,36.42911245,42.54901285,47.23279560,26.09794120,25.61615480,27.06151401,22.56900000,24.93279623,20.20520377,39425230.18650000,44149809.46331000
2025-06-04,21.14000000,21.64000000,20.06000000,20.09000000,38314308.97400000,-1.05000000,-4.96688742,7.47398297,20.81200000,21.69200000,22.32200000,22.39850000,22.87040000,22.75233333,22.44514286,22.35100000,22.28755556,21.98440000,21.38600000,29.00930000,21.62956888,22.07030149,-0.44073261,-0.06266436,-0.37806824,25.90978483,37.19332364,44.47320521,19.72759399,23.65330120,11.87617958,22.39850000,24.96295562,19.83404438,33050750.06446000,44452198.36545999
2025-06-05,20.08000000,20.54000000,18.43000000,18.75000000,63224269.49290000,-1.34000000,-6.66998507,10.50796813,20.40200000,21.26000000,22.02733333,22.18300000,22.62920000,22.71033333,22.36257143,22.25925000,22.26155556,21.98420000,21.43116667,28.92950000,21.18655828,21.82435323,-0.63779495,-0.17769048,-0.46010447,17.96523822,31.64746422,41.26280877,14.95353113,20.75337784,3.35383770,22.18300000,25.19816239,19.16783761,37962951.31693999,46826288.46216001
2025-06-06,18.75000000,19.95000000,18.63000000,19.64000000,36188053.49910000,0.89000000,4.74666667,7.04000000,20.15400000,20.88600000,21.65266667,22.05650000,22.42160000,22.71333333,22.31657143,22.20750000,22.20666667,21.99600000,21.48050000,28.85030000,20.94862624,21.66254929,-0.71392305,-0.28493699,-0.42898605,34.07597734,38.31211665,44.06140597,16.78208382,19.42961317,11.48702511,22.05650000,25.27911270,18.83388730,40436871.61104000,44980200.56493000
2025-06-07,19.64000000,21.13000000,19.56000000,20.65000000,30282870.04830000,1.01000000,5.14256619,7.99389002,20.05400000,20.59100000,21.49133333,21.93600000,22.21880000,22.66300000,22.32028571,22.17775000,22.16933333,22.02760000,21.55550000,28.78255000,20.90268374,21.58754563,-0.68486189,-0.36492197,-0.31993992,47.98657044,44.95642031,47.04896468,30.06560690,22.97494441,44.24693187,21.93600000,25.18077491,18.69122509,40288021.13918000,43710510.65651000
2025-06-08,20.66000000,21.49000000,20.14000000,21.04000000,39498650.98250000,0.39000000,1.88861985,6.53436592,20.03400000,20.47000000,21.36333333,21.87550000,22.06200000,22.58866667,22.35257143,22.16450000,22.13977778,22.05060000,21.59883333,28.71980000,20.92380932,21.54698670,-0.62317738,-0.41657306,-0.20660432,52.61921207,47.34542767,48.16443842,46.64924252,30.86637711,78.21497333,21.87550000,25.14068138,18.61031862,41501630.59936000,40463430.39293000
2025-06-09,21.04000000,22.04000000,20.22000000,21.95000000,52259304.38580000,0.91000000,4.32509506,8.65019011,20.40600000,20.60900000,21.26333333,21.84300000,22.00000000,22.45966667,22.41714286,22.19025000,22.13488889,22.09940000,21.65950000,28.65035000,21.08168481,21.57683954,-0.49515473,-0.43228939,-0.06286534,62.07672740,52.58387110,50.69344381,63.60180342,41.77818588,107.24903848,21.84300000,25.09071077,18.59528923,44290629.68172000,38670689.87309001
2025-06-10,21.94000000,22.59000000,21.51000000,22.57000000,68629418.89380001,0.62000000,2.82460137,4.92251595,21.17000000,20.78600000,21.23000000,21.81300000,21.98040000,22.38600000,22.49028571,22.21350000,22.13822222,22.15240000,21.71700000,28.54735000,21.31065638,21.65040698,-0.33975060,-0.41378163,0.07403103,67.39731593,55.84861667,52.34636329,75.57427920,53.04355032,120.63573696,21.81300000,25.01992737,18.60607263,45371659.56190000,41667305.43942000
2025-06-11,22.57000000,22.77000000,21.32000000,21.57000000,57771094.10210000,-1.00000000,-4.43066017,6.42445724,21.55600000,20.85500000,21.10933333,21.62850000,21.95640000,22.27733333,22.54800000,22.22150000,22.13511111,22.14160000,21.73500000,28.44800000,21.35055539,21.64445091,-0.29389551,-0.38980441,0.09590890,53.00422910,49.81372923,49.55067761,74.49959627,60.19556564,103.10765754,21.62850000,24.39473457,18.86226543,49688267.68250000,45062569.64677000
2025-06-12,21.56000000,21.62000000,20.15000000,20.28000000,50459040.44080000,-1.29000000,-5.98052851,6.81818182,21.48200000,20.76800000,20.88800000,21.48900000,21.84520000,22.09600000,22.49428571,22.21550000,22.10044444,22.10060000,21.74650000,28.33910000,21.18585456,21.54338047,-0.35752590,-0.38334871,0.02582280,39.83530153,43.23856905,46.22734438,63.87530688,61.42214605,68.78162855,21.48900000,24.23043950,18.74756050,53723501.76100000,47005761.45009001
2025-06-13,20.28000000,20.30000000,18.46000000,19.41000000,99727333.40400000,-0.87000000,-4.28994083,9.07297830,21.15600000,20.59500000,20.69866667,21.31150000,21.73160000,21.91100000,22.38400000,22.20300000,22.05244444,22.04140000,21.73483333,28.22960000,20.91264617,21.38535228,-0.47270611,-0.40122019,-0.07148593,33.16646770,39.41124254,44.14378076,50.11041964,57.65157058,35.02811776,21.31150000,24.11100578,18.51199422,65769238.24530001,53635434.42233000
2025-06-14,19.42000000,19.43000000,18.71000000,18.93000000,20932176.89450000,-0.48000000,-2.47295209,3.70751802,20.55200000,20.47900000,20.59000000,21.08550000,21.58480000,21.75866667,22.18714286,22.18400000,22.00822222,21.97660000,21.73350000,28.11065000,20.60762368,21.20347434,-0.59585066,-0.44014628,-0.15570437,29.85718495,37.41775959,43.02728481,37.04190389,50.78168169,9.56234830,21.08550000,23.88789353,18.28310647,59503812.74704000,51897221.21438000
2025-06-15,18.94000000,19.28000000,18.73000000,19.10000000,19509764.37310000,0.17000000,0.89804543,2.90390707,19.85800000,20.51400000,20.47666667,20.88700000,21.42200000,21.62666667,22.02485714,22.16125000,21.95177778,21.91020000,21.73916667,27.98725000,20.37568158,21.04766142,-0.67197985,-0.48651299,-0.18546685,32.71063336,38.61735350,43.55488517,29.64433191,43.73589843,1.46119887,20.88700000,23.65978579,18.11421421,49679881.84290000,47525770.70240001
2025-06-16,19.11000000,20.00000000,18.90000000,19.06000000,40223871.20450000,-0.04000000,-0.20942408,5.75614861,19.35600000,20.45600000,20.35533333,20.67100000,21.17400000,21.52300000,21.86000000,22.14900000,21.90311111,21.85720000,21.73933333,27.86870000,20.17326903,20.90042724,-0.72715822,-0.53464204,-0.19251618,32.33917674,38.42827868,43.45607920,24.40325917,37.29168534,-1.37359318,20.67100000,23.29515420,18.04684580,46170437.26338000,47929352.47294001
2025-06-17,19.06000000,19.49000000,18.13000000,18.58000000,43022270.92230000,-0.48000000,-2.51836306,7.13536201,19.01600000,20.24900000,20.18400000,20.42000000,20.99440000,21.37366667,21.65600000,22.05950000,21.86000000,21.79200000,21.73116667,27.73730000,19.92815072,20.72854374,-0.80039303,-0.58779224,-0.21260079,27.79416256,36.11359459,42.25575968,19.50159807,31.36165625,-4.21851830,20.42000000,22.81484534,18.02515466,44683083.35968000,49203292.56034000
2025-06-18,18.59000000,18.90000000,18.07000000,18.16000000,36105227.57140000,-0.42000000,-2.26049516,4.46476600,18.76600000,19.96100000,19.98533333,20.21550000,20.80240000,21.23733333,21.46171429,21.93175000,21.82111111,21.72380000,21.70233333,27.60405000,19.65612753,20.53828125,-0.88215372,-0.64666453,-0.23548918,24.22003285,34.15010137,41.21630201,13.63936325,25.45422525,-9.99036075,20.21550000,22.65054653,17.78045347,31958662.19316000,48863950.21923000
2025-06-19,18.17000000,18.39000000,17.64000000,18.06000000,36067416.07770000,-0.10000000,-0.55066079,4.12768299,18.59200000,19.57200000,19.85000000,20.09050000,20.58680000,21.08600000,21.30628571,21.73775000,21.78488889,21.66660000,21.67816667,27.46890000,19.41056945,20.35470486,-0.94413541,-0.70615871,-0.23797670,23.36170500,33.67454750,40.96593455,11.82195367,20.91013472,-6.35440844,20.09050000,22.70140406,17.47959594,34985710.02980001,47244761.38842000
2025-06-20,18.06000000,18.41000000,16.94000000,17.37000000,38767451.28000000,-0.69000000,-3.82059801,8.13953488,18.24600000,19.05200000,19.75800000,19.91900000,20.35880000,20.89266667,21.14371429,21.55250000,21.72622222,21.58120000,21.63566667,27.29440000,19.09663569,20.13361561,-1.03697992,-0.77232295,-0.26465697,18.06178339,30.47966047,39.24931736,10.94398051,17.58808332,-2.34422511,19.91900000,22.77296788,17.06503212,38837247.41118000,44258564.62704000
2025-06-21,17.38000000,17.64000000,16.32000000,16.82000000,39632785.82370000,-0.55000000,-3.16637881,7.59493671,17.79800000,18.57700000,19.57000000,19.71600000,20.09640000,20.61133333,20.99085714,21.35225000,21.66555556,21.49260000,21.54750000,27.12400000,18.74638404,19.88816260,-1.14177856,-0.84621407,-0.29556449,14.84123519,28.15672061,37.92741070,11.48359170,15.55325278,3.34426953,19.71600000,22.84634318,16.58565682,38719030.33502001,42444733.79920001
2025-06-22,16.82000000,17.11000000,15.61000000,16.53000000,51197558.85480000,-0.29000000,-1.72413793,8.91795482,17.38800000,18.20200000,19.29533333,19.48500000,19.81360000,20.39333333,20.80428571,21.12250000,21.54044444,21.41280000,21.45083333,26.94285000,18.40540188,19.63940981,-1.23400793,-0.92377284,-0.31023509,13.33660113,26.97422199,37.23738296,14.64130107,15.24926887,13.42536546,19.48500000,22.84333605,16.12666395,40354087.92152000,42518585.64060000
2025-06-23,16.53000000,18.19000000,16.26000000,18.06000000,65369436.34860000,1.53000000,9.25589837,11.67574108,17.36800000,18.06700000,19.09666667,19.33100000,19.64600000,20.23000000,20.68457143,20.95000000,21.42466667,21.37580000,21.37900000,26.78165000,18.35226313,19.52241650,-1.17015336,-0.97304895,-0.19710442,47.21610090,41.18950201,42.95132409,28.36375273,19.62076349,45.84973119,19.33100000,22.65205817,16.00994183,46206929.67696000,39082795.93506000
2025-06-24,18.06000000,18.49000000,17.88000000,18.23000000,40819439.16020000,0.17000000,0.94130676,3.37763012,17.40200000,17.99700000,18.84866667,19.23800000,19.55280000,20.05600000,20.55971429,20.81825000,21.25600000,21.34660000,21.31333333,26.61045000,18.33345342,19.42668194,-1.09322852,-0.99708486,-0.09614366,49.83111742,42.54516536,43.54720716,38.80286628,26.01479775,64.37900334,19.23800000,22.57370540,15.90229460,47157334.29346000,41071522.16163000
2025-06-25,18.24000000,18.37000000,17.42000000,17.57000000,31076200.95900000,-0.66000000,-3.62040592,5.20833333,17.44200000,17.84400000,18.51533333,19.17900000,19.42360000,19.87266667,20.39971429,20.68100000,21.09577778,21.29780000,21.23250000,26.44030000,18.21599905,19.28914994,-1.07315090,-1.01229807,-0.06085283,40.48653606,38.76095680,41.77931718,42.70706549,31.57888700,64.96342248,19.17900000,22.59189752,15.76610248,45619084.22926000,42228165.82022000
2025-06-26,17.57000000,18.02000000,17.09000000,17.23000000,25923578.81270000,-0.34000000,-1.93511668,5.29311326,17.52400000,17.66100000,18.22600000,19.05850000,19.27760000,19.66766667,20.17028571,20.55750000,20.92688889,21.25140000,21.15783333,26.25655000,18.06430689,19.13662032,-1.07231343,-1.02430114,-0.04801229,36.28071069,36.91568914,40.88704161,44.88475086,36.01417495,62.62590266,19.05850000,22.57157498,15.54542502,42877242.82706000,40798136.58104000
2025-06-27,17.24000000,17.79000000,17.02000000,17.58000000,22106995.53660000,0.35000000,2.03134068,4.46635731,17.73400000,17.56100000,18.04600000,18.90500000,19.13480000,19.46700000,20.01342857,20.42050000,20.74600000,21.15980000,21.08683333,26.11935000,17.98979813,19.02131511,-1.03151698,-1.02574431,-0.00577267,43.52753502,40.11712785,42.21273275,52.72409316,41.58414769,75.00398411,18.90500000,22.39347426,15.41652574,37059130.16342000,38706609.04247000
2025-06-28,17.58000000,18.08000000,17.48000000,17.97000000,14551091.66470000,0.39000000,2.21843003,3.41296928,17.71600000,17.54200000,17.95000000,18.75150000,19.00800000,19.32433333,19.87085714,20.31350000,20.59066667,21.05380000,21.02683333,25.98620000,17.98675227,18.94343992,-0.95668765,-1.01193298,0.05524533,50.98190656,43.59660658,43.68129476,62.46421026,48.54416855,90.30429368,18.75150000,22.11225352,15.39074648,26895461.22664000,36551195.45180000
2025-06-29,17.98000000,18.90000000,17.80000000,18.73000000,24223211.43500000,0.76000000,4.22927101,6.11790879,17.81600000,17.60900000,17.93666667,18.59050000,18.95360000,19.26333333,19.73600000,20.21675000,20.48466667,20.91200000,20.99033333,25.83750000,18.10109807,18.92762955,-0.82653148,-0.97485268,0.14832120,62.54378523,49.79775656,46.44863810,73.25374909,56.78069539,106.19985648,18.59050000,21.59580391,15.58519609,23576215.68160000,35366774.98753001
2025-06-30,18.73000000,18.88000000,17.71000000,17.96000000,33127241.39940000,-0.77000000,-4.11105179,6.24666311,17.89400000,17.66800000,17.86066667,18.36000000,18.92200000,19.16866667,19.59000000,20.08650000,20.37133333,20.77560000,20.92900000,25.66160000,18.07939068,18.85595329,-0.77656261,-0.93519467,0.15863205,48.60533941,44.40218964,44.15486988,72.64535653,62.06891577,93.79823806,18.36000000,20.71750984,16.00249016,23986423.76968000,34802753.99947000
2025-07-01,17.97000000,18.06000000,16.94000000,17.10000000,26047107.17500000,-0.86000000,-4.78841871,6.23260991,17.86800000,17.69600000,17.73000000,18.13650000,18.82040000,19.04266667,19.41057143,19.88250000,20.25866667,20.62100000,20.85983333,25.48320000,17.92871519,18.72588268,-0.79716749,-0.90758923,0.11042174,37.42646710,39.22402612,41.75192306,59.03629830,61.05804328,54.99280833,18.13650000,20.01065974,16.26234026,24011129.44214000,33444186.13459999
2025-07-02,17.11000000,18.83000000,16.97000000,18.51000000,49193260.27310000,1.41000000,8.24561404,10.87083577,18.05400000,17.89400000,17.72533333,18.04800000,18.73480000,18.95466667,19.26514286,19.76850000,20.15755556,20.47680000,20.82633333,25.32650000,18.01814362,18.70989137,-0.69174775,-0.86442093,0.17267319,56.92003282,49.71306634,46.71315599,66.05821247,62.72476634,72.72510472,18.04800000,19.64223435,16.45376565,29428382.38944000,33243756.27643000
2025-07-03,18.51000000,19.17000000,18.34000000,18.54000000,37940372.21920000,0.03000000,0.16207455,4.48406267,18.16800000,17.94200000,17.75066667,18.00450000,18.63480000,18.86800000,19.15914286,19.65800000,20.07511111,20.34840000,20.80350000,25.16540000,18.09842922,18.69730682,-0.59887760,-0.81131227,0.21243466,57.25998565,49.91370446,46.81373170,67.95510129,64.46821132,74.92888121,18.00450000,19.48572957,16.52327043,34106238.50034000,30500849.86349000
2025-07-04,18.55000000,18.88000000,17.50000000,17.80000000,34416034.02140000,-0.74000000,-3.99137001,7.43935310,17.98200000,17.89900000,17.73333333,17.94800000,18.46880000,18.79166667,19.08028571,19.51675000,19.96844444,20.23440000,20.77200000,25.00950000,18.05251703,18.63083965,-0.57832262,-0.76471434,0.18639172,46.41774489,45.07435654,44.64483824,58.15840833,62.36494366,49.74533768,17.94800000,19.36541945,16.53058055,36144803.01762000,29860509.34961000
2025-07-05,17.80000000,17.99000000,17.62000000,17.92000000,11378956.89950000,0.12000000,0.67415730,2.07865169,17.97400000,17.93400000,17.77000000,17.88900000,18.28280000,18.76400000,18.99800000,19.38800000,19.85177778,20.13160000,20.73716667,24.85950000,18.03212979,18.57818486,-0.54605507,-0.72098248,0.17492742,48.32191184,46.00053481,45.07542886,53.42100167,59.38362966,41.49574568,17.88900000,19.19865484,16.57934516,31795146.11764000,27890784.94366000
2025-07-06,17.92000000,18.62000000,17.74000000,18.29000000,19852310.15090000,0.37000000,2.06473214,4.91071429,18.21200000,18.04000000,17.86800000,17.85050000,18.15160000,18.71900000,18.92400000,19.26075000,19.69688889,20.05400000,20.71616667,24.73705000,18.07180213,18.55683783,-0.48503570,-0.67379313,0.18875743,54.32731664,48.89893548,46.41646862,55.79337331,58.18687755,51.00636484,17.85050000,19.05637116,16.64462884,30556186.71282000,27283658.07748000
2025-07-07,18.30000000,18.59000000,17.80000000,17.99000000,21090066.25620000,-0.30000000,-1.64024057,4.31693989,18.10800000,18.08100000,17.96533333,17.82100000,18.06000000,18.63033333,18.83371429,19.12050000,19.58400000,19.95260000,20.64666667,24.63285000,18.05921719,18.51484985,-0.45563266,-0.63016103,0.17452838,48.80865845,46.68261661,45.47702661,52.89064947,56.42146819,45.82901204,17.82100000,18.97967256,16.66232744,24935547.90944000,27181965.14944000
2025-07-08,18.00000000,18.48000000,17.69000000,18.36000000,23725709.97570000,0.37000000,2.05669817,4.38888889,18.07200000,18.12000000,17.98533333,17.83100000,18.01800000,18.54100000,18.75428571,19.02325000,19.48177778,19.87480000,20.56483333,24.52535000,18.10549147,18.50337949,-0.39788802,-0.58370643,0.18581841,55.49897908,49.74713809,46.86114720,56.48614300,56.44302646,56.57237607,17.83100000,19.00533789,16.65666211,22092615.46074000,28099426.98054000
2025-07-09,18.37000000,19.63000000,18.09000000,19.50000000,50742758.87650000,1.14000000,6.20915033,8.38323353,18.41200000,18.19700000,18.07000000,17.90300000,18.04080000,18.45933333,18.73742857,18.99675000,19.39400000,19.81280000,20.45950000,24.43575000,18.32003124,18.57720323,-0.25717199,-0.51839954,0.26122755,69.99679189,57.88361848,50.87091829,69.37985741,60.75530344,86.62896535,17.90300000,19.29319272,16.51280728,25357960.43176000,30751381.72469000
2025-07-10,19.50000000,20.79000000,19.34000000,20.70000000,61077271.26470000,1.20000000,6.15384615,7.43589744,18.96800000,18.47100000,18.27866667,18.06950000,18.10480000,18.39700000,18.79314286,18.99425000,19.34133333,19.76340000,20.39150000,24.35640000,18.68618028,18.73444743,-0.04826715,-0.42437306,0.37610591,78.74403191,64.48650909,54.63123291,78.80123129,66.77061273,102.86246843,18.06950000,19.91424759,16.22475241,35297623.30480000,33546384.71122000
2025-07-11,20.70000000,21.53000000,20.32000000,20.68000000,69861988.40640000,-0.02000000,-0.09661836,5.84541063,19.44600000,18.82900000,18.50866667,18.26250000,18.16960000,18.36733333,18.82285714,18.98925000,19.28133333,19.67180000,20.32233333,24.26425000,18.99292178,18.87856244,0.11435934,-0.31662658,0.43098592,78.28754741,64.30321307,54.55860877,78.83688372,70.79270306,94.92524506,18.26250000,20.34870406,16.17629594,45299558.95590000,37927872.83436000
2025-07-12,20.67000000,21.08000000,20.18000000,20.69000000,43711197.21160000,0.01000000,0.04835590,4.35413643,19.98600000,19.04700000,18.71600000,18.47050000,18.25400000,18.38100000,18.82400000,18.97775000,19.21666667,19.62420000,20.23850000,24.16145000,19.25401073,19.01274300,0.24126774,-0.20504772,0.44631545,78.36280678,64.35847156,54.59010394,78.94336500,73.50959037,89.81091425,18.47050000,20.65653679,16.28446321,49823785.14698000,37379666.52821000
2025-07-13,20.68000000,21.80000000,20.66000000,21.20000000,56090250.13890000,0.51000000,2.46495892,5.51257253,20.55400000,19.31300000,18.93133333,18.62750000,18.37560000,18.44066667,18.82857143,18.97925000,19.19333333,19.58900000,20.17583333,24.06620000,19.55339370,19.17476204,0.37863166,-0.08831184,0.46694351,82.14945224,67.18468670,56.20545125,81.17755434,76.06557836,91.40150629,18.62750000,21.11907633,16.13592367,56296693.17962001,39194654.32018000
2025-07-14,21.21000000,22.08000000,21.02000000,21.26000000,54912747.92300000,0.06000000,0.28301887,4.99764262,20.90600000,19.65900000,19.10000000,18.77900000,18.50360000,18.51833333,18.80885714,19.00850000,19.20888889,19.54520000,20.13850000,23.98585000,19.81594851,19.32922411,0.48672441,0.02669541,0.46002900,82.57984800,67.51528273,56.39586904,81.22543106,77.78552926,88.10523466,18.77900000,21.52436087,16.03363913,57130690.98892000,41244325.71034000
2025-07-15,21.27000000,22.58000000,20.39000000,22.51000000,90392468.09330000,1.25000000,5.87958608,10.29619182,21.26800000,20.11800000,19.40333333,19.02600000,18.70920000,18.63200000,18.80714286,19.10250000,19.24688889,19.53400000,20.12933333,23.91560000,20.23041797,19.56483714,0.66558084,0.15447249,0.51110834,89.13126688,73.56741069,60.16145925,87.00645643,80.85917165,99.30102598,19.02600000,22.17290424,15.87909576,62993730.35463999,49145676.82972000
2025-07-16,22.52000000,23.02000000,21.61000000,22.66000000,67472490.81460001,0.15000000,0.66637050,6.26110124,21.66400000,20.55500000,19.77400000,19.29750000,18.94280000,18.75200000,18.83828571,19.17800000,19.28644444,19.51960000,20.13750000,23.84020000,20.60419982,19.79410846,0.81009136,0.28559627,0.52449510,89.68963420,74.19673354,60.58764843,89.08623049,83.60152460,100.05564227,19.29750000,22.71711448,15.87788552,62515830.83628000,53907694.89608999
2025-07-17,22.65000000,24.34000000,22.02000000,23.91000000,95506180.64240000,1.25000000,5.51632833,10.24282561,22.30800000,21.14700000,20.13400000,19.61400000,19.23800000,18.92966667,18.94200000,19.25950000,19.34777778,19.52580000,20.15166667,23.78055000,21.11278447,20.09898931,1.01379515,0.43123604,0.58255911,93.18880096,78.78791510,63.94195911,90.43082033,85.87795651,99.53654797,19.61400000,23.50372411,15.72427589,72874827.52244000,61349306.33471000
2025-07-18,23.91000000,25.03000000,23.06000000,23.51000000,100857656.51530001,-0.40000000,-1.67294019,8.23923045,22.77000000,21.66200000,20.46533333,19.89100000,19.45600000,19.10800000,19.05914286,19.32125000,19.40044444,19.55100000,20.17266667,23.71825000,21.48158686,20.35165677,1.12993008,0.57097485,0.55895523,82.44438368,74.18029289,62.17502526,84.71603605,85.49064969,83.16680877,19.89100000,24.06633560,15.71566440,81828308.79772000,69062500.98867001
2025-07-19,23.51000000,25.23000000,23.01000000,24.50000000,68471815.76850000,0.99000000,4.21097405,9.44279030,23.41800000,22.16200000,20.91200000,20.17950000,19.70680000,19.32266667,19.21828571,19.38500000,19.49844444,19.62980000,20.20433333,23.66220000,21.94595811,20.65894146,1.28701665,0.71418321,0.57283344,86.92253803,77.70125562,64.69463711,84.99220885,85.32450274,84.32762107,20.17950000,24.79159155,15.56740845,84540122.36682001,70835406.67787001
2025-07-20,24.51000000,25.55000000,24.31000000,25.04000000,76318637.96439999,0.54000000,2.20408163,5.05915953,23.92400000,22.59600000,21.38666667,20.53350000,20.00560000,19.57833333,19.38800000,19.44675000,19.63822222,19.71460000,20.23550000,23.59850000,22.42196455,20.98346431,1.43850024,0.85904662,0.57945362,88.79360272,79.37486479,65.98430050,86.82907033,85.82602527,88.83516045,20.53350000,25.50141929,15.56558071,81725356.34103999,72359543.34784000
2025-07-21,25.05000000,26.53000000,24.64000000,25.43000000,95637853.54640000,0.39000000,1.55750799,7.54491018,24.47800000,23.07100000,21.86266667,20.95000000,20.33360000,19.86533333,19.57000000,19.54325000,19.76688889,19.80560000,20.23833333,23.52925000,22.88473924,21.31283733,1.57190191,1.00161768,0.57028424,90.02988488,80.52640519,66.89562968,85.24761041,85.63322032,84.47639059,20.95000000,26.09931574,15.80068426,87358428.88740000,74937129.86183999
2025-07-22,25.43000000,26.09000000,24.71000000,25.88000000,137071109.38330001,0.45000000,1.76956351,5.42666142,24.87200000,23.59000000,22.38866667,21.31850000,20.66560000,20.17700000,19.77857143,19.68325000,19.88311111,19.90020000,20.28516667,23.44895000,23.34554859,21.65114567,1.69440291,1.14017472,0.55422819,91.35101577,81.80510442,67.93011558,86.63630053,85.96758039,87.97374082,21.31850000,26.77809040,15.85890960,95671414.63558000,84273121.07901001
2025-07-23,25.88000000,26.10000000,23.15000000,23.95000000,101151689.04730000,-1.93000000,-7.45749614,11.39876352,24.96000000,23.86500000,22.76133333,21.58900000,20.90480000,20.37333333,19.94400000,19.79675000,19.94777778,19.95640000,20.30166667,23.35555000,23.43854111,21.82143118,1.61710993,1.23556177,0.38154817,54.31159064,62.57923857,59.59557844,77.08435236,83.00650438,65.24004833,21.58900000,27.00486714,16.17313286,95730221.14197999,88779264.96985000
2025-07-24,23.96000000,24.44000000,22.53000000,23.67000000,69983103.37109999,-0.28000000,-1.16910230,7.97161937,24.79400000,24.10600000,23.03933333,21.88250000,21.10240000,20.55466667,20.10428571,19.91525000,19.98600000,20.02800000,20.30533333,23.25835000,23.47415017,21.95836220,1.51578797,1.29160701,0.22418096,50.73060279,60.33502449,58.50884069,65.34620781,77.11973886,41.79914571,21.88250000,27.06498823,16.70001177,96032478.66249999,90286300.51466000
2025-07-25,23.67000000,24.04000000,22.86000000,24.01000000,56915041.31950000,0.34000000,1.43641741,4.98521335,24.58800000,24.25600000,23.26000000,22.18700000,21.34440000,20.76933333,20.29400000,20.03800000,20.01800000,20.13320000,20.32100000,23.15815000,23.55658861,22.11033537,1.44625323,1.32253625,0.12371698,55.04926516,62.13387201,59.44586350,58.27219471,70.83722414,33.14213585,22.18700000,27.09771482,17.27628518,92151759.33351998,86938557.83728001
2025-07-26,24.01000000,25.77000000,23.84000000,24.94000000,57584998.19660000,0.93000000,3.87338609,8.03831737,24.49000000,24.48400000,23.54400000,22.51950000,21.65800000,21.02633333,20.52600000,20.18500000,20.09288889,20.23920000,20.34700000,23.08680000,23.76942113,22.31994016,1.44948097,1.34792520,0.10155577,65.09254329,66.64733875,61.90163721,58.93146314,66.86863714,43.05711514,22.51950000,27.21503192,17.82396808,84541188.26356000,85949808.57548001
2025-07-27,24.94000000,26.46000000,24.74000000,26.06000000,55664672.92230000,1.12000000,4.49077787,6.89655172,24.52600000,24.69900000,23.90200000,22.92300000,21.96000000,21.30900000,20.79828571,20.37200000,20.22133333,20.34740000,20.38800000,23.02995000,24.12181788,22.59698163,1.52483625,1.38330741,0.14152884,73.61273539,71.16310523,64.59581509,68.70430876,67.48052768,71.15187092,22.92300000,27.35946659,18.48653341,68259900.97136000,81965657.80347000
2025-07-28,26.06000000,27.38000000,24.99000000,25.21000000,132011082.12010001,-0.85000000,-3.26170376,9.17114351,24.77800000,24.86900000,24.16933333,23.26550000,22.22680000,21.55033333,21.00257143,20.54825000,20.35022222,20.43080000,20.43733333,22.97500000,24.28923051,22.79053854,1.49869197,1.40638432,0.09230765,60.22542833,63.99006899,61.17015817,64.22211649,66.39439062,59.87756824,23.26550000,27.25374312,19.27725688,74431779.58592001,85081000.36395000
2025-07-29,25.21000000,25.51000000,23.88000000,24.37000000,90297768.06620000,-0.84000000,-3.33201111,6.46568822,24.91800000,24.85600000,24.37666667,23.50900000,22.48960000,21.73833333,21.17800000,20.70600000,20.47111111,20.47920000,20.50083333,22.91350000,24.30165659,22.90753569,1.39412090,1.40393163,-0.00981074,49.54109403,57.71803252,57.99840558,55.46079244,62.74985789,40.88266153,23.50900000,27.10458150,19.91341850,78494712.52494000,87263595.59372000
2025-07-30,24.38000000,24.51000000,22.40000000,23.31000000,80756333.78790000,-1.06000000,-4.34961018,8.65463495,24.77800000,24.68300000,24.43000000,23.63950000,22.70520000,21.91666667,21.34200000,20.85450000,20.56466667,20.49400000,20.54266667,22.84440000,24.14909404,22.93734786,1.21174617,1.36549454,-0.15374837,39.05046355,50.85599217,54.29157988,43.06489242,56.18820273,16.81827178,23.63950000,26.98669034,20.29230966,83262971.01861998,87707365.17607000
2025-07-31,23.30000000,24.12000000,22.40000000,22.47000000,63798314.30430000,-0.84000000,-3.60360360,7.38197425,24.28400000,24.38700000,24.41733333,23.72900000,22.87240000,22.09566667,21.49171429,20.99575000,20.64044444,20.51200000,20.56916667,22.77395000,23.89077188,22.90272950,0.98804238,1.29000411,-0.30196173,32.50499467,46.11622033,51.56631313,29.17846911,47.18495819,-6.83450906,23.72900000,26.82964102,20.62835898,84505634.24016000,84523411.25185999
2025-08-01,22.47000000,22.58000000,21.02000000,21.51000000,86599867.33140001,-0.96000000,-4.27236315,6.94259012,23.37400000,23.95000000,24.25733333,23.77000000,23.01320000,22.19566667,21.60400000,21.12025000,20.70555556,20.53660000,20.57516667,22.70505000,23.52449928,22.79956435,0.72493493,1.17699027,-0.45205535,26.42955613,41.31547604,48.65379516,22.02044691,38.79678776,-11.53223480,23.77000000,26.71944062,20.82055938,90692673.12198000,79476287.04666999
2025-08-02,21.52000000,21.82000000,20.66000000,20.86000000,30625872.29360000,-0.65000000,-3.02185030,5.39033457,22.50400000,23.64100000,24.08066667,23.75300000,23.11320000,22.27300000,21.68657143,21.19025000,20.76555556,20.56560000,20.57050000,22.62650000,23.11457631,22.65589292,0.45868339,1.03332890,-0.57464550,22.94505921,38.36545000,46.78676606,15.67236143,31.08864565,-15.16020701,23.75300000,26.76800179,20.73799821,70415631.15668002,72423705.37130000
2025-08-03,20.87000000,21.54000000,20.57000000,21.37000000,22670383.03550000,0.51000000,2.44487057,4.64781984,21.90400000,23.41100000,23.87200000,23.75850000,23.18800000,22.39200000,21.76200000,21.26875000,20.83911111,20.61440000,20.59183333,22.53425000,22.84617996,22.56064159,0.28553837,0.88377079,-0.59823242,31.45391104,41.91537871,48.40767888,14.36405104,25.51378078,-7.93540845,23.75850000,26.75469601,20.76230399,56890154.15054001,67692433.33774000
2025-08-04,21.38000000,23.13000000,21.34000000,23.11000000,62947527.97940000,1.74000000,8.14225550,8.37231057,21.86400000,23.32100000,23.74333333,23.78850000,23.28440000,22.56500000,21.90914286,21.40725000,20.96666667,20.69460000,20.66450000,22.44950000,22.88676766,22.60133481,0.28543285,0.76410320,-0.47867035,52.79507493,52.16890710,53.45515289,22.00873104,24.34543087,17.33533138,23.78850000,26.74379694,20.83320306,53328392.98884001,68295682.00373001
2025-08-05,23.12000000,23.14000000,21.44000000,21.92000000,41395062.41600000,-1.19000000,-5.14928602,7.35294118,21.75400000,23.01900000,23.50933333,23.75150000,23.33400000,22.68600000,22.04685714,21.52450000,21.08000000,20.75180000,20.70250000,22.35220000,22.73803417,22.55086556,0.18716861,0.64871628,-0.46154768,42.05057281,46.09766715,49.96656523,21.28041688,23.32375954,17.19373155,23.75150000,26.78381213,20.71918787,48847742.61118000,66676688.42567001
2025-08-06,21.92000000,22.40000000,21.57000000,22.23000000,35484210.30860000,0.31000000,1.41423358,3.78649635,21.89800000,22.63600000,23.26600000,23.66750000,23.39560000,22.82733333,22.15314286,21.64075000,21.20666667,20.82480000,20.72883333,22.26710000,22.65987507,22.52709774,0.13277732,0.54552849,-0.41275117,45.51675833,47.82328908,50.83869598,25.38802421,24.01184776,28.14037710,23.66750000,26.77350691,20.56149309,38624611.20662000,64658642.16430000
2025-08-07,22.24000000,23.36000000,21.95000000,23.36000000,59086246.07130000,1.13000000,5.08322087,6.33992806,22.39800000,22.45100000,23.22666667,23.66000000,23.48200000,22.99400000,22.29085714,21.77550000,21.32444444,20.92880000,20.76750000,22.20550000,22.76758660,22.58879421,0.17879239,0.47218127,-0.29338888,56.81546841,53.71550833,53.89548121,40.52941038,29.51770197,62.55282722,23.66000000,26.76833176,20.55166824,44316685.96216001,57366158.55942000
2025-08-08,23.35000000,23.87000000,23.00000000,23.79000000,69027912.03420000,0.43000000,1.84075342,3.72591006,22.88200000,22.39300000,23.23466667,23.62450000,23.58320000,23.13700000,22.46200000,21.90200000,21.44800000,21.04340000,20.79816667,22.14430000,22.92488097,22.67777241,0.24710855,0.42716673,-0.18005818,60.55116319,55.78812828,55.00635851,57.25434871,38.76325088,94.23654436,23.62450000,26.70856072,20.54043928,53588191.76189999,55239172.95622001
2025-08-09,23.80000000,24.82000000,23.73000000,24.23000000,90316333.96960001,0.44000000,1.84951660,4.57983193,23.10600000,22.48500000,23.24933333,23.58400000,23.65200000,23.25466667,22.64228571,22.05875000,21.59600000,21.18060000,20.82583333,22.08070000,23.12566851,22.79275223,0.33291627,0.40831664,-0.07540036,64.33908591,57.89293365,56.13487928,66.87544816,48.13398331,104.35837786,23.58400000,26.61053110,20.55746890,59061952.95994000,56195172.97439001
2025-08-10,24.24000000,24.55000000,23.26000000,23.83000000,48725702.88840000,-0.40000000,-1.65084606,5.32178218,23.48800000,22.62100000,23.17533333,23.50400000,23.69880000,23.35966667,22.80057143,22.22700000,21.74266667,21.32080000,20.86350000,22.01585000,23.23402720,22.86958540,0.36444180,0.39954167,-0.03509987,58.23857499,55.28282179,54.83030212,70.15225956,55.47340872,99.50996122,23.50400000,26.40714820,20.60085180,60528081.05442001,54687911.83280001
2025-08-11,23.84000000,24.63000000,22.65000000,22.79000000,69378117.54160000,-1.04000000,-4.36424675,8.30536913,23.60000000,22.74900000,22.95733333,23.34950000,23.65400000,23.42966667,22.93771429,22.33400000,21.85844444,21.44600000,20.90533333,21.95200000,23.16571532,22.86369019,0.30202514,0.38003836,-0.07801323,44.94297988,49.01489971,51.57823001,64.17993774,58.37558506,75.78864310,23.34950000,26.04144881,20.65755119,67306862.50102000,52965736.85382000
2025-08-12,22.79000000,24.90000000,22.74000000,24.67000000,77214092.91740000,1.88000000,8.24923212,9.47784116,23.86200000,23.13000000,22.92133333,23.38550000,23.70040000,23.54533333,23.11800000,22.48725000,22.00733333,21.57820000,20.99300000,21.89865000,23.39714374,22.99749091,0.39965282,0.38396125,0.01569157,63.17811019,58.33144496,56.45049264,73.96640044,63.57252352,94.75415428,23.38550000,26.13000628,20.64099372,70932431.87024000,57624558.91620000
2025-08-13,24.67000000,25.68000000,24.37000000,25.47000000,81639829.35959999,0.80000000,3.24280503,5.31009323,24.19800000,23.54000000,22.99466667,23.47550000,23.73920000,23.68566667,23.28857143,22.67900000,22.15711111,21.72300000,21.10200000,21.84295000,23.71604470,23.18063974,0.53540496,0.41425000,0.12115497,68.50476345,61.58966503,58.31303374,80.99332357,69.37945687,104.22105696,23.47550000,26.37307412,20.57792588,73454815.33532001,63521503.54861001
2025-08-14,25.47000000,25.99000000,23.18000000,23.67000000,140109859.80520001,-1.80000000,-7.06713781,11.03258736,24.08600000,23.59600000,23.01866667,23.45850000,23.68440000,23.72433333,23.37342857,22.82275000,22.28400000,21.84500000,21.17816667,21.78255000,23.70896090,23.21688864,0.49207226,0.42981445,0.06225781,49.26337908,51.67221290,52.99196838,69.83265312,69.53052229,70.43691478,23.45850000,26.34684518,20.57015482,83413520.50244001,71237736.73119000
2025-08-15,23.66000000,25.66000000,23.46000000,23.77000000,136005122.67199999,0.10000000,0.42247571,9.29839391,24.07400000,23.78100000,23.10533333,23.40000000,23.61800000,23.76133333,23.46171429,22.95975000,22.43222222,21.97580000,21.25666667,21.73040000,23.71835153,23.25785986,0.46049167,0.43594989,0.02454178,50.19596492,52.13928881,53.23932562,61.57160373,66.87754943,50.95971232,23.40000000,26.20828848,20.59171152,100869404.45916000,80698742.75679000
2025-08-16,23.76000000,24.37000000,23.57000000,24.30000000,38546322.94270000,0.53000000,2.22970130,3.36700337,24.37600000,23.98800000,23.29133333,23.31200000,23.55480000,23.77433333,23.56485714,23.11750000,22.56088889,22.11020000,21.35200000,21.69150000,23.80783591,23.33505542,0.47278049,0.44331601,0.02946448,55.40879534,54.67219820,54.56163929,57.51480169,63.75663352,45.03113802,23.31200000,25.86832631,20.75567369,94703045.53938000,81004954.02020000
2025-08-17,24.30000000,25.68000000,24.02000000,25.06000000,67900115.26240000,0.76000000,3.12757202,6.83127572,24.45400000,24.15800000,23.57133333,23.30450000,23.59920000,23.82600000,23.67514286,23.28500000,22.70577778,22.25200000,21.46700000,21.65280000,24.00047654,23.46282909,0.53764745,0.46218230,0.07546515,62.21423588,58.13787500,56.40622699,62.39509733,63.30278812,60.57971575,23.30450000,25.83815951,20.77084049,92840250.00838000,81886340.93931000
2025-08-18,25.07000000,25.33000000,23.36000000,23.70000000,90778161.19430000,-1.36000000,-5.42697526,7.85799761,24.10000000,24.14900000,23.72666667,23.27100000,23.60040000,23.79933333,23.74485714,23.39000000,22.83688889,22.35140000,21.56100000,21.59985000,23.95424938,23.48039731,0.47385207,0.46451625,0.00933582,46.85766512,50.58731887,52.43175220,52.07577347,59.56044991,37.10642060,23.27100000,25.76271173,20.77928827,94667916.37531999,84061365.85532001
2025-08-19,23.70000000,24.06000000,22.31000000,22.37000000,66367317.70420000,-1.33000000,-5.61181435,7.38396624,23.84000000,23.96300000,23.67733333,23.22400000,23.53480000,23.71033333,23.74085714,23.43175000,22.93577778,22.43960000,21.64433333,21.53960000,23.71051871,23.39814566,0.31237305,0.43408761,-0.12171456,36.33316113,44.43117353,48.91462887,35.26066057,51.46052013,2.86094147,23.22400000,25.74786838,20.70013162,79919407.95512000,81666464.22878000
2025-08-20,22.36000000,23.55000000,22.23000000,23.46000000,52662843.92660000,1.09000000,4.87259723,5.90339893,23.77800000,23.92600000,23.78000000,23.27350000,23.47560000,23.64466667,23.76371429,23.50125000,23.05066667,22.56680000,21.75500000,21.49635000,23.67197737,23.40272746,0.26924991,0.40112007,-0.13187016,47.85213142,49.88383404,51.68617982,34.41136237,45.77746754,11.67915202,23.27350000,25.77382651,20.77317349,63250952.20604000,82060178.33260000
2025-08-21,23.45000000,23.62000000,22.72000000,22.77000000,39551905.80330000,-0.69000000,-2.94117647,3.83795309,23.47200000,23.92400000,23.81600000,23.33650000,23.34400000,23.54100000,23.73114286,23.55325000,23.15688889,22.65200000,21.85900000,21.47205000,23.53321162,23.35585876,0.17735286,0.35636663,-0.17901377,42.07013152,46.71810592,49.89798306,27.72814229,39.76102579,3.66237528,23.33650000,25.71001416,20.96298584,63452068.77816000,79077557.15876999
2025-08-22,22.78000000,25.40000000,22.19000000,25.25000000,131281578.86510000,2.48000000,10.89152394,14.09130817,23.51000000,23.98200000,23.94200000,23.55600000,23.34560000,23.58433333,23.78085714,23.65450000,23.31000000,22.78620000,21.97883333,21.45635000,23.79733291,23.49616552,0.30116739,0.34532678,-0.04415939,61.91699370,57.33459293,55.65234911,45.32753346,41.61652835,52.74954368,23.55600000,25.77193654,21.34006346,76128361.49869999,84484305.75354001
2025-08-23,25.26000000,26.77000000,24.47000000,26.26000000,148324322.00799999,1.01000000,4.00000000,9.10530483,24.02200000,24.06100000,24.10666667,23.80050000,23.42120000,23.67066667,23.83114286,23.77950000,23.46022222,22.95540000,22.11266667,21.45535000,24.17620477,23.70089400,0.47531077,0.37132358,0.10398719,67.37884189,60.80433704,57.71615953,59.83989858,47.69098509,84.13772555,23.80050000,26.07908197,21.52191803,87637593.66143999,91152755.01838000
2025-08-24,26.26000000,26.57000000,24.92000000,25.83000000,103785899.48870000,-0.43000000,-1.63747144,6.28332064,24.71400000,24.27700000,24.21333333,23.93650000,23.52200000,23.73133333,23.85371429,23.86250000,23.57422222,23.11360000,22.25033333,21.45530000,24.43063480,23.85860555,0.57202925,0.41146471,0.16056454,62.77891890,58.59129191,56.54709109,66.38525990,53.92241003,91.31095964,23.93650000,26.36153847,21.51146153,95121310.01833999,87520358.98673001
2025-08-25,25.83000000,26.00000000,23.03000000,23.35000000,99633826.54080001,-2.48000000,-9.60123887,11.49825784,24.69200000,24.23500000,24.18133333,24.00800000,23.55720000,23.67833333,23.79428571,23.87975000,23.63355556,23.21480000,22.35233333,21.44955000,24.26438330,23.82093107,0.44345223,0.41786222,0.02559001,42.63456550,47.67411930,50.40290060,52.69934357,53.51472121,51.06858830,24.00800000,26.26091951,21.75508049,104515506.54117998,83883229.37361000
2025-08-26,23.35000000,24.35000000,23.09000000,24.17000000,62575477.95490000,0.82000000,3.51177730,5.39614561,24.97200000,24.22200000,24.27333333,24.10500000,23.66360000,23.61533333,23.74542857,23.88625000,23.71088889,23.33840000,22.46216667,21.44810000,24.24986279,23.84678803,0.40307476,0.41490472,-0.01182996,49.11326059,50.96941869,52.19504458,49.54337606,52.19093949,44.24824920,24.10500000,26.19689413,22.01310587,109120220.97149999,86286144.87483001
2025-08-27,24.17000000,25.33000000,23.86000000,24.42000000,88227442.46310000,0.25000000,1.03434009,6.08191974,24.80600000,24.15800000,24.25666667,24.15800000,23.80600000,23.58900000,23.75885714,23.90900000,23.78244444,23.45960000,22.56966667,21.44730000,24.27603774,23.88924817,0.38678957,0.40928169,-0.02249212,51.13239715,51.97532488,52.73833890,49.25890282,51.21359393,45.34952059,24.15800000,26.22397091,22.09202909,100509393.69110000,88318877.59490000
2025-08-28,24.42000000,25.08000000,24.13000000,24.93000000,64188025.29060000,0.51000000,2.08845209,3.89025389,24.54000000,24.28100000,24.22066667,24.21500000,23.94840000,23.60766667,23.79485714,23.91975000,23.86400000,23.56820000,22.67300000,21.44760000,24.37664732,23.96634090,0.41030642,0.40948664,0.00081978,55.45886754,54.07225655,53.85469648,52.78104438,51.73607742,54.87097831,24.21500000,26.30102871,22.12897129,83682134.34762000,85659864.00452998
2025-08-29,24.93000000,25.20000000,23.20000000,23.55000000,92240264.25510000,-1.38000000,-5.53549940,8.02246290,24.08400000,24.39900000,24.21266667,24.18100000,23.96600000,23.61566667,23.78171429,23.88250000,23.88711111,23.62520000,22.76616667,21.43700000,24.24947081,23.93550083,0.31396998,0.39038331,-0.07641333,43.07562356,47.89862937,50.48748497,45.08547064,49.51920849,36.21799493,24.18100000,26.28805981,22.07394019,81373007.30090001,88247158.65962000
2025-08-30,23.54000000,23.94000000,23.10000000,23.78000000,27698339.06220000,0.23000000,0.97664544,3.56839422,24.17000000,24.43100000,24.21333333,24.17850000,24.04040000,23.65933333,23.74857143,23.84125000,23.91200000,23.68720000,22.87750000,21.42895000,24.17724453,23.92398225,0.25326228,0.36295910,-0.10969682,45.50904778,48.95819829,51.02007992,41.62903283,46.88914994,31.10879861,24.17850000,26.28743113,22.06956887,66985909.80518000,85750708.17318001
2025-08-31,23.78000000,24.20000000,23.38000000,23.40000000,25411840.72280000,-0.38000000,-1.59798150,3.44827586,24.01600000,24.49400000,24.15333333,24.20900000,24.08720000,23.72233333,23.67257143,23.77925000,23.90066667,23.74140000,22.95900000,21.41350000,24.05766845,23.88516875,0.17249970,0.32486722,-0.15236752,41.95336242,47.22712331,50.09115153,31.05037126,41.60955704,9.93199969,24.20900000,26.24992755,22.16807245,59553182.35876000,84336701.66513000
2025-09-01,23.40000000,24.33000000,22.67000000,23.21000000,87954802.39320000,-0.19000000,-0.81196581,7.09401709,23.77400000,24.29000000,24.03000000,24.13600000,24.08120000,23.80066667,23.61542857,23.76075000,23.89400000,23.78160000,23.03683333,21.40260000,23.92725792,23.83515625,0.09210167,0.27831411,-0.18621244,40.07470678,46.33352093,49.61979505,25.31563212,36.17824874,3.59039889,24.13600000,26.21164727,22.06035273,59498654.34477999,80004024.01794000
2025-09-02,23.22000000,24.50000000,23.02000000,24.46000000,87088297.52680001,1.25000000,5.38560965,6.37381568,23.68000000,24.11000000,24.08066667,24.08550000,24.10800000,23.90366667,23.61800000,23.78050000,23.89311111,23.84560000,23.14783333,21.39295000,24.00921824,23.88144097,0.12777726,0.24820674,-0.12042948,55.72644190,52.75003682,52.67684127,34.79500600,35.71716782,32.95068235,24.08550000,26.07171009,22.09928991,64078708.79202000,73880421.56982000
2025-09-03,24.47000000,25.78000000,24.27000000,25.20000000,89324292.27560000,0.74000000,3.02534751,6.17082141,24.01000000,24.04700000,24.26933333,24.16200000,24.14680000,23.97333333,23.67200000,23.81025000,23.89666667,23.89940000,23.26916667,21.39155000,24.19241543,23.97911201,0.21330342,0.24122608,-0.02792266,62.65560390,56.13695870,54.38661823,50.31349810,40.58261125,69.77527181,24.16200000,26.19806018,22.12593982,63495514.39612000,72434260.84851000
2025-09-04,25.21000000,25.28000000,24.18000000,24.21000000,53366143.09530000,-0.99000000,-3.92857143,4.36334788,24.09600000,24.13300000,24.31933333,24.18400000,24.16200000,24.04966667,23.72171429,23.79200000,23.86955556,23.93040000,23.36783333,21.38835000,24.19512075,23.99621483,0.19890592,0.23276205,-0.03385612,50.07406282,50.82036446,51.77521163,50.04822703,43.73781651,62.66904807,24.18400000,26.21171741,22.15628259,68629075.20274000,67807492.50396000
2025-09-05,24.21000000,25.11000000,23.86000000,24.47000000,73138861.17630000,0.26000000,1.07393639,5.16315572,24.31000000,24.16300000,24.43266667,24.19250000,24.22920000,24.12433333,23.80628571,23.75225000,23.83822222,23.94160000,23.47583333,21.38555000,24.23740987,24.03131003,0.20609984,0.22742960,-0.02132976,53.04552565,52.11954533,52.40153262,52.65808919,46.71124074,64.55178609,24.19250000,26.22368710,22.16131290,78174479.29344000,68863830.82610001
2025-09-06,24.48000000,24.62000000,24.09000000,24.38000000,21159306.97310000,-0.09000000,-0.36779730,2.16503268,24.54400000,24.15900000,24.37466667,24.15850000,24.21760000,24.15833333,23.90685714,23.73150000,23.84777778,23.95900000,23.57616667,21.38985000,24.25934681,24.05713891,0.20220790,0.22238526,-0.02017737,51.76574094,51.60475339,52.15685705,53.43336707,48.95194951,62.39620218,24.15850000,26.15094124,22.16605876,64815380.20942000,62157017.27710000
2025-09-07,24.37000000,24.95000000,24.26000000,24.68000000,30811268.79770000,0.30000000,1.23051682,2.83135002,24.58800000,24.13400000,24.26933333,24.20750000,24.18600000,24.18800000,24.00142857,23.73925000,23.87022222,23.96260000,23.66250000,21.39455000,24.32406269,24.10327677,0.22078591,0.22206539,-0.00127948,56.01089341,53.28269263,52.92145272,57.16565307,51.68985070,68.11725782,24.20750000,26.20066596,22.21433404,53559974.46360000,58819341.62781000
2025-09-08,24.69000000,25.80000000,24.53000000,25.29000000,60304893.29980000,0.61000000,2.47163695,5.14378291,24.60600000,24.30800000,24.23333333,24.35350000,24.25080000,24.22333333,24.06371429,23.78875000,23.89866667,23.96760000,23.73900000,21.39525000,24.47266843,24.19118220,0.28148623,0.23394956,0.04753667,63.78743939,56.61902974,54.46544532,66.01245881,56.46405340,85.10926963,24.35350000,26.20250855,22.50449145,47756094.66844000,55625804.53228001
2025-09-09,25.29000000,26.36000000,24.90000000,25.93000000,100408729.45270000,0.64000000,2.53064452,5.77303282,24.95000000,24.52300000,24.40533333,24.47700000,24.33720000,24.29333333,24.17828571,23.87525000,23.92066667,23.97760000,23.82650000,21.40220000,24.69687328,24.31998351,0.37688977,0.26253760,0.11435217,70.38004855,59.89701867,56.04369911,73.45726703,62.12845795,96.11488520,24.47700000,26.40307701,22.55092299,57164611.93992001,62896843.57133000
2025-09-10,25.94000000,29.52000000,25.75000000,29.48000000,218802126.32640001,3.55000000,13.69070575,14.53353894,25.95200000,25.13100000,24.75933333,24.81250000,24.54440000,24.51633333,24.38542857,24.07450000,23.99666667,24.04960000,23.97300000,21.42045000,25.43273893,24.70220696,0.73053197,0.35613648,0.37439550,86.60815983,72.48019958,63.38857085,82.09971648,68.78554412,108.72806120,24.81250000,27.62174695,22.00325305,86297264.96993999,82235872.13169000
2025-09-11,29.47000000,29.99000000,28.30000000,29.15000000,127862617.23410000,-0.33000000,-1.11940299,5.73464540,26.90600000,25.72500000,25.07466667,25.00750000,24.70800000,24.66566667,24.55085714,24.28175000,24.08422222,24.15360000,24.10550000,21.44195000,26.00462525,25.03167311,0.97295214,0.47949961,0.49345253,81.61992750,70.24506466,62.37754937,83.49877782,73.68995536,103.11642274,25.00750000,28.42104500,21.59395500,107637927.02214000,86226653.61578000
2025-09-12,29.14000000,29.40000000,28.25000000,28.99000000,99961035.39920001,-0.16000000,-0.54888508,3.94646534,27.76800000,26.17800000,25.34533333,25.14400000,24.91960000,24.78300000,24.69942857,24.47225000,24.18688889,24.26000000,24.23433333,21.47750000,26.46391367,25.32488251,1.13903117,0.61140592,0.52762524,78.97352043,69.11769022,61.87823190,83.56144731,76.98045267,96.72343658,25.14400000,28.96271513,21.32528487,121467880.34244001,87513927.40301999
2025-09-13,28.98000000,31.25000000,28.74000000,30.08000000,200842960.05129999,1.09000000,3.75991721,8.66114562,28.72600000,26.66600000,25.78066667,25.35650000,25.22800000,24.99666667,24.86657143,24.64650000,24.33733333,24.38140000,24.36050000,21.51820000,27.02023465,25.67711343,1.34312121,0.75774898,0.58537223,83.37909753,72.40863524,63.93069854,83.76356298,79.24148944,92.80771005,25.35650000,29.76361518,20.94938482,149575493.69273999,98665794.18059000
2025-09-14,30.08000000,30.64000000,28.96000000,29.44000000,120027359.03399999,-0.64000000,-2.12765957,5.58510638,29.42800000,27.18900000,26.15800000,25.66100000,25.46720000,25.18566667,25.02685714,24.83450000,24.49222222,24.47140000,24.47350000,21.55605000,27.39250624,25.95584577,1.43666047,0.89353128,0.54312919,72.65337073,67.78197999,61.88917384,80.74926545,79.74408145,82.75963346,25.66100000,30.31881019,21.00318981,153499219.60900000,105331915.77446000
2025-09-15,29.44000000,30.45000000,28.22000000,29.81000000,141231815.98249999,0.37000000,1.25679348,7.57472826,29.49400000,27.72300000,26.58533333,25.94300000,25.74880000,25.36933333,25.22742857,25.02400000,24.67666667,24.54640000,24.57183333,21.59250000,27.76442836,26.24133868,1.52308968,1.01944296,0.50364672,74.89390554,69.03001863,62.60947141,80.29922418,79.92912902,81.03941449,25.94300000,30.89440214,20.99159786,137985157.54021999,112141211.25507998
2025-09-16,29.81000000,31.00000000,29.17000000,30.08000000,122246666.58470000,0.27000000,0.90573633,6.13887957,29.68000000,28.29300000,27.04333333,26.22600000,25.94200000,25.53666667,25.38200000,25.19200000,24.88155556,24.64380000,24.68133333,21.63105000,28.12067015,26.52568396,1.59498619,1.13455160,0.46043458,76.57456182,69.95648680,63.13994650,81.06257802,80.30694536,82.57384336,26.22600000,31.45036156,21.00163844,136861967.41033998,122249947.21624000
2025-09-17,30.07000000,32.00000000,29.38000000,31.82000000,136426878.40079999,1.74000000,5.78457447,8.71300299,30.24600000,29.00700000,27.53400000,26.57050000,26.16440000,25.80733333,25.56342857,25.39275000,25.11377778,24.79280000,24.80333333,21.68085000,28.68979782,26.91785552,1.77194230,1.26202974,0.50991256,84.56503044,75.17704641,66.35030418,86.52998159,82.38129077,94.82736324,26.57050000,32.31755224,20.82344776,144155136.01065999,132811508.17655000
2025-09-18,31.82000000,35.43000000,31.63000000,35.19000000,270473842.65640002,3.37000000,10.59082338,11.94217473,31.26800000,29.99700000,28.20000000,27.15250000,26.53880000,26.23466667,25.89257143,25.66675000,25.38222222,25.03040000,24.97250000,21.73205000,29.68982892,27.53060696,2.15922196,1.44146819,0.71775377,91.39042831,81.84319496,71.38679478,90.19354145,84.98537433,100.60987569,27.15250000,33.88472846,20.42027154,158081312.53167999,153828403.11220998
2025-09-19,35.19000000,35.81000000,33.34000000,33.75000000,184306198.66170001,-1.44000000,-4.09207161,7.01903950,32.13000000,30.77900000,28.83600000,27.65100000,26.95480000,26.57766667,26.17771429,25.91475000,25.64511111,25.25600000,25.11116667,21.79605000,30.31447063,27.99130274,2.32316788,1.61780813,0.70535976,74.49836267,72.73772441,66.92074413,84.41536931,84.79537265,83.65536262,27.65100000,34.79562595,20.50637405,170937080.45721999,162218150.03310999
2025-09-20,33.74000000,34.11000000,32.86000000,33.17000000,94837130.89420000,-0.58000000,-1.71851852,3.70480142,32.80200000,31.14800000,29.41600000,28.13950000,27.31480000,26.92433333,26.43114286,26.17425000,25.88822222,25.48920000,25.23266667,21.86190000,30.75378284,28.37490995,2.37887289,1.77002108,0.60885181,68.38875280,69.34767680,65.20621965,78.01604331,82.53559621,68.97693751,28.13950000,35.39546227,20.88353773,161658143.43956000,149821650.48989001
2025-09-21,33.17000000,33.61000000,32.58000000,33.04000000,77740220.42209999,-0.13000000,-0.39192041,3.10521556,33.39400000,31.53700000,29.99333333,28.63100000,27.65960000,27.18400000,26.65914286,26.38350000,26.10333333,25.73280000,25.38416667,21.91845000,31.10550856,28.72047217,2.38503638,1.89302414,0.49201224,66.91279970,68.56629963,64.81782242,73.17889932,79.41669724,60.70330346,28.63100000,35.81235275,21.44964725,152756854.20704001,144809410.80869001
2025-09-22,33.05000000,33.98000000,29.41000000,33.86000000,250346419.50270000,0.82000000,2.48184019,13.82753404,33.80200000,32.02400000,30.60533333,29.10100000,28.01680000,27.43733333,26.94942857,26.59325000,26.32711111,25.98260000,25.55400000,21.98280000,31.52927647,29.10117794,2.42809853,2.00003902,0.42805951,71.55887635,70.82809183,66.14510232,73.55536634,77.46292028,65.74025847,29.10100000,36.36291768,21.83908232,175540762.42741999,159847949.21903998
2025-09-23,33.87000000,36.16000000,32.75000000,33.61000000,322546503.30919999,-0.25000000,-0.73833432,10.06790670,33.48600000,32.37700000,31.16000000,29.52150000,28.41920000,27.69666667,27.27057143,26.84175000,26.53555556,26.19260000,25.71400000,22.05015000,31.84938778,29.43516476,2.41422302,2.08287582,0.33134721,68.06232024,69.17267829,65.36065147,71.66495456,75.53026504,63.93433360,29.52150000,36.80623899,22.23676101,185955294.55798000,172018303.54483002
2025-09-24,33.60000000,34.85000000,32.26000000,32.31000000,161661593.91119999,-1.30000000,-3.86789646,7.70833333,33.19800000,32.66400000,31.58533333,29.92650000,28.76040000,27.99533333,27.52342857,27.05525000,26.72400000,26.40040000,25.83683333,22.10925000,31.92025120,29.64811552,2.27213568,2.12072779,0.15140789,52.15891493,61.07506880,61.40893003,62.75040843,71.27031283,45.71059961,29.92650000,36.86007134,22.99292866,181426373.60788000,176181727.03255001
2025-09-25,32.31000000,32.80000000,28.51000000,28.64000000,218339928.16010001,-3.67000000,-11.35871247,13.27762303,32.29200000,32.54700000,31.52933333,30.13500000,28.97000000,28.14433333,27.69114286,27.16375000,26.85400000,26.52860000,25.87983333,22.16260000,31.41559717,29.57344029,1.84215688,2.06501361,-0.22285673,29.11358226,44.89086101,52.12517639,42.40005442,61.64689336,3.90637653,30.13500000,36.61355897,23.65644103,206126933.06105998,183892538.25031000
2025-09-26,28.63000000,29.60000000,27.07000000,29.09000000,181928406.87360001,0.45000000,1.57122905,8.83688439,31.50200000,32.44800000,31.52533333,30.37050000,29.20520000,28.30000000,27.80085714,27.26450000,26.95222222,26.64320000,25.94450000,22.22675000,31.05781299,29.53762990,1.52018309,1.95604751,-0.43586442,33.44062668,46.77736976,53.03364267,35.67411035,52.98929903,1.04373301,30.37050000,36.28619714,24.45480286,226964570.35135999,189860712.27920002
2025-09-27,29.10000000,29.11000000,28.23000000,28.74000000,53893549.80490000,-0.35000000,-1.20316260,3.02405498,30.47800000,32.14000000,31.50866667,30.57350000,29.37640000,28.42700000,27.87171429,27.39050000,27.02488889,26.74220000,26.01733333,22.28290000,30.70122638,29.47854620,1.22268017,1.80937404,-0.58669387,31.63812437,45.45704582,52.22927509,29.90668596,45.29509467,-0.87013145,30.57350000,35.91807039,25.22892961,187673996.41179997,181607379.41960999
2025-09-28,28.75000000,30.30000000,27.92000000,30.01000000,87001287.70430000,1.27000000,4.41892832,8.27826087,29.75800000,31.62200000,31.50400000,30.80950000,29.56880000,28.64233333,27.99114286,27.58150000,27.16577778,26.85780000,26.12900000,22.33840000,30.59488386,29.51791315,1.07697070,1.66289337,-0.58592267,44.63293238,50.93865863,54.82365330,30.71886875,40.43635270,11.28390086,30.80950000,35.55500857,26.06399143,140564953.29081997,163260123.92440000
2025-09-29,30.01000000,30.82000000,29.13000000,30.41000000,159622162.44100001,0.40000000,1.33288904,5.63145618,29.37800000,31.28800000,31.56866667,31.03350000,29.81680000,28.86333333,28.19285714,27.75525000,27.31333333,26.98940000,26.26133333,22.39795000,30.56644019,29.58399366,0.98244653,1.52680400,-0.54435748,48.34412213,52.57626779,55.61586078,32.72713729,37.86661423,22.44818341,31.03350000,35.19639006,26.87060994,140157066.99677998,160791720.30233002
2025-09-30,30.41000000,30.72000000,28.81000000,30.01000000,119033130.02390000,-0.40000000,-1.31535679,6.28082867,29.65200000,30.97200000,31.58200000,31.06000000,30.03840000,29.08366667,28.35971429,27.93625000,27.44022222,27.13380000,26.40300000,22.45510000,30.48083400,29.61554968,0.86528432,1.39450007,-0.52921575,44.74507047,50.72905809,54.61647108,32.59916963,36.11079936,25.57591018,31.06000000,35.18785149,26.93214851,120295707.36953998,163211320.21529999
2025-10-01,30.02000000,31.10000000,29.61000000,30.73000000,118338502.39579999,0.72000000,2.39920027,4.96335776,29.98000000,30.74100000,31.62533333,31.13900000,30.29240000,29.33433333,28.54000000,28.07325000,27.56622222,27.25500000,26.56750000,22.51175000,30.51916723,29.69810156,0.82106567,1.27981319,-0.45874751,52.39945200,53.90889354,56.09821877,35.15412189,35.79190687,33.87855193,31.13900000,35.17233426,27.10566574,107577726.47397999,167271148.41266999
2025-10-02,30.74000000,31.38000000,29.48000000,30.98000000,213606125.86300001,0.25000000,0.81353726,6.18087183,30.42800000,30.45300000,31.56933333,31.23850000,30.54440000,29.55166667,28.71285714,28.19125000,27.72800000,27.36520000,26.72766667,22.57540000,30.59006458,29.79305700,0.79700758,1.18325207,-0.38624448,54.99703233,55.00875471,56.61148384,40.18843773,37.25741716,46.05047887,31.23850000,35.14479869,27.33220131,139520241.68559998,163597119.04870000
2025-10-03,30.97000000,31.57000000,29.99000000,31.31000000,146423055.68869999,0.33000000,1.06520336,5.10171133,30.68800000,30.22300000,31.31066667,31.30000000,30.78520000,29.75533333,28.93457143,28.32825000,27.92666667,27.51800000,26.86433333,22.63785000,30.70082388,29.90542315,0.79540073,1.10568180,-0.31028107,58.57756650,56.50340134,57.29911225,51.45779502,41.99087645,70.39163217,31.30000000,35.16804452,27.43195548,151404595.28248000,145984774.28665000
2025-10-04,31.32000000,31.44000000,29.85000000,30.12000000,78386828.01170000,-1.19000000,-3.80070265,5.07662835,30.63000000,30.00400000,31.06866667,31.33400000,30.95280000,29.95233333,29.11571429,28.49750000,28.07466667,27.64500000,27.00100000,22.69360000,30.61146636,29.92131773,0.69014863,1.02257516,-0.33242654,43.57518576,49.97263236,54.07442675,56.89778927,46.95984739,76.77367304,31.33400000,35.14473498,27.52326502,135157528.39661998,137657297.69670001
2025-10-05,30.12000000,31.21000000,29.63000000,30.07000000,90821357.52740000,-0.05000000,-0.16600266,5.24568393,30.64200000,30.14700000,30.86200000,31.34700000,30.97640000,30.13900000,29.30628571,28.64500000,28.23688889,27.76040000,27.13166667,22.74525000,30.52816384,29.93233123,0.59583261,0.93722665,-0.34139404,43.01966515,49.70927904,53.94132996,57.56656271,50.49541916,71.70884981,31.34700000,35.13756502,27.55643498,129515173.89731999,124905440.63343000
2025-10-06,30.07000000,31.03000000,29.94000000,30.61000000,94315938.16050000,0.54000000,1.79580978,3.62487529,30.61800000,30.29900000,30.70000000,31.37350000,31.03480000,30.34666667,29.51771429,28.79975000,28.35600000,27.87140000,27.25250000,22.80460000,30.54075402,29.98252892,0.55822510,0.86142634,-0.30320124,51.09912867,52.64926726,55.18444574,62.94391852,54.64491895,79.54191766,31.37350000,35.13406141,27.61293859,124710661.05025999,116144193.76212001
2025-10-07,30.61000000,30.73000000,27.81000000,27.93000000,142728911.24370000,-2.68000000,-8.75530872,9.53936622,30.00800000,30.21800000,30.30466667,31.17900000,30.99240000,30.45500000,29.61685714,28.87475000,28.39311111,27.95600000,27.32150000,22.84835000,30.13909956,29.83048974,0.30860982,0.75086304,-0.44225322,27.70409206,39.99154623,48.41703119,43.02644213,50.77209334,27.53513971,31.17900000,35.23324742,27.12475258,110535218.12639999,125027729.90599999
2025-10-08,27.92000000,29.63000000,27.84000000,28.82000000,75823094.57060000,0.89000000,3.18653777,6.41117479,29.51000000,30.09900000,29.98533333,30.86050000,30.94200000,30.57266667,29.72028571,29.00650000,28.45955556,28.08500000,27.39800000,22.89530000,29.93616116,29.75563865,0.18052252,0.63679493,-0.45627242,38.85928761,44.79939501,50.51972863,37.63819547,46.39412738,20.12633163,30.86050000,34.57457834,27.14642166,96415225.90277998,123909910.59263000
2025-10-09,28.82000000,28.90000000,27.58000000,28.38000000,63914514.10150000,-0.44000000,-1.52671756,4.58015267,29.16200000,29.89600000,29.72333333,30.59200000,30.89960000,30.65433333,29.83942857,29.12150000,28.57133333,28.18340000,27.47383333,22.93810000,29.69675175,29.65373949,0.04301226,0.51803840,-0.47502614,35.60044893,42.94377186,49.47923482,31.77550541,41.52125339,12.28400946,30.59200000,34.20149391,26.98250609,93520763.12073998,114339145.75867999
2025-10-10,28.38000000,28.62000000,8.52000000,20.68000000,355423741.42960000,-7.70000000,-27.13178295,70.82452431,27.28400000,28.96300000,29.19266667,29.96750000,30.53440000,30.36100000,29.73114286,29.05350000,28.49377778,28.14160000,27.43866667,22.93410000,28.30955918,28.98901804,-0.67945887,0.27853895,-0.95799782,12.89351205,23.98076323,35.95620972,38.76863051,40.60371243,35.09846666,29.96750000,35.50563145,24.42936855,146441239.90117997,137978206.89925000
2025-10-11,20.67000000,23.38000000,20.27000000,21.46000000,200303058.18700001,0.78000000,3.77176015,15.04596033,25.45400000,28.03600000,28.68400000,29.38850000,30.18960000,30.10466667,29.64771429,29.00975000,28.42800000,28.06580000,27.38516667,22.92690000,27.25578084,28.43131300,-1.17553216,-0.01227528,-1.16325689,19.16120929,27.51773234,37.75444497,44.55869655,41.92204047,49.83200871,29.38850000,35.90841694,22.86858306,167638663.90647998,146174662.47837001
2025-10-12,21.45000000,23.34000000,20.66000000,22.51000000,156432252.57980001,1.05000000,4.89282386,12.49417249,24.37000000,27.18900000,28.26866667,28.82100000,29.81720000,29.88866667,29.58571429,28.96100000,28.37422222,27.99080000,27.33583333,22.92925000,26.52566071,27.99269723,-1.46703651,-0.30322752,-1.16380899,27.57899726,32.15346808,40.11631554,50.05192917,44.63200337,60.89178077,28.82100000,35.66970453,21.97229547,170379332.17369998,140457275.15004998
2025-10-13,22.50000000,24.07000000,21.68000000,23.80000000,211242005.74489999,1.29000000,5.73078632,10.62222222,23.36600000,26.43800000,27.85466667,28.33050000,29.36160000,29.67933333,29.54314286,28.92600000,28.37977778,27.95020000,27.33800000,22.93815000,26.10632829,27.68212706,-1.57579877,-0.55774177,-1.01805699,37.21728570,37.51003066,42.89418542,55.81543332,48.35981335,70.72667324,28.33050000,35.14011696,21.52088304,197463114.40855998,146939170.15566999
2025-10-14,23.80000000,23.90000000,21.81000000,22.74000000,155363045.77100000,-1.06000000,-4.45378151,8.78151261,22.23800000,25.70000000,27.34333333,27.85200000,28.92120000,29.45600000,29.45200000,28.88925000,28.35666667,27.93800000,27.32083333,22.95005000,25.58843163,27.31604358,-1.72761194,-0.79171581,-0.93589614,32.89984274,35.03081937,41.25336038,58.26759674,51.66240782,71.47797459,27.85200000,34.82713961,20.87686039,215752820.74245995,154636791.93160000
2025-10-15,22.73000000,23.29000000,21.56000000,21.90000000,81752047.99570000,-0.84000000,-3.69393140,7.61108667,22.48200000,24.88300000,26.80266667,27.51500000,28.47040000,29.19233333,29.23542857,28.82500000,28.32333333,27.89260000,27.28083333,22.96155000,25.02098061,26.91485516,-1.89387455,-1.01214755,-0.88172699,29.63107552,33.13740116,39.98846272,58.92610907,54.08364157,68.61104407,27.51500000,34.96495514,20.06504486,161018482.05567998,153729860.97843000
2025-10-16,21.90000000,22.39000000,20.58000000,20.98000000,93192365.14080000,-0.92000000,-4.20091324,8.26484018,22.38600000,23.92000000,26.15266667,27.10950000,27.98800000,28.88900000,29.00200000,28.74000000,28.27377778,27.82380000,27.21283333,22.97215000,24.39929129,26.47523626,-2.07594497,-1.22490704,-0.85103793,26.20871549,31.12722655,38.63463074,58.95879243,55.70869186,65.45899359,27.10950000,35.06424959,19.15475041,139596343.44643998,153617503.67646000
2025-10-17,20.97000000,21.27000000,19.03000000,19.96000000,115493913.20180000,-1.02000000,-4.86177312,10.68192656,21.87600000,23.12300000,25.41800000,26.67050000,27.43200000,28.49366667,28.74400000,28.62200000,28.17377778,27.72440000,27.15050000,22.97810000,23.71632340,25.99262617,-2.27630277,-1.43518618,-0.84111659,22.71780831,28.99954136,37.17844417,58.01701635,56.47813335,61.09478234,26.67050000,35.19505395,18.14594605,131408675.57083997,150894003.87227002
2025-10-18,19.95000000,20.42000000,19.82000000,20.21000000,33746941.39280000,0.25000000,1.25250501,3.00751880,21.15800000,22.26200000,24.67800000,26.18050000,26.89600000,27.99433333,28.46200000,28.49500000,28.06288889,27.65760000,27.11450000,22.98005000,23.17688903,25.56428349,-2.38739446,-1.62562784,-0.76176662,25.63123579,30.27389726,37.77824321,58.06441223,57.00689298,60.17945072,26.18050000,35.01770479,17.34329521,95909662.70041999,146686388.55449000
2025-10-19,20.22000000,20.84000000,19.75000000,20.59000000,43803823.65710000,0.38000000,1.88025730,5.39070227,20.72800000,21.48300000,24.04266667,25.68950000,26.42720000,27.55566667,28.20914286,28.36150000,27.98244444,27.59380000,27.06666667,22.99305000,22.77890610,25.19581805,-2.41691194,-1.78388466,-0.63302728,30.41598419,32.28910708,38.70643759,49.02706847,54.34695147,38.38730246,25.68950000,34.62788906,16.75111094,73597818.27763999,144675319.51005000
2025-10-20,20.59000000,21.21000000,20.17000000,20.34000000,61149660.57640000,-0.25000000,-1.21418164,5.05099563,20.41600000,21.44900000,23.39400000,25.20600000,26.09520000,27.12800000,27.93857143,28.13300000,27.89066667,27.53260000,27.02616667,23.00400000,22.40368978,24.83612782,-2.43243804,-1.91359534,-0.51884270,28.94573554,31.63294744,38.31406853,41.34873348,50.01421214,24.01777615,25.20600000,34.20629567,16.20570433,69477340.79378000,115247911.42472999
2025-10-21,20.34000000,20.85000000,19.46000000,19.54000000,75890386.34190001,-0.80000000,-3.93313668,6.83382498,20.12800000,21.25700000,22.65600000,24.64650000,25.71320000,26.67800000,27.63742857,27.89275000,27.78311111,27.45920000,26.93100000,23.01075000,21.96312212,24.44382206,-2.48069994,-2.02701626,-0.45368368,24.41404821,29.53754966,37.05963941,30.93883819,43.65575416,5.50500626,24.64650000,33.59198937,15.70101063,66016945.03399999,102806644.24022000
2025-10-22,19.54000000,19.71000000,18.42000000,19.02000000,64278722.89370000,-0.52000000,-2.66120778,6.60184237,19.94000000,20.90800000,22.06200000,24.04850000,25.32440000,26.18333333,27.27171429,27.64350000,27.65733333,27.35040000,26.81033333,23.01650000,21.51033410,24.04205746,-2.53172336,-2.12795768,-0.40376568,21.75716614,28.21238880,36.25454451,24.27552716,37.19567849,-1.56477550,24.04850000,32.80840453,15.28859547,55773906.97238000,93591291.27160999
2025-10-23,19.02000000,19.74000000,18.98000000,19.14000000,50733521.19030000,0.12000000,0.63091483,3.99579390,19.72600000,20.44200000,21.41666667,23.44000000,24.88960000,25.70100000,26.81314286,27.37000000,27.52066667,27.22920000,26.69883333,23.03200000,21.14566732,23.67894209,-2.53327477,-2.20902110,-0.32425368,24.04614330,29.01412691,36.58627885,21.11181619,31.83439106,-0.33333354,23.44000000,31.75554283,15.12445717,59171222.93187998,77540442.81615001
2025-10-24,19.13000000,19.96000000,19.02000000,19.49000000,46733834.74620000,0.35000000,1.82863114,4.91374804,19.50600000,20.11700000,20.82400000,22.90850000,24.45280000,25.27366667,26.40571429,27.12125000,27.37755556,27.13480000,26.63450000,23.04605000,20.89094927,23.36865008,-2.47770082,-2.26275704,-0.21494378,31.10084756,31.45006057,37.57499133,23.05859115,28.90912442,11.35752460,22.90850000,30.77293634,15.04406366,59757225.14969999,66677521.71367000
2025-10-25,19.49000000,19.83000000,19.24000000,19.71000000,28889885.05460000,0.22000000,1.12878399,3.02719343,19.38000000,19.89800000,20.75933333,22.39050000,24.04080000,24.97600000,26.02114286,26.86875000,27.16044444,27.03960000,26.56016667,23.06385000,20.70926477,23.09763897,-2.38837420,-2.28788047,-0.10049373,35.61182814,33.02601221,38.20691511,30.46011340,29.42612075,32.52809870,22.39050000,29.60687458,15.17412542,53305270.04533999,61391305.41956000
2025-10-26,19.72000000,20.96000000,19.34000000,20.82000000,62228033.35120000,1.11000000,5.63165906,8.21501014,19.63600000,19.88200000,20.71666667,21.90100000,23.64440000,24.70033333,25.67200000,26.63725000,26.97533333,26.96840000,26.50016667,23.07575000,20.72630096,22.92892497,-2.20262401,-2.27082918,0.06820517,53.89002980,40.54889968,41.33356660,48.98057739,35.94427296,75.05318625,21.90100000,28.01354758,15.78845242,50572799.44719999,58294872.24060000
2025-10-27,20.83000000,21.10000000,20.17000000,20.33000000,48957552.50110000,-0.49000000,-2.35350624,4.46471435,19.89800000,19.91900000,20.57133333,21.52100000,23.21840000,24.42000000,25.28542857,26.35000000,26.78288889,26.88140000,26.42350000,23.08585000,20.66533158,22.73641201,-2.07108043,-2.23087943,0.15979900,46.84553405,38.46805213,40.39212622,55.47331205,42.45395266,81.51203083,21.52100000,26.96364990,16.07835010,47508565.36867999,51641236.17053001
2025-10-28,20.33000000,20.52000000,19.13000000,19.47000000,53225162.38340000,-0.86000000,-4.23020167,6.83718642,19.96400000,19.84500000,20.28266667,21.05350000,22.74480000,24.06866667,24.88142857,25.95700000,26.54711111,26.76500000,26.35550000,23.08760000,20.48143441,22.49445556,-2.01302115,-2.18730778,0.17428662,36.73260731,35.02653958,38.77470114,49.52701090,44.81163874,58.95775522,21.05350000,25.33974864,16.76725136,48006893.60730000,53589058.26959001
2025-10-29,19.47000000,20.20000000,19.31000000,19.66000000,48732370.80200000,0.19000000,0.97586030,4.57113508,19.99800000,19.75200000,20.07733333,20.61750000,22.32640000,23.71033333,24.52000000,25.60475000,26.32977778,26.63960000,26.28683333,23.08345000,20.35505989,22.28449589,-1.92943601,-2.13573342,0.20629742,40.15755835,36.39793931,39.33472456,48.44089284,46.02139010,53.27989831,20.61750000,23.20202785,18.03297215,48406600.81845999,54081912.98408000
2025-10-30,19.66000000,19.97000000,17.51000000,18.11000000,78350130.58530000,-1.55000000,-7.88402848,12.51271617,19.67800000,19.52900000,19.82466667,20.48900000,21.84800000,23.31366667,24.21914286,25.22825000,26.06977778,26.41220000,26.19866667,23.07605000,20.00966606,21.97527397,-1.96560792,-2.10170832,0.13610040,26.24765144,30.64204885,36.49321631,37.86495920,43.30257980,26.98971799,20.48900000,23.30558173,17.67241827,58298649.92459998,55801959.98497000
2025-10-31,18.12000000,18.58000000,17.78000000,18.19000000,47718618.37500000,0.08000000,0.44174489,4.41501104,19.15200000,19.39400000,19.63866667,20.32550000,21.35120000,22.89566667,23.90771429,24.85700000,25.80555556,26.19300000,26.11500000,23.06645000,19.72971743,21.69488331,-1.96516588,-2.07439983,0.10923396,27.79665975,31.25415819,36.73933707,31.55714086,39.38743349,15.89655560,20.32550000,23.28096933,17.37003067,55396766.92935999,52984783.18828000
2025-11-01,18.19000000,18.74000000,18.07000000,18.73000000,24659844.24440000,0.54000000,2.96866410,3.68334250,18.83200000,19.36500000,19.55666667,20.13650000,20.98320000,22.48733333,23.62171429,24.47875000,25.51466667,25.98780000,26.01950000,23.06505000,19.57591475,21.47526232,-1.89934757,-2.03938938,0.14004181,38.29422792,35.44911312,38.42028016,32.36585621,37.04690773,23.00375317,20.13650000,22.98530233,17.28769767,50537225.27801999,49022895.32335000
2025-11-02,18.72000000,19.01000000,18.10000000,18.80000000,25880155.62480000,0.07000000,0.37373198,4.86111111,18.69800000,19.33100000,19.46266667,19.88650000,20.58240000,22.07033333,23.30142857,24.10850000,25.15044444,25.76220000,25.91283333,23.06525000,19.45654325,21.27709474,-1.82055149,-1.99562180,0.17507031,39.65890571,36.00137410,38.64081972,33.55495335,35.88292294,28.89901418,19.88650000,22.21094470,17.56205530,45068223.92629998,46537558.76680000
2025-11-03,18.81000000,18.91000000,15.91000000,16.65000000,103153252.39100000,-2.15000000,-11.43617021,15.94896332,18.09600000,19.04700000,19.20000000,19.58200000,20.11320000,21.62133333,22.90828571,23.71700000,24.77044444,25.50640000,25.78683333,23.05325000,19.02476737,20.93434699,-1.90957962,-1.97841337,0.06883375,21.84909167,27.98042975,34.66223028,27.12269851,32.96284813,15.44239927,19.58200000,21.92799412,17.23600588,55952400.24409999,52179500.53128000
2025-11-04,16.66000000,17.01000000,15.00000000,15.98000000,104763679.01770000,-0.67000000,-4.02402402,12.06482593,17.67000000,18.67400000,18.90933333,19.28600000,19.92520000,21.15166667,22.50742857,23.40050000,24.38844444,25.22980000,25.64533333,23.03780000,18.55634162,20.56735832,-2.01101670,-1.98493403,-0.02608267,18.70748598,26.01037648,33.53929063,23.43699026,29.78756217,10.73584644,19.28600000,21.88119718,16.69080282,61235109.93057998,59766879.92759000
2025-11-05,15.98000000,16.99000000,15.29000000,16.61000000,62133482.15320000,0.63000000,3.94242804,10.63829787,17.35400000,18.25300000,18.71400000,19.06750000,19.73120000,20.68500000,22.10400000,23.08850000,24.02333333,24.96040000,25.51583333,23.02140000,18.25690445,20.27422067,-2.01731622,-1.99141047,-0.02590575,30.05547724,30.99420894,35.58679106,25.34688240,28.30733558,19.42597603,19.06750000,21.79467224,16.34032776,64118082.68621999,59757424.80779000
2025-11-06,16.61000000,16.73000000,15.61000000,16.13000000,46193777.13140000,-0.48000000,-2.88982541,6.74292595,16.83400000,17.83300000,18.52133333,18.87600000,19.47600000,20.29166667,21.67971429,22.77325000,23.62933333,24.64660000,25.37333333,23.00450000,17.92968838,19.96724136,-2.03755298,-2.00063897,-0.03691401,26.65368606,29.35095708,34.73599998,24.14151134,26.91872750,18.58707902,18.87600000,21.86464095,15.88735905,68424869.26361999,59481047.27082000
2025-11-07,16.13000000,18.07000000,16.05000000,17.74000000,111659627.43700001,1.61000000,9.98140112,12.52324861,16.62200000,17.66000000,18.42800000,18.75250000,19.23360000,19.92233333,21.29200000,22.46650000,23.27666667,24.29760000,25.24750000,22.99360000,17.90050555,19.80226052,-1.90175497,-1.98086217,0.07910720,49.60971346,40.82983764,39.77537038,34.47126913,29.43624138,44.54132464,18.75250000,21.71303960,15.79196040,85580763.62605998,65324493.77618001
2025-11-08,17.75000000,18.41000000,17.02000000,17.50000000,59266371.87440000,-0.24000000,-1.35287486,7.83098592,16.79200000,17.44400000,18.29533333,18.59800000,19.02400000,19.55966667,20.93142857,22.14375000,22.94755556,23.97260000,25.10700000,22.97055000,17.83888931,19.63172270,-1.79283339,-1.94325641,0.15042303,46.97948596,39.77879861,39.30330684,43.76222597,34.21156958,62.86353876,18.59800000,21.47614706,15.71985294,76803387.52273998,66377893.88341999
2025-11-09,17.50000000,17.91000000,16.81000000,17.77000000,42188313.59060000,0.27000000,1.54285714,6.28571429,17.15000000,17.41000000,18.16600000,18.46950000,18.85880000,19.46266667,20.58000000,21.83775000,22.70600000,23.66460000,24.91183333,22.94775000,17.82829096,19.49381732,-1.66552636,-1.88771040,0.22218404,50.52094148,41.62306463,40.13733024,52.20058622,40.20790846,76.18594176,18.46950000,21.24793178,15.69106822,64288314.43731999,62761712.18394999
2025-11-10,17.77000000,18.36000000,17.64000000,18.18000000,53538848.06160000,0.41000000,2.30725943,4.05177265,17.46400000,17.40900000,17.99000000,18.40150000,18.74680000,19.35333333,20.22485714,21.52400000,22.46355556,23.36740000,24.72900000,22.92680000,17.88240004,19.39649751,-1.51409747,-1.81298782,0.29889034,55.88975881,44.44165587,41.41294165,61.23430603,47.21670765,89.26950279,18.40150000,21.13583741,15.66716259,62569387.61899998,63343735.15260999
2025-11-11,18.19000000,18.61000000,16.97000000,17.00000000,52035059.81740000,-1.18000000,-6.49064906,9.01594283,17.63800000,17.23600000,17.76800000,18.30050000,18.62840000,19.16966667,19.91257143,21.17450000,22.20266667,23.03020000,24.52916667,22.90095000,17.74664619,19.21897918,-1.47233299,-1.74485685,0.27252386,40.65461776,38.59147966,38.92213227,57.87316907,50.76886145,72.08178429,18.30050000,21.08736751,15.51363249,63737644.15619999,66081256.70991000
2025-11-12,17.01000000,17.77000000,16.64000000,16.82000000,40121731.14280000,-0.18000000,-1.05882353,6.64315109,17.45400000,17.03800000,17.59133333,18.18450000,18.49280000,18.93700000,19.56971429,20.81225000,21.90955556,22.69440000,24.30816667,22.87295000,17.60408524,19.04127702,-1.43719178,-1.68332384,0.24613206,38.72243312,37.76422663,38.55303832,55.38728353,52.30833548,61.54517964,18.18450000,21.01699918,15.35200082,49430064.89735999,67505414.26171000
2025-11-13,16.81000000,17.69000000,15.76000000,16.10000000,63446700.84750000,-0.72000000,-4.28061831,11.48126115,17.17400000,16.98300000,17.35400000,18.01500000,18.31320000,18.71566667,19.21885714,20.46175000,21.59155556,22.37020000,24.08583333,22.84490000,17.37268751,18.82340465,-1.45071714,-1.63680250,0.18608536,31.52962079,34.53393618,37.08518016,45.05738581,49.89135226,35.38945291,18.01500000,20.92327133,15.10672867,50266130.69197999,63534759.10735999
2025-11-14,16.10000000,16.18000000,14.84000000,15.13000000,77449587.24930000,-0.97000000,-6.02484472,8.32298137,16.64600000,16.89800000,17.15533333,17.78600000,18.10480000,18.49000000,19.06028571,20.08825000,21.26088889,22.10000000,23.84116667,22.81135000,17.02765866,18.54981912,-1.52216046,-1.61387409,0.09171363,24.24794275,30.67732179,35.20107947,32.60235977,44.12835476,9.55036979,17.78600000,20.84943735,14.72256265,57318385.42371999,60803349.93052000
2025-11-15,15.13000000,15.79000000,15.11000000,15.53000000,21081244.92470000,0.40000000,2.64375413,4.49438202,16.11600000,16.79000000,16.97800000,17.52150000,17.94440000,18.30833333,18.89085714,19.71125000,20.92311111,21.82880000,23.59866667,22.78115000,16.79724964,18.32612881,-1.52887918,-1.59687511,0.06799593,32.01722849,33.99339674,36.58736027,27.83570227,38.69747060,6.11216561,17.52150000,20.38918768,14.65381232,50826864.79633999,56698126.20767000
2025-11-16,15.52000000,15.86000000,14.62000000,15.15000000,45595738.17590000,-0.38000000,-2.44687701,7.98969072,15.74600000,16.69200000,16.73933333,17.26250000,17.78960000,18.14800000,18.68057143,19.39175000,20.57133333,21.55700000,23.32083333,22.75230000,16.54382661,18.09086001,-1.54703340,-1.58690677,0.03987337,28.66562296,32.38777836,35.82754589,22.98487085,33.45993735,2.03473786,17.26250000,19.99464683,14.53035317,49539000.46803999,56638322.31212001
2025-11-17,15.14000000,15.85000000,14.26000000,14.53000000,64202476.93590000,-0.62000000,-4.09240924,10.50198151,15.28800000,16.37100000,16.45466667,17.01550000,17.60520000,17.95866667,18.41571429,19.03450000,20.19844444,21.24740000,22.97650000,22.71675000,16.23400714,17.82709260,-1.59308547,-1.58814251,-0.00494296,23.78978729,29.87607705,34.60407082,17.39221275,28.10402915,-4.03142004,17.01550000,19.80005496,14.23094504,54355149.62665999,51892607.26201000
2025-11-18,14.53000000,14.93000000,14.03000000,14.58000000,52129744.50260000,0.05000000,0.34411562,6.19408121,14.98400000,16.07900000,16.31666667,16.76150000,17.40880000,17.75833333,18.18257143,18.68950000,19.85311111,20.93080000,22.65700000,22.68340000,15.97954450,17.58656723,-1.60702273,-1.59191855,-0.01510418,25.02394266,30.35126666,34.79145990,15.59771971,23.93525934,-1.07735954,16.76150000,19.45567520,14.06732480,52091758.35767999,51178944.52483000
2025-11-19,14.59000000,14.70000000,13.71000000,14.28000000,46989226.72910000,-0.30000000,-2.05761317,6.78546950,14.81400000,15.73000000,16.20333333,16.57000000,17.19160000,17.55633333,17.96485714,18.52950000,19.50222222,20.61620000,22.34216667,22.65220000,15.71807611,17.34163632,-1.62356020,-1.59824688,-0.02531332,22.41088945,29.06221805,34.17829318,14.27603083,20.71551650,1.39705948,16.57000000,19.40155899,13.73844101,45999686.25363998,51659035.83868001
2025-11-20,14.28000000,14.53000000,13.50000000,13.81000000,61675732.99260000,-0.47000000,-3.29131653,7.21288515,14.47000000,15.29300000,16.01666667,16.35100000,16.91120000,17.36533333,17.76000000,18.33825000,19.12888889,20.27780000,22.02166667,22.62170000,15.42452594,17.08003363,-1.65550769,-1.60969904,-0.04580864,18.73329003,27.09544635,33.22114211,11.93733827,17.78945709,0.23310063,16.35100000,19.32874835,13.37325165,54118583.86721998,52472724.33178000
2025-11-21,13.81000000,13.99000000,12.57000000,13.28000000,84160771.90820000,-0.53000000,-3.83779870,10.28240406,14.09600000,14.92100000,15.82666667,16.07850000,16.62920000,17.17400000,17.56914286,18.10750000,18.80333333,19.92380000,21.67866667,22.58965000,15.09459887,16.79854966,-1.70395078,-1.62854939,-0.07540139,15.32930879,25.01307204,32.16133790,12.58062135,16.05317851,5.63550702,16.07850000,19.13600001,13.02099999,61831590.61367998,55685295.54086000
2025-11-22,13.29000000,13.39000000,13.03000000,13.23000000,38316875.88970000,-0.05000000,-0.37650602,2.70880361,13.83600000,14.56200000,15.52600000,15.80000000,16.37960000,16.97700000,17.36971429,17.84325000,18.45688889,19.56220000,21.33900000,22.55575000,14.80773751,16.53421265,-1.72647514,-1.64813454,-0.07834060,15.02033049,24.81678541,32.06065378,14.48126372,15.52920691,12.38537734,15.80000000,18.82830854,12.77169146,56654470.40443999,55504810.01555000
2025-11-23,13.24000000,13.47000000,13.21000000,13.27000000,30177624.76350000,0.04000000,0.30234316,1.96374622,13.57400000,14.27900000,15.24400000,15.63100000,16.12400000,16.76966667,17.16057143,17.60650000,18.12111111,19.22520000,21.02166667,22.52435000,14.57116251,16.29241912,-1.72125661,-1.66275895,-0.05849765,16.63345699,25.32818331,32.23774138,16.74637440,15.93492941,18.36926438,15.63100000,18.83191369,12.43008631,52264046.45661999,52177902.40715000
2025-11-24,13.28000000,14.05000000,13.16000000,13.89000000,50914672.99290000,0.62000000,4.67219292,6.70180723,13.49600000,14.15500000,14.98533333,15.52650000,15.95520000,16.57566667,16.97628571,17.40625000,17.97022222,18.90160000,20.77583333,22.48300000,14.46636828,16.11446214,-1.64809387,-1.65982594,0.01173207,38.38732154,33.03072261,34.97891236,24.53810978,18.80265620,36.00901694,15.52650000,18.81471356,12.23828644,53049135.70937999,49524410.98151000
2025-11-25,13.89000000,14.38000000,13.70000000,14.18000000,41618084.29850000,0.29000000,2.08783297,4.89560835,13.57000000,14.02000000,14.71866667,15.40500000,15.79480000,16.35433333,16.82314286,17.23625000,17.80844444,18.57300000,20.52733333,22.43755000,14.42231162,15.97116865,-1.54885703,-1.63763216,0.08877512,46.25853489,36.37937454,36.23784063,32.72052847,23.44194696,51.27769150,15.40500000,18.70420246,12.10579754,49037605.97055999,51578094.91889000
2025-11-26,14.18000000,14.96000000,13.91000000,14.95000000,38749467.40730000,0.77000000,5.43018336,7.40479549,13.90400000,14.00000000,14.58200000,15.34600000,15.64360000,16.17500000,16.70685714,17.11100000,17.64044444,18.31340000,20.29750000,22.38320000,14.50349445,15.89552653,-1.39203208,-1.58851214,0.19648006,61.80551967,44.42816177,39.48416503,55.00754897,33.96381429,97.09501831,15.34600000,18.63279271,12.05920729,39955345.07037999,50893467.84203000
2025-11-27,14.96000000,15.17000000,14.87000000,15.02000000,34278088.92800000,0.07000000,0.46822742,2.00534759,14.26200000,14.04900000,14.46200000,15.21000000,15.49240000,16.02666667,16.58914286,16.98125000,17.44533333,18.03740000,20.04766667,22.33440000,14.58295684,15.83067271,-1.24771587,-1.52035289,0.27263701,62.97402771,45.11676349,39.77503320,68.08195572,45.33652810,113.57281096,15.21000000,18.29883899,12.12116101,39147587.67803999,47901029.04123999
2025-11-28,15.02000000,15.27000000,14.78000000,14.84000000,39194815.09920000,-0.18000000,-1.19840213,3.26231691,14.57600000,14.07500000,14.37800000,15.07700000,15.42000000,15.86600000,16.45628571,16.83750000,17.26977778,17.76660000,19.78816667,22.28445000,14.62250194,15.75728955,-1.13478761,-1.44323983,0.30845222,57.54188816,43.60119773,39.26859046,73.41266184,54.69523935,110.84750682,15.07700000,17.97376480,12.18023520,40951025.74517999,46607536.10090000
2025-11-29,14.85000000,14.91000000,14.19000000,14.25000000,25057545.19010000,-0.59000000,-3.97574124,4.84848485,14.64800000,14.07200000,14.31933333,14.90100000,15.35080000,15.73733333,16.30028571,16.68525000,17.09977778,17.63800000,19.52550000,22.22710000,14.56519395,15.64563847,-1.08044452,-1.37068077,0.29023625,42.96449389,38.92557029,37.62983187,69.68251530,59.69099800,89.66554990,14.90100000,17.52359735,12.27840265,35779600.18461999,44414367.94700000
2025-11-30,14.25000000,14.34000000,13.66000000,13.71000000,32271287.35170000,-0.54000000,-3.78947368,4.77192982,14.55400000,14.06200000,14.19800000,14.67750000,15.23480000,15.58800000,16.09714286,16.53950000,16.93822222,17.48300000,19.24183333,22.17085000,14.43362565,15.50225784,-1.06863219,-1.31027105,0.24163886,33.61224078,35.16086222,36.18753767,56.57405782,58.65201794,52.41813758,14.67750000,16.84608795,12.50891205,33910240.79525999,41473923.38291000
2025-12-01,13.72000000,13.74000000,12.54000000,12.76000000,47051453.39940000,-0.95000000,-6.92924872,8.74635569,14.11600000,14.01000000,14.03866667,14.46550000,15.10000000,15.38900000,15.88085714,16.38300000,16.77822222,17.28800000,18.93816667,22.11715000,14.17614478,15.29912763,-1.12298285,-1.27281341,0.14983056,23.02943332,29.65620476,33.80870770,40.40224123,52.56875904,16.06920562,14.46550000,16.50315061,12.42784939,35570637.99367999,37762991.53203000
2025-12-02,12.76000000,13.76000000,12.71000000,13.62000000,60411813.71900000,0.86000000,6.73981191,8.22884013,13.83600000,14.04900000,13.97800000,14.30550000,14.93520000,15.21633333,15.71371429,16.24500000,16.63177778,17.08440000,18.64333333,22.06995000,14.09058405,15.17474781,-1.08416376,-1.23508348,0.15091972,42.64600787,39.07564564,37.67860790,40.12164068,48.41971958,23.52548286,14.30550000,16.04551180,12.56548820,40797382.95187999,39972485.31496000
2025-12-03,13.63000000,15.09000000,13.58000000,14.78000000,74285329.34770000,1.16000000,8.51688693,11.07850330,13.82400000,14.20000000,13.99133333,14.23950000,14.82640000,15.15400000,15.57428571,16.12725000,16.50266667,16.92520000,18.38766667,22.03300000,14.19664804,15.14550723,-0.94885919,-1.17783863,0.22897943,59.39582211,49.10402716,42.41705182,54.09818780,50.31254232,61.66947876,14.23950000,15.78182190,12.69717810,47815485.80157999,44383255.77338000
2025-12-04,14.78000000,14.88000000,14.21000000,14.41000000,39320101.16160000,-0.37000000,-2.50338295,4.53315291,13.85600000,14.25200000,14.00000000,14.20350000,14.69200000,15.10166667,15.46857143,15.99475000,16.37088889,16.77540000,18.12666667,21.98975000,14.22947142,15.09102521,-0.86155380,-1.11458166,0.25302786,53.42398933,46.44390874,41.37013382,58.89818137,53.17442200,70.34570009,14.20350000,15.69093899,12.71606101,50667996.99587999,43223798.59025000
2025-12-05,14.40000000,14.52000000,13.09000000,13.21000000,49115712.37000000,-1.20000000,-8.32755031,9.93055556,13.75600000,14.15500000,13.96000000,14.08750000,14.49320000,14.98833333,15.32628571,15.80450000,16.23022222,16.62000000,17.83666667,21.94455000,14.07262966,14.95169001,-0.87906035,-1.06747740,0.18841705,38.39854617,38.97383217,38.18093447,47.44616242,51.26500214,39.80848299,14.08750000,15.49929803,12.67570197,54036881.99953999,43973561.39740000
2025-12-06,13.21000000,13.49000000,13.14000000,13.40000000,26576206.37580000,0.19000000,1.43830431,2.64950795,13.88400000,14.00000000,13.96800000,14.00000000,14.34920000,14.89733333,15.17400000,15.63125000,16.10533333,16.48880000,17.59450000,21.89855000,13.96914817,14.83675001,-0.86760184,-1.02750229,0.15990045,41.52337938,40.62340870,38.95839164,42.13138545,48.22046325,29.95322986,14.00000000,15.35010331,12.64989669,49941832.59481999,42756235.29425000
2025-12-07,13.41000000,13.85000000,12.96000000,13.49000000,32338488.99100000,0.09000000,0.67164179,6.63683818,13.85800000,13.84700000,13.98533333,13.94800000,14.21600000,14.75566667,15.02228571,15.48175000,15.97977778,16.35440000,17.33900000,21.85015000,13.89543307,14.73699075,-0.84155768,-0.99031336,0.14875568,43.16224356,41.44135512,39.33549552,40.50589095,45.64893915,30.21979456,13.94800000,15.29225248,12.60374752,44327167.64921999,42562275.30055000
2025-12-08,13.49000000,13.91000000,13.38000000,13.64000000,26460938.80500000,0.15000000,1.11193477,3.92883617,13.63000000,13.72700000,14.01000000,13.90100000,14.11760000,14.62700000,14.93628571,15.33125000,15.84977778,16.21540000,17.09333333,21.79205000,13.85613568,14.65573218,-0.79959650,-0.95216999,0.15257349,46.17901451,42.87220595,39.98034842,41.38301227,44.22696352,35.69510976,13.90100000,15.21766085,12.58433915,34762289.54067999,41288887.67113000
2025-12-09,13.64000000,14.73000000,13.50000000,14.60000000,47077279.05490000,0.96000000,7.03812317,9.01759531,13.66800000,13.76200000,14.05733333,13.91700000,14.09640000,14.52133333,14.89685714,15.24350000,15.73622222,16.10060000,16.99200000,21.74970000,13.97057634,14.65160387,-0.68102753,-0.89794150,0.21691397,61.76483318,51.19773524,43.95865233,54.51677942,47.65690216,68.23653395,13.91700000,15.26055538,12.57344462,36313725.11933999,43490861.05761000
2025-12-10,14.61000000,14.83000000,14.09000000,14.11000000,44949260.85020000,-0.49000000,-3.35616438,5.06502396,13.84800000,13.80200000,14.05266667,13.93200000,14.03960000,14.38566667,14.82542857,15.14150000,15.58711111,15.99200000,16.86950000,21.70545000,13.99202613,14.61148506,-0.61945893,-0.84224498,0.22278606,52.45993155,47.35497394,42.45969387,55.95236275,50.42205569,67.01297688,13.93200000,15.27722313,12.58677687,35480434.81537999,44758658.40746000
2025-12-11,14.11000000,14.11000000,12.89000000,13.42000000,50712589.72450000,-0.69000000,-4.89014883,8.64635011,13.85200000,13.86800000,13.95066667,13.93900000,13.97040000,14.26633333,14.74800000,15.00875000,15.43355556,15.88000000,16.71800000,21.65530000,13.90402211,14.52322691,-0.61920480,-0.79763695,0.17843215,41.81511726,42.45935483,40.43375774,45.33187820,48.72532986,38.54497488,13.93900000,15.27133313,12.60666687,40307711.48511998,45124772.03997000
2025-12-12,13.42000000,13.79000000,12.81000000,13.10000000,32786328.32660000,-0.32000000,-2.38450075,7.30253353,13.77400000,13.81600000,13.82266667,13.93250000,13.91320000,14.14233333,14.61542857,14.86625000,15.29200000,15.75920000,16.53966667,21.60545000,13.78032640,14.41780269,-0.63747629,-0.76560482,0.12812853,37.57224770,40.34895955,39.52119394,34.89113941,44.11393304,16.44555215,13.93250000,15.28057270,12.58442730,40397279.35223998,42362223.50073000
2025-12-13,13.11000000,13.47000000,13.09000000,13.37000000,21003972.40530000,0.27000000,2.06106870,2.89855072,13.72000000,13.67500000,13.72466667,13.93750000,13.86480000,14.05133333,14.49742857,14.78425000,15.15222222,15.63680000,16.38350000,21.55540000,13.71719926,14.34018768,-0.62298841,-0.73708154,0.11409312,43.38829133,42.95861301,40.69954408,32.50168370,40.24318326,17.01868458,13.93750000,15.27593388,12.59906612,39305886.07229999,37034087.80649000
2025-12-14,13.37000000,13.40000000,12.73000000,12.88000000,18627985.50920000,-0.49000000,-3.66492147,5.01121915,13.37600000,13.52200000,13.63333333,13.88700000,13.80880000,13.97633333,14.35771429,14.70675000,15.03600000,15.50020000,16.23316667,21.50180000,13.58839938,14.23202563,-0.64362625,-0.71839048,0.07476423,36.07000045,39.53439947,39.25130272,24.04874151,34.84503601,2.45615252,13.88700000,15.30672718,12.46727282,33616027.36315998,34964876.24125000
2025-12-15,12.88000000,13.35000000,12.20000000,12.34000000,44757241.02370000,-0.54000000,-4.19254658,8.92857143,13.02200000,13.43500000,13.54200000,13.79500000,13.75000000,13.87000000,14.19085714,14.60000000,14.90600000,15.33060000,16.08916667,21.45225000,13.39633794,14.09187558,-0.69553765,-0.71381991,0.01828226,29.49167340,36.07716211,37.70829061,17.80689231,29.16565478,-4.91063262,13.79500000,15.36526984,12.22473016,33577623.39785999,34529029.10662000
2025-12-16,12.35000000,12.40000000,11.91000000,12.35000000,40541581.33270000,0.01000000,0.08103728,3.96761134,12.80800000,13.33000000,13.51466667,13.66500000,13.71280000,13.77666667,14.05800000,14.50550000,14.76422222,15.17100000,15.96233333,21.41120000,13.23536287,13.96284776,-0.72748489,-0.71655291,-0.01093198,29.77627717,36.18989180,37.75557365,16.89409259,25.07513405,0.53200968,13.66500000,15.26291311,12.06708689,31543421.71949999,35925566.60231000
2025-12-17,12.34000000,12.66000000,11.69000000,11.87000000,48462273.40250000,-0.48000000,-3.88663968,7.86061588,12.56200000,13.16800000,13.39800000,13.50750000,13.65840000,13.68800000,13.91657143,14.35875000,14.61022222,15.01900000,15.82333333,21.36655000,13.02530704,13.80782200,-0.78251496,-0.72974532,-0.05276964,24.15925369,33.13046791,36.37272207,13.17355642,21.10794151,-2.69521375,13.50750000,15.16299643,11.85200357,34678610.73467998,37537945.04346000
2025-12-18,11.86000000,12.32000000,11.28000000,11.44000000,55023041.68650000,-0.43000000,-3.62257793,8.76897133,12.17600000,12.94800000,13.17533333,13.33750000,13.58520000,13.58333333,13.78342857,14.20725000,14.49444444,14.85460000,15.67083333,21.31935000,12.78141365,13.63242778,-0.85101413,-0.75399908,-0.09701505,20.08602882,30.60221234,35.16862765,10.28471837,17.50020046,-4.14624582,13.33750000,15.11094001,11.56405999,41482424.59091999,40394155.33161000
2025-12-19,11.44000000,12.45000000,11.26000000,12.26000000,49154111.54420000,0.82000000,7.16783217,10.40209790,12.05200000,12.71400000,13.03200000,13.23800000,13.52000000,13.51600000,13.70142857,14.06950000,14.41177778,14.73760000,15.53616667,21.27490000,12.70119617,13.53076646,-0.82957030,-0.76911332,-0.06045697,42.33440403,40.11004156,39.17538386,18.55238534,17.85092875,19.95529852,13.23800000,15.01915988,11.45684012,47587649.79791999,40601838.58054000
2025-12-20,12.25000000,12.38000000,12.13000000,12.21000000,11900415.35340000,-0.05000000,-0.40783034,2.04081633,12.02600000,12.52400000,12.96533333,13.16300000,13.44120000,13.46266667,13.60657143,13.92025000,14.31400000,14.61800000,15.41400000,21.23025000,12.62562753,13.43293191,-0.80730438,-0.77675154,-0.03055285,41.48922577,39.74780391,39.02193767,24.88472593,20.19552781,34.26312217,13.16300000,14.98630065,11.33969935,41016284.66385999,37296954.03086000
2025-12-21,12.22000000,12.34000000,11.96000000,12.14000000,14970691.45860000,-0.07000000,-0.57330057,3.10965630,11.98400000,12.39600000,12.88133333,13.13200000,13.32880000,13.42466667,13.52057143,13.79875000,14.22533333,14.48620000,15.29933333,21.19050000,12.55091560,13.33715918,-0.78624358,-0.77864994,-0.00759363,40.14283182,39.20702349,38.79992124,29.86281880,23.41795814,42.75254011,13.13200000,15.00456762,11.25943238,35902106.68903999,33722764.20427000
2025-12-22,12.15000000,12.45000000,12.01000000,12.42000000,38599397.08210000,0.28000000,2.30642504,3.62139918,12.09400000,12.32800000,12.81000000,13.07200000,13.22480000,13.39766667,13.46028571,13.68875000,14.10711111,14.35860000,15.18733333,21.15885000,12.53077474,13.26922146,-0.73844672,-0.77060930,0.03216258,48.21004596,42.61394953,40.21956301,37.97708169,28.27099932,57.38924642,13.07200000,14.95559790,11.18840210,33929531.42495999,34304071.07982000
2025-12-23,12.42000000,12.55000000,11.84000000,12.18000000,32524544.69210000,-0.24000000,-1.93236715,5.71658615,12.24200000,12.20900000,12.71266667,12.94200000,13.11840000,13.36133333,13.39171429,13.59075000,13.98888889,14.26920000,15.06550000,21.12155000,12.47680939,13.18853839,-0.71172899,-0.75883324,0.04710424,42.34057894,40.49206849,39.40207296,39.99110071,32.17769979,55.61790256,12.94200000,14.68272701,11.20127299,29429832.02607999,35456128.30850001
2025-12-24,12.18000000,12.23000000,11.89000000,12.10000000,19347832.12100000,-0.08000000,-0.65681445,2.79146141,12.21000000,12.13100000,12.54600000,12.82650000,13.03240000,13.30166667,13.32942857,13.51500000,13.86288889,14.19160000,14.93866667,21.07880000,12.41883872,13.10790591,-0.68906720,-0.74488003,0.05581283,40.37438206,39.77193457,39.12546366,46.66073381,37.00537779,65.97144584,12.82650000,14.46036883,11.19263117,23468576.14143999,35528112.96968000
2025-12-25,12.11000000,12.55000000,12.05000000,12.09000000,27774426.62720000,-0.01000000,-0.08264463,4.12881916,12.18600000,12.10600000,12.41133333,12.77050000,12.96760000,13.23200000,13.28028571,13.42900000,13.72755556,14.10120000,14.79316667,21.03405000,12.36824815,13.03250548,-0.66425733,-0.72875549,0.06449816,40.09509379,39.67571429,39.08967025,50.86906063,41.62660541,69.35397109,12.77050000,14.42566067,11.11533933,26643378.39619999,33829831.53003000
2025-12-26,12.09000000,12.62000000,12.03000000,12.34000000,26086861.11780000,0.25000000,2.06782465,4.88006617,12.22600000,12.10500000,12.33933333,12.71750000,12.95080000,13.14500000,13.25342857,13.35875000,13.62400000,14.02540000,14.66000000,20.98600000,12.36390228,12.98120877,-0.61730650,-0.70646569,0.08915919,50.39029253,43.40960184,40.50943101,60.38329532,47.87883538,85.39221521,12.71750000,14.35558457,11.07941543,28866612.32803999,32384359.50854000
2025-12-27,12.34000000,12.80000000,12.33000000,12.69000000,17570216.92880000,0.35000000,2.83630470,3.80875203,12.28000000,12.18700000,12.31200000,12.67750000,12.91360000,13.06733333,13.23800000,13.31275000,13.53222222,13.92440000,14.54700000,20.93660000,12.41407116,12.95963775,-0.54556660,-0.67428587,0.12871928,61.50475993,48.29724333,42.46846348,71.20791117,55.65519398,102.31334555,12.67750000,14.27471962,11.08028038,24660776.29737999,29295153.86117000
2025-12-28,12.70000000,12.90000000,12.53000000,12.64000000,21712113.22340000,-0.05000000,-0.39401103,2.91338583,12.37200000,12.30700000,12.26333333,12.62750000,12.82800000,12.99400000,13.22000000,13.26425000,13.45533333,13.82720000,14.43000000,20.89195000,12.44882944,12.93596088,-0.48713144,-0.63685499,0.14972354,59.22994270,47.65579332,42.26101094,72.62917348,61.31318715,95.26114616,12.62750000,14.15911593,11.09588407,22498290.00363999,25964061.01486000
