date,open,high,low,close,volume,change,pct_chg,amplitude,close_5_sma,close_10_sma,close_15_sma,close_20_sma,close_25_sma,close_30_sma,close_35_sma,close_40_sma,close_45_sma,close_50_sma,close_60_sma,close_200_sma,close_12_ema,close_26_ema,macd,macds,macdh,rsi_6,rsi_12,rsi_24,kdjk,kdjd,kdjj,boll,boll_ub,boll_lb,volume_5_sma,volume_10_sma
2020-08-11,2.85000000,3.52080000,2.84330000,3.29850000,4939148.93810700,,,23.77192982,3.29850000,3.29850000,3.29850000,3.29850000,3.29850000,3.29850000,3.29850000,3.29850000,3.29850000,3.29850000,3.29850000,3.29850000,3.29850000,3.29850000,0.00000000,0.00000000,0.00000000,,,,55.72939729,51.90979910,63.36859369,3.29850000,,,4939148.93810700,4939148.93810700
2020-08-12,3.29850000,3.92890000,3.08000000,3.75580000,6176153.72463800,0.45730000,13.86387752,25.73594058,3.52715000,3.52715000,3.52715000,3.52715000,3.52715000,3.52715000,3.52715000,3.52715000,3.52715000,3.52715000,3.52715000,3.52715000,3.54620417,3.53594423,0.01025994,0.00569996,0.00455997,100.00000000,100.00000000,100.00000000,65.17123170,56.33027663,82.85314184,3.52715000,4.17386986,2.88043014,5557651.33137250,5557651.33137250
2020-08-13,3.75000000,4.13870000,3.50030000,3.73000000,6446567.98049000,-0.02580000,-0.68693754,17.02400000,3.59476667,3.59476667,3.59476667,3.59476667,3.59476667,3.59476667,3.59476667,3.59476667,3.59476667,3.59476667,3.59476667,3.59476667,3.61793972,3.60566658,0.01227314,0.00839389,0.00387925,93.65911604,94.20213862,94.44020436,66.26412102,59.64155809,79.50924686,3.59476667,4.10856376,3.08096957,5853956.88107833,5853956.88107833
2020-08-14,3.72070000,3.76760000,3.32100000,3.40990000,5205834.09597700,-0.32010000,-8.58176944,12.00311769,3.54855000,3.54855000,3.54855000,3.54855000,3.54855000,3.54855000,3.54855000,3.54855000,3.54855000,3.54855000,3.54855000,3.54855000,3.55226971,3.55093880,0.00133091,0.00600128,-0.00467037,48.17720954,52.78217895,54.91367348,58.75587585,59.34633068,57.57496619,3.54855000,4.00699009,3.09010991,5691926.18480300,5691926.18480300
2020-08-15,3.41810000,3.74000000,3.15000000,3.17300000,3658005.62220200,-0.23690000,-6.94741781,17.26105146,3.47344000,3.47344000,3.47344000,3.47344000,3.47344000,3.47344000,3.47344000,3.47344000,3.47344000,3.47344000,3.47344000,3.47344000,3.44922349,3.46329324,-0.01406975,0.00003060,-0.01410035,33.66046229,38.95390775,41.50011811,47.65444989,55.44903708,32.06527550,3.47344000,3.99349359,2.95338641,5285142.07228280,5285142.07228280
2020-08-16,3.17300000,3.49070000,3.12000000,3.38850000,2227715.62781000,0.21550000,6.79167980,11.68294989,3.49144000,3.45928333,3.45928333,3.45928333,3.45928333,3.45928333,3.45928333,3.45928333,3.45928333,3.45928333,3.45928333,3.45928333,3.43446449,3.44831275,-0.01384826,-0.00373134,-0.01011692,50.08013612,51.55021401,52.51099895,45.79876197,52.23227871,32.93172849,3.45928333,3.92957522,2.98899145,4742855.41022340,4775570.99820400
2020-08-17,3.38850000,3.39520000,3.10000000,3.11000000,2355329.78763000,-0.27850000,-8.21897595,8.71181939,3.36228000,3.40938571,3.40938571,3.40938571,3.40938571,3.40938571,3.40938571,3.40938571,3.40938571,3.40938571,3.40938571,3.40938571,3.36206137,3.38814558,-0.02608421,-0.00938826,-0.01669595,36.18922948,39.93337761,41.88076134,37.39525308,47.28660350,17.61255223,3.40938571,3.91339531,2.90537612,3978690.62282180,4429822.25383629
2020-08-18,3.11000000,3.70920000,2.81050000,3.34070000,8885306.13322400,0.23070000,7.41800643,28.89710611,3.28442000,3.40080000,3.40080000,3.40080000,3.40080000,3.40080000,3.40080000,3.40080000,3.40080000,3.40080000,3.40080000,3.40080000,3.35760358,3.38050092,-0.02289734,-0.01263474,-0.01026260,49.98059463,50.09595966,50.53614720,38.23639770,44.26986823,26.16945663,3.40080000,3.86994300,2.93165700,4466438.25336860,4986757.73875975
2020-08-19,3.33400000,3.49000000,2.80000000,2.88680000,4380403.48882400,-0.45390000,-13.58697279,20.69586083,3.17980000,3.34368889,3.34368889,3.34368889,3.34368889,3.34368889,3.34368889,3.34368889,3.34368889,3.34368889,3.34368889,3.34368889,3.26446188,3.30732361,-0.04286173,-0.01961733,-0.02324440,33.09363216,36.75046128,38.70285656,27.65223256,38.73065634,5.49538501,3.34368889,3.90046865,2.78690913,4301352.13193800,4919385.04432244
2020-08-20,2.89620000,3.44500000,2.88710000,3.20380000,4078240.33148200,0.31700000,10.98101704,19.26317243,3.18596000,3.32970000,3.32970000,3.32970000,3.32970000,3.32970000,3.32970000,3.32970000,3.32970000,3.32970000,3.32970000,3.32970000,3.25296647,3.29303836,-0.04007188,-0.02420033,-0.01587155,47.85808673,47.42193370,47.63801029,28.48935222,35.31688830,14.83428007,3.32970000,3.86204050,2.79735950,4385399.07379400,4835270.57303840
2020-08-21,3.20380000,3.24000000,2.89000000,2.93170000,3480342.67494000,-0.27210000,-8.49303952,10.92452712,3.09460000,3.29302000,3.29351818,3.29351818,3.29351818,3.29351818,3.29351818,3.29351818,3.29351818,3.29351818,3.29351818,3.29351818,3.19418246,3.24617266,-0.05199020,-0.03028060,-0.02170960,38.99459417,40.95199858,42.13660076,22.27220230,30.96865964,4.87928762,3.29351818,3.85266863,2.73436773,4635924.48322000,4689389.94672170
2020-08-22,2.92130000,3.20000000,2.74310000,3.01260000,3433997.19373600,0.08090000,2.75949108,15.64029713,3.07512000,3.21870000,3.27010833,3.27010833,3.27010833,3.27010833,3.27010833,3.27010833,3.27010833,3.27010833,3.27010833,3.27010833,3.16189769,3.21747458,-0.05557688,-0.03571318,-0.01986370,42.77580155,43.45424024,44.13802890,23.61663983,28.51798637,13.81394675,3.27010833,3.82736193,2.71285473,4851657.96444120,4415174.29363150
2020-08-23,3.02240000,3.40000000,3.00140000,3.25000000,3846250.69637000,0.23740000,7.88023634,13.18819481,3.05698000,3.17070000,3.26856154,3.26856154,3.26856154,3.26856154,3.26856154,3.26856154,3.26856154,3.26856154,3.26856154,3.26856154,3.17719560,3.22128492,-0.04408932,-0.03748586,-0.00660346,53.02795471,50.20880476,49.48794193,32.69363577,29.90986950,38.26116830,3.26856154,3.80220782,2.73491525,3843846.87707040,4155142.56521950
2020-08-24,3.26580000,3.62000000,3.21000000,3.34050000,4504839.41721800,0.09050000,2.78461538,12.55435115,3.14772000,3.16376000,3.27370000,3.27370000,3.27370000,3.27370000,3.27370000,3.27370000,3.27370000,3.27370000,3.27370000,3.27370000,3.20500112,3.23467419,-0.02967307,-0.03585142,0.00617835,56.58602126,52.56521381,51.34164085,42.40784012,34.07585971,59.07180095,3.27370000,3.78785070,2.75954930,3868734.06274920,4085043.09734360
2020-08-25,3.34060000,3.36540000,3.00010000,3.25000000,3629890.75795400,-0.09050000,-2.70917527,10.93516135,3.15696000,3.17146000,3.27212000,3.27212000,3.27212000,3.27212000,3.27212000,3.27212000,3.27212000,3.27212000,3.27212000,3.27212000,3.21253921,3.23633207,-0.02379287,-0.03335176,0.00955890,51.87103177,49.98460059,49.44808964,45.76145626,37.97105856,61.34225167,3.27212000,3.76771915,2.77652085,3779064.14804360,4082231.61091880
2020-08-26,3.25760000,3.79990000,3.18090000,3.56840000,8065581.23932100,0.31840000,9.79692308,19.00171906,3.28430000,3.18945000,3.29011333,3.29063750,3.29063750,3.29063750,3.29063750,3.29063750,3.29063750,3.29063750,3.29063750,3.29063750,3.27134801,3.27106910,0.00027890,-0.02643082,0.02670972,64.39598839,57.91453590,55.47652062,56.53905310,44.16039007,81.29637916,3.29063750,3.79182550,2.78944950,4696111.86091980,4666018.17206990
2020-08-27,3.55570000,3.85750000,3.24340000,3.45010000,8578461.96452700,-0.11830000,-3.31521130,17.27086087,3.37180000,3.22346000,3.26973333,3.30001765,3.30001765,3.30001765,3.30001765,3.30001765,3.30001765,3.30001765,3.30001765,3.30001765,3.30055488,3.28924230,0.01131258,-0.01870824,0.03002082,57.70105357,54.41746486,53.02496256,58.84010575,49.05362863,78.41305999,3.30001765,3.79141687,2.80861842,5725004.81507800,5288331.38975960
2020-08-28,3.45030000,4.30910000,3.45030000,4.00630000,10089370.36535600,0.55620000,16.12127185,24.89058922,3.52306000,3.29002000,3.28815333,3.33925556,3.33925556,3.33925556,3.33925556,3.33925556,3.33925556,3.33925556,3.33925556,3.33925556,3.41477839,3.36008634,0.05469205,-0.00375888,0.05845093,73.33926645,65.19639972,61.39466374,66.11477463,54.74067730,88.86296930,3.33925556,3.92073734,2.75777378,6973628.74887520,5408737.81297280
2020-08-29,4.00700000,4.11210000,3.77480000,3.95350000,5290923.08962500,-0.05280000,-1.31792427,8.41776890,3.64566000,3.39669000,3.32439333,3.37158421,3.37158421,3.37158421,3.37158421,3.37158421,3.37158421,3.37158421,3.37158421,3.37158421,3.50127730,3.41730000,0.08397729,0.01404493,0.06993236,70.37537380,63.63797713,60.32987948,69.84067138,59.77400866,89.97399682,3.37158421,4.00306449,2.74010393,7130845.48335660,5499789.77305290
2020-08-30,3.95310000,4.71170000,3.90000000,4.43090000,7967065.16831300,0.47740000,12.07537625,20.53325238,3.88184000,3.51940000,3.40825333,3.42455000,3.42455000,3.42455000,3.42455000,3.42455000,3.42455000,3.42455000,3.42455000,3.42455000,3.64954464,3.51289019,0.13665445,0.03885285,0.09780160,79.40568904,70.57554318,65.90830332,75.13913295,64.89571676,95.62596533,3.42455000,4.20057163,2.64852837,7998280.36542840,5888672.25673600
2020-08-31,4.41270000,4.88650000,4.10000000,4.74350000,6664671.74724200,0.31260000,7.05500011,17.82355474,4.11686000,3.70058000,3.49858667,3.49680000,3.48735714,3.48735714,3.48735714,3.48735714,3.48735714,3.48735714,3.48735714,3.48735714,3.82304218,3.62664440,0.19639779,0.07065516,0.12574262,83.38522403,74.10473007,68.89673878,80.89922971,70.23022107,102.23724699,3.49680000,4.46794525,2.52565475,7718098.46701260,6207105.16396620
2020-09-01,4.74320000,4.94750000,4.30000000,4.33970000,5871722.63744100,-0.40380000,-8.51270159,13.65112161,4.29478000,3.83329000,3.58056667,3.52599500,3.52610000,3.52610000,3.52610000,3.52610000,3.52610000,3.52610000,3.52610000,3.52610000,3.90459492,3.69136876,0.21322616,0.09938132,0.11384483,64.16556526,63.39059888,61.61638886,76.86253806,72.44099340,85.70562738,3.52599500,4.56281069,2.48917931,7176750.60159540,6450877.70833670
2020-09-02,4.32130000,4.35060000,3.66000000,4.17000000,8136932.35262900,-0.16970000,-3.91040855,15.98130192,4.32752000,3.92529000,3.63585333,3.54799500,3.55409565,3.55409565,3.55409565,3.55409565,3.55409565,3.55409565,3.55409565,3.55409565,3.94632131,3.73410086,0.21222045,0.12208316,0.09013730,57.48369522,59.44995960,58.88756131,71.26668263,72.04955648,69.70093493,3.54799500,4.62107533,2.47491467,6786262.99905000,6879945.87396260
2020-09-03,4.17000000,4.45900000,3.47720000,3.50510000,12941589.82447800,-0.66490000,-15.94484412,23.54436451,4.23784000,3.94175000,3.67707333,3.55275500,3.55205417,3.55205417,3.55205417,3.55205417,3.55205417,3.55205417,3.55205417,3.55205417,3.87718658,3.71396194,0.16322465,0.13035050,0.03287415,38.58971933,46.96972165,49.85965551,53.62833372,65.90914889,29.06670338,3.55275500,4.62409928,2.48141072,8316396.34602060,7723620.91468860
2020-09-04,3.50620000,3.83460000,3.17390000,3.53010000,7262296.37115600,0.02500000,0.71324641,18.84376248,4.05768000,3.96976000,3.69882667,3.57061000,3.55117600,3.55117600,3.55117600,3.55117600,3.55117600,3.55117600,3.55117600,3.55117600,3.82295597,3.69801382,0.12494214,0.12926472,-0.00432258,39.48713025,47.42245640,50.15944294,42.44670451,58.08833410,11.16344534,3.57061000,4.62710585,2.51411415,8175442.58658920,8086861.47600880
2020-09-05,3.53010000,3.66370000,2.09260000,2.60520000,11872722.47996600,-0.92490000,-26.20039092,44.50582136,3.63002000,3.87344000,3.67706000,3.53144500,3.52344400,3.51479231,3.51479231,3.51479231,3.51479231,3.51479231,3.51479231,3.51479231,3.63314281,3.60440913,0.02873367,0.10909756,-0.08036389,23.94954442,35.26990336,40.75302744,34.28283459,50.15316760,2.54216858,3.53144500,4.67116297,2.39172703,9217052.73313400,8467575.60007330
2020-09-06,2.61190000,3.18000000,2.25750000,3.09410000,7940868.46326200,0.48890000,18.76631353,35.31911635,3.38090000,3.83784000,3.68249333,3.53065000,3.49697600,3.49921111,3.49921111,3.49921111,3.49921111,3.49921111,3.49921111,3.49921111,3.54929133,3.56119913,-0.01190780,0.08483783,-0.09674564,39.13987744,43.60378378,46.30693113,34.54856901,44.95163473,13.74243755,3.53065000,4.67162725,2.38967275,9630881.89829820,8403816.24994680
2020-09-07,3.07850000,3.19830000,2.38000000,2.92370000,7269853.90869400,-0.17040000,-5.50725574,26.58112717,3.13164000,3.72958000,3.66074000,3.50980000,3.46472400,3.47865714,3.47865714,3.47865714,3.47865714,3.47865714,3.47865714,3.47865714,3.45214282,3.50778562,-0.05564279,0.05668726,-0.11233005,36.12221506,41.56886406,44.78023872,32.73616347,40.87981098,16.44886846,3.50980000,4.68025209,2.33934791,9457466.20951120,8121864.60428060
2020-09-08,2.92370000,2.94990000,2.40000000,2.46800000,4163484.17494300,-0.45570000,-15.58641447,18.80835927,2.92422000,3.58103000,3.60257333,3.48886000,3.42704800,3.44380690,3.44380690,3.44380690,3.44380690,3.44380690,3.44380690,3.44380690,3.29953506,3.42150408,-0.12196902,0.02090063,-0.14286964,28.95744693,36.58744393,41.00746061,26.20721639,35.98894612,6.64375693,3.48886000,4.71967056,2.25804944,7701845.07960420,8009120.71281240
2020-09-09,2.46800000,3.88380000,2.38210000,3.60010000,22147440.58973700,1.13210000,45.87115073,60.84683955,2.93822000,3.49795000,3.62591333,3.50867500,3.44413200,3.44901667,3.44901667,3.44901667,3.44901667,3.44901667,3.44901667,3.44901667,3.34608585,3.43619317,-0.09010732,-0.00132848,-0.08877883,55.35591406,52.13325090,51.58218814,35.07279463,35.68356229,33.85125931,3.50867500,4.73290511,2.28444489,10678873.92332040,9427158.25495480
2020-09-10,3.61070000,3.87500000,3.30400000,3.47610000,15482088.38192500,-0.12400000,-3.44434877,15.81410807,3.11240000,3.37121000,3.61976000,3.53589500,3.44763600,3.45493667,3.44989032,3.44989032,3.44989032,3.44989032,3.44989032,3.44989032,3.36620139,3.43944880,-0.07324741,-0.01572653,-0.05752088,52.77821061,50.64957424,50.54660636,42.86997442,38.07903300,52.45185727,3.53589500,4.72994643,2.34184357,11400747.10371220,10308899.91842310
2020-09-11,3.47070000,3.50360000,3.03160000,3.39650000,7208721.22424400,-0.07960000,-2.28992261,13.59956205,3.17288000,3.27689000,3.61618667,3.55509000,3.45909600,3.44296000,3.44822188,3.44822188,3.44822188,3.44822188,3.44822188,3.44822188,3.37088505,3.43597111,-0.06508606,-0.02560626,-0.03947980,50.95057081,49.65985983,49.87587296,46.94684118,41.03496906,58.77058543,3.55509000,4.72583684,2.38434316,11254317.65590860,10442599.77710340
2020-09-12,3.39670000,3.47000000,3.14940000,3.33160000,3845112.02572700,-0.06490000,-1.91079052,9.43857273,3.25446000,3.19305000,3.57120667,3.55917000,3.45873200,3.42968000,3.44468788,3.44468788,3.44468788,3.44468788,3.44468788,3.44468788,3.36481671,3.42757777,-0.06276106,-0.03304193,-0.02971913,49.28091265,48.81150703,49.31908735,54.35506250,45.47500021,72.11518709,3.55917000,4.72600230,2.39233770,10569369.27931520,10013417.74441320
2020-09-13,3.33860000,3.47000000,2.98380000,3.26030000,6528375.66092300,-0.07130000,-2.14011286,14.56299048,3.41292000,3.16857000,3.52499333,3.55516000,3.47367200,3.42469333,3.43926471,3.43926471,3.43926471,3.43926471,3.43926471,3.43926471,3.34868213,3.41421040,-0.06552827,-0.03954250,-0.02598577,47.24004478,47.83218699,48.69590072,57.96701949,49.63900663,74.62304519,3.55516000,4.72570183,2.38461817,11042347.57651120,9372096.32805770
2020-09-14,3.26560000,3.53930000,3.07520000,3.26410000,11170955.41711900,0.00380000,0.11655369,14.21178344,3.34572000,3.14197000,3.44720667,3.55586500,3.47608400,3.42773000,3.43426000,3.43426000,3.43426000,3.43426000,3.43426000,3.43426000,3.33563179,3.40228451,-0.06665272,-0.04496674,-0.02168598,47.37941409,47.89296988,48.73192767,59.27637943,52.85146423,72.12620981,3.55586500,4.72564970,2.38608030,8847050.54198760,9762962.23265400
2020-09-15,3.26400000,3.32490000,2.89550000,2.92950000,5332430.83456700,-0.33460000,-10.25091143,13.15563725,3.23640000,3.17440000,3.32627333,3.52392000,3.47599600,3.41243000,3.42371714,3.42023889,3.42023889,3.42023889,3.42023889,3.42023889,3.27299687,3.36492373,-0.09192686,-0.05436181,-0.03756505,37.04071922,43.07229685,45.77826709,51.69784075,52.46692307,50.15967611,3.52392000,4.72669298,2.32114702,6817119.03251600,9108933.06811410
2020-09-16,2.92880000,2.92930000,2.42820000,2.53270000,12739762.36306600,-0.39680000,-13.54497354,17.10939634,3.06364000,3.11826000,3.20580667,3.47805000,3.45680000,3.39318667,3.38877143,3.39625135,3.39625135,3.39625135,3.39625135,3.39625135,3.15886899,3.29948290,-0.14061391,-0.07161671,-0.06899719,28.26393177,38.10973307,42.58433281,37.80810524,47.58065046,18.26301480,3.47805000,4.76004147,2.19605853,7923327.26028040,9588822.45809450
2020-09-17,2.53760000,2.93890000,2.36000000,2.88290000,12078123.51430100,0.35020000,13.82714100,22.81289407,2.97390000,3.11418000,3.12000000,3.42188000,3.44211600,3.37792667,3.36456857,3.38274211,3.38274211,3.38274211,3.38274211,3.38274211,3.11633779,3.26687412,-0.15053634,-0.08740392,-0.06313242,42.65458729,44.28957774,46.05074320,36.64391248,43.93507113,22.06159518,3.42188000,4.70486083,2.13889917,9569929.55799520,10069649.41865520
2020-09-18,2.88300000,3.16000000,2.72600000,3.11440000,12294993.32324400,0.23150000,8.03010857,15.05376344,2.94472000,3.17882000,3.09395333,3.37992500,3.43307200,3.38551333,3.35612571,3.37586154,3.37586154,3.37586154,3.37586154,3.37586154,3.11603922,3.25498889,-0.13894967,-0.09771478,-0.04123489,50.52730495,48.03169322,48.20765981,41.02773483,42.96595903,37.15128644,3.37992500,4.64445394,2.11539606,10723253.09045940,10882800.33348530
2020-09-19,3.10840000,3.25450000,2.95640000,3.03100000,4884899.26567600,-0.08340000,-2.67788338,9.59014284,2.89810000,3.12191000,3.06068000,3.30993000,3.42431200,3.37975333,3.35206857,3.36724000,3.36724000,3.36724000,3.36724000,3.36724000,3.10293985,3.23759653,-0.13465668,-0.10510414,-0.02955254,47.69650701,46.79632590,47.49384804,46.31787653,44.08326487,50.78709986,3.30993000,4.48104041,2.13881959,9466041.86017080,9156546.20107920
2020-09-20,3.02160000,3.03190000,2.70000000,2.86280000,4183733.72040400,-0.16820000,-5.54932366,10.98424676,2.88476000,3.06058000,3.07785333,3.21589500,3.39608800,3.37745667,3.33704857,3.35634750,3.35493659,3.35493659,3.35493659,3.35493659,3.06595605,3.20859787,-0.14264182,-0.11261248,-0.03002935,42.00156397,44.29008274,46.05861674,45.09040493,44.41897822,46.43325834,3.21589500,4.18733709,2.24445291,9236302.43733820,8026710.73492710
2020-09-21,2.86280000,3.03970000,2.46890000,2.76720000,9634412.01778900,-0.09560000,-3.33938801,19.93852173,2.93166000,2.99765000,3.05606000,3.13727000,3.36877200,3.36927667,3.32725429,3.33163250,3.34094286,3.34094286,3.34094286,3.34094286,3.01995230,3.17455839,-0.15460609,-0.12101191,-0.03359417,38.83869914,42.86660399,45.24766315,41.56992257,43.46929300,37.77118170,3.13727000,3.97044091,2.30409909,8615232.36828280,8269279.81428160
2020-09-22,2.75710000,3.01070000,2.65000000,2.90820000,9798314.27344100,0.14100000,5.09540330,13.08258678,2.93672000,2.95531000,3.05502667,3.07418000,3.32484800,3.35788333,3.31489714,3.31108750,3.33087907,3.33087907,3.33087907,3.33087907,3.00274658,3.15407984,-0.15133326,-0.12707660,-0.02425666,46.03149922,45.67583429,46.69217367,43.20834941,43.38231180,42.86042462,3.07418000,3.75530295,2.39305705,8159270.52011080,8864600.03905300
2020-09-23,2.91840000,3.09000000,2.70010000,2.85480000,7980465.49794600,-0.05340000,-1.83618733,13.36006031,2.88480000,2.91476000,3.08081333,3.04166500,3.28090000,3.34169333,3.31398286,3.29721000,3.32005909,3.32005909,3.32005909,3.32005909,2.97997094,3.13113463,-0.15116369,-0.13189428,-0.01926942,43.69606829,44.76642287,46.21037775,45.89887473,44.22116611,49.25429197,3.04166500,3.69780223,2.38552777,7296364.95505120,9009809.02275530
2020-09-24,2.85500000,3.25710000,2.78040000,3.14330000,9088676.27259000,0.28850000,10.10578675,16.69702277,2.90726000,2.90268000,3.05036000,3.02232500,3.22939600,3.33813667,3.31225429,3.29646750,3.31613111,3.31613111,3.31613111,3.31613111,3.00511215,3.13206491,-0.12695276,-0.13090593,0.00395317,57.63199200,50.56715297,49.16736604,59.70414337,49.38215853,80.34811304,3.02232500,3.63948855,2.40516145,8137120.35643400,8801581.10830240
2020-09-25,3.14090000,3.27660000,2.90030000,3.19370000,7516842.11004600,0.05040000,1.60341043,11.98064249,2.97344000,2.92910000,3.03153333,3.05175000,3.16740400,3.32564667,3.31974000,3.29159750,3.31380222,3.31346957,3.31346957,3.31346957,3.03413902,3.13676687,-0.10262785,-0.12525012,0.02262227,59.72192200,51.53713098,49.67171528,70.12133087,56.29521598,97.77356065,3.05175000,3.64064567,2.46285433,8803742.03436240,9020022.23585030
2020-09-26,3.18500000,3.25000000,3.03000000,3.12870000,4232119.88569200,-0.06500000,-2.03525691,6.90737834,3.04574000,2.98870000,3.01368000,3.05348000,3.11896400,3.31493333,3.32305714,3.29206500,3.29986667,3.30953830,3.30953830,3.30953830,3.04869252,3.13615283,-0.08746030,-0.11769194,0.03023164,55.48606140,50.15257388,49.01722426,73.97713585,62.18918927,97.55302902,3.05348000,3.64310235,2.46385765,7723283.60794300,8169257.98811290
2020-09-27,3.12920000,3.18570000,2.98190000,3.15780000,3052809.12141000,0.02910000,0.93009876,6.51284673,3.09566000,3.01619000,3.00209333,3.06518500,3.07847600,3.28665000,3.32042286,3.28749250,3.28715111,3.30637708,3.30637708,3.30637708,3.06548382,3.13779722,-0.07231340,-0.10861603,0.03630263,57.11995581,50.79813944,49.32912469,77.74861345,67.37566400,98.49451236,3.06518500,3.65325206,2.47711794,6374182.57753680,7266726.54882380
2020-09-28,3.15570000,3.21090000,2.90800000,2.95990000,3987560.49731300,-0.19790000,-6.26702134,9.59850429,3.11668000,3.00074000,2.98206667,3.08978000,3.05666800,3.25353000,3.30954857,3.28932000,3.27715111,3.29930612,3.29930612,3.29930612,3.04923563,3.12430905,-0.07507343,-0.10190739,0.02683396,43.95381276,46.34522850,47.27666089,72.09570805,68.94901201,78.38910012,3.08978000,3.60990455,2.56965545,5575601.57741020,6435983.26623070
2020-09-29,2.95490000,3.02700000,2.87350000,2.95050000,2801168.41980200,-0.00940000,-0.31757830,5.19476124,3.07812000,2.99269000,2.96116000,3.05730000,3.03348400,3.20418333,3.30099143,3.28298750,3.27220667,3.29233000,3.29233000,3.29233000,3.03404195,3.11115382,-0.07711188,-0.09694822,0.01983634,43.38382977,46.13567078,47.17936608,67.93917163,68.61239855,66.59271779,3.05730000,3.52135280,2.59324720,4318100.00685260,6227610.18164330
2020-09-30,2.94470000,2.98380000,2.82280000,2.89670000,2099223.90076100,-0.05380000,-1.82341976,5.46744999,3.01872000,2.99608000,2.95897333,3.02833000,3.04514400,3.14262333,3.28180000,3.28211250,3.26127778,3.28429400,3.28457255,3.28457255,3.01290820,3.09494843,-0.08204023,-0.09396659,0.01192636,39.83589525,44.86893120,46.60653377,58.41651766,65.21377159,44.82200979,3.02833000,3.45296668,2.60369332,3234576.36499560,6019159.19967900
2020-10-01,2.89670000,2.98890000,2.65000000,2.86690000,3893342.82485000,-0.02980000,-1.02875686,11.69952014,2.96636000,3.00605000,2.98125333,3.00185000,3.03605600,3.09353000,3.26513714,3.27847000,3.25587556,3.26651600,3.27654038,3.27654038,2.99044161,3.07774142,-0.08729981,-0.09263322,0.00533341,37.78213638,44.13665906,46.28174388,50.48280664,60.30344994,30.84152005,3.00185000,3.39467758,2.60902242,3166820.95282720,5445052.28038510
2020-10-02,2.86670000,2.88730000,2.42000000,2.62320000,7275003.79886200,-0.24370000,-8.50047089,16.30097324,2.85944000,2.97755000,2.96394000,2.96643000,3.02403600,3.04197000,3.22562000,3.26280000,3.23993111,3.24438000,3.26421321,3.26421321,2.93393483,3.04349200,-0.10955717,-0.09601803,-0.01353913,25.08881003,38.52718789,43.68397491,41.56243456,54.05644481,16.57441406,2.96643000,3.36180814,2.57105186,4011259.88831760,5192721.23292720
2020-10-03,2.62310000,2.67080000,2.53560000,2.54390000,1435302.23882100,-0.07930000,-3.02302531,5.15420685,2.77624000,2.94646000,2.92590667,2.93061000,3.02707200,3.00993000,3.18534571,3.24288500,3.23231111,3.22706000,3.25087407,3.25087407,2.87392222,3.00589599,-0.13197377,-0.10320922,-0.02876455,22.17920633,36.86403727,42.86698847,32.52967659,46.88085540,3.82731895,2.93061000,3.34331582,2.51790418,3500808.23661920,4538204.90701470
2020-10-04,2.54200000,2.58980000,2.42000000,2.52020000,1911132.61622300,-0.02370000,-0.93164039,6.67977970,2.69018000,2.88415000,2.89185333,2.89341500,2.98387600,2.97626667,3.13075429,3.22464000,3.21712000,3.21400400,3.23758909,3.23758909,2.81949785,2.96938875,-0.14989090,-0.11254560,-0.03734530,21.29356366,36.35240128,42.61841854,25.71054744,39.82408608,-2.51652984,2.89341500,3.31359050,2.47323950,3322801.07590340,3820450.54137800
2020-10-05,2.51810000,2.68300000,2.45610000,2.65220000,2349406.46224900,0.13200000,5.23767955,9.01076208,2.64128000,2.83000000,2.87781333,2.87955000,2.95092000,2.97783333,3.07100286,3.20173500,3.21090889,3.19927800,3.22713571,3.22713571,2.79375749,2.94557331,-0.15181581,-0.12039967,-0.03141614,37.87390354,41.30226966,44.48915432,26.92668435,35.52495217,9.73014869,2.87955000,3.31280893,2.44629107,3372837.58820100,3303706.97659830
2020-10-06,2.64860000,2.66040000,2.13000000,2.17400000,4217794.48458800,-0.47820000,-18.03031446,20.02567394,2.50270000,2.73453000,2.83826667,2.86161500,2.90202000,2.94716333,3.00912571,3.16983250,3.19227333,3.18055800,3.20865965,3.20865965,2.69840320,2.88769974,-0.18929653,-0.13417909,-0.05511745,19.76924909,31.59231366,39.60780626,19.30801684,30.11930706,-2.31456359,2.86161500,3.37720373,2.34602627,3437727.92014860,3302274.43648790
2020-10-07,2.17210000,2.40830000,2.08100000,2.30050000,4681013.95215100,0.12650000,5.81876725,15.06836702,2.43816000,2.64880000,2.79775333,2.83249500,2.86077600,2.92639000,2.95571143,3.12718750,3.17117333,3.15975400,3.19300172,3.19300172,2.63718353,2.84369658,-0.20651305,-0.14864591,-0.05786713,30.33978872,35.93851518,41.38311036,20.60633117,26.94831510,7.92236332,2.83249500,3.40560072,2.25938928,2918929.95080640,3465094.91956200
2020-10-08,2.30010000,2.45690000,2.01230000,2.36380000,6159554.61865500,0.06330000,2.75157574,19.32959437,2.40214000,2.58919000,2.76502000,2.79496500,2.82491600,2.92291667,2.92310286,3.08744500,3.14946889,3.14929400,3.17894746,3.17894746,2.59512232,2.80776545,-0.21264312,-0.16144538,-0.05119774,35.44681842,38.08583495,42.26923708,25.73496008,26.54386343,24.11715339,2.79496500,3.38829154,2.20163846,3863780.42677320,3682294.33169620
2020-10-09,2.36860000,2.63000000,2.30300000,2.53140000,4668501.51998600,0.16760000,7.09027837,13.80562358,2.40438000,2.54728000,2.72422667,2.76998500,2.79560800,2.88729333,2.89456857,3.03995750,3.13350000,3.13584600,3.16815500,3.16815500,2.58531845,2.78708974,-0.20177129,-0.16951057,-0.03226071,47.64268157,43.55113261,44.58377200,34.87457302,29.32076662,45.98218581,2.76998500,3.36353752,2.17643248,4415254.20752580,3869027.64171460
2020-10-10,2.52740000,2.60560000,2.38730000,2.39990000,3208987.72096100,-0.13150000,-5.19475389,8.63733481,2.35392000,2.49760000,2.67130667,2.74684000,2.77442400,2.85142000,2.88870286,2.98136750,3.10753333,3.12521000,3.15317833,3.15556066,2.55679147,2.75814433,-0.20135287,-0.17587904,-0.02547383,40.44781223,40.49177062,43.16686264,38.01542963,32.21898763,49.60831364,2.74684000,3.36090005,2.13277995,4587170.45926820,3980004.02373460
2020-10-11,2.39880000,2.46070000,2.34010000,2.42270000,2160332.63194100,0.02280000,0.95003958,5.02751376,2.40366000,2.45318000,2.62424000,2.72961500,2.77002400,2.81896000,2.86952000,2.93344250,3.08470222,3.11341200,3.13096000,3.14374032,2.53616136,2.73308443,-0.19692307,-0.18008785,-0.01683522,42.26198605,41.27209216,43.49177738,45.74022032,36.72606519,63.76853058,2.72961500,3.36037051,2.09885949,4175678.08873880,3806703.00444370
2020-10-12,2.42280000,2.70440000,2.41320000,2.58360000,5542124.89453000,0.16090000,6.64135056,12.01915140,2.46028000,2.44922000,2.58596000,2.71338500,2.75805200,2.79402667,2.85980286,2.89378250,3.05308667,3.10008400,3.11185333,3.13484921,2.54345980,2.72192401,-0.17846420,-0.17976312,0.00129892,54.10254538,46.65706182,45.77461501,58.00877184,43.82030074,86.38571403,2.71338500,3.34149143,2.08527857,4347900.27721460,3633415.11401050
2020-10-13,2.58260000,2.58670000,2.33600000,2.40620000,4782866.49765300,-0.17740000,-6.86638799,9.70727174,2.46876000,2.43545000,2.54904667,2.69095500,2.72972400,2.76555667,2.85803714,2.86631000,3.01870222,3.08139800,3.09512500,3.12346406,2.52234243,2.69836604,-0.17602361,-0.17901522,0.00299161,42.55604333,42.02251855,43.74160701,57.64376149,48.42812099,76.07504249,2.69095500,3.32974684,2.05216316,4072562.65301420,3968171.53989370
2020-10-14,2.40610000,2.44240000,2.23310000,2.31070000,2631151.89321800,-0.09550000,-3.96891364,8.69872408,2.42462000,2.41450000,2.50639333,2.64932500,2.70091200,2.73377667,2.82119714,2.83582500,2.97158667,3.06261200,3.08075333,3.11096000,2.48978143,2.66945572,-0.17967429,-0.17914703,-0.00052726,37.39980400,39.70626092,42.67687536,52.80089325,49.88571174,58.63125626,2.64932500,3.27231913,2.02633087,3665092.72766060,4040173.46759320
2020-10-15,2.31080000,2.34850000,2.19320000,2.26820000,1711559.85629500,-0.04250000,-1.83926949,6.72061624,2.39828000,2.37610000,2.46449333,2.60305000,2.67712800,2.71173333,2.78668571,2.82740000,2.91658000,3.03660800,3.06208167,3.09819091,2.45569143,2.63954694,-0.18385551,-0.18008873,-0.00376678,35.12691297,38.67143060,42.19986756,47.52540405,49.09894251,44.37832713,2.60305000,3.19236944,2.01373056,3365607.15472740,3976388.80699780
2020-10-16,2.26480000,2.26900000,2.10710000,2.13980000,3372968.58720200,-0.12840000,-5.66087647,7.14853409,2.34170000,2.37268000,2.41602000,2.55360500,2.65203200,2.69863667,2.75078000,2.80354250,2.86769333,3.01040200,3.04591167,3.08388657,2.40709207,2.60231409,-0.19522202,-0.18311539,-0.01210663,28.78484942,35.61245041,40.76350561,37.82433381,45.34073961,22.79152221,2.55360500,3.12282591,1.98438409,3608134.34577960,3891906.21725920
2020-10-17,2.13740000,2.24620000,2.11070000,2.20530000,1058101.06108200,0.06550000,3.06103374,6.33947787,2.26604000,2.36316000,2.38816000,2.50598000,2.62391600,2.67605000,2.71860000,2.78558250,2.82403333,2.97438200,3.02698833,3.07096618,2.37604678,2.57274789,-0.19670111,-0.18583253,-0.01086858,35.87235507,38.32729073,41.81765868,30.69643907,40.45930610,11.17070501,2.50598000,3.01896119,1.99299881,2711329.57909000,3529614.92815230
2020-10-18,2.20310000,2.25950000,2.17630000,2.21500000,1061887.09760100,0.00970000,0.43984945,3.77649675,2.22780000,2.34828000,2.36623333,2.46873500,2.59832400,2.64607000,2.68873429,2.77925750,2.79536444,2.93961200,3.01579167,3.05856087,2.35127011,2.54611647,-0.19484637,-0.18763530,-0.00721107,36.98681418,38.74455012,41.97721967,26.48583409,35.80148210,7.85453809,2.46873500,2.95014593,1.98732407,1967133.69907960,3019848.17604690
2020-10-19,2.21370000,2.21480000,2.05000000,2.05920000,1903930.17830900,-0.15580000,-7.03386005,7.44454985,2.17750000,2.30106000,2.33550000,2.42417000,2.55496000,2.61367667,2.65430857,2.74073500,2.76267778,2.89217800,2.99671500,3.04428429,2.30633587,2.50988284,-0.20354697,-0.19081763,-0.01272934,27.70626307,34.63822778,40.13257929,18.12584539,29.90960319,-5.44167023,2.42417000,2.88225386,1.96608614,1821689.35609780,2743391.04187920
2020-10-20,2.05520000,2.10800000,1.84010000,1.88500000,3745710.46875400,-0.17420000,-8.45959596,13.03522772,2.10086000,2.24957000,2.28435333,2.37358500,2.50261200,2.58108333,2.62446571,2.70095750,2.74667333,2.83500800,2.97927000,3.02795634,2.24151451,2.46339833,-0.22188382,-0.19703087,-0.02485295,20.72801387,30.67300171,38.17533515,13.81554874,24.54491838,-7.64319052,2.37358500,2.83538622,1.91178378,2228519.47858960,2797063.31665850
2020-10-21,1.88730000,2.11000000,1.84150000,1.88870000,6268421.04097100,0.00370000,0.19628647,14.22667302,2.05064000,2.19617000,2.26533333,2.32467500,2.45301200,2.55180000,2.60606571,2.66326250,2.71988667,2.78598800,2.96053833,3.01213333,2.18723503,2.42066047,-0.23342545,-0.20430979,-0.02911566,21.23365689,30.85640469,38.24208918,11.38020242,20.15667972,-6.17275219,2.32467500,2.77350899,1.87584101,2807609.96934340,3207872.15756150
2020-10-22,1.88680000,2.09000000,1.84810000,1.95820000,3222019.14619200,0.06950000,3.67977974,12.82064872,2.00122000,2.13363000,2.24251333,2.29142500,2.40502800,2.52013333,2.57964571,2.62892750,2.69843111,2.74175200,2.93900833,2.99769589,2.15199869,2.38627929,-0.23428060,-0.21030395,-0.02397665,31.13486152,34.41190439,39.52199980,14.12285784,18.14540576,6.07776200,2.29142500,2.74563855,1.83721145,3240393.58636540,2975861.58272770
2020-10-23,1.95660000,1.99020000,1.85000000,1.95900000,3003774.15618000,0.00080000,0.04085385,7.16549116,1.95002000,2.08891000,2.21552667,2.26218000,2.36499200,2.49027333,2.54663429,2.59639500,2.68712000,2.71083000,2.91598333,2.98365946,2.12230646,2.35452220,-0.23221574,-0.21468631,-0.01752943,31.25422728,34.45422843,39.53705079,17.21093749,17.83391634,15.96497978,2.26218000,2.72321536,1.80114464,3628770.99808120,2797952.34858040
2020-10-24,1.96520000,1.97300000,1.88000000,1.91420000,1442961.13564100,-0.04480000,-2.28688106,4.73234276,1.92102000,2.04926000,2.17438000,2.23188000,2.32354000,2.44930333,2.51472571,2.56264750,2.64965556,2.67851200,2.89372000,2.96940000,2.09028996,2.32180388,-0.23151391,-0.21805183,-0.01346208,27.99355143,33.14748808,38.97032497,17.23287649,17.63356972,16.43149002,2.23188000,2.70109739,1.76266261,3536577.18954760,2679133.27282270
2020-10-25,1.91750000,1.92440000,1.76000000,1.79260000,2529847.69591200,-0.12160000,-6.35252325,8.57366362,1.90254000,2.00170000,2.13389333,2.18890000,2.27937600,2.40260000,2.48414857,2.53422500,2.61224444,2.66226000,2.86412333,2.95391579,2.04449137,2.28249026,-0.23799889,-0.22204124,-0.01595765,20.89367851,29.80077519,37.44992232,13.66409317,16.31041087,8.37145776,2.18890000,2.65346227,1.72433773,3293404.63497920,2760962.05678440
2020-10-26,1.79250000,1.86850000,1.61210000,1.67990000,3511995.56841400,-0.11270000,-6.28695749,14.30404463,1.86078000,1.95571000,2.08437333,2.16419500,2.23189600,2.35430667,2.45308286,2.51290500,2.57409778,2.63397600,2.83462000,2.93737013,1.98840024,2.23773449,-0.24933424,-0.22749984,-0.02183440,16.29677133,27.04044768,36.08827554,12.60028207,15.07370127,7.65344367,2.16419500,2.68163571,1.64675429,2742119.54046780,2774864.75490560
2020-10-27,1.67710000,1.75000000,1.59060000,1.71100000,4356215.36409000,0.03110000,1.85130067,9.50450182,1.81134000,1.90628000,2.02620000,2.13472000,2.19540800,2.30608000,2.41887714,2.48360750,2.53808444,2.60972200,2.79636500,2.92164744,1.94572319,2.19862045,-0.25289726,-0.23257933,-0.02031793,21.98096809,29.01967674,36.75047782,14.82975122,14.99238459,14.50448449,2.13472000,2.68555083,1.58388917,2968958.78404740,3104676.18520640
2020-10-28,1.70840000,1.72550000,1.45080000,1.51800000,5216558.27784000,-0.19300000,-11.27995324,16.07937251,1.72314000,1.83658000,1.96698667,2.09243000,2.15437200,2.25801667,2.38068286,2.44369750,2.49936667,2.59072200,2.75577333,2.90387975,1.87991950,2.14808849,-0.26816899,-0.23969726,-0.02847173,14.59836775,24.51703559,34.43974173,13.28455907,14.42310941,11.00745837,2.09243000,2.69650675,1.48835325,3411515.60837940,3520143.30323030
2020-10-29,1.51660000,1.57540000,1.41480000,1.43270000,1842933.59214200,-0.08530000,-5.61923584,10.58947646,1.62684000,1.77393000,1.90845333,2.03749500,2.11087200,2.20742333,2.33180857,2.40374000,2.45866889,2.54737400,2.70580333,2.88549000,1.81111639,2.09498423,-0.28386783,-0.24853137,-0.03533646,12.39114160,22.81059321,33.46921389,9.71463892,12.85361925,3.43667826,2.03749500,2.67252643,1.40246357,3491510.09967960,3514043.64461360
2020-10-30,1.43280000,1.47260000,1.31630000,1.43810000,1968214.12543600,0.00540000,0.37691073,10.90871022,1.55594000,1.72924000,1.85311333,1.98940500,2.06230800,2.15880333,2.28164857,2.36812250,2.42552667,2.50661400,2.65071333,2.86762099,1.75372918,2.04623049,-0.29250131,-0.25732536,-0.03517595,13.38598943,23.17985306,33.59283458,11.72393790,12.47705880,10.21769610,1.98940500,2.65387033,1.32493967,3379183.38558440,3336294.01028180
2020-10-31,1.43830000,1.55800000,1.42660000,1.54970000,1279143.70125800,0.11160000,7.76023920,9.13578530,1.52990000,1.69534000,1.81377333,1.94575500,2.03733600,2.11489667,2.23653429,2.33768500,2.40368222,2.46967800,2.60421333,2.85154878,1.72234004,2.00938351,-0.28704348,-0.26326898,-0.02377449,32.41822855,30.65855577,36.15127102,19.36069818,14.77160526,28.53888401,1.94575500,2.60504997,1.28646003,2932613.01215320,2837366.27631050
2020-11-01,1.54970000,1.64630000,1.51370000,1.60800000,1513803.24101300,0.05830000,3.76201846,8.55649481,1.50930000,1.66032000,1.77395333,1.89697500,2.00963600,2.08105667,2.19225429,2.30518000,2.37535111,2.43520600,2.56151333,2.83656627,1.70474925,1.97960131,-0.27485206,-0.26558560,-0.00926646,40.60043789,34.30346344,37.46459958,27.71348712,19.08556588,44.96932961,1.89697500,2.49948279,1.29446721,2364130.58753780,2666544.68579260
2020-11-02,1.60760000,1.64320000,1.46210000,1.47380000,1329879.29824600,-0.13420000,-8.34577114,11.26524011,1.50046000,1.61180000,1.72454000,1.85035500,1.97403600,2.04538667,2.14979429,2.27065500,2.33889333,2.39947600,2.52765833,2.82034286,1.66921856,1.94207610,-0.27285754,-0.26703999,-0.00581755,30.42528616,30.30347607,35.70073338,27.10910653,21.76007943,37.80716073,1.85035500,2.43084894,1.26986106,1586794.79161900,2499155.19999920
2020-11-03,1.47290000,1.48400000,1.40620000,1.41180000,1417472.23241000,-0.06200000,-4.20681232,5.28209654,1.49628000,1.56156000,1.68138000,1.80541000,1.92925200,2.00844000,2.10583143,2.22736750,2.30291111,2.36243000,2.49235333,2.80377176,1.62961568,1.90273967,-0.27312398,-0.26825679,-0.00486720,26.71366178,28.62142333,34.90841942,23.83755720,22.45257202,26.60752755,1.80541000,2.37492219,1.23589781,1501702.51967260,2496606.30967610
2020-11-04,1.41230000,1.41440000,1.27330000,1.39120000,3469939.62860700,-0.02060000,-1.45913019,9.99079516,1.48690000,1.52142000,1.64846000,1.76156000,1.88890400,1.96640667,2.06281714,2.18230500,2.27020889,2.33166400,2.47212000,2.78734651,1.59293632,1.86479718,-0.27186085,-0.26897760,-0.00288325,25.47459854,28.05693944,34.64186836,24.13588353,23.01367585,26.38029887,1.76156000,2.31588720,1.20723280,1802047.62030680,2590615.50294560
2020-11-05,1.38950000,1.49280000,1.30000000,1.40070000,2248173.92139400,0.00950000,0.68286371,13.87549478,1.45710000,1.49350000,1.61592667,1.72460500,1.84802400,1.94063000,2.02092571,2.13910500,2.23984222,2.30902400,2.44389667,2.77140805,1.56336149,1.83037705,-0.26701556,-0.26858519,0.00156963,27.33966820,28.76375530,34.88114307,25.48171389,23.83635520,28.77243127,1.72460500,2.27125307,1.17795693,1995853.66433400,2464233.33824360
2020-11-06,1.40300000,1.94820000,1.39460000,1.90000000,6594074.17759400,0.49930000,35.64646248,39.45830364,1.51550000,1.51240000,1.61204667,1.70934000,1.82068000,1.92728000,2.00026286,2.10766000,2.21743778,2.28936600,2.42683500,2.76150568,1.61515205,1.83554022,-0.22038817,-0.25894579,0.03855762,71.81932119,54.43229085,45.76949548,47.94054300,31.87108446,80.07946006,1.70934000,2.21498183,1.20369817,3011907.85165020,2688019.21959400
2020-11-07,1.90690000,2.49750000,1.82760000,2.02150000,18925496.08589100,0.12150000,6.39473684,35.13031622,1.62504000,1.56275000,1.61621333,1.69966500,1.80529200,1.91587000,1.98533714,2.08420000,2.19892000,2.26750800,2.41939333,2.75319101,1.67766714,1.84932963,-0.17166249,-0.24148913,0.06982664,76.09285953,58.41049528,47.97820621,52.33285015,38.69167303,79.61520441,1.69966500,2.17079569,1.22853431,6531031.20917920,4058913.00039910
2020-11-08,2.02640000,2.28250000,1.96080000,2.15580000,10113462.92069500,0.13430000,6.64358150,15.87544414,1.77384000,1.63506000,1.63232000,1.70449500,1.79909600,1.90335000,1.97492571,2.06433250,2.17697556,2.25000400,2.39532167,2.74655333,1.75122607,1.87205344,-0.12082738,-0.21735678,0.09652940,80.09643490,62.37174544,50.31234583,58.91786481,45.43373696,85.88612053,1.70449500,2.19281257,1.21617743,8270229.34683620,4885965.93325440
2020-11-09,2.15150000,2.19910000,1.94560000,2.02990000,6301466.47516300,-0.12590000,-5.84005937,11.78247734,1.90158000,1.69424000,1.64814000,1.71174000,1.78956400,1.89101667,1.95714571,2.04266250,2.15111333,2.23334600,2.37121833,2.73867802,1.79409899,1.88375642,-0.08965743,-0.19181691,0.10215948,67.39927561,56.83560281,48.19693813,59.87978550,50.24908647,79.14118355,1.71174000,2.21539261,1.20808739,8836534.71614740,5319291.16822710
2020-11-10,2.03830000,2.32570000,2.00800000,2.26610000,4643502.14798500,0.23620000,11.63604118,15.58651818,2.07466000,1.76588000,1.68722000,1.73061000,1.79461600,1.88579667,1.95977714,2.02764250,2.13194444,2.22332400,2.35237833,2.73354130,1.86671454,1.91210201,-0.04538747,-0.16253102,0.11714355,75.97385586,63.47142612,52.13661407,66.95247694,55.81688329,89.22366423,1.73061000,2.28763063,1.17358937,9315600.36146560,5655727.01289980
2020-11-11,2.26650000,2.30000000,1.96730000,2.00000000,3969960.46914200,-0.26610000,-11.74264154,14.67902052,2.09466000,1.80508000,1.70648667,1.73270000,1.78640400,1.86634333,1.95119143,2.01206250,2.10621556,2.20516000,2.33018500,2.72565376,1.88722000,1.91861805,-0.03139805,-0.13630443,0.10490638,56.04546193,53.38490993,47.85795580,64.42205646,58.68527435,75.89562067,1.73270000,2.29361623,1.17178377,8790777.61977520,5901342.73571270
2020-11-12,2.00000000,2.06000000,1.82500000,1.90890000,2966665.83801800,-0.09110000,-4.55500000,11.75000000,2.07214000,1.84859000,1.73254667,1.73019500,1.77416000,1.84976667,1.93819429,1.99618750,2.08286000,2.18624200,2.30766167,2.71696489,1.89055539,1.91789768,-0.02734229,-0.11451200,0.08716971,50.59344572,50.39399679,46.49485924,60.25457796,59.20837555,62.34698278,1.73019500,2.28729039,1.17309961,5599011.57020060,6065021.38968990
2020-11-13,1.90890000,2.08080000,1.89970000,2.01410000,3182612.61546900,0.10520000,5.51102729,9.48713919,2.04380000,1.90882000,1.77130667,1.73519000,1.77235600,1.83988000,1.92341429,1.98353500,2.06205111,2.16365800,2.28682833,2.70956632,1.90956225,1.92502854,-0.01546628,-0.09470286,0.07923657,56.46238872,53.66429239,48.27024870,60.04724126,59.48799745,61.16572887,1.73519000,2.30095595,1.16942405,4212841.50915540,6241535.42799580
2020-11-14,2.02220000,2.03740000,1.86900000,1.91820000,2317159.52727000,-0.09590000,-4.76143191,8.32756404,2.02146000,1.96152000,1.80331333,1.74147000,1.77368400,1.82821333,1.90965143,1.96518500,2.04030667,2.13814800,2.26997333,2.70132292,1.91089114,1.92452241,-0.01363127,-0.07848854,0.06485727,49.96914959,50.36248773,46.79329122,55.85644053,58.27747848,51.01436462,1.74147000,2.31268123,1.17025877,3415980.11957680,6126257.41786210
2020-11-15,1.92040000,2.21800000,1.91330000,2.04070000,7009325.76104900,0.12250000,6.38619539,15.86648615,1.97638000,2.02552000,1.83604667,1.75951000,1.77976400,1.82491000,1.89873714,1.96185250,2.02194667,2.11638800,2.26177333,2.69451237,1.93086173,1.93313309,-0.00227135,-0.06324510,0.06097375,57.46685502,54.28222615,48.87823885,47.92907683,54.82801126,34.13120797,1.75951000,2.34514140,1.17387860,3889144.84218960,6602372.60182760
2020-11-16,2.03900000,2.37000000,1.98580000,2.26260000,7162125.47685400,0.22190000,10.87371980,18.84256989,2.02890000,2.06178000,1.87968667,1.78709000,1.79194000,1.82682000,1.88956571,1.96090500,2.01393333,2.09848400,2.25143500,2.69010510,1.98189839,1.95755099,0.02434740,-0.04572660,0.07007400,67.91782774,60.45337816,52.40362921,58.71724388,56.12442214,63.90288737,1.78709000,2.41362817,1.16055183,4527577.84373200,6659177.73175360
2020-11-17,2.26650000,2.33000000,2.12500000,2.19980000,5142151.68680300,-0.06280000,-2.77556793,9.04478270,2.08708000,2.07961000,1.92808667,1.82118000,1.80157200,1.82631333,1.88366857,1.95680500,2.00628667,2.08328200,2.23619167,2.68515253,2.01542172,1.97550418,0.03991754,-0.02859777,0.06851532,62.68677907,58.03479767,51.35772259,62.06837665,58.10574031,69.99364935,1.82118000,2.46014140,1.18221860,4962675.01348900,5280843.29184480
2020-11-18,2.19620000,2.21730000,2.00010000,2.11530000,4318166.29784300,-0.08450000,-3.84125830,9.88980967,2.10732000,2.07556000,1.97498667,1.85531000,1.80961600,1.82818333,1.87808571,1.94640250,1.99728889,2.06657800,2.22093000,2.67945400,2.03078761,1.98586413,0.04492348,-0.01389352,0.05881700,55.75326231,54.81572514,49.95776457,59.13426945,58.44858336,60.50564164,1.85531000,2.47965524,1.23096476,5189785.74996380,4701313.62955960
2020-11-19,2.11220000,2.18480000,2.01360000,2.08500000,2921103.66530500,-0.03030000,-1.43242093,8.10529306,2.14068000,2.08107000,2.02124000,1.88765500,1.82131200,1.83485000,1.87285143,1.93853000,1.98468444,2.05034400,2.20796667,2.67356832,2.03912798,1.99321062,0.04591736,-0.00193135,0.04784870,53.22033691,53.65160059,49.45336532,55.32498697,57.40738456,51.16019180,1.88765500,2.48754139,1.28776861,5310574.57757080,4363277.34857380
2020-11-20,2.08410000,2.23870000,2.05210000,2.10330000,3421570.60394000,0.01830000,0.87769784,8.95350511,2.15320000,2.06479000,2.06808000,1.91533500,1.83824800,1.84200333,1.87180857,1.93054500,1.98311333,2.03507200,2.19690167,2.66797745,2.04900060,2.00136857,0.04763203,0.00798133,0.03965070,54.71151533,54.29117541,49.77296099,53.90473138,56.23983350,49.23452713,1.91533500,2.50046980,1.33020020,4593023.54614900,4241084.19416930
2020-11-21,2.09990000,2.51000000,2.03510000,2.38220000,6792951.29450100,0.27890000,13.26011506,22.61536264,2.17712000,2.10301000,2.10022667,1.95404500,1.86509600,1.85613667,1.87686286,1.92551000,1.98492889,2.03025200,2.18813500,2.66520291,2.10026205,2.02958849,0.07067356,0.02051977,0.05015378,71.39030229,62.82100336,54.36194543,62.62395508,58.36787403,71.13611719,1.95404500,2.55577179,1.35231821,4519188.70967840,4523383.27670520
2020-11-22,2.38250000,2.42010000,2.04000000,2.15140000,5384096.52670900,-0.23080000,-9.68852321,15.95383001,2.16744000,2.12726000,2.10888667,1.98792500,1.89043200,1.86255000,1.87504571,1.91914000,1.98020889,2.02240200,2.17641167,2.66026250,2.10812942,2.03861458,0.06951484,0.03031879,0.03919606,52.27312809,53.76358748,50.38668580,56.43469080,57.72347962,53.85711317,1.98792500,2.55085222,1.42499778,4567577.67765960,4765126.34557430
2020-11-23,2.16100000,2.36350000,2.11200000,2.27860000,4728024.57535100,0.12720000,5.91242912,11.63813050,2.20010000,2.15371000,2.11707333,2.03126500,1.92426800,1.87469667,1.88131429,1.91833750,1.97459111,2.01757000,2.16200000,2.65662762,2.13435567,2.05639678,0.07795889,0.03984681,0.03811208,59.45382955,57.45183566,52.38891283,58.02980839,57.82558921,58.43824676,2.03126500,2.53810627,1.52442373,4649549.33316120,4919667.54156250
2020-11-24,2.27860000,2.47310000,2.13380000,2.28230000,8099789.00597700,0.00370000,0.16238041,14.89072237,2.23956000,2.19012000,2.13390000,2.07582000,1.95803600,1.89102000,1.89266571,1.91869000,1.97197778,2.01017200,2.14681000,2.65309623,2.15711633,2.07313515,0.08398119,0.04867368,0.03530750,59.66565337,57.55926480,52.44716197,57.54066585,57.73061476,57.16076804,2.07582000,2.49480392,1.65683608,5685286.40129560,5497930.48943320
2020-11-25,2.27950000,2.49000000,2.17030000,2.26610000,8395020.40314200,-0.01620000,-0.70981028,14.02500548,2.27212000,2.21266000,2.13390000,2.11909000,1.98669200,1.91056000,1.90344857,1.92184750,1.96849778,2.01201400,2.13243333,2.64947944,2.17388305,2.08743263,0.08645042,0.05622903,0.03022139,58.07166996,56.87337849,52.15563457,55.74947443,57.07023465,53.10795399,2.11909000,2.40074837,1.83743163,6679976.36113600,5636499.95364250
2020-11-26,2.26530000,2.31010000,1.72120000,1.91110000,13120752.28601500,-0.35500000,-15.66568113,25.99655675,2.17790000,2.17751000,2.12797333,2.11964500,1.99881600,1.91723000,1.90210286,1.91449250,1.95355333,2.00422600,2.11165500,2.64264259,2.13345489,2.07436775,0.05908714,0.05680065,0.00228649,34.10939667,44.26409564,46.27408258,45.19116416,53.11054449,29.35240350,2.11964500,2.39952377,1.83976623,7945536.55943880,6232362.63455860
2020-11-27,1.91170000,2.04000000,1.76940000,1.86100000,3400282.05616100,-0.05010000,-2.62152687,14.15494063,2.11982000,2.14363000,2.12478000,2.11162000,2.01430400,1.92866333,1.89930286,1.90564250,1.94143778,1.99417000,2.09334000,2.63547156,2.09153875,2.05855913,0.03297962,0.05203645,-0.01905683,31.88150948,42.80308179,45.51817564,36.03515068,47.41874655,13.26795894,2.11162000,2.41181445,1.81142555,7548773.66532920,6058175.67149440
2020-11-28,1.86440000,1.94000000,1.80160000,1.88680000,2587763.39160700,0.02580000,1.38635142,7.42329972,2.04146000,2.12078000,2.11629333,2.09817000,2.03330400,1.94380000,1.89852000,1.90133250,1.93201778,1.98127800,2.07561167,2.62866545,2.06004048,2.04583355,0.01420693,0.04447054,-0.03026362,34.52429880,43.84435972,45.99225597,31.02140539,41.95296616,9.15828384,2.09817000,2.41374082,1.78259918,7120721.42858040,5885135.38087080
2020-11-29,1.88580000,1.94700000,1.85000000,1.91530000,1640192.46579600,0.02850000,1.51049396,5.14370559,1.96806000,2.10381000,2.11610000,2.09244000,2.05426800,1.95970667,1.90202571,1.90209000,1.92417556,1.97158600,2.05925500,2.62223874,2.03777272,2.03616252,0.00161020,0.03589847,-0.03428828,37.72691088,45.04988508,46.52858406,28.88326958,37.59640064,11.45700748,2.09244000,2.41725654,1.76762346,5828802.12054420,5757044.26091990
2020-11-30,1.91840000,2.01820000,1.90340000,1.96650000,2153816.62844400,0.05120000,2.67321046,5.98415346,1.90814000,2.09013000,2.11115333,2.07746000,2.07690000,1.97360000,1.91021429,1.90403500,1.92032444,1.96246200,2.04424833,2.61638393,2.02680768,2.03100140,-0.00419372,0.02788004,-0.03207375,43.66700551,47.26842561,47.50580837,29.89113567,35.02797898,19.61744905,2.07746000,2.39613077,1.75878923,4580561.36560460,5630268.86337030
2020-12-01,1.96410000,2.14040000,1.91680000,1.97380000,4264962.98741500,0.00730000,0.37121790,11.38434907,1.92068000,2.04929000,2.09190000,2.07615000,2.07985200,1.98579333,1.91772286,1.90442500,1.91518000,1.95026600,2.03342500,2.61069735,2.01865265,2.02676355,-0.00811090,0.02068185,-0.02879275,44.57161128,47.59749861,47.64815293,30.87955698,33.64517165,25.34832763,2.07615000,2.39637314,1.75592686,2809403.50588460,5377470.03266170
2020-12-02,1.97020000,2.20980000,1.93330000,2.12090000,4622524.29134200,0.14710000,7.45262945,14.03410821,1.97266000,2.04624000,2.08664000,2.08675000,2.08382800,2.00736333,1.93494857,1.90847250,1.91308889,1.94456000,2.02637500,2.60640088,2.03438302,2.03373770,0.00064532,0.01667454,-0.01602923,60.07463649,53.91901963,50.47207675,37.91640947,35.06891759,43.61139324,2.08675000,2.39755926,1.77594074,3053851.95292080,5301312.80912500
2020-12-03,2.11900000,2.22790000,2.07400000,2.09670000,6879026.85046200,-0.02420000,-1.14102504,7.26285984,2.01464000,2.02805000,2.08540000,2.09088000,2.08146400,2.03019333,1.95392000,1.91303500,1.91392222,1.94028000,2.01931667,2.60196870,2.04397024,2.03840224,0.00556800,0.01445323,-0.00888523,56.93110543,52.77640282,50.00899761,41.55839022,37.23207513,50.21102040,2.09088000,2.39981406,1.78194594,3912104.64469180,5516413.03663610
2020-12-04,2.09670000,2.11230000,1.83600000,1.85350000,2831580.00541900,-0.24320000,-11.59917966,13.17785091,2.00228000,1.98517000,2.06996667,2.08764500,2.07440800,2.04560333,1.96578857,1.91455750,1.91322222,1.93198600,2.00600500,2.59551638,2.01466713,2.02470396,-0.01003683,0.00955522,-0.01959205,34.90481397,42.82670207,45.61976410,35.19413143,36.55276057,32.47687317,2.08764500,2.40542108,1.76986892,4150382.15261640,4989592.13658030
2020-12-05,1.85070000,1.98300000,1.82000000,1.97950000,2064360.94969600,0.12600000,6.79794982,8.80747825,2.00488000,1.95651000,2.06171333,2.08458500,2.06294400,2.06489667,1.97806857,1.92204750,1.91524000,1.92878000,2.00276333,2.59025128,2.00925680,2.02135511,-0.01209831,0.00522452,-0.01732282,47.52656198,48.33207553,48.08318682,38.73719994,37.28090703,41.64978578,2.08458500,2.40542831,1.76374169,4132491.01686680,4356526.19123570
2020-12-06,1.97950000,1.99070000,1.79560000,1.85050000,2103758.72958400,-0.12900000,-6.51679717,9.85602425,1.98022000,1.95045000,2.02626667,2.06398000,2.05696400,2.06324667,1.98499714,1.92553500,1.91284667,1.92168400,1.99526333,2.58398220,1.98483268,2.00869774,-0.02386506,-0.00059340,-0.02327166,38.38309272,43.63881937,45.86361741,30.05797137,34.87326181,20.42739050,2.06398000,2.38958297,1.73837703,3700250.16530060,3254826.83559260
2020-12-07,1.85150000,1.89900000,1.80880000,1.82720000,1782235.42614400,-0.02330000,-1.25911916,4.87172563,1.92148000,1.94707000,2.00465333,2.04535000,2.05369600,2.05677000,1.99509429,1.93326500,1.90991778,1.91392800,1.98632000,2.57762269,1.96058150,1.99525204,-0.03467055,-0.00740883,-0.02726172,36.84663742,42.81953340,45.46804013,22.47522712,30.74058358,5.94451420,2.04535000,2.38072357,1.70997643,3132192.39226100,3093022.17259090
2020-12-08,1.83010000,1.83010000,1.62110000,1.66310000,3952989.97530300,-0.16410000,-8.98095447,11.42014098,1.83476000,1.92470000,1.96362000,2.02274000,2.03965600,2.04034667,2.00227429,1.93902500,1.90433778,1.90600600,1.97184833,2.57000167,1.91481511,1.97064579,-0.05583067,-0.01709320,-0.03873748,27.53222956,37.42161549,42.75776080,17.29066998,26.25727904,-0.64254815,2.02274000,2.39697779,1.64850221,2546985.01722920,3229544.83096050
2020-12-09,1.66000000,1.67770000,1.50000000,1.65920000,3356724.79849500,-0.00390000,-0.23450183,10.70481928,1.79590000,1.89909000,1.92208000,2.00145000,2.02929600,2.02799000,2.00993143,1.94455250,1.90137333,1.90149000,1.95950333,2.56247438,1.87548971,1.94757365,-0.07208393,-0.02809135,-0.04399259,27.33516147,37.29970689,42.69464753,18.81749203,23.77735004,8.89777602,2.00145000,2.40783998,1.59506002,2652013.97584440,3401198.06423040
2020-12-10,1.65990000,1.66640000,1.53950000,1.56830000,1690563.37483900,-0.09090000,-5.47854388,7.64503886,1.71366000,1.85927000,1.87556000,1.97470000,2.01040000,2.00473000,2.01472000,1.94501750,1.89889333,1.89508200,1.94526333,2.55432541,1.82822976,1.91947695,-0.09124720,-0.04072252,-0.05052468,22.77558078,34.44643026,41.21504788,15.67271370,21.07580459,4.86653191,1.97470000,2.42130358,1.52809642,2577254.46087300,3354872.73886990
2020-12-11,1.57390000,1.57740000,1.43280000,1.43890000,2118546.03852700,-0.12940000,-8.25097239,9.18736896,1.63134000,1.80578000,1.84408000,1.92753500,1.97745200,1.98602667,2.00154571,1.94079000,1.89284667,1.88469600,1.92618500,2.54525691,1.76833287,1.88387590,-0.11554303,-0.05568662,-0.05985641,17.72500159,30.78887246,39.19723885,10.70420883,17.61860601,-3.12458552,1.92753500,2.39182728,1.46324272,2580211.92266160,3140231.04398110
2020-12-12,1.43680000,1.53820000,1.43660000,1.49120000,2138974.43902100,0.05230000,3.63472097,7.07126949,1.56414000,1.74281000,1.81942667,1.89452500,1.94910800,1.97210333,1.98639429,1.94122500,1.89225111,1.87534000,1.91093500,2.53675645,1.72569704,1.85478671,-0.12908967,-0.07036723,-0.05872244,25.71458171,33.88421086,40.42728793,10.00099083,15.07940095,-0.15582941,1.89452500,2.38494357,1.40410643,2651559.72523700,2891876.05874900
2020-12-13,1.49090000,1.70000000,1.45780000,1.57010000,2750609.24284000,0.07890000,5.29104077,16.24522101,1.54554000,1.69015000,1.79831333,1.85910000,1.92730000,1.95730333,1.96966000,1.94518250,1.89530444,1.86845800,1.89859167,2.52902320,1.70175904,1.83369741,-0.13193837,-0.08268146,-0.04925691,36.82124699,38.41691650,42.26590064,14.87070895,15.00983695,14.59245295,1.85910000,2.33484067,1.38335933,2411083.57874440,2479034.29798680
2020-12-14,1.56510000,1.62530000,1.52240000,1.59460000,2364778.81718400,0.02450000,1.56041016,6.57465977,1.53262000,1.66426000,1.77693333,1.82471500,1.90768400,1.94651667,1.95722286,1.95026750,1.89878222,1.86449800,1.88736500,2.52160714,1.68527303,1.81598540,-0.13071237,-0.09228764,-0.03842473,40.15532640,39.81463865,42.83754541,19.58101036,16.53356142,25.67590825,1.82471500,2.27010757,1.37932243,2212694.38248220,2432354.17916330
2020-12-15,1.59400000,1.80390000,1.58750000,1.75860000,6137279.76181800,0.16400000,10.28471090,13.57590966,1.57068000,1.64217000,1.76307333,1.79934000,1.89389600,1.93711333,1.94272286,1.95921500,1.90342444,1.86607200,1.88101167,2.51559921,1.69655410,1.81173439,-0.11518029,-0.09686617,-0.01831412,57.97130855,48.37151270,46.53517310,36.34873020,23.13861768,62.76895525,1.79934000,2.19376209,1.40491791,3102037.65987800,2839646.06037550
2020-12-16,1.75770000,1.79190000,1.60250000,1.78290000,5244157.92667200,0.02430000,1.38178096,10.77544518,1.63948000,1.63541000,1.75034667,1.79293000,1.86992400,1.92112333,1.93652000,1.95628750,1.90731111,1.86751000,1.87397167,2.50987500,1.70983809,1.80959840,-0.09976031,-0.09744500,-0.00231531,60.08417963,49.53134966,47.06459799,53.60575637,33.29433058,94.22860796,1.79293000,2.18385601,1.40200399,3727160.03750700,3153685.98008430
2020-12-17,1.78000000,1.80640000,1.63820000,1.68000000,4361515.59614600,-0.10290000,-5.77149588,9.44943820,1.67724000,1.62069000,1.72095333,1.78388000,1.85106800,1.90379667,1.92998000,1.94775000,1.91189333,1.87075000,1.86505500,2.50344186,1.70524761,1.79999805,-0.09475043,-0.09690608,0.00215565,47.85842045,44.87437748,45.09161000,57.79284543,41.46050220,90.45753191,1.78388000,2.17654741,1.39121259,4171668.26893200,3411613.99708450
2020-12-18,1.67690000,1.70770000,1.63070000,1.70140000,1881531.61042900,0.02140000,1.27380952,4.59180631,1.70350000,1.62452000,1.69460000,1.77461000,1.82798000,1.89000000,1.92104571,1.93639000,1.91832889,1.87612400,1.85909167,2.49727231,1.70465567,1.79269416,-0.08803849,-0.09513256,0.00709408,50.37822933,46.02570120,45.58662410,62.49358860,48.47153100,90.53770381,1.77461000,2.16579802,1.38342198,3997852.74244980,3204468.16059710
2020-12-19,1.69870000,1.76770000,1.65950000,1.67070000,2284718.05837900,-0.03070000,-1.80439638,6.36957674,1.71872000,1.62567000,1.68241333,1.76238000,1.80351600,1.87619000,1.91397429,1.92741000,1.92454000,1.88077600,1.85552000,2.49096260,1.69943172,1.78365717,-0.08422545,-0.09295114,0.00872569,46.50898521,44.56893660,44.97960480,62.88830247,53.27712149,82.11066442,1.76238000,2.15032885,1.37443115,3981840.59068880,3097267.48658550
2020-12-20,1.67060000,1.68890000,1.52100000,1.56350000,2205354.88754700,-0.10720000,-6.41647214,10.05028134,1.67970000,1.62519000,1.65468000,1.74223000,1.77541200,1.85819667,1.90034000,1.90984500,1.92815778,1.88105200,1.85010000,2.48393636,1.67851915,1.76734860,-0.08882945,-0.09212680,0.00329735,35.18541128,39.77350403,42.89825760,53.36415045,53.30613114,53.48018906,1.74223000,2.12739252,1.35706748,3195455.61583460,3148746.63785630
2020-12-21,1.56050000,1.62000000,1.49000000,1.53310000,1962929.50956500,-0.03040000,-1.94435561,8.33066325,1.62974000,1.63461000,1.63352000,1.72019500,1.76029200,1.82989333,1.87949714,1.89817250,1.92000444,1.87955400,1.84301500,2.47678722,1.65614697,1.74999623,-0.09384926,-0.09247130,-0.00137796,32.49325699,38.49224735,42.31879634,42.77632979,49.79619736,28.73659465,1.72019500,2.09996312,1.34042688,2539209.93241320,3133184.98496010
2020-12-22,1.53540000,1.57990000,1.47000000,1.49000000,3101990.17831200,-0.04310000,-2.81129737,7.15774391,1.59174000,1.63449000,1.61104000,1.68865000,1.74545200,1.80784667,1.85921714,1.88770000,1.90819333,1.87987800,1.83519833,2.46942313,1.63058590,1.73073661,-0.10015071,-0.09400718,-0.00614353,28.75068286,36.66544526,41.48968663,30.49932093,43.36390521,4.77015236,1.68865000,2.03126738,1.34603262,2287304.84884640,3229486.55888920
2020-12-23,1.49000000,1.51260000,1.03010000,1.19800000,5671452.63584900,-0.29200000,-19.59731544,32.38255034,1.49106000,1.59728000,1.58003333,1.64371500,1.71790000,1.77182667,1.83300857,1.86729750,1.88690889,1.87560200,1.82326167,2.46000519,1.56403422,1.69127343,-0.12723921,-0.10065358,-0.02658562,14.84744888,27.14427029,36.44222967,27.54229279,38.09003440,6.44680955,1.64371500,1.99657883,1.29085117,3045289.05393040,3521570.89819010
2020-12-24,1.19870000,1.38880000,1.16520000,1.36120000,2284843.15813900,0.16320000,13.62270451,18.65354134,1.42916000,1.57394000,1.56016667,1.61910000,1.69573600,1.74112333,1.81232857,1.85337250,1.87204889,1.87500200,1.81607167,2.45192574,1.53282896,1.66682285,-0.13399389,-0.10732165,-0.02667225,35.70137760,37.10271162,40.65291304,32.57854085,36.25286989,25.22988277,1.61910000,1.97896056,1.25923944,3045314.07388240,3513577.33228560
2020-12-25,1.36410000,1.45990000,1.34170000,1.44640000,1960791.34808000,0.08520000,6.25918307,8.66505388,1.40574000,1.54272000,1.55204000,1.59244500,1.67493200,1.71380000,1.79356000,1.83851500,1.85383333,1.87591600,1.81218000,2.44458613,1.51953220,1.65049480,-0.13096261,-0.11204984,-0.01891277,44.25409083,41.64537873,42.72014259,39.59441905,37.36671961,44.04981793,1.59244500,1.91716369,1.26772631,2996401.36598900,3095928.49091180
2020-12-26,1.44880000,1.44970000,1.31180000,1.32580000,1249352.52503100,-0.12060000,-8.33794248,9.51822198,1.36428000,1.49701000,1.54450000,1.56621000,1.64901200,1.69429000,1.76337714,1.81509500,1.83885111,1.86443200,1.80576000,2.43647899,1.48972724,1.62644275,-0.13671550,-0.11698297,-0.01973253,36.09811813,37.46685820,40.62976506,39.75943916,38.16429279,42.94973190,1.56621000,1.88791344,1.24450656,2853685.96908220,2696447.95074770
2020-12-27,1.32400000,1.41700000,1.26160000,1.30370000,2890460.60248400,-0.02210000,-1.66691809,11.73716012,1.32702000,1.45938000,1.53200000,1.54003500,1.61632400,1.67571333,1.73915714,1.79269250,1.82540222,1.85007600,1.80218833,2.42832950,1.46110767,1.60253534,-0.14142767,-0.12187191,-0.01955576,34.69213665,36.73012264,40.25313059,38.87071794,38.39976784,39.81261813,1.54003500,1.85748714,1.22258286,2811380.05391660,2549342.45138150
2020-12-28,1.30410000,1.52230000,1.28670000,1.51720000,3054831.73762000,0.21350000,16.37646698,18.06609923,1.39086000,1.44096000,1.52847333,1.53274000,1.59314400,1.66339333,1.71740286,1.77774000,1.81436000,1.83730400,1.80359667,2.42182143,1.46973726,1.59621407,-0.12647681,-0.12279289,-0.00368392,55.00741690,47.59098930,45.35914735,50.55963264,42.45305611,66.77278571,1.53274000,1.84494690,1.22053310,2288055.87427080,2666672.46410060
2020-12-29,1.51870000,1.73500000,1.43880000,1.67040000,7729613.89439400,0.15320000,10.09754811,19.50352275,1.45270000,1.44093000,1.53352667,1.53330000,1.58582000,1.65523000,1.69992000,1.76737500,1.80885333,1.83011400,1.80746833,2.41649220,1.50060845,1.60170943,-0.10110098,-0.11845451,0.01735353,64.51282734,53.79919979,48.64532729,63.98494827,49.63035349,92.69413781,1.53330000,1.84650056,1.22009944,3377010.02152180,3211162.04770210
2020-12-30,1.67340000,1.69030000,1.52350000,1.53500000,3448579.36474300,-0.13540000,-8.10584291,9.96773037,1.47042000,1.43808000,1.51862000,1.53163500,1.56804000,1.64084667,1.67903143,1.75316750,1.79761556,1.81549200,1.80722333,2.41028451,1.50589946,1.59676790,-0.09086845,-0.11293730,0.02206885,52.70382459,48.28455932,46.08901112,66.53235923,55.26435541,89.06836688,1.53163500,1.84440590,1.21886410,3674567.62485440,3335484.49542170
2020-12-31,1.53370000,1.55230000,1.42000000,1.50730000,3244558.10504000,-0.02770000,-1.80456026,8.62619808,1.50672000,1.43550000,1.50024667,1.53505500,1.55431200,1.62529667,1.66749429,1.73129500,1.78083111,1.80563800,1.80554500,2.40396993,1.50611492,1.59014054,-0.08402561,-0.10715496,0.02312935,50.43729553,47.20467785,45.57771733,66.92075474,59.14982185,82.46262051,1.53505500,1.84503980,1.22507020,4073608.74085620,3463647.35496920
2021-01-01,1.50880000,1.86000000,1.49900000,1.84210000,7454786.75142100,0.33480000,22.21190208,23.92629905,1.61440000,1.47071000,1.51105333,1.55260000,1.55490800,1.61600333,1.66695429,1.72356250,1.77288222,1.80430200,1.81168333,2.40006806,1.55780494,1.60880449,-0.05099955,-0.09592388,0.04492432,69.47627368,59.22799128,52.25756798,77.08840951,65.12935107,101.00652639,1.55260000,1.89059006,1.21460994,4986473.97064360,3898927.01228010
2021-01-02,1.84210000,2.00000000,1.71160000,1.79990000,9557980.68757600,-0.04220000,-2.29086369,15.65604473,1.67094000,1.53090000,1.51762000,1.56409000,1.56038000,1.60611000,1.66447143,1.71159500,1.76587333,1.80001800,1.81815167,2.39592897,1.59505033,1.62295991,-0.02790958,-0.08232102,0.05441144,65.66117699,57.42961650,51.42734545,75.69256192,68.65042135,89.77684305,1.56409000,1.91974735,1.20843265,6287103.76063480,4287579.81745280
2021-01-03,1.79980000,2.38000000,1.79730000,2.17790000,17482673.12198400,0.37800000,21.00116673,32.37581954,1.77244000,1.61257000,1.55143333,1.59325500,1.58112800,1.61692333,1.67197429,1.70898500,1.76793778,1.80521200,1.83126333,2.39443562,1.68471951,1.66406713,0.02065238,-0.06172634,0.08237872,78.40653363,67.17027563,57.70751386,77.77155535,71.69079935,89.93306734,1.59325500,2.04273602,1.14377398,8237715.60615280,5807362.81383730
2021-01-04,2.17890000,2.49890000,1.86000000,2.49090000,17263517.83170600,0.31300000,14.37164241,29.32213502,1.96362000,1.71702000,1.61326000,1.62987000,1.61803200,1.63397000,1.68695714,1.71460500,1.77655111,1.81421600,1.84943333,2.39509184,1.80874728,1.72531476,0.08343252,-0.03269457,0.11612709,84.22462035,72.79359813,61.95747298,84.96551385,76.11570418,102.66513318,1.62987000,2.23009312,1.02964688,11000703.29954540,7337635.46219990
2021-01-05,2.49110000,2.50930000,2.06210000,2.16360000,15133557.77000300,-0.32730000,-13.13982898,17.95190880,2.09488000,1.80080000,1.65529333,1.64890500,1.64702000,1.64440667,1.69238000,1.72091750,1.77169333,1.81223600,1.85382667,2.39352770,1.86334000,1.75778070,0.10555931,-0.00504379,0.11060310,62.94360473,60.89495826,55.83517464,80.55174068,77.59438302,86.46645601,1.64890500,2.29216560,1.00564440,13378503.23253800,8726055.98669710
2021-01-06,2.16360000,2.18900000,1.90170000,1.94140000,17221696.08486100,-0.22220000,-10.26992050,13.27879460,2.11474000,1.86457000,1.68538667,1.66197500,1.66502800,1.64821333,1.68725143,1.72292750,1.76702667,1.80706800,1.85249167,2.39049329,1.87534923,1.77138227,0.10396697,0.01675836,0.08720861,52.19891129,54.31922338,52.18237313,69.65636104,74.94837569,59.07233174,1.66197500,2.31838387,1.00556613,15331885.09922600,10159179.53493480
2021-01-07,1.94040000,2.65000000,1.92140000,2.36350000,70874327.56845300,0.42210000,21.74204183,37.54895898,2.22746000,1.94920000,1.76308667,1.69508000,1.69676400,1.67156000,1.69487429,1.73484500,1.76891333,1.81203200,1.85595333,2.39031333,1.95044935,1.81524327,0.13520609,0.04044790,0.09475818,65.58919534,62.67241917,57.67152806,72.00667972,73.96781037,68.08441842,1.69508000,2.42277413,0.96738587,27595154.47540140,16941129.11801810
2021-01-08,2.36550000,3.80000000,2.17500000,3.22140000,88937219.79113699,0.85790000,36.29786334,68.69583598,2.43616000,2.10430000,1.88710000,1.77261500,1.76183600,1.72363333,1.73395714,1.76749750,1.78978222,1.83476000,1.87581167,2.39581722,2.14598022,1.91940396,0.22657626,0.07767358,0.14890269,79.55644665,73.44068784,65.95903729,73.23414502,73.72325525,72.25592456,1.77261500,2.76988853,0.77534147,41886063.80923200,25061889.70769240
2021-01-09,3.21200000,3.69980000,2.93000000,3.38290000,32398842.92631900,0.16150000,5.01334823,23.96637609,2.61456000,2.28909000,2.01620000,1.86358500,1.82680800,1.78412000,1.77405429,1.80290750,1.81460000,1.86035200,1.89442500,2.40231118,2.33627557,2.02781197,0.30846360,0.12383158,0.18463202,81.27352191,74.92614963,67.21976909,76.11379623,74.52010225,79.30118421,1.86358500,3.08686031,0.64030969,44913128.82815460,27956916.06385000
2021-01-10,3.37340000,3.75170000,3.15560000,3.44900000,19820052.05907400,0.06610000,1.95394484,17.67059940,2.87164000,2.48326000,2.15774667,1.95938000,1.89345200,1.85112333,1.81972571,1.83978750,1.84877556,1.88168800,1.91857500,2.40915229,2.50746395,2.13308597,0.37437797,0.17394086,0.20043711,82.01541864,75.53705082,67.73019134,78.47348913,75.83789787,83.74467164,1.95938000,3.36078520,0.55797480,45850427.68596880,29614465.45925339
2021-01-11,3.44550000,3.52820000,2.57950000,3.10160000,26060971.36973300,-0.34740000,-10.07248478,27.53446524,3.10368000,2.60921000,2.27760667,2.03996000,1.95031600,1.90480333,1.85613714,1.86430500,1.87634444,1.90069200,1.93845333,2.41364870,2.59886949,2.20482826,0.39404123,0.21796093,0.17608030,65.61967777,66.27856523,62.40145684,74.02468557,75.23349377,71.60706916,2.03996000,3.51131346,0.56860654,47618282.74294320,31475083.92108460
2021-01-12,3.10160000,3.88000000,3.05800000,3.63540000,24684774.36672100,0.53380000,17.21047201,26.50245035,3.35806000,2.79276000,2.41882000,2.16183000,2.02767600,1.97364667,1.91248857,1.90277250,1.91520222,1.92782800,1.96547500,2.42153097,2.75833572,2.31079724,0.44753849,0.26387644,0.18366204,74.87936246,72.02597548,66.61308682,78.64682008,76.37126921,83.19792183,2.16183000,3.73948122,0.58417878,38380372.10259680,32987763.28899910
2021-01-13,3.63540000,3.63700000,3.26330000,3.52420000,17689395.16817700,-0.11120000,-3.05881058,10.27947406,3.41862000,2.92739000,2.54240667,2.26998000,2.10181600,2.03796667,1.96577429,1.94454000,1.95095556,1.95266600,1.99224167,2.42859936,2.87616100,2.40067947,0.47548152,0.30619746,0.16928406,70.15592597,69.34022192,65.02965181,79.76950047,77.50401296,84.30047548,2.26998000,3.91178812,0.62817188,24130807.17800480,33008435.49361840
2021-01-14,3.52430000,3.59550000,3.18140000,3.29210000,21634400.51898500,-0.23210000,-6.58589183,11.74985103,3.40046000,3.00751000,2.65954667,2.36226500,2.17096000,2.08908333,2.01502571,1.97735500,1.98041333,1.97318600,2.01309833,2.43409936,2.94015161,2.46671100,0.47344062,0.33964609,0.13379453,60.58388286,63.91360415,61.82866200,76.60718893,77.20507162,75.41142354,2.36226500,4.01659908,0.70793092,21977918.69653800,33445523.76234630
2021-01-15,3.29210000,3.44890000,2.96180000,3.24750000,15747506.37993800,-0.04460000,-1.35475836,14.79602685,3.36016000,3.11590000,2.77556000,2.45835000,2.23953600,2.13790333,2.06670000,2.01228000,2.00871778,1.99991400,2.02951333,2.43924747,2.98743598,2.52454752,0.46288846,0.36429456,0.09859389,58.73595388,62.88198703,61.22437900,73.64030097,76.01681474,68.88727345,2.45835000,4.08216200,0.83453800,21163409.56071080,33506918.62333979
2021-01-16,3.24790000,3.70810000,3.24630000,3.42470000,29411668.95391700,0.17720000,5.45650500,14.21841805,3.42478000,3.26423000,2.88106667,2.56440000,2.31692400,2.19606000,2.12194286,2.05221750,2.03769111,2.03118800,2.04992833,2.44544528,3.05470737,2.59122581,0.46348156,0.38413196,0.07934960,63.97489515,65.30893406,62.73435964,73.52559654,75.18640867,70.20397229,2.56440000,4.14722355,0.98157645,21833549.07754760,34725915.91024540
2021-01-17,3.42510000,3.98760000,3.30000000,3.82680000,31265663.12121500,0.40210000,11.74117441,20.07532627,3.46306000,3.41056000,3.01619333,2.67988000,2.42207600,2.26690667,2.18642000,2.10631000,2.07613778,2.06998800,2.07845333,2.45407875,3.17349085,2.68275023,0.49074062,0.40545369,0.08528692,73.22984717,70.14173648,65.88043994,78.54384987,76.30555574,83.02043812,2.67988000,4.27794677,1.08181323,23149726.82844640,30765049.46552160
2021-01-18,3.82430000,4.17000000,3.61670000,3.78680000,24245044.14296300,-0.04000000,-1.04525975,14.46800722,3.51558000,3.46710000,3.12345333,2.78570000,2.51910000,2.33744333,2.24905429,2.15950000,2.11910000,2.10741800,2.10681667,2.46235652,3.26784610,2.76453204,0.50331407,0.42502577,0.07828830,71.05090503,69.09712250,65.30812151,77.66488241,76.75866463,79.47731798,2.78570000,4.38259813,1.18880187,24460856.62340360,24295831.90070420
2021-01-19,3.78730000,4.04980000,3.60000000,3.62870000,18206626.78596700,-0.15810000,-4.17502905,11.87653473,3.58290000,3.49168000,3.19930667,2.89038500,2.60639200,2.40628333,2.30248571,2.21101000,2.15574889,2.14066200,2.13224000,2.46955617,3.32336209,2.82854472,0.49481736,0.43898409,0.05583328,62.26379117,64.92775524,63.04912486,73.76548066,75.76093664,69.77456869,2.89038500,4.41492923,1.36584077,23775301.87680000,22876610.28666900
2021-01-20,3.62880000,3.74130000,3.34000000,3.71660000,17069848.35891500,0.08790000,2.42235511,11.05875220,3.67672000,3.51844000,3.30284000,3.00085000,2.70202400,2.47906667,2.35773429,2.26795250,2.19721778,2.17551800,2.15448000,2.47720675,3.38386023,2.89432683,0.48953340,0.44909395,0.04043945,65.14013373,66.16600715,63.77604167,70.00135393,73.84107573,62.32191032,3.00085000,4.41995080,1.58174920,24039770.27259540,22601589.91665310
2021-01-21,3.71990000,3.74110000,2.97170000,2.98990000,14701372.41330500,-0.72670000,-19.55281709,20.68335170,3.58976000,3.50727000,3.37274000,3.05824000,2.76947200,2.52906333,2.39516000,2.30542000,2.22305556,2.19289800,2.16845500,2.48033293,3.32325096,2.90140635,0.42184461,0.44364408,-0.02179947,37.09177368,50.18583521,54.52291076,47.44282725,65.04165957,12.24516260,3.05824000,4.36870956,1.74777044,21097710.96447300,21465630.02101030
2021-01-22,2.98930000,3.49920000,2.52950000,3.33520000,20052814.35467700,0.34530000,11.54888123,32.43903255,3.49144000,3.47725000,3.43752000,3.13500500,2.84219200,2.60030333,2.44184000,2.34954750,2.26021333,2.21766800,2.18606500,2.48551394,3.32508928,2.93353931,0.39154997,0.43322526,-0.04167529,49.49227629,55.72829723,57.57487277,47.99957659,59.36096525,25.27679928,3.13500500,4.30774355,1.96226645,18855141.21116540,21002434.01980590
2021-01-23,3.33020000,3.60000000,3.30560000,3.50790000,7924853.01216300,0.17270000,5.17810026,8.84030989,3.43566000,3.47562000,3.45662000,3.20150500,2.91569200,2.67186000,2.49433143,2.39738000,2.30129556,2.25075600,2.20649167,2.49167289,3.35321400,2.97608467,0.37712934,0.42200607,-0.04487674,54.83552973,58.26205589,59.01048902,51.87983558,56.86725536,41.90499602,3.20150500,4.29380391,2.10920609,15591102.98500540,20025979.80420450
2021-01-24,3.50180000,3.79000000,3.47810000,3.62780000,8934610.12234500,0.11990000,3.41799937,8.90684791,3.43548000,3.50919000,3.47294667,3.25835000,2.99940400,2.74457333,2.55331143,2.44411000,2.34706222,2.28372200,2.22918667,2.49847605,3.39545800,3.02436000,0.37109800,0.41182446,-0.04072646,58.49374779,59.99608705,59.99128806,56.90292401,56.87914491,56.95048222,3.25835000,4.31260915,2.20409085,13736699.65228100,18756000.76454050
2021-01-25,3.62870000,3.99280000,3.43980000,3.70380000,24997969.21330100,0.07600000,2.09493357,15.23961749,3.43292000,3.55482000,3.48993333,3.33536000,3.08726400,2.82384000,2.61533143,2.49213250,2.39739333,2.32078800,2.25906500,2.50565060,3.44289523,3.07468901,0.36820622,0.40310081,-0.03489459,60.90252710,61.11323485,60.61462108,61.79589428,58.51806136,68.35156010,3.33536000,4.27128437,2.39943563,15322323.82315820,19681047.04787680
2021-01-26,3.70360000,4.09700000,3.64780000,4.04100000,25778078.43709200,0.33720000,9.10416329,12.12873960,3.64314000,3.61645000,3.55256000,3.44034000,3.17522000,2.91508333,2.68821714,2.55115750,2.45405556,2.36506400,2.29539833,2.51473550,3.53491135,3.14626777,0.38864358,0.40020937,-0.01156578,70.13147975,65.74357347,63.26440254,71.90944410,62.98185561,89.76462107,3.44034000,4.16511523,2.71556477,17537665.02791560,19317687.99619430
2021-01-27,4.04180000,4.04220000,3.51140000,3.67500000,9309018.95941200,-0.36600000,-9.05716407,13.13276263,3.71110000,3.60127000,3.55520000,3.50591500,3.25022400,2.98701000,2.75898857,2.60049750,2.50083111,2.40530200,2.32520167,2.52156059,3.55646345,3.18543320,0.37103025,0.39437354,-0.02334329,53.63977812,57.61968594,58.78501549,72.29901270,66.08757464,84.72188883,3.50591500,4.02999820,2.98183180,15388905.94886260,17122023.58001400
2021-01-28,3.66400000,3.96000000,3.60000000,3.81000000,7853439.52432800,0.13500000,3.67346939,9.82532751,3.77152000,3.60359000,3.57425333,3.53534500,3.31550800,3.05833000,2.82895429,2.65398000,2.55006222,2.44831800,2.35678000,2.52909532,3.59546907,3.23169749,0.36377158,0.38825315,-0.02448157,58.01026235,59.62712124,59.87840146,75.42953851,69.20156260,87.88549033,3.53534500,4.05826124,3.01242876,15374623.25129560,15482863.11815050
2021-01-29,3.80920000,3.91200000,3.60000000,3.82930000,11255370.83607500,0.01930000,0.50656168,8.19069621,3.81182000,3.62365000,3.61006667,3.55766500,3.36904400,3.13480667,2.89703714,2.71062500,2.59607778,2.49353800,2.38782667,2.53665465,3.63144306,3.27596443,0.35547864,0.38169825,-0.02621961,58.67855144,59.92318327,60.03655837,77.92697570,72.11003363,89.56085983,3.55766500,4.09118421,3.02414579,15838775.39404160,14787737.52316130
2021-01-30,3.83010000,4.31790000,3.76670000,4.22800000,15975662.22306400,0.39870000,10.41182462,14.39126916,3.91666000,3.67479000,3.67543333,3.59661500,3.45162000,3.22549667,2.97995714,2.77799750,2.65041333,2.54932000,2.42539667,2.54643121,3.72322105,3.34648570,0.37673536,0.38070567,-0.00397031,70.36912585,65.60700528,63.16642718,83.60903725,75.94303484,98.94104209,3.59661500,4.20519435,2.98803565,14034313.99599420,14678318.90957620
2021-01-31,4.22800000,4.80500000,4.15400000,4.25250000,24123927.24661000,0.02450000,0.57947020,15.39735099,3.95896000,3.80105000,3.73062000,3.65416000,3.54406400,3.30584333,3.06420857,2.84706000,2.70758000,2.60454600,2.46092333,2.55623621,3.80464858,3.41359797,0.39105061,0.38277466,0.00827596,70.97466012,65.93090920,63.35047676,76.79000065,76.22535678,77.91928840,3.65416000,4.28297152,3.02534848,13703483.75789780,15620574.39290670
2021-02-01,4.25680000,4.61700000,4.10750000,4.61480000,9013963.45182100,0.36230000,8.51969430,11.96908476,4.14692000,3.92901000,3.78315333,3.70313000,3.63411600,3.39967333,3.15271143,2.93248000,2.77232222,2.66544000,2.50289167,2.56799943,3.92928726,3.50257602,0.42671124,0.39156197,0.03514926,78.69921368,70.42428080,65.97401473,79.88265890,77.44445748,84.75906172,3.70313000,4.46438723,2.94187277,13644472.65637960,14516689.30262110
2021-02-02,4.61480000,5.40260000,4.46320000,5.23310000,26689709.64986000,0.61830000,13.39819710,20.35624512,4.43154000,4.10153000,3.87957333,3.78857500,3.71458400,3.50151333,3.25450286,3.02927750,2.85148667,2.73821000,2.55921833,2.58314205,4.12987384,3.63076315,0.49911068,0.41307172,0.08603897,86.21321466,76.25479858,69.82113878,83.70989840,79.53293779,92.06381963,3.78857500,4.80584275,2.77130725,17411726.68148600,16393174.96639080
2021-02-03,5.24300000,5.78300000,5.05130000,5.73110000,21574159.89754800,0.49800000,9.51634786,13.95575052,4.81190000,4.31186000,4.01973333,3.91052500,3.80851200,3.60952000,3.37439143,3.13639500,2.94410000,2.81766000,2.62174500,2.60092712,4.37621632,3.78634385,0.58987248,0.44843187,0.14144061,89.71862073,79.76060542,72.44003146,88.37835453,82.48141003,100.17224351,3.91052500,5.21999978,2.60105022,19475484.49378060,17657129.94391110
2021-02-04,5.73390000,6.54260000,5.56760000,6.40850000,33394633.20187300,0.67740000,11.81972047,17.00413331,5.24800000,4.58233000,4.19919333,4.06857500,3.92689200,3.75101667,3.51442571,3.26346250,3.05244222,2.91017200,2.69771167,2.62231798,4.68887535,3.98057786,0.70829750,0.50040499,0.20789250,92.73412691,83.39790746,75.46239238,90.77757285,85.24679764,101.83912327,4.06857500,5.75103065,2.38611935,22959278.68954240,18496796.34276830
2021-02-05,6.41810000,7.14380000,6.40860000,6.70050000,28683157.53156300,0.29200000,4.55644847,11.45510354,5.73760000,4.84828000,4.44656667,4.23236500,4.07084800,3.90965333,3.65323714,3.39838250,3.16823111,3.01058200,2.77893333,2.64510112,4.99835607,4.18205378,0.81630229,0.56358445,0.25271783,93.69125627,84.69161867,76.61587181,89.68199159,86.72519562,95.59558351,4.23236500,6.25442917,2.21030083,23871124.74653300,18787304.25221540
2021-02-06,6.70010000,6.81810000,5.70000000,6.12250000,30867026.91600900,-0.57800000,-8.62622192,16.68781063,6.03914000,5.09303000,4.63238667,4.34715000,4.17033200,4.03495333,3.77674000,3.51351500,3.27766444,3.09900400,2.85325667,2.66442000,5.17130129,4.32579068,0.84551061,0.61996968,0.22554093,71.36192890,72.49315685,69.83509060,83.51487890,85.65509005,79.23445661,4.34715000,6.52677561,2.16752439,28241737.43937060,20943105.04787510
2021-02-07,6.12190000,6.88070000,5.75000000,6.69760000,32805036.40519300,0.57510000,9.39322172,18.46975612,6.33204000,5.38179000,4.84503333,4.49269000,4.29726800,4.15082667,3.90587429,3.63919500,3.39625111,3.19954200,2.93723000,2.68670276,5.40611647,4.50148041,0.90463606,0.67690296,0.22773310,77.70592391,76.21213919,72.37362911,84.60574606,85.30530872,83.20662075,4.49269000,6.89238877,2.09299123,29464802.79043720,23438264.73596160
2021-02-08,6.69310000,8.07800000,6.45540000,7.85500000,49942119.46546100,1.15740000,17.28081701,24.24287699,6.75682000,5.78436000,5.12684667,4.70400500,4.47978400,4.29989667,4.05913429,3.79719500,3.53866444,3.32537200,3.04200833,2.71510000,5.78286779,4.74988948,1.03297831,0.74811803,0.28486028,85.47601626,81.65695767,76.52272064,87.86502367,86.15854704,91.27797694,4.70400500,7.49567312,1.91233688,35138394.70401980,27306939.59890020
2021-02-09,7.86510000,8.49450000,7.55000000,7.80050000,38293809.12597200,-0.05450000,-0.69382559,12.00874750,7.03522000,6.14161000,5.39996000,4.90820000,4.66190400,4.44494667,4.22018857,3.95452500,3.68254667,3.45072000,3.14803500,2.74288907,6.09327274,4.97586080,1.11741194,0.82197681,0.29543513,83.82517453,80.70800141,75.96215960,86.63686025,86.31798477,87.27461119,4.90820000,7.97922254,1.83717746,36118229.88883960,29538754.28919100
2021-02-10,7.80050000,9.09000000,7.26000000,9.09000000,36539932.53311700,1.28950000,16.53099160,23.46003461,7.51312000,6.62536000,5.73656000,5.21320500,4.88851600,4.64456000,4.42443429,4.13572250,3.85557556,3.60272000,3.27468167,2.77738424,6.55430770,5.28061207,1.27369564,0.91232058,0.36137506,89.55358841,85.15956858,79.64377200,91.09124016,87.90906990,97.45558069,5.21320500,8.66955286,1.75685714,37689584.88915040,30780354.81784170
2021-02-11,9.08970000,9.74250000,8.72000000,9.20040000,52587971.71661600,0.11040000,1.21452145,11.24899612,8.12870000,7.08392000,6.10492000,5.50646500,5.10346000,4.83006000,4.61977429,4.32073500,4.02631333,3.76276800,3.40185333,2.81210324,6.96139883,5.57096692,1.39043191,1.00794284,0.38248906,89.92033807,85.47265078,79.91854180,90.20893387,88.67569123,93.27541916,5.50646500,9.27324249,1.73968751,42033773.84927180,35137755.64432120
2021-02-12,9.20580000,9.93000000,9.03530000,9.20000000,27168226.83055800,-0.00040000,-0.00434764,9.71887288,8.62918000,7.48061000,6.46425333,5.79107000,5.31998800,5.01925333,4.79059143,4.49628750,4.19363778,3.91954400,3.52861000,2.84644677,7.30579901,5.83978435,1.46601466,1.09955721,0.36645745,89.90661453,85.46552418,79.91446358,87.89465327,88.41534524,86.85326932,5.79107000,9.77587928,1.80626072,40906411.93434480,35185607.36239100
2021-02-13,9.20070000,9.51170000,8.65800000,8.74410000,31507609.16243600,-0.45590000,-4.95543478,9.27864184,8.80700000,7.78191000,6.79190667,6.04688500,5.52460400,5.20098667,4.94376857,4.65261750,4.35384000,4.06549800,3.64503500,2.87798503,7.52707608,6.05491896,1.47215712,1.17407719,0.29807993,74.38062944,77.43756821,75.34196281,82.58461518,86.47176855,74.81030843,6.04688500,10.10321655,1.99055345,37219509.87373980,36178952.28887980
2021-02-14,8.74480000,9.23000000,8.52930000,8.71580000,25413161.64747000,-0.02830000,-0.32364680,8.01276187,8.99006000,8.01264000,7.09109333,6.29748500,5.72457200,5.38326333,5.09424857,4.81642250,4.51402889,4.21329800,3.76058333,2.90903723,7.70995669,6.25202136,1.45793532,1.23084882,0.22708651,73.43597177,76.94810802,75.06376163,78.82157954,83.92170555,68.62132753,6.29748500,10.36358942,2.23138058,34643380.37803940,35380805.13343950
2021-02-15,8.72340000,9.38000000,7.70000000,8.85160000,29417065.02909700,0.13580000,1.55808991,19.25854598,8.94238000,8.22775000,7.39770000,6.53801500,5.95904000,5.56416000,5.25853429,4.98917750,4.66979556,4.36425600,3.88011000,2.94047937,7.88559412,6.44458284,1.44101128,1.27288131,0.16812997,75.24626888,77.68641490,75.51644369,77.28137201,81.70826104,68.42759395,6.53801500,10.61122425,2.46480575,33218806.87723539,35454195.88319290
2021-02-16,8.86600000,9.00000000,7.96010000,8.30020000,19153014.48074000,-0.55140000,-6.22938226,11.72907737,8.76234000,8.44552000,7.64339333,6.76927500,6.15764000,5.71327333,5.39181429,5.13759500,4.81424667,4.49991600,3.99009000,2.96868842,7.94937964,6.58203602,1.36734362,1.29177377,0.07556985,56.48905045,68.03446877,70.12291838,69.21887511,77.54513239,52.56636054,6.76927500,10.68002206,2.85852794,26531815.43006020,34282794.63966600
2021-02-17,8.30350000,8.45000000,7.51820000,8.23570000,26819100.25240600,-0.06450000,-0.77708971,11.22177395,8.56948000,8.59933000,7.84356667,6.99056000,6.34675200,5.86157000,5.52642857,5.26295250,4.94886444,4.63122200,4.09950667,2.99626440,7.99342893,6.70452970,1.28889923,1.29119886,-0.00229964,54.57926174,66.97265383,69.51688319,58.32694046,71.13906842,32.70268455,6.99056000,10.69148392,3.28963608,26461990.11442980,33684201.02438729
2021-02-18,8.24120000,9.32000000,8.23000000,8.97710000,21998195.01792500,0.74140000,9.00227060,13.22622919,8.61608000,8.71154000,8.05996667,7.24795000,6.56072400,6.03985000,5.68885714,5.40280750,5.09300222,4.78006400,4.22306667,3.02741458,8.14476294,6.87286830,1.27189463,1.28733802,-0.01544338,69.02424541,72.37834216,72.37999247,60.32158078,67.53323920,45.89826393,7.24795000,10.73288793,3.76301207,24560107.28552760,30889808.57963370
2021-02-19,8.98800000,11.85000000,8.52570000,11.49120000,72459294.27983500,2.51410000,28.00570340,36.98598131,9.17116000,9.08061000,8.39881333,7.61111000,6.87222000,6.29900333,5.92439143,5.60386250,5.30028222,4.97974200,4.38903500,3.07126839,8.65959941,7.21496707,1.44463234,1.31879688,0.12583546,86.49775359,82.79533061,79.26966104,70.78674356,68.61774066,75.12474937,7.61111000,11.27990108,3.94231892,33969333.81200060,34306357.09502000
2021-02-20,11.48450000,11.83270000,9.75400000,9.98690000,50507984.93860300,-1.50430000,-13.09088694,18.10004789,9.39822000,9.17030000,8.61790667,7.89783000,7.11005600,6.53223667,6.11188286,5.77599500,5.47907111,5.14263800,4.53065000,3.10691598,8.86379950,7.42029550,1.44350400,1.34373830,0.09976569,61.56275234,66.43990311,68.58759144,66.18788429,67.80778853,62.94807580,7.89783000,11.35143476,4.44422524,38187517.79390180,35703162.33556859
2021-02-21,9.98490000,11.67070000,9.81010000,11.07530000,39855306.18093800,1.08840000,10.89827674,18.63413755,9.95324000,9.35779000,8.94809333,8.22085500,7.40606800,6.79024000,6.31898286,5.96199250,5.67266667,5.32814600,4.69527167,3.14777949,9.20403035,7.69103666,1.51299369,1.37758938,0.13540431,69.25728303,70.96673686,71.48832972,71.49724936,69.03760881,76.41653046,8.22085500,11.58900955,4.85270045,42327976.13394140,34429895.78200080
2021-02-22,11.07380000,14.80000000,9.10000000,14.41910000,169938699.22889400,3.34380000,30.19150723,51.47284582,11.18992000,9.87970000,9.46286000,8.68015500,7.83043200,7.15394667,6.62276286,6.23436500,5.92150444,5.57297000,4.91290333,3.20528622,10.00634875,8.18941186,1.81693689,1.46545888,0.35147801,82.31155257,80.00568922,78.00084174,79.25454974,72.44325578,92.87713764,8.68015500,12.76243095,4.59787905,70951895.92923900,48706943.02183440
2021-02-23,14.41760000,15.88880000,11.47000000,15.22440000,343036326.06257498,0.80530000,5.58495329,30.64865165,12.43938000,10.52773000,9.95415333,9.15482000,8.28623600,7.54050000,6.95406857,6.53267250,6.18464889,5.82764000,5.14253667,3.26629695,10.80912587,8.71052223,2.09860364,1.59208783,0.50651581,84.24498025,81.51747262,79.19508457,83.52393170,76.13681442,98.29816625,9.15482000,13.94038427,4.36925573,135159522.13816899,79859814.71184829
2021-02-24,15.23890000,18.20520000,14.79170000,17.16910000,177956628.83810100,1.94470000,12.77357400,22.39991075,13.57496000,11.37306000,10.57872667,9.69285000,8.80388000,7.98934333,7.33842571,6.88071250,6.48954000,6.12775000,5.40659167,3.33651313,11.78758343,9.33708370,2.45049973,1.76377021,0.68672952,88.03490462,84.58748498,81.69859464,85.78430230,79.35264372,98.64761948,9.69285000,15.49084612,3.89485388,156258989.04982218,95114161.43091139
2021-02-25,17.17450000,17.69000000,13.65790000,13.84420000,151275933.81870300,-3.32490000,-19.36560449,23.47724825,14.34642000,11.87232000,10.89567333,10.05003500,9.18754800,8.31611667,7.64854857,7.14120000,6.72826444,6.36580600,5.61560000,3.38931558,12.10398598,9.67094424,2.43304174,1.89762452,0.53541722,58.94394667,64.58004078,67.25932379,76.92067239,78.54198661,73.67804395,10.05003500,15.95110593,4.14896407,176412578.82584220,107300048.30987200
2021-02-26,13.85650000,15.50830000,13.10000000,13.59620000,113366684.18319599,-0.24800000,-1.79136389,17.38029084,14.85060000,12.40192000,11.18872667,10.42372000,9.54680400,8.64682333,7.94172000,7.38543500,6.94961556,6.59046000,5.81691667,3.44035000,12.33355737,9.96170398,2.37185338,1.99247029,0.37938309,57.25063171,63.36058423,66.34666950,69.21225247,75.43207523,56.77260695,10.42372000,16.22325676,4.62418324,191114854.42629379,116721415.28011759
2021-02-27,13.58640000,14.83590000,13.01000000,13.19160000,86421910.08308899,-0.40460000,-2.97583148,13.43917447,14.60510000,12.89751000,11.45483333,10.74842000,9.86514400,8.95954333,8.21839714,7.62055500,7.16444667,6.78986400,6.00893667,3.48981550,12.46556392,10.20095559,2.26460834,2.04689790,0.21771044,54.20223706,61.30045497,64.84866725,62.20948036,71.02454360,44.57935388,10.74842000,16.39471481,5.10212519,174411496.59713280,122681696.26318590
2021-02-28,13.18530000,13.77390000,11.41700000,13.08870000,90254864.65840800,-0.10290000,-0.78004184,17.87520951,14.17796000,13.30867000,11.74447333,11.01010500,10.15944800,9.26819000,8.48870857,7.85705500,7.38214889,6.98398000,6.20149833,3.53648000,12.56143101,10.41486262,2.14656840,2.06683200,0.07973640,53.33551836,60.75240916,64.46241342,56.07526546,66.04145089,36.14289460,11.01010500,16.57632860,5.44388140,123855204.31629939,129507363.22723420
2021-03-01,13.08000000,15.54690000,13.01020000,14.98550000,80299278.75896700,1.89680000,14.49188995,19.39373089,13.74124000,13.65810000,12.16245333,11.36935500,10.50252800,9.62677333,8.81104286,8.13877750,7.64299333,7.21471000,6.42613500,3.59275750,12.93436470,10.75342841,2.18093630,2.08965286,0.09128344,65.52847164,66.73320352,68.11535633,58.92980620,63.67090266,49.44761327,11.36935500,16.99054619,5.74816381,104323734.30047259,130291361.67514738
2021-03-02,14.99890000,15.25000000,13.35440000,13.94380000,58918570.78388900,-1.04170000,-6.95138634,12.63826014,13.76116000,14.05379000,12.50193333,11.61204500,10.79226000,9.94981667,9.09398000,8.41262500,7.87675111,7.43155400,6.62783000,3.64542700,13.08966244,10.98975226,2.09991018,2.09170432,0.00820586,55.90228282,61.15037044,64.32615999,57.01926162,61.45368898,48.15040691,11.61204500,17.23799696,5.98609304,85852261.69350980,131132420.25967598
2021-03-03,13.95460000,14.73800000,13.70180000,14.07420000,46641795.22043900,0.13040000,0.93518266,7.42550843,13.85676000,14.35368000,12.88686667,11.85573500,11.11032800,10.26513000,9.39110000,8.68110000,8.10447111,7.64033000,6.83240167,3.69993300,13.24112976,11.21822991,2.02289985,2.07794343,-0.05504358,56.85437131,61.58919364,64.58351102,51.06097362,57.98945053,37.20401982,11.85573500,17.46404318,6.24742682,72507283.90095840,131811069.16362607
2021-03-04,14.09360000,14.27370000,12.73600000,13.05080000,37143577.89461200,-1.02340000,-7.27146126,10.91062610,13.82860000,14.21685000,13.20787333,12.04827500,11.36445600,10.52572000,9.65512286,8.91967250,8.31033778,7.83086200,7.01361667,3.74824450,13.21184826,11.35397586,1.85787240,2.03392922,-0.17605682,47.24736888,56.15828020,60.98087072,42.06339444,52.68076516,20.82865298,12.04827500,17.53579466,6.56075534,62651617.46326300,118531557.03019789
2021-03-05,13.06490000,13.09920000,12.12510000,12.53820000,25992581.66797200,-0.51260000,-3.92772857,7.45585500,13.71850000,13.94823000,13.44528000,12.23798000,11.55178400,10.75262333,9.90394857,9.14243250,8.50832667,8.01578400,7.18107167,3.79538550,13.10821006,11.44169617,1.66651389,1.96044616,-0.29393227,42.89118213,53.57681086,59.25332878,34.00007155,46.45386729,9.09248008,12.23798000,17.50233553,6.97362447,49799160.86517580,86827182.59073760
2021-03-06,12.55070000,13.31000000,11.90000000,13.04210000,38310955.35219200,0.50390000,4.01891819,11.23443314,13.32982000,13.53553000,13.54867333,12.45429500,11.76144800,10.97374333,10.15578000,9.37589000,8.71556000,8.21167600,7.36238000,3.84389250,13.09803928,11.56024462,1.53779467,1.87591586,-0.33812119,48.49315280,55.75775549,60.40395934,35.78325472,42.89699644,21.55577129,12.45429500,17.45837438,7.45021562,41401496.18382080,72862615.24214670
2021-03-07,13.04430000,14.01400000,12.70490000,13.81740000,40433938.28287000,0.77530000,5.94459481,10.03580108,13.30454000,13.53285000,13.80404000,12.70258500,11.95054400,11.21097333,10.42906286,9.62030000,8.95617111,8.41953000,7.56031333,3.89854550,13.20871016,11.72744133,1.48126883,1.79698645,-0.31571762,56.39118066,58.99144366,62.12126675,43.22966071,43.00788453,43.67321308,12.70258500,17.43966238,7.96550762,37704569.68361700,61778415.68856341
2021-03-08,13.81740000,13.90600000,12.99600000,13.60280000,28420084.28337800,-0.21460000,-1.55311419,6.58589894,13.21026000,13.53351000,13.97254000,12.96771500,12.12664000,11.46031667,10.68586286,9.86849500,9.18434000,8.61505000,7.74763500,3.95054050,13.26933937,11.86635680,1.40298257,1.71818568,-0.31520311,53.65823344,57.71759537,61.35271449,46.46184747,44.15920551,51.06713139,12.96771500,17.23788202,8.69754798,34060227.49620480,53283755.69858160
2021-03-09,13.60800000,14.99210000,13.19850000,14.83900000,36980232.03819800,1.23620000,9.08783486,13.18048207,13.56790000,13.69825000,14.00053333,13.29788000,12.35220000,11.73169667,10.96031714,10.14422000,9.43614222,8.83609400,7.94126167,4.01007700,13.51082562,12.08655261,1.42427301,1.65940314,-0.23513014,65.28737749,62.76970477,64.02782786,57.83756278,48.71865793,76.07537246,13.29788000,17.01250581,9.58325419,34027558.32492200,48339587.89409250
2021-03-10,14.85000000,15.21180000,14.05250000,14.20480000,28288700.21966500,-0.63420000,-4.27387290,7.80673401,13.90122000,13.80986000,13.93256000,13.55926500,12.57062800,11.94335667,11.20242286,10.40360750,9.67118667,9.04761600,8.12162667,4.06603800,13.61759091,12.24345984,1.37413107,1.60234873,-0.22821766,56.55095108,58.83531645,61.74006410,61.49170852,52.97634146,78.52244263,13.55926500,16.68233821,10.43619179,34486782.03526060,42142971.45021819
2021-03-11,14.20110000,16.32220000,13.67000000,16.03100000,61653754.14896300,1.82620000,12.85621762,18.67601805,14.49900000,13.91441000,13.85668667,13.78625500,12.86323600,12.21770667,11.47735143,10.69868250,9.94512444,9.29390400,8.33132667,4.12994300,13.98888462,12.52401839,1.46486622,1.57485223,-0.10998600,70.28900339,65.60714595,65.44945666,72.13281977,59.36183423,97.67479086,13.78625500,16.93624670,10.63626330,39155341.79461481,40278418.98921780
2021-03-12,16.05190000,16.50000000,14.08030000,14.55970000,56522592.89325800,-1.47130000,-9.17784293,15.07422797,14.64746000,13.97600000,13.90438667,14.01489500,13.09156000,12.40003000,11.70190000,10.95636250,10.17887333,9.52530000,8.52229500,4.18603900,14.07670237,12.67480963,1.40189273,1.54026033,-0.13836759,53.83290573,57.31960179,60.51690576,67.36173492,62.02846779,78.02826918,14.01489500,16.62052536,11.40926464,42373072.71669240,40038821.20015470
2021-03-13,14.55320000,15.40720000,13.84390000,15.30330000,38570674.50029400,0.74360000,5.10724809,10.74196740,14.98756000,14.09891000,14.01819333,14.22629500,13.37168400,12.60346000,11.96420857,11.22357500,10.43728000,9.76466200,8.71676000,4.24630550,14.26540970,12.86951264,1.39589706,1.51138768,-0.11549061,59.57313139,60.09860768,62.02619073,69.56941748,64.54211769,79.62401707,14.22629500,16.49155623,11.96103377,44403190.76007560,39231709.12814020
2021-03-14,15.29020000,15.37600000,14.33990000,14.46050000,25743993.25241400,-0.84280000,-5.50730888,6.77623576,14.91186000,14.23988000,14.10278667,14.22836500,13.62067600,12.77881000,12.18600571,11.45426000,10.67395778,9.98371400,8.89903167,4.30076600,14.29542359,12.98736356,1.30806003,1.47072215,-0.16266212,50.95607755,55.62073792,59.34331581,64.93395948,64.67273162,65.45641520,14.22836500,16.49444358,11.96228642,42155943.00291879,38091750.66392040
2021-03-15,14.46100000,14.82140000,13.61790000,14.15770000,28644014.16933100,-0.30280000,-2.09398015,8.32238434,14.90244000,14.40183000,14.17405333,14.17503000,13.82790000,12.95926333,12.36608286,11.66492500,10.90347778,10.19431200,9.08012500,4.35430400,14.27423534,13.07405515,1.20018019,1.41661376,-0.21643356,47.96488497,54.04253563,58.39636830,56.04962006,61.79836110,44.55213798,14.17503000,16.39208342,11.95797658,42227005.79285200,38356893.91405630
2021-03-16,14.15860000,14.29330000,13.13890000,13.63920000,34213686.41538300,-0.51850000,-3.66231803,8.15334849,14.42408000,14.46154000,14.08430000,13.99853500,13.91382000,13.12337667,12.53290286,11.84569250,11.11261556,10.39302000,9.25332000,4.40246850,14.17653760,13.11591773,1.06061986,1.34541498,-0.28479511,42.80206223,51.32225860,56.77751762,43.48513483,55.69395235,19.06749981,13.99853500,15.71823184,12.27883816,36738992.24613600,37947167.02037540
2021-03-17,13.63790000,14.26850000,13.03260000,14.20180000,23249828.71225100,0.56260000,4.12487536,9.06224565,14.35250000,14.49998000,14.10150000,14.01641500,14.08241600,13.30171667,12.67895429,12.03322500,11.33371111,10.59623600,9.43293833,4.45371000,14.18042412,13.19635346,0.98407066,1.27314611,-0.28907545,49.83301274,54.05949740,58.09287332,40.23001990,50.53930820,19.61144332,14.01641500,15.73679135,12.29603865,30084439.40993460,36228756.06331350
2021-03-18,14.19870000,14.75000000,13.95700000,14.20400000,22525364.90111300,0.00220000,0.01549099,5.58501835,14.13264000,14.56010000,14.11015333,14.04680500,14.20756400,13.49851000,12.82191429,12.23526250,11.54680444,10.80681600,9.60589167,4.50257550,14.18405118,13.27099395,0.91305723,1.20112834,-0.28807111,49.86193322,54.07051496,58.09807656,38.08109266,46.38656968,21.47013860,14.04680500,15.75737196,12.33623804,26875377.49009841,35639284.12508700
2021-03-19,14.21530000,14.48830000,13.85540000,14.15520000,20715848.13835100,-0.04880000,-0.34356519,4.45224512,14.07158000,14.49172000,14.18378000,14.09498500,14.19700800,13.69582667,12.96349143,12.42170250,11.74507333,11.01372000,9.77869833,4.54963400,14.17961254,13.33649070,0.84312184,1.12952704,-0.28640520,49.10836718,53.75853782,57.93158895,36.17934296,42.98416078,22.56970733,14.09498500,15.75774329,12.43222671,25869748.46728580,34012845.73510230
2021-03-20,14.15880000,14.97930000,14.09000000,14.18940000,20257722.91033700,0.03420000,0.24160732,6.28089951,14.07792000,14.49018000,14.29386000,14.15002000,14.15560800,13.86957000,13.11907143,12.58006250,11.93303556,11.22092200,9.95471000,4.59888250,14.18111830,13.39966917,0.78144913,1.05991146,-0.27846232,49.74707332,53.96162248,58.01956345,35.24028644,40.40286933,24.91512065,14.15002000,15.74397979,12.55606021,24192490.21548700,33209748.00416950
2021-03-21,14.17880000,14.36360000,13.63800000,14.33720000,16710937.90847800,0.14780000,1.04162262,5.11749937,14.21752000,14.32080000,14.38020000,14.11760500,14.04233200,13.96443667,13.27968286,12.74348000,12.10922889,11.42310600,10.13172000,4.64971850,14.20513087,13.46911590,0.73601497,0.99513216,-0.25911719,52.81794145,54.89552612,58.41175929,41.80678407,40.87084091,43.67867039,14.11760500,15.66573507,12.56947493,20691940.51410600,28715466.38012100
2021-03-22,14.33720000,16.59000000,14.16970000,14.79640000,80202279.76482700,0.45920000,3.20285690,16.88125994,14.33644000,14.34447000,14.44546667,14.16023500,14.08042000,14.12475333,13.44953429,12.88614000,12.28913778,11.63398400,10.32849500,4.70617500,14.29609535,13.56743324,0.72866211,0.94183815,-0.21317604,61.57276888,57.79714204,59.63434384,44.39824097,42.04664093,49.10144105,14.16023500,15.73494066,12.58552934,32082430.72462120,31083435.06727790
2021-03-23,14.79620000,15.22700000,14.01460000,14.15520000,29200863.47012800,-0.64120000,-4.33348652,8.19399576,14.32668000,14.22966000,14.48229333,14.16428500,14.10278000,14.22741667,13.61682000,13.01001000,12.46764222,11.82479200,10.50882833,4.75930050,14.27441914,13.61097152,0.66344762,0.88616004,-0.22271242,46.96925784,52.63883955,57.18491475,40.11774562,41.40367583,37.54588522,14.16428500,15.73847554,12.59009446,33417530.43842419,30146453.96426130
2021-03-24,14.14330000,15.37190000,13.58420000,13.59730000,33720016.22975100,-0.55790000,-3.94130779,12.63990724,14.21510000,14.14334000,14.39951333,14.19161000,14.11900800,14.20002333,13.77000857,13.11994250,12.62096889,11.99207600,10.67698500,4.81426100,14.17024697,13.60995882,0.56028815,0.82098567,-0.26069751,37.64662224,48.52788030,55.12904705,32.03648138,38.28127768,19.54688878,14.19161000,15.70210315,12.68111685,36018364.05670420,30944056.26199500
2021-03-25,13.58440000,13.73290000,12.47000000,12.97870000,30105541.65581700,-0.61860000,-4.54943261,9.29669327,13.97296000,14.02544000,14.31777333,14.21363500,14.11460800,14.12516667,13.88434000,13.22580750,12.73482889,12.13702800,10.83283333,4.86368400,13.98693205,13.56319890,0.42373315,0.74153516,-0.31780202,29.78148706,44.33929148,52.92748026,25.47335005,34.01196847,8.39611320,14.21363500,15.63269580,12.79457420,37987927.80580020,31090209.01064359
2021-03-26,12.97890000,14.79210000,12.30430000,14.76640000,40946344.19971100,1.78770000,13.77410681,19.16803427,14.05880000,14.13816000,14.23346667,14.29985000,14.10584400,14.04507667,13.97791714,13.37707250,12.88962667,12.30418600,11.01721000,4.92289750,14.10685020,13.65232491,0.45452528,0.68413319,-0.22960790,59.28211880,56.24547703,57.98693667,36.13196386,34.71863360,38.95862439,14.29985000,15.62567675,12.97402325,42835009.06404680,31763474.78907640
2021-03-27,14.77510000,16.80000000,14.71730000,16.45890000,63898875.32758500,1.69250000,11.46183227,14.09601289,14.39130000,14.36387000,14.36008000,14.43192500,14.20644800,14.13223333,14.16283143,13.56725500,13.05338000,12.49935400,11.22417500,4.99285200,14.46870401,13.86021937,0.60848464,0.66900348,-0.06051883,72.43770795,64.16283320,62.01977984,54.89222590,41.44316436,81.79034896,14.43192500,16.04955755,12.81429245,39574328.17659840,35828379.45060980
2021-03-28,16.45160000,19.38000000,16.30490000,18.06450000,131121238.87181300,1.60560000,9.75520843,18.69179897,15.17316000,14.74992000,14.54416000,14.65501000,14.36606000,14.28117667,14.36252286,13.81136250,13.25036000,12.73819400,11.46400000,5.06517400,15.02190339,14.17164757,0.85025583,0.70525395,0.14500188,79.84922127,69.81533635,65.31552898,63.73088390,48.87240421,93.44784327,14.65501000,16.90011256,12.40990744,59958403.25693540,46687966.84767980
2021-03-29,18.06450000,19.00000000,17.64390000,18.95040000,56347906.97291300,0.88590000,4.90409366,7.50698885,16.24378000,15.22944000,14.84348667,14.86058000,14.60204400,14.47313667,14.49198857,14.07923000,13.46703556,12.98325000,11.71634000,5.14254550,15.62628749,14.52562924,1.10065825,0.78433481,0.31632344,82.89467188,72.43255257,66.96593007,73.79676123,57.18052322,107.02923726,14.86058000,17.81688098,11.90427902,64483981.40556780,50251172.73113600
2021-03-30,18.95040000,20.87000000,18.91050000,19.06850000,75587274.76044901,0.11810000,0.62320584,10.34015113,17.46174000,15.71735000,15.17087333,15.10376500,14.86325600,14.67246333,14.60182000,14.33151500,13.69646667,13.20752000,11.97032667,5.22090550,16.15585864,14.86213819,1.29372046,0.88621194,0.40750852,83.29846830,72.77584281,67.18315012,75.52065546,63.29390063,99.97416511,15.10376500,18.58627507,11.62125493,73580328.02649419,55784127.91614721
2021-03-31,19.06450000,19.81540000,18.00000000,19.38610000,53121280.86558500,0.31760000,1.66557411,9.52241076,18.38568000,16.22224000,15.55400000,15.27152000,15.11701600,14.81915000,14.66516286,14.52888750,13.93358444,13.43923200,12.22296167,5.30117800,16.65281885,15.19724648,1.45557238,1.00008403,0.45548835,84.48073145,73.73536588,67.77772699,77.90585540,68.16455222,97.38846177,15.27152000,19.23246636,11.31057364,76015315.35966900,59425162.21185790
2021-04-01,19.38180000,20.35830000,18.74330000,19.04430000,43548214.19719900,-0.34180000,-1.76311894,8.33255941,18.90276000,16.64703000,15.87683333,15.49575000,15.32609200,14.98916667,14.81373714,14.75532250,14.16008889,13.63831800,12.46949167,5.38009800,17.02073903,15.48221341,1.53852562,1.10777234,0.43075328,77.40457702,70.80549770,66.42619764,78.16587752,71.49832732,91.50097792,15.49575000,19.78146202,11.21003798,71945183.13359180,55759755.65509510
2021-04-02,19.04430000,19.80030000,18.34500000,19.75010000,33917396.91124800,0.70580000,3.70609579,7.64165656,19.23988000,17.20652000,16.24657333,15.71809000,15.57198400,15.17836333,14.98956286,14.97219250,14.41453111,13.84931200,12.72174667,5.46252800,17.44064072,15.79835316,1.64228756,1.21467539,0.42761217,81.28826653,73.20400116,67.80932315,81.08583903,74.69416456,93.86918798,15.71809000,20.40443211,11.03174789,52504414.74147880,56231408.99920710
2021-04-03,19.75130000,23.84760000,19.72280000,22.50000000,137391230.21778500,2.74990000,13.92347381,20.88368867,19.94980000,18.09679000,16.80289333,16.12006500,15.87842400,15.49333667,15.25551714,15.17421500,14.73151556,14.11531200,13.00952833,5.56038050,18.21900368,16.29477145,1.92423223,1.35658676,0.56764548,89.62534812,80.13921067,72.42736611,83.49912450,77.62915120,95.23907108,16.12006500,21.65463870,10.58549130,68713079.39045319,66598530.39801049
2021-04-04,22.46720000,25.53090000,21.98670000,23.77550000,126161802.44090401,1.27550000,5.66888889,15.77499644,20.89120000,19.17647000,17.44196667,16.60095500,16.26125200,15.86791333,15.56085429,15.38799250,15.06036889,14.41594000,13.31026833,5.66659450,19.07384927,16.84889950,2.22494977,1.53025936,0.69469041,91.68695163,82.43901379,74.21755528,83.58832906,79.61554382,91.53389953,16.60095500,23.01851903,10.18339097,78827984.92654420,76204156.47651920
2021-04-05,23.77550000,24.78000000,22.76640000,22.97170000,66850404.14691900,-0.80380000,-3.38079115,8.46922252,21.60832000,19.99700000,18.01760000,17.06758000,16.53888000,16.19890000,15.78903143,15.53305750,15.31549111,14.70105800,13.58632167,5.76703850,19.67351861,17.30244028,2.37107833,1.69842315,0.67265518,79.70887526,76.36021981,71.17862183,79.81255321,79.68121362,80.07523240,17.06758000,23.92076182,10.21439818,81573809.58281100,78794562.47124000
2021-04-06,22.98760000,25.30000000,21.75540000,25.05480000,78333293.27889200,2.08310000,9.06811424,15.41961753,22.81042000,20.85659000,18.70149333,17.61023000,16.95868400,16.57348000,16.10648857,15.81332250,15.65033333,15.02512200,13.89222667,5.87674050,20.50140806,17.87668916,2.62471890,1.88368230,0.74103660,85.57103921,80.43819237,74.05182827,84.52953021,81.29731915,90.99395234,17.61023000,25.18835069,10.03210931,88530825.39914960,80238004.26637070
2021-04-07,25.05480000,27.52030000,22.90780000,26.53850000,201814363.68980101,1.48370000,5.92181937,18.40964606,24.16810000,21.70399000,19.52704667,18.22695500,17.40809200,17.00467000,16.46261143,16.13688000,15.99396000,15.38988800,14.23249333,5.99427800,21.43019143,18.51830478,2.91188665,2.08932317,0.82256348,88.42838626,82.75029485,75.84176113,86.24878673,82.94780834,92.85074351,18.22695500,26.60345340,9.85045660,122110218.75486021,87307316.74816950
2021-04-08,26.53700000,27.99510000,25.64310000,26.93840000,112559503.06500800,0.39990000,1.50686738,8.86309681,25.05578000,22.50279000,20.41645333,18.86611500,17.90720800,17.40798333,16.85940000,16.48055000,16.27216667,15.76394200,14.56984000,6.11465600,22.27760814,19.14201554,3.13559259,2.29857706,0.83701554,89.12492722,83.32963944,76.30152941,87.30846436,84.40136035,93.12267239,18.86611500,27.86233375,9.86989625,117143873.32430479,92928476.35737900
2021-04-09,26.92610000,29.00000000,26.70970000,27.61720000,85351831.60986900,0.67880000,2.51982300,8.50587348,25.82412000,23.35766000,21.39235333,19.53750500,18.44558800,17.85506333,17.29022857,16.84376250,16.54756222,16.13674400,14.89921000,6.23890600,23.09908381,19.76980699,3.32927682,2.50471701,0.82455981,90.31268488,84.30569885,77.07433373,87.21299470,85.33857180,90.96184050,19.53750500,29.05337878,10.02163122,108981879.15809782,93904932.04232100
2021-04-10,27.61940000,28.29480000,25.90170000,26.80210000,73911290.60702901,-0.81510000,-2.95142158,8.66456187,26.59020000,24.09926000,22.19473333,20.16075000,18.97210400,18.21410000,17.68337143,17.13917750,16.76162889,16.44296200,15.21590333,6.35837550,23.66877861,20.29071759,3.37806102,2.67938581,0.69867521,78.03209473,78.30016579,74.04868145,84.59937172,85.09217177,83.61377162,20.16075000,29.87328978,10.44821022,110394056.45011981,95983933.01646540
2021-04-11,26.79930000,28.64900000,25.51310000,27.85170000,67836753.32839900,1.04960000,3.91611105,11.70142504,27.14958000,24.98000000,22.95425333,20.81351500,19.51810000,18.65716667,18.08435143,17.48687500,17.07290667,16.80025800,15.52859833,6.48336000,24.31230497,20.85079036,3.46151461,2.83581157,0.62570304,81.84648690,80.27410113,75.34897257,85.60702880,85.26379078,86.29350483,20.81351500,30.76006908,10.86696092,108294748.46002121,98412786.92958541
2021-04-12,27.85980000,29.92950000,26.80490000,28.54240000,80542411.86850999,0.69070000,2.47992044,11.21544304,27.55036000,25.85923000,23.65278000,21.53287500,20.09163600,19.09847000,18.51119714,17.84858000,17.40504444,17.14960000,15.85096500,6.61035550,24.96308882,21.42053923,3.54254960,2.97715918,0.56539042,84.03545805,81.48329100,76.16889796,84.74820177,85.09192778,84.06074975,21.53287500,31.53276062,11.53298938,84040358.09576300,103075288.42531160
2021-04-13,28.52660000,28.81620000,26.26160000,27.45070000,62367159.93630100,-1.09170000,-3.82483603,8.95515063,27.65282000,26.35430000,24.21946667,22.22554500,20.62345600,19.53147667,18.87153143,18.20857750,17.72191333,17.41023200,16.15514333,6.73164050,25.34579824,21.86721781,3.47858043,3.07744343,0.40113700,68.39355373,73.69409220,72.20775591,79.72378415,83.30254657,72.56625932,22.22554500,31.82204219,12.62904781,74001889.47002161,95572881.39716320
2021-04-14,27.45710000,27.56130000,24.70000000,26.40670000,94840132.11880501,-1.04400000,-3.80318170,10.42098401,27.41072000,26.61742000,24.70868000,22.89694500,21.11214800,19.93977667,19.22015714,18.55529000,18.01786889,17.63387800,16.44952000,6.84803050,25.50901389,22.20347575,3.30553814,3.12306237,0.18247577,56.35583077,67.01129913,68.64541971,72.11682298,79.57397204,57.20252485,22.89694500,31.60753090,14.18635910,75899549.57180880,92440714.36495331
2021-04-15,26.41820000,28.20000000,25.44790000,27.78160000,57745447.74117200,1.37490000,5.20663317,10.41743949,27.60662000,27.09841000,25.26838000,23.54770500,21.64992400,20.41119000,19.55588857,18.92377750,18.30222667,17.84612800,16.76728333,6.97114950,25.85864252,22.61667014,3.24197239,3.14684437,0.09512801,65.85367432,70.81374381,70.63617424,71.21472919,76.78755775,60.06907205,23.54770500,31.62219085,15.47321915,72666380.99863741,91530218.72437860
2021-04-16,27.79460000,28.25710000,24.85470000,25.29960000,70603854.38930000,-2.48200000,-8.93397069,12.24122671,27.09620000,27.12289000,25.68540000,23.98974000,22.07005200,20.78111667,19.86274286,19.21083250,18.55457778,18.07523600,17.04141667,7.08284800,25.77263598,22.81540569,2.95723030,3.10892156,-0.15169126,44.75509625,57.71313241,63.09055107,51.29839389,68.29116980,17.31284207,23.98974000,31.36819168,16.61128832,73219801.21081761,90757274.83541939
2021-04-17,25.29260000,26.79140000,24.81810000,24.85000000,63171961.76201300,-0.44960000,-1.77710320,7.80188672,26.35772000,26.95404000,26.02539333,24.32901500,22.49784400,21.13598333,20.13550571,19.49201250,18.79404000,18.30031200,17.31724667,7.19234550,25.63069198,22.96611638,2.66457561,3.02005237,-0.35547676,41.84114359,55.67764712,61.84185039,35.15504361,57.24579440,-9.02645797,24.32901500,31.16432251,17.49370749,69745711.18951820,76893034.64264061
2021-04-18,24.85170000,32.99000000,21.10000000,32.33580000,322873223.28796798,7.48580000,30.12394366,47.84380948,27.33474000,27.49378000,26.68111333,24.99828500,23.24738400,21.74200333,20.64622857,19.92943250,19.22259556,18.68319600,17.71891500,7.33954100,26.66224706,23.66016702,3.00208005,3.01645790,-0.01437786,74.72307768,72.98422574,71.60569059,54.93599487,56.47586123,51.85626216,24.99828500,32.22611785,17.77045215,121846923.85985160,97924406.66493659
2021-04-19,32.33240000,36.09500000,29.80660000,31.47110000,395020951.61317599,-0.86470000,-2.67412589,19.44922121,28.34762000,27.87917000,27.19415333,25.61841500,23.98708000,22.31806000,21.14089714,20.36109000,19.64332667,19.05084400,18.09381500,7.48256200,27.40207059,24.23875465,3.16331594,3.04582951,0.11748643,69.29261385,69.56149211,69.46329636,59.67857033,57.54343093,63.94884913,25.61841500,32.83230812,18.40452188,181883087.75872579,128891318.66526730
2021-04-20,31.53030000,32.80000000,28.81000000,31.70280000,216033040.83612901,0.23170000,0.73623102,12.65449425,29.13186000,28.36924000,27.77622667,26.23425000,24.66453600,22.89691333,21.65700000,20.75288500,20.05800889,19.38519000,18.43067500,7.62796000,28.06372127,24.79164690,3.27207437,3.09107848,0.18099589,69.99380263,69.97311874,69.71663415,63.35534787,59.48073658,71.10457047,26.23425000,33.30954641,19.15895359,213540606.37771720,143103493.68817729
2021-04-21,31.69390000,35.18010000,30.11010000,32.55340000,215427917.00432700,0.85060000,2.68304377,15.99676909,30.58262000,28.83941000,28.27613333,26.90970500,25.30831600,23.48881333,22.18133143,21.20272750,20.47436444,19.75738200,18.80678333,7.77800750,28.75444108,25.36659157,3.38784950,3.15043269,0.23741681,72.73636467,71.51578594,70.64941023,67.69738541,62.21961952,78.65291719,26.90970500,33.66708893,20.15232107,242505418.90072259,157862610.05577010
2021-04-22,32.59650000,41.15870000,31.45860000,38.90000000,522706696.08916003,6.34660000,19.49596663,29.75810286,33.39262000,29.87517000,29.10023333,27.86720000,26.14173600,24.31364000,22.88693143,21.79264500,21.03652444,20.25389800,19.27052833,7.95990650,30.31529629,26.36906628,3.94623002,3.30959215,0.63663786,85.00644043,79.91499340,76.32659622,74.71144008,66.38355971,91.36720083,27.86720000,35.69517850,20.03922150,334412365.76615202,202079038.47783512
2021-04-23,38.87180000,41.74000000,31.49360000,37.38930000,523364025.24230897,-1.51070000,-3.88354756,26.35946882,34.40332000,30.86903000,29.79696000,28.61166500,26.87929200,25.10670667,23.55076286,22.36586500,21.53764222,20.74066800,19.65336500,8.13359200,31.40360456,27.18537989,4.21822467,3.49131866,0.72690601,75.32340004,74.23110362,72.82768208,76.11463577,69.62725173,89.08940384,28.61166500,37.09503468,20.12829532,374510526.15702021,248178725.00843590
2021-04-24,37.30180000,43.63970000,34.58610000,40.84010000,378538393.89907402,3.45080000,9.22937846,24.27121479,36.27712000,32.31237000,30.67848667,29.46489500,27.75015600,26.03542000,24.31221143,23.03292500,22.12953778,21.30670600,20.08029333,8.32692250,32.85537309,28.19684064,4.65853245,3.72476142,0.93377103,81.19499585,78.11064558,75.50422127,79.93617353,73.06355899,93.68140260,29.46489500,39.23522622,19.69456378,371214014.61419976,276548551.18646282
2021-04-25,40.85250000,48.64400000,40.57200000,47.40500000,530145484.40949601,6.56490000,16.07464232,19.75888868,39.41756000,34.27471000,32.05201333,30.68656000,28.87091200,27.12337333,25.25700571,23.87707000,22.82673778,21.99396400,20.58422500,8.55244500,35.09377723,29.61966726,5.47410997,4.07463113,1.39947884,87.81428567,83.32177034,79.51072260,85.12469658,77.08393819,101.20621335,30.68656000,42.85440802,18.51871198,434036503.32887328,323788554.85329521
2021-04-26,47.39500000,48.49900000,43.26700000,43.87800000,510656400.88873798,-3.52700000,-7.44014344,11.03913915,41.68248000,36.13255000,33.12043333,31.62772000,29.86426000,28.03734333,26.08790857,24.61897500,23.47825556,22.59517600,21.08478833,8.76001600,36.44519612,30.67584006,5.76935606,4.41357611,1.35577994,71.57222672,73.11948333,72.83251242,84.31538974,79.49442204,93.95732514,31.62772000,44.82939630,18.42604370,493082200.10575545,367793809.50323904
2021-04-27,43.88400000,46.60600000,42.50000000,43.14700000,315533192.40120500,-0.73100000,-1.66598295,9.35648528,42.53188000,37.96225000,34.09407333,32.45814500,30.80013600,28.87342667,26.91624571,25.34255000,24.09700444,23.18606000,21.57730167,8.96309400,37.47624287,31.59962969,5.87661318,4.70618353,1.17042966,68.42461305,71.14972585,71.53313015,80.30524823,79.76469744,81.38634982,32.45814500,46.38163337,18.53465663,451647499.36816442,393029932.56715822
2021-04-28,43.14700000,46.96200000,40.51600000,44.83300000,347808465.69507003,1.68600000,3.90757179,14.93962500,44.02062000,39.21197000,35.25289333,33.35287500,31.69345600,29.73618000,27.80869429,26.10949500,24.77194889,23.78594000,22.10465833,9.17525950,38.60805166,32.57987934,6.02817232,4.97058128,1.05759103,71.85089377,72.98109598,72.70510081,80.46533876,79.99824454,81.39952719,33.35287500,48.06062717,18.64512283,416536387.45871657,395523456.80786836
2021-04-29,44.83100000,46.23300000,40.90600000,42.48400000,251627153.96854299,-2.34900000,-5.23944416,11.88240280,44.34940000,40.31326000,36.32471333,34.09621500,32.44179600,30.51669667,28.65170286,26.81686000,25.40142222,24.35152400,22.59458000,9.37556600,39.20435140,33.31351791,5.89083349,5.15463173,0.73620177,60.81749140,66.55940207,68.59923148,75.89809455,78.63152788,70.43122790,34.09621500,49.08349918,19.10893082,391154139.47261041,381184077.04340512
2021-04-30,42.45200000,44.31300000,41.21000000,42.78600000,141789174.44804901,0.30200000,0.71085585,7.30943183,43.42560000,41.42158000,37.32500667,34.89541000,33.23436800,31.29669333,29.45226286,27.52808000,26.04912889,24.88662400,23.05792167,9.57657800,39.75537426,34.01518325,5.74019101,5.27174358,0.46844743,61.72427953,66.96706282,68.83533908,72.56970507,76.61092028,64.48727465,34.89541000,49.94950726,19.84131274,313482877.48032105,373759690.40459716
2021-05-01,42.78600000,49.88000000,42.00100000,49.67000000,267045680.13697100,6.88400000,16.08937503,18.41490207,44.58400000,43.13324000,38.94970000,35.98632500,34.21897600,32.31755000,30.40115143,28.39992000,26.83731111,25.58883000,23.65335833,9.81289700,41.28070130,35.17479931,6.10590199,5.43857526,0.66732673,76.56162594,74.65133088,73.56348833,81.33242053,78.18475369,87.62775420,35.98632500,52.02145426,19.95119574,264760733.32996759,378921466.71786153
2021-05-02,49.64600000,49.99000000,45.90400000,46.89700000,179774455.90023401,-2.77300000,-5.58284679,8.23027031,45.33400000,43.93294000,40.41950000,36.90405500,35.03331600,33.22244667,31.22493714,29.21846500,27.56382222,26.22070400,24.20040500,10.03582850,42.14474725,36.04311047,6.10163678,5.57118757,0.53044921,64.47946676,67.72791254,69.15351995,80.86183683,79.07711474,84.43128102,36.90405500,53.24342787,20.56468213,237608986.02977341,344628242.69896889
2021-05-03,46.92600000,49.00000000,44.77400000,45.91200000,174276397.09459499,-0.98500000,-2.10034757,9.00566850,45.54980000,44.78521000,41.32458000,37.82712000,35.79226000,34.00284667,31.99526857,30.02633250,28.26952889,26.84973400,24.74809167,10.25404750,42.72432460,36.77413933,5.95018527,5.64698711,0.30319816,60.41550667,65.37832447,67.65033345,72.89318430,77.01580460,64.64794372,37.82712000,54.00291689,21.65132311,202902572.30967841,309719479.88419747
2021-05-04,45.93500000,47.81000000,42.26000000,42.63600000,188277042.52530700,-3.27600000,-7.13538944,12.08229019,45.58020000,44.96480000,42.06890667,38.63858500,36.39301200,34.63153000,32.66862571,30.76776500,28.90167556,27.41930000,25.24972167,10.45652850,42.71073620,37.20835123,5.50238497,5.61806668,-0.11568171,48.27271305,58.06918885,62.90491793,56.05446683,70.02869201,28.10601647,38.63858500,54.01045096,23.26671904,190232550.02103120,290693344.74682081
2021-05-05,42.63600000,46.00000000,42.30500000,44.98000000,123635464.32998800,2.34400000,5.49770147,8.66638521,46.01900000,44.72230000,42.95405333,39.49850500,37.12012800,35.36514000,33.39988000,31.52310500,29.58262667,28.04611600,25.78202000,10.67040200,43.05985371,37.78402892,5.27582479,5.54961830,-0.27379351,55.88554242,61.43455881,64.75098877,53.07578768,64.37772390,30.47191525,39.49850500,54.22369232,24.77331768,186601807.99741900,250042342.73886999
2021-05-06,44.96500000,44.98000000,42.55000000,43.49600000,102163369.96318200,-1.48400000,-3.29924411,5.40420327,44.78420000,44.68410000,43.68356000,40.40832500,37.74590000,35.97984667,34.09850000,32.19903250,30.22039556,28.63200000,26.27666333,10.87680700,43.12695314,38.20713789,4.91981525,5.42365769,-0.50384244,50.26533300,58.20794723,62.68993397,45.86869414,58.20804731,21.18998781,40.40832500,53.60931010,27.20733990,153625345.96266121,209193039.64631441
2021-05-07,43.49600000,46.24300000,41.42000000,43.18200000,141988293.01893601,-0.31400000,-0.72190546,11.08837594,44.04120000,44.68760000,43.96902667,41.32492500,38.33148400,36.53463000,34.76798286,32.82697000,30.86543556,29.21156000,26.76965000,11.08242100,43.13542188,38.57564619,4.55977569,5.25088129,-0.69110560,49.01378288,57.51073155,62.25243341,38.93081004,51.78230156,13.22782701,41.32492500,52.34253981,30.30731019,146068113.38640159,191838549.70808750
2021-05-08,43.15400000,46.65000000,42.27500000,45.61200000,112805791.97197700,2.43000000,5.62734473,10.13811002,43.98120000,44.76550000,44.51720667,41.98873500,39.05793600,37.15708333,35.42832571,33.49351000,31.57687333,29.84069600,27.28253333,11.30105600,43.51643390,39.09685758,4.41957632,5.08462030,-0.66504398,58.58908308,61.41278719,64.26624788,42.66609811,48.74356708,30.51116019,41.98873500,52.30330304,31.67416696,133773992.36187801,168338282.33577818
2021-05-09,45.63200000,47.15000000,42.60000000,44.33000000,138870748.08067399,-1.28200000,-2.81066386,9.97107293,44.32000000,44.95010000,44.74986667,42.63168000,39.77486800,37.71417667,36.01559714,34.12504750,32.27356889,30.44350800,27.78462000,11.51326250,43.64159792,39.48449776,4.15710015,4.89911627,-0.74201612,52.36335600,58.32977786,62.43263636,39.76261850,45.74991755,27.78802040,42.63168000,51.71546893,33.54789107,123892733.47295141,157062641.74699131
2021-05-10,44.33000000,45.89000000,39.00000000,42.85400000,124756005.35122100,-1.47600000,-3.32957365,15.54252199,43.89480000,44.95690000,44.44646667,43.18924000,40.37776400,38.24924000,36.58366286,34.71174500,32.89773778,31.01384400,28.23167000,11.71774150,43.52042901,39.73409052,3.78633848,4.67656071,-0.89022223,45.66004606,54.87007743,60.36353950,38.19782695,43.23255402,28.12837282,43.18924000,50.67731960,35.70116040,124116841.67719801,155359324.83730847
2021-05-11,42.86800000,45.18000000,39.70000000,44.53800000,115628588.75262000,1.68400000,3.92962151,12.78342820,44.10320000,44.44370000,44.49046667,43.78847000,41.14730000,38.80545000,37.14032571,35.34908750,33.52171778,31.60867600,28.73130833,11.93063650,43.67697839,40.08993567,3.58704272,4.45865711,-0.87161439,53.76371571,57.97266678,61.86805691,43.92521797,43.46344200,44.84876990,43.78847000,49.36766775,38.20927225,126809885.43508561,140217615.69887340
2021-05-12,44.57900000,49.24300000,42.18000000,43.70900000,348904390.32609397,-0.82900000,-1.86133190,15.84378295,44.20860000,44.12490000,44.52793333,44.02892000,41.90166000,39.31100333,37.63091143,35.94806000,34.09159556,32.19975200,29.20473667,12.13961050,43.68190479,40.35801451,3.32389028,4.23170375,-0.90781346,49.41082045,55.90852856,60.68480247,44.60776515,43.84488305,46.13352935,44.02892000,49.11363866,38.94420134,168193104.89651719,157130609.14145941
2021-05-13,43.39400000,45.50100000,37.43000000,41.04900000,299309995.22270697,-2.66000000,-6.08570317,18.59934553,43.29600000,43.63860000,44.27566667,44.21190500,42.25018800,39.76428000,38.03407143,36.41178500,34.58267556,32.74878600,29.64787833,12.33589250,43.27684252,40.40919862,2.86764390,3.95889178,-1.09124788,37.66805288,49.71271112,57.03267504,39.95042353,42.54672988,34.75781083,44.21190500,48.48997459,39.93383541,205493945.54666319,169633968.95427060
2021-05-14,41.05100000,44.89700000,39.90100000,42.70000000,144598209.93171999,1.65100000,4.02202246,12.17022728,42.97000000,43.64500000,44.29006667,44.30490000,42.69934400,40.30739000,38.46500857,36.88489750,35.10782000,33.34321200,30.12358333,12.54099300,43.18809751,40.57888761,2.60920990,3.68895540,-1.07974550,47.04207626,53.22272975,58.64460796,41.50423845,42.19923273,40.11424987,44.30490000,48.34881040,40.26098960,206639437.91687241,165266085.69491190
2021-05-15,42.69700000,45.50000000,39.30500000,43.48600000,140531821.07939601,0.78600000,1.84074941,14.50921610,43.09640000,43.49560000,44.33673333,44.10895000,43.17067200,40.83087000,38.94169143,37.39775500,35.64337333,33.91760400,30.62103000,12.74986800,43.23392867,40.79422927,2.43969940,3.43910420,-0.99940481,51.23200785,54.85911408,59.40123242,44.75801060,43.05215869,48.16971441,44.10895000,47.89173101,40.32616899,209794601.06250739,166955721.36985269
2021-05-16,43.46200000,52.60000000,41.60200000,46.85000000,619838806.09199691,3.36400000,7.73582302,25.30486402,43.55880000,43.83100000,44.14873333,44.25755000,43.74253600,41.54921667,39.48450000,37.94263500,36.26127778,34.52542600,31.16516667,12.97652800,43.79024733,41.24280488,2.54744245,3.26077185,-0.71332940,65.32278349,61.19691627,62.46790812,50.53742126,45.54724621,60.51777135,44.25755000,48.23083396,40.28426604,310636644.53038275,218723264.98273420
2021-05-17,46.85000000,51.98500000,43.01000000,46.70800000,670057766.31760395,-0.14200000,-0.30309498,19.15688367,44.15860000,44.18360000,44.13613333,44.43560000,44.05485600,42.27781667,40.00351714,38.44687250,36.86034222,35.09829600,31.70690000,13.20290450,44.23913236,41.64763415,2.59149821,3.12691712,-0.53541891,64.38052910,60.80380070,62.26075801,54.07834236,48.39094493,65.45313723,44.43560000,48.51702206,40.35417794,374867319.72868478,271530212.31260097
2021-05-18,46.74700000,58.38000000,46.05100000,55.97700000,665410806.08947206,9.26900000,19.84456624,26.37388496,47.14420000,45.22010000,44.80713333,44.99280000,44.79836400,43.06585667,40.81855429,39.17283750,37.60427556,35.83882800,32.40393000,13.47559900,46.04495815,42.70906866,3.33588949,3.16871160,0.16717790,83.27623922,73.10593099,69.21428824,65.56217255,54.11468747,88.45714272,44.99280000,51.57766429,38.40793571,448087481.90203780,326790713.72435051
2021-05-19,55.96900000,57.69100000,26.50000000,34.98800000,985527942.93542719,-20.98900000,-37.49575719,55.72906430,45.60180000,44.28590000,44.29726667,44.61800000,44.56428000,43.18308667,41.06373429,39.35710750,37.85344222,36.15721800,32.75057333,13.64279050,44.34388766,42.13713764,2.20675002,2.97631928,-0.76956926,34.10858132,41.17890005,48.22065685,52.58306276,53.60414590,50.54089647,44.61800000,52.52475293,36.71124707,616273428.50277925,411456433.20982581
2021-05-20,34.98700000,53.00000000,32.00000000,44.42000000,772138094.48020613,9.43200000,26.95781411,60.02229399,45.78860000,44.44250000,44.25993333,44.69970000,44.44488000,43.60699333,41.53911714,39.79755500,38.33007111,36.65789600,33.25195333,13.85685050,44.35559725,42.30623856,2.04935870,2.79092717,-0.74156847,50.02108540,51.55148492,54.66814759,53.79230533,53.66686571,54.04318456,44.69970000,52.56038172,36.83901828,742594683.18294120,476194642.12272435
2021-05-21,44.36700000,47.70000000,33.67300000,38.92500000,555354956.60949194,-5.49500000,-12.37055380,31.61584060,44.20360000,43.88120000,43.95520000,44.16245000,44.24676000,43.81938000,41.92841429,40.07438750,38.63829778,37.05551000,33.65409667,14.04410650,43.52012075,42.05577644,1.46434431,2.52561059,-1.06126628,42.79578629,46.35614860,50.82111645,48.85296307,52.06223149,42.43442621,44.16245000,52.06147769,36.26342231,729697913.28644025,520167278.90841150
2021-05-22,38.92500000,40.00000000,31.13400000,31.22200000,359703861.22040802,-7.70300000,-19.78933847,22.77713552,41.10640000,42.63250000,43.15786667,43.37870000,43.76976000,43.56344667,42.11047143,40.14137750,38.74237556,37.28494800,33.93854333,14.19315750,41.62810218,41.25327448,0.37482769,2.09545401,-1.72062632,34.42990045,40.16586712,46.07803185,37.50590679,47.21012326,18.09747384,43.37870000,53.04760550,33.70979450,667627132.26700103,521247225.99784297
2021-05-23,31.22200000,32.40000000,19.11700000,24.53600000,632115869.63885105,-6.68600000,-21.41438729,42.54371917,34.81820000,40.98120000,41.75280000,42.30990000,42.95788000,43.13500333,41.88762000,40.06851000,38.68898889,37.32566800,34.12085500,14.30888150,38.99854800,40.01495786,-1.01640986,1.47308124,-2.48949110,28.60553387,35.65722626,42.48666940,29.60453723,41.34159458,6.13042254,42.30990000,55.04071467,29.57908533,660968144.97687685,554527813.43945730
2021-05-24,24.53000000,32.19000000,24.49600000,31.41600000,443929987.51404601,6.88000000,28.04043039,31.36567468,34.10380000,39.85280000,40.89186667,41.74890000,42.51516000,42.82086667,41.88604571,40.19374250,38.77340667,37.47847800,34.42814333,14.45895800,37.83200215,39.37799801,-1.54599586,0.86926582,-2.41526168,40.94209895,42.85763769,46.92821838,30.17791042,37.62036653,15.29299821,41.74890000,55.37647341,28.12132659,552648553.89260066,584460991.19768989
2021-05-25,31.42000000,33.19500000,25.91500000,29.97300000,298415170.73174101,-1.44300000,-4.59320092,23.16995544,31.21440000,38.50150000,40.03313333,40.99855000,42.00264000,42.23980000,41.83662286,40.24852750,38.84387111,37.61850400,34.68158667,14.59932300,36.62292490,38.68133149,-2.05840660,0.28373134,-2.34213793,39.23573889,41.78766645,46.14824033,29.33508727,34.85860678,18.28804825,40.99855000,55.50152543,26.49557457,457903969.14290762,600249326.16292441
2021-05-26,29.98500000,37.25000000,28.85800000,35.43000000,358243359.56640100,5.45700000,18.20638575,27.98732700,30.51540000,37.35950000,39.42593333,40.59525000,41.43304000,41.95820000,41.91881143,40.50178750,39.01227778,37.82600800,34.99777167,14.76636550,36.43939799,38.44049212,-2.00109414,-0.17323376,-1.82786038,48.90040587,47.22343756,49.46283350,33.40606561,34.37442639,31.46934407,40.59525000,55.25357533,25.93692467,418481649.73428947,574089781.51036489
2021-05-27,35.42700000,35.59400000,30.97600000,33.74700000,191965509.91352600,-1.68300000,-4.75021169,13.03525560,31.02040000,36.06340000,38.76180000,40.12350000,40.90704000,41.64486667,41.77158286,40.72421250,39.12793556,37.97017800,35.25914667,14.92432150,36.02518291,38.09282604,-2.06764313,-0.55211563,-1.51552749,46.18194965,45.78500938,48.50209673,34.91307746,34.55397675,35.63127889,40.12350000,55.03638509,25.21061491,384933979.47291297,526280555.86995709
2021-05-28,33.76100000,34.55100000,28.00000000,28.98900000,194317729.83018401,-4.75800000,-14.09903102,19.40404609,31.91100000,33.36460000,37.95780000,39.29235000,40.23012000,41.11673333,41.53157429,40.64054250,39.16212000,38.01119000,35.42645667,15.05911700,34.94269323,37.41846856,-2.47577532,-0.93684757,-1.53892775,38.85421708,41.85323573,45.87357405,32.98723654,34.03173001,30.89824960,39.29235000,54.75986723,23.82483277,297374351.51117957,479171248.24402821
2021-05-29,28.99300000,30.06600000,25.70000000,27.38800000,109362582.78609000,-1.60100000,-5.52278450,15.05880730,31.10540000,32.60460000,36.93700000,38.44525000,39.62020000,40.61353333,41.14722857,40.53846500,39.18392667,38.00660600,35.56511500,15.18472650,33.78043274,36.67547089,-2.89503815,-1.32848569,-1.56655246,36.51476579,40.57423443,45.01697455,31.63708456,33.23351486,28.44422396,38.44525000,54.59190348,22.29859652,230460870.56558841,391554712.22909451
2021-05-30,27.40700000,29.78100000,25.58600000,28.58800000,111975244.53899500,1.20000000,4.38148094,15.30630861,30.82840000,31.02140000,35.94380000,37.73195000,38.96452000,40.14026667,40.60960000,40.46059500,39.20184667,38.04232400,35.71848000,15.31766650,32.98159693,36.07639897,-3.09480204,-1.68174896,-1.41305308,39.77624658,42.02292855,45.80841890,36.20894945,34.22532639,40.17619556,37.73195000,54.31314322,21.15075678,193172885.32703918,325538427.23497343
2021-05-31,28.57300000,33.01400000,27.48900000,32.75000000,160794249.93276101,4.16200000,14.55855604,19.33643650,30.29240000,30.40390000,35.00380000,37.14255000,38.53468000,39.57626667,40.29165714,40.46551000,39.36741111,38.14029000,35.94690833,15.47187200,32.94596663,35.82999904,-2.88403241,-1.92220565,-0.96182676,50.38485539,46.91902738,48.49174128,49.20042208,39.21702495,69.16721633,37.14255000,53.54213609,20.74296391,153683063.40031120,286082356.56730032
2021-06-01,32.75900000,33.28500000,29.85200000,30.93800000,127601407.34258001,-1.81200000,-5.53282443,10.47956287,29.73060000,30.37550000,33.95246667,36.50400000,38.04492000,39.04430000,39.94282857,40.26646000,39.50270000,38.18820200,36.13337333,15.61649150,32.63704869,35.46762874,-2.83058005,-2.10388053,-0.72669953,46.13872283,45.10973460,47.42493083,49.63682940,42.69029310,63.52990199,36.50400000,52.82137057,20.18662943,140810242.88612202,262872111.17951751
2021-06-02,30.93100000,35.12900000,30.40200000,33.99400000,150880106.23441401,3.05600000,9.87782016,15.28240277,30.73160000,31.32130000,32.48693333,36.15125000,37.58020000,38.64703333,39.63314286,40.18157750,39.53954889,38.31906800,36.32494000,15.77687050,32.84581043,35.35847106,-2.51266063,-2.18563655,-0.32702408,53.98663184,48.74612321,49.38459112,57.11956893,47.50005171,76.35860338,36.15125000,52.35958567,19.94291433,132122718.16696802,214748534.83907381
2021-06-03,33.99400000,41.52300000,33.73600000,39.60200000,299415873.03283298,5.60800000,16.49702889,22.90698359,33.17440000,32.13990000,32.79453333,35.99635000,37.39108000,38.54590000,39.55080000,40.15062500,39.72023556,38.58297400,36.58871500,15.96467700,33.88522421,35.67280654,-1.78758233,-2.10602570,0.31844338,65.16403778,54.74762026,52.75653794,67.39514213,54.13174852,93.92192935,35.99635000,51.99907910,19.99362090,170133376.21631661,200297123.39095253
2021-06-04,39.59900000,39.73700000,34.18700000,37.33800000,328450531.48109603,-2.26400000,-5.71688299,14.01550544,34.92440000,32.87640000,32.32240000,35.68895000,37.17044000,38.29116667,39.39514286,39.89895000,39.84546222,38.77410200,36.82815333,16.14005400,34.41642049,35.79615420,-1.37973372,-1.96076731,0.58103359,58.30289040,52.06278730,51.31639394,69.51021230,59.25790311,90.01483067,35.68895000,51.31773674,20.06016326,213428433.60473680,203300659.46588799
2021-06-05,37.35600000,42.78700000,36.98200000,39.63300000,349869352.64052498,2.29500000,6.14655311,15.53967234,36.30100000,33.29670000,32.36960000,35.32810000,36.97424000,38.16240000,39.10837143,39.79282500,40.00278667,39.06077000,37.07112333,16.32722000,35.21897118,36.08036500,-0.86139382,-1.74089261,0.87949879,63.03705004,54.52873515,52.68267329,73.56142712,64.02574445,92.63279246,35.32810000,50.18611127,20.47008873,251243454.14628959,202463258.77330041
2021-06-06,39.66300000,43.40000000,38.91200000,42.20500000,254022477.41097701,2.57200000,6.48954154,11.31533167,38.55440000,34.14250000,33.10180000,35.10295000,36.91408000,38.12983333,38.97431429,39.76927500,40.07623111,39.40787000,37.33223167,16.52766850,36.29374484,36.53404167,-0.24029682,-1.44077345,1.20047663,67.93327219,57.21925551,54.18624563,80.13821573,69.39656821,101.62151079,35.10295000,49.35916304,20.84673696,276527668.15996897,208668955.52304551
2021-06-07,42.20000000,44.20000000,37.80000000,38.23500000,337872362.54691899,-3.97000000,-9.40646843,15.16587678,39.40260000,35.06710000,34.01506667,34.21585000,36.80152000,37.88393333,38.75497143,39.60432500,40.09502444,39.52585400,37.52050833,16.70841850,36.59239948,36.66003858,-0.06763910,-1.16614658,1.09850748,54.54931399,52.03482075,51.54797880,76.07688649,71.62334097,84.98397753,34.21585000,44.71630608,23.71539392,313926119.42246997,223024418.79471904
2021-06-08,38.20000000,42.59600000,33.60000000,41.24500000,635390288.37388396,3.01000000,7.87236825,23.54973822,39.73120000,36.45280000,34.67033333,34.52870000,36.74332000,37.78110000,38.71522857,39.57335000,40.10402222,39.72133200,37.74763833,16.90412700,37.30818418,36.99966535,0.30851883,-0.87121350,1.17973233,61.45797389,55.37881026,53.34513565,78.15693655,73.80120616,86.86839733,34.52870000,45.48880206,23.56859794,381121002.49068016,275627189.35349834
2021-06-09,41.24500000,44.00000000,39.29100000,42.03200000,454086698.18965799,0.78700000,1.90811007,11.41714147,40.67000000,37.79720000,35.47426667,34.40930000,36.68516000,37.75370000,38.63100000,39.55450000,39.98462222,39.92791600,38.00147000,17.10237600,38.03492507,37.37243088,0.66249419,-0.56447196,1.22696615,63.21243558,56.24882253,53.81253686,80.40125108,76.00122113,89.20131096,34.40930000,44.96007741,23.85852259,406248235.83239257,309838334.71856469
2021-06-10,42.03200000,43.09700000,39.45900000,41.10500000,213330357.21994600,-0.92700000,-2.20546250,8.65531024,40.96440000,38.63270000,35.85260000,34.51830000,36.45536000,37.63926667,38.56268571,39.34037500,39.92300000,40.09894800,38.22235833,17.29714400,38.50724429,37.64891748,0.85832681,-0.27991221,1.13823902,59.39108523,54.87400688,53.15797642,79.45723836,77.15322688,84.06526133,34.51830000,45.30784685,23.72875315,378940436.74827683,315091945.44728315
2021-06-11,41.09100000,41.37600000,35.07400000,36.15700000,182293620.08125600,-4.94800000,-12.03746503,15.33669173,39.75480000,39.15460000,36.01326667,34.76505000,36.03332000,37.38753333,38.36197143,39.07187500,39.76766667,40.04408800,38.34926833,17.46653600,38.14566825,37.53840508,0.60726317,-0.10247713,0.70974030,42.81336243,48.03728375,49.78511017,61.01237274,71.77294217,39.49123390,34.76505000,45.46251708,24.06758292,364594665.28233254,320561166.72115076
2021-06-12,36.13100000,37.64000000,34.10000000,36.47600000,187288052.40672901,0.31900000,0.88226346,9.79768066,39.40300000,39.40280000,36.51240000,35.36205000,35.25328000,37.23510000,38.10094286,38.83597500,39.58195556,40.02582200,38.49969000,17.63750450,37.88879621,37.45970841,0.42908781,0.00383586,0.42525195,44.02218291,48.48865486,49.99854129,49.71894032,64.42160822,20.31360452,35.36205000,44.92883206,25.79526794,334477803.25429457,324201961.33838230
2021-06-13,36.49200000,39.44200000,34.72000000,38.70600000,150202838.21765500,2.23000000,6.11360895,12.93982243,38.89520000,39.31320000,37.26693333,35.72655000,35.40200000,37.10196667,37.94025714,38.73772500,39.49800000,39.98314000,38.70467833,17.81970400,38.01451987,37.55202630,0.46249357,0.09556740,0.36692617,52.45326591,51.68895763,51.50218518,49.20256399,59.34859347,28.91050501,35.72655000,45.21548262,26.23761738,237440313.22304878,309280657.85686451
2021-06-14,38.71300000,40.56100000,36.62700000,39.69400000,177057758.58813199,0.98800000,2.55257583,10.16196110,38.42760000,39.54880000,38.00733333,36.21260000,35.21296000,36.97556667,37.84997143,38.60557500,39.42928889,39.82892000,38.90321833,18.00861850,38.27290143,37.71069102,0.56221041,0.18889600,0.37331441,55.97833173,53.09735798,52.16718836,51.96523134,56.88747276,42.12074849,36.21260000,45.45326164,26.97193836,182034525.30274361,294141380.56756812
2021-06-15,39.70000000,41.74100000,39.15400000,39.53600000,150827423.61863700,-0.15800000,-0.39804504,6.51637280,38.11380000,39.53910000,38.45973333,36.41790000,35.23740000,36.73176667,37.70705714,38.50657500,39.20408889,39.74208000,39.14049167,18.19699350,38.46722429,37.84589909,0.62132519,0.27538184,0.34594335,55.19307348,52.82867624,52.04809435,53.31015422,55.69503325,48.54039618,36.41790000,45.76716109,27.06863891,169533938.58248180,274237187.66537929
2021-06-16,39.51300000,41.75000000,37.45500000,39.72800000,199446618.36372101,0.19200000,0.48563335,10.86984031,38.82800000,39.29140000,39.04573333,36.71695000,35.57764000,36.49910000,37.59331429,38.42022500,39.04477778,39.67370000,39.38845833,18.38619950,38.66118978,37.98531397,0.67587581,0.35548063,0.32039517,56.09126483,53.14299656,52.18650532,55.18112846,55.52373165,54.49592207,36.71695000,46.08908879,27.34481121,172964538.23897481,268779601.76065367
2021-06-17,39.73000000,41.26400000,38.21100000,39.26500000,130590317.81237400,-0.46300000,-1.16542489,7.68436949,39.38580000,39.39440000,39.39713333,37.23075000,36.16680000,35.94203333,37.54234286,38.26155000,38.89706667,39.56234000,39.50394500,18.57294800,38.75408366,38.08010553,0.67397813,0.41918013,0.25479800,53.01593870,52.22748916,51.81019764,54.17799136,55.07515156,52.38367098,37.23075000,45.92094072,28.54055928,161624991.32010382,248051397.28719920
2021-06-18,39.25900000,39.50200000,34.89800000,36.82000000,139854390.71725300,-2.44500000,-6.22691965,11.72724726,39.00860000,38.95190000,39.21166667,37.70235000,36.38296000,36.00310000,37.37434286,38.07380000,38.76782222,39.44906000,39.59309333,18.74721550,38.45653233,37.98676438,0.46976795,0.42929769,0.04047025,39.34578779,47.51220926,49.83022588,46.19609413,52.11546575,34.35735089,37.70235000,45.06596005,30.33873995,159555301.82002339,198497807.52153611
2021-06-19,36.80200000,37.31800000,34.90100000,35.19000000,79787571.60203999,-1.63000000,-4.42694188,6.56757785,38.10780000,38.26770000,39.06846667,38.03245000,36.59164000,35.69543333,37.13731429,37.88220000,38.55026667,39.29714000,39.65121333,18.91329650,37.95398889,37.77959665,0.17439224,0.37831660,-0.20392436,32.61746209,44.58474299,48.53979765,35.54685142,46.59259430,13.45536566,38.03245000,44.16466490,31.90023510,140101264.42280501,161067894.86277431
2021-06-20,35.19500000,35.94900000,31.30000000,35.25700000,133260490.89425600,0.06700000,0.19039500,13.20926268,37.25200000,37.68290000,38.77673333,38.15780000,36.58472000,35.57316667,36.80608571,37.65017500,38.36717778,39.00888000,39.69627333,19.07897700,37.53906752,37.59273764,-0.05367011,0.29191926,-0.34558937,33.18106954,44.73742700,48.59689303,36.31991052,43.16836638,22.62299880,38.15780000,43.92711767,32.38848233,136587877.87792879,153060908.23020530
2021-06-21,35.24800000,35.49900000,25.92500000,26.59000000,246501068.91690901,-8.66700000,-24.58235244,27.16182478,34.62440000,36.72620000,37.73573333,37.94040000,36.29844000,35.41876667,36.23128571,37.22220000,37.99846667,38.60274000,39.49110667,19.20144350,35.85459560,36.77772004,-0.92312444,0.04891052,-0.97203496,14.43666816,32.21258376,42.26684867,25.61401091,37.31691455,2.20820362,37.94040000,45.03149308,30.84930692,145998767.98856640,159481653.11377060
2021-06-22,26.59700000,28.81300000,20.18700000,26.95800000,393752740.68636799,0.36800000,1.38397894,32.43222920,32.16300000,35.77440000,36.98393333,37.58860000,36.21720000,35.49950000,35.40217143,36.86992500,37.58393333,38.22366000,39.31725167,19.32696600,34.48588858,36.05033337,-1.56444478,-0.27376054,-1.29068424,16.83056384,33.08038904,42.59812223,27.54301094,34.05894668,14.51113945,37.58860000,46.06656993,29.11063007,198631252.56336519,180128121.94173449
2021-06-23,26.95700000,32.90000000,25.62600000,30.83700000,360070228.23570800,3.87900000,14.38904963,26.98371481,30.96640000,34.98750000,36.29006667,37.15035000,36.35516000,35.48020000,35.28357143,36.57335000,37.28408889,37.98768000,39.15053333,19.47125350,33.92452111,35.66416052,-1.73963942,-0.56693631,-1.17270310,38.57011013,41.66745247,46.00584037,34.82539365,34.31442900,35.84732294,37.15035000,46.08402301,28.21667699,242674420.06705618,201114860.94353980
2021-06-24,30.83500000,33.00000000,28.48100000,31.14100000,221085666.76110700,0.30400000,0.98582871,14.65542403,30.15660000,34.13220000,35.56400000,36.84050000,36.45728000,35.51913333,34.90417143,36.26472500,37.02380000,37.71090000,38.87946667,19.61770600,33.49628709,35.32911160,-1.83282450,-0.82011395,-1.01271055,40.04396484,42.30045583,46.26670682,40.15025625,36.25970475,47.93135924,36.84050000,46.16795662,27.51304338,270934039.09886962,205517651.76083729
2021-06-25,31.14400000,32.98900000,27.94900000,28.64100000,219888857.85697499,-2.50000000,-8.02800167,16.18289237,28.83340000,33.04270000,34.73306667,36.29090000,36.29292000,35.29283333,34.61034286,35.80950000,36.67053333,37.41380000,38.62551667,19.75177500,32.74931985,34.83369592,-2.08437608,-1.07296638,-1.01140970,32.37791716,38.54771405,44.42488509,40.13686170,37.55209040,45.30640429,36.29090000,46.20260933,26.37919067,288259712.49141341,212423795.18467110
2021-06-26,28.61900000,30.18100000,26.65900000,29.69800000,183566327.29761899,1.05700000,3.69051360,12.30650966,29.45500000,32.03970000,34.30246667,35.66555000,36.24332000,35.15786667,34.56680000,35.38425000,36.35917778,37.14412000,38.40136667,19.89194950,32.27988602,34.45327400,-2.17338798,-1.29305070,-0.88033728,38.36453262,40.96344296,45.38410122,43.17174851,39.42530977,50.66462599,35.66555000,45.58435630,25.74674370,275672764.16755545,210835766.07806090
2021-06-27,29.69100000,31.95000000,29.18600000,31.89700000,178035416.40387100,2.19900000,7.40453903,9.30921828,30.44280000,31.30290000,33.99720000,35.34865000,36.15944000,35.25480000,34.77711429,34.78225000,36.15580000,36.86982000,38.18576667,20.04313850,32.22098048,34.26392037,-2.04293989,-1.44302854,-0.59991135,49.52117569,45.79909961,47.35658660,51.56636988,43.47232981,67.75445003,35.34865000,45.32661833,25.37068167,232529299.31105599,215580275.93721062
2021-06-28,31.88300000,34.34000000,30.96100000,33.00100000,162522646.59498799,1.10400000,3.46114055,10.59812439,30.87560000,30.92100000,33.61686667,34.93645000,35.89540000,35.44190000,34.82240000,34.73257500,35.94026667,36.64324000,38.02771667,20.20030200,32.34098348,34.17037072,-1.82938723,-1.52030027,-0.30908696,54.48465045,48.12619890,48.33410715,61.47650984,49.47372315,85.48208321,34.93645000,44.56377555,25.30912445,193019782.98291200,217847101.52498406
2021-06-29,33.01800000,35.83700000,32.66500000,33.97000000,154213056.69328600,0.96900000,2.93627466,9.60688110,31.44140000,30.79900000,33.23526667,34.53335000,35.76068000,35.62130000,34.93660000,34.47132500,35.72880000,36.46556000,37.88078333,20.36295750,32.59160141,34.15552844,-1.56392703,-1.52902563,-0.03490140,58.75607309,50.17454323,49.19807999,70.34110241,56.42951624,98.16427474,34.53335000,43.56654073,25.50015927,179645260.96934780,225289650.03410870
2021-06-30,33.97400000,36.00000000,31.55500000,35.51000000,178975642.02105400,1.54000000,4.53341183,13.08353447,32.81520000,30.82430000,32.96686667,34.25360000,35.59576000,35.71330000,34.93888571,34.38595000,35.47680000,36.28500000,37.64478333,20.53305150,33.04058581,34.25585967,-1.21527386,-1.46627527,0.25100141,65.01713779,53.36706005,50.56888876,79.19449619,64.01784289,109.54780279,34.25360000,42.76112114,25.74607886,171462617.80216357,229861165.14678851
2021-07-01,35.51000000,35.56700000,32.17000000,33.27100000,151028766.44245899,-2.23900000,-6.30526612,9.56631935,33.52980000,31.49240000,32.53640000,34.10930000,35.23840000,35.79106667,34.92528571,34.43717500,35.17820000,36.07624000,37.41768333,20.69155600,33.07603415,34.18290710,-1.10687295,-1.39439481,0.28752186,51.40297208,48.44391047,48.58017358,77.36094746,68.46554441,95.15175356,34.10930000,42.57870279,25.63989721,164955105.63113159,220313934.89934349
2021-07-02,33.27000000,34.21700000,31.36700000,34.00000000,140908038.30215299,0.72900000,2.19109735,8.56627592,33.95040000,32.19660000,32.18540000,33.98550000,35.06900000,35.79126667,35.06845714,34.67377500,34.68982222,35.93526000,37.21915000,20.85358300,33.21818274,34.16935842,-0.95117569,-1.30575098,0.35457530,55.07812756,50.07963257,49.25814650,77.77030370,71.56713084,90.17664941,33.98550000,42.38130561,25.58969439,157529630.01078799,195029464.66092199
2021-07-03,34.00100000,35.40600000,33.21700000,34.49800000,105690439.31206401,0.49800000,1.46470588,6.43804594,34.24980000,32.56270000,32.03060000,33.77510000,34.79912000,35.62113333,35.27160000,34.75082500,34.67893333,35.77122000,37.08351667,21.01728000,33.41507770,34.19370225,-0.77862454,-1.20032570,0.42170115,57.70044274,51.23268427,49.73061249,79.82031951,74.31819373,90.82457107,33.77510000,41.87863456,25.67156544,146163188.55420321,169591485.76855761
2021-07-04,34.49700000,35.53100000,33.53300000,34.28000000,103428667.55931699,-0.21800000,-0.63192069,5.79180798,34.31180000,32.87660000,31.96993333,33.50440000,34.48904000,35.51920000,35.43422857,34.85850000,34.45360000,35.58710000,36.90518333,21.17976550,33.54814267,34.20009467,-0.65195200,-1.09065096,0.43869896,55.98373140,50.67373851,49.51999454,80.40906431,76.34848392,88.53022508,33.50440000,41.12259872,25.88620128,136006310.72740939,157825785.84837860
2021-07-05,34.27800000,34.49000000,32.37000000,32.90800000,100655425.27353001,-1.37200000,-4.00233372,6.18472490,33.79140000,33.30330000,31.81333333,33.17300000,34.16116000,35.29503333,35.43874286,34.79545000,34.31988889,35.30826000,36.72871667,21.33590550,33.44965918,34.10438396,-0.65472477,-1.00346572,0.34874095,45.71231740,47.14254320,48.17995091,71.81365465,74.83687417,65.76721562,33.17300000,40.24339039,26.10260961,120342267.37790461,145902442.59003407
2021-07-06,32.90800000,35.04100000,32.88300000,34.22600000,111418811.56315701,1.31800000,4.00510514,6.55767595,33.98240000,33.75610000,32.32240000,32.89790000,34.08392000,35.02906667,35.53268571,34.80742500,34.38664444,35.05862000,36.57945000,21.49852850,33.56909623,34.11339255,-0.54429632,-0.91163184,0.36733552,55.18970677,50.73990330,49.54849006,69.47397047,73.04923960,62.32343221,32.89790000,39.29002805,26.50577195,112420276.40204421,138687691.01658791
2021-07-07,34.22100000,38.10000000,33.82000000,36.67300000,167269030.35701701,2.44700000,7.14953544,12.50694018,34.51700000,34.23370000,32.97006667,32.76830000,34.09180000,34.97700000,35.60922857,34.99952500,34.65635556,34.67254000,36.43046667,21.67354000,34.04661989,34.30299310,-0.25637321,-0.78058011,0.52420690,67.73787214,56.70747548,52.00413296,72.58460747,72.89436222,71.96509797,32.76830000,38.70581985,26.83078015,117692474.81301701,137611052.41190249
2021-07-08,36.66700000,36.93400000,32.65400000,33.14200000,156944971.45018199,-3.53100000,-9.62833692,11.67262116,34.24580000,34.24780000,33.12373333,32.58440000,33.86924000,34.70690000,35.42465714,35.14337500,34.69471111,34.63562000,36.24400000,21.83143250,33.90744760,34.21699361,-0.30954602,-0.68637329,0.37682728,45.61796328,47.62525494,48.45306144,57.17730206,67.65534217,36.22122183,32.58440000,38.21335089,26.95544911,127943381.24064060,137053284.89742190
2021-07-09,33.13400000,34.46000000,31.97600000,33.31500000,93430690.97587501,0.17300000,0.52199626,7.49683105,34.05280000,34.18230000,33.26866667,32.49065000,33.61408000,34.41633333,35.30971429,35.26155000,34.76897778,34.41352000,36.08501667,21.99034200,33.81630181,34.15017927,-0.33387746,-0.61587413,0.28199667,46.64238279,48.06979278,48.63238722,47.76224315,61.02430916,21.23811114,32.49065000,37.99802329,26.98327671,125943785.92395219,130975048.32568081
2021-07-10,33.31500000,34.21500000,31.02500000,31.69300000,92460631.92128000,-1.62200000,-4.86867777,9.57526640,33.80980000,33.80060000,33.47213333,32.31245000,33.30036000,34.10260000,35.08285714,35.23512500,34.68593333,34.26888000,35.87093333,22.14135700,33.48964000,33.96816599,-0.47852600,-0.58840450,0.10987850,38.48579015,44.23008729,47.03165648,34.98872747,52.34578193,0.27461855,32.31245000,37.67158310,26.95331690,124304827.25350221,122323547.31570339
2021-07-11,31.71600000,32.56800000,31.30000000,32.18200000,62238927.03928200,0.48900000,1.54292746,3.99798209,33.40100000,33.69170000,33.63773333,32.59205000,32.99852000,33.97010000,34.79648571,35.26622500,34.65115556,34.28808000,35.67881667,22.29627700,33.28846461,33.83585740,-0.54739279,-0.58020216,0.03280937,42.14595803,45.65769950,47.57450252,28.77693728,44.48950038,-2.64818893,32.59205000,37.22893918,27.95516082,114468850.34872720,113444563.37538572
2021-07-12,32.17300000,32.69600000,30.01100000,30.77000000,70408687.92831700,-1.41200000,-4.38754583,8.34550710,32.22040000,33.36870000,33.56260000,32.78265000,32.65872000,33.77990000,34.58320000,35.18562500,34.69073333,34.41276000,35.50750000,22.44332100,32.90100852,33.60875685,-0.70774833,-0.60571139,-0.10203694,34.94187313,42.25079781,46.14943350,22.31232914,37.09710997,-7.25723251,32.78265000,36.70235194,28.86294806,95096781.86298719,106394628.33800212
2021-07-13,30.77000000,31.09600000,28.81000000,29.13600000,54860385.06509400,-1.63400000,-5.31036724,7.42931427,31.41920000,32.83250000,33.30493333,32.69760000,32.35136000,33.46090000,34.23722857,34.92397500,34.72957778,34.36716000,35.28143333,22.58176900,32.32177644,33.27744153,-0.95566509,-0.67570213,-0.27996296,28.23887767,38.61340968,44.53842706,16.04460264,30.07960752,-12.02540714,32.69760000,36.86128088,28.53391912,74679864.58596960,101311622.91330510
2021-07-14,29.15400000,31.50000000,27.36300000,31.36500000,101600599.92145000,2.22900000,7.65032949,14.19016258,31.02920000,32.54100000,33.13126667,32.70880000,32.19836000,33.18326667,33.93245714,34.77465000,34.79128889,34.39500000,35.07941667,22.73196500,32.17458006,33.13577919,-0.96119913,-0.73280153,-0.22839760,45.38824607,45.58483044,47.16387427,23.12072885,27.75998130,13.84222395,32.70880000,36.85602338,28.56157662,76313846.37508461,101128816.14951840
2021-07-15,31.36500000,31.48500000,27.97500000,28.54500000,107745442.66806500,-2.82000000,-8.99091344,11.19081779,30.39960000,32.10470000,32.66693333,32.70400000,31.92988000,32.81690000,33.57360000,34.49745000,34.69784444,34.25730000,34.77433333,22.86817150,31.61618313,32.79572148,-1.17953835,-0.82214890,-0.35738945,33.30489768,39.40807255,44.38980807,19.08337311,24.86777857,7.51456220,32.70400000,36.87122086,28.53677914,79370808.52444160,101837817.88897189
2021-07-16,28.56200000,29.47800000,26.19600000,26.27100000,81405823.76096199,-2.27400000,-7.96636889,11.49079196,29.21740000,31.30920000,32.20026667,32.53265000,31.91712000,32.36833333,33.29114286,34.09910000,34.59413333,34.10778000,34.43371667,22.99194050,30.79384726,32.31240877,-1.51856151,-0.96143142,-0.55713009,26.48264434,35.21098246,42.29648443,12.95506677,20.89687464,-2.92854896,32.53265000,37.43694356,27.62835644,83204187.86877760,98836519.10875240
2021-07-17,26.26900000,27.83600000,25.97900000,26.80200000,56460667.13103900,0.53100000,2.02124015,7.06916898,28.42380000,30.32210000,31.72040000,32.27790000,31.91088000,31.95290000,33.01474286,33.81327500,34.43431111,34.06404000,33.94746667,23.11759850,30.17971692,31.90423035,-1.72451343,-1.11404782,-0.61046561,30.47340782,36.92230371,42.95199700,11.87139263,17.88838063,-0.16258339,32.27790000,37.81030787,26.74549213,80414583.70932201,87755682.78615460
2021-07-18,26.78900000,27.75600000,26.23300000,26.67300000,46674422.65856100,-0.12900000,-0.48130737,5.68516929,27.93120000,29.67520000,31.19873333,31.96150000,31.74432000,31.61466667,32.67094286,33.44897500,34.14700000,34.04974000,33.80888333,23.24328850,29.64022201,31.51673180,-1.87650980,-1.26654022,-0.60996958,29.99867999,36.66563489,42.82866044,10.72306861,15.49994329,1.16931926,31.96150000,38.01869496,25.90430504,78777391.22801539,76728627.90699251
2021-07-19,26.67900000,26.71000000,23.97500000,24.50900000,78158738.80273400,-2.16400000,-8.11307315,10.25150868,26.56000000,28.79460000,30.54733333,31.48845000,31.47904000,31.25863333,32.23708571,33.01090000,33.86191111,33.96816000,33.47703333,23.35829700,28.85080324,30.99764056,-2.14683732,-1.44259964,-0.70423768,22.83704267,32.52761440,40.77893673,9.18976275,13.39654978,0.77618869,31.48845000,38.31418781,24.66271219,74089019.00427219,75201432.68967840
2021-07-20,24.52400000,24.98200000,22.10000000,23.47400000,82758691.73108800,-1.03500000,-4.22293851,11.75175338,25.54580000,27.97270000,29.91840000,30.88665000,31.27236000,30.86586667,31.77817143,32.57012500,33.50282222,33.78264000,33.21951667,23.46645650,28.02360274,30.44033385,-2.41673111,-1.63742593,-0.77930518,20.08504910,30.71873973,39.82764877,10.44889430,12.41399795,6.51868701,30.88665000,38.31520215,23.45809785,69091668.81687680,74231238.67065920
2021-07-21,23.48400000,27.46100000,22.80000000,26.70000000,116862935.66849300,3.22600000,13.74286445,19.84755578,25.63160000,27.42450000,29.41666667,30.55810000,31.15244000,30.86953333,31.40594286,32.33370000,33.15826667,33.69788000,33.14415000,23.59095700,27.81997155,30.16327208,-2.34330054,-1.77860085,-0.56469968,44.91382973,41.73590454,44.07110531,23.27798627,16.03532739,37.76330403,30.55810000,38.12263080,22.99356920,76183091.19838300,79693639.53358030
2021-07-22,26.70600000,28.17000000,25.91000000,27.69900000,71691184.16164500,0.99900000,3.74157303,8.46251779,25.81100000,27.11740000,28.81840000,30.24305000,30.98452000,30.89423333,31.07548571,32.11427500,32.92413333,33.57198000,33.19686667,23.71856250,27.80136054,29.98073341,-2.17937287,-1.85875526,-0.32061761,50.61547986,44.70633331,45.31721965,35.37326745,22.48130741,61.15718751,30.24305000,37.72844275,22.75765725,79229194.60450420,79821889.15691309
2021-07-23,27.70000000,28.71300000,26.38500000,28.51600000,83834585.17688400,0.81700000,2.94956497,8.40433213,26.17960000,27.05540000,28.51000000,29.94395000,30.80512000,30.81686667,30.83822857,31.85952500,32.64126667,33.35026000,33.14853333,23.84868800,27.91130507,29.87223464,-1.96092957,-1.87919012,-0.08173945,55.16925664,47.11192028,46.33753000,46.37031539,30.44431007,78.22232604,29.94395000,37.18762794,22.70027206,86661227.10816880,82719309.16809210
2021-07-24,28.53000000,29.54800000,28.01300000,28.61600000,77044282.90337300,0.10000000,0.35068032,5.38030144,27.00100000,26.78050000,28.19673333,29.66075000,30.59096000,30.73270000,30.65040000,31.58257500,32.34313333,33.17582000,33.12591667,23.98095000,28.01971968,29.77918022,-1.75946054,-1.85524420,0.09578366,55.76832104,47.41738032,46.46510923,60.07573479,40.32145164,99.58430108,29.66075000,36.62826424,22.69323576,86438335.92829660,80263677.46628439
2021-07-25,28.62600000,28.89800000,26.50000000,28.24800000,65090395.54698900,-0.36800000,-1.28599385,8.37699993,27.95580000,26.75080000,27.96706667,29.42775000,30.30048000,30.71960000,30.45014286,31.30037500,32.05742222,32.94812000,33.00621667,24.11248300,28.05483973,29.66575946,-1.61091974,-1.80637931,0.19545957,52.66079991,46.34285715,46.04474994,67.56570647,49.40286992,103.89137958,29.42775000,36.24815529,22.60734471,82904676.69147679,75998172.75417680
2021-07-26,28.24700000,31.11500000,27.83000000,28.18400000,185071260.84348300,-0.06400000,-0.22656471,11.62955358,28.25260000,26.94210000,27.70053333,29.12565000,30.09700000,30.66913333,30.49568571,31.01177500,31.88024444,32.66770000,32.91350000,24.24158550,28.07471054,29.55599950,-1.48128897,-1.74136124,0.26007228,52.05545049,46.14446770,45.96927948,67.53964458,55.44846147,91.72201080,29.12565000,35.57641222,22.67488778,96546341.72647481,86364716.46242890
2021-07-27,28.18300000,28.95000000,26.89300000,28.10300000,83973834.08994800,-0.08100000,-0.28739710,7.29872618,28.33340000,27.07220000,27.52273333,28.69715000,29.86112000,30.54266667,30.52840000,30.73272500,31.69417778,32.46506000,32.89873333,24.36599350,28.07906276,29.44836991,-1.36930715,-1.66695042,0.29764327,51.16223857,45.87333016,45.86998756,67.22276915,59.37323070,82.92184606,28.69715000,34.08855951,23.30574049,99002871.71213540,89116033.15831980
2021-07-28,28.11900000,28.76000000,27.35400000,27.87500000,65388598.78105000,-0.22800000,-0.81130128,5.00017782,28.20520000,27.19240000,27.43866667,28.43380000,29.59620000,30.37180000,30.44377143,30.50910000,31.45348889,32.19766000,32.90685000,24.48845400,28.04766849,29.33182399,-1.28415550,-1.59039144,0.30623594,48.35938663,45.06030768,45.58081206,66.16847949,61.63831363,75.22881121,28.43380000,33.40956935,23.45803065,95313674.43296860,90987450.77056870
2021-07-29,27.89100000,31.88800000,27.31900000,31.23500000,110419263.54677001,3.36000000,12.05381166,16.38162848,28.72900000,27.86500000,27.43000000,28.32980000,29.47440000,30.28063333,30.44645714,30.41022500,31.26551111,31.98172000,32.95096667,24.62738400,28.53802719,29.47279999,-0.93477281,-1.45926771,0.52449490,73.77057768,57.24298308,50.39018367,75.05055323,66.10906016,92.93353936,28.32980000,32.95026070,23.70933930,101988670.56164801,94213503.24497230
2021-07-30,31.23800000,33.08400000,29.91000000,32.35400000,156365971.26795900,1.11900000,3.58251961,10.16070171,29.55020000,28.75300000,27.68393333,28.36285000,29.45224000,30.17543333,30.55254286,30.33765000,31.10591111,31.80670000,32.94436667,24.77364600,29.12509993,29.68622222,-0.56112229,-1.27963863,0.71851634,78.08105473,60.43079808,51.86840924,79.97515741,70.73109258,98.46328707,28.36285000,33.09276257,23.63293743,120243785.70584199,101574231.19865939
2021-07-31,32.35400000,37.00400000,31.65300000,36.74400000,146906971.50286201,4.39000000,13.56864684,16.53891327,31.26220000,29.75740000,28.38213333,28.59095000,29.55296000,30.29120000,30.75385714,30.59150000,31.03960000,31.81844000,33.04113333,24.93918900,30.29723840,30.20902057,0.08821783,-1.00606734,1.09428517,87.64199565,70.00257693,57.10122904,85.83395778,75.76538098,105.97111138,28.59095000,34.41078040,22.77111960,112610927.83771782,104578634.78209630
2021-08-01,36.74200000,36.82200000,33.16500000,34.16500000,123483357.25269200,-2.57900000,-7.01883301,9.95318709,32.47460000,30.40400000,28.87300000,28.76070000,29.45264000,30.29670000,30.81865714,30.77167500,30.92626667,31.77222000,33.04398333,25.09239300,30.89227865,30.50205608,0.39022256,-0.72680936,1.11703192,67.03006434,60.60681116,53.53342632,81.54670554,77.69248917,89.25513829,28.76070000,35.02891550,22.49248450,120512832.47026661,109757852.09120099
2021-08-02,34.17800000,35.95000000,33.00000000,33.16700000,106104314.16751800,-0.99800000,-2.92111810,8.63128328,33.53300000,30.86910000,29.30593333,28.96225000,29.45364000,30.25233333,30.82340000,30.82992500,30.84508889,31.66144000,32.93673333,25.24176750,31.24223578,30.69945934,0.54277644,-0.47289220,1.01566864,60.43039322,57.35689932,52.21601407,75.52148991,76.96882275,72.62682423,28.96225000,35.53319366,22.39130634,128655975.54756021,111984824.99026439
2021-08-03,33.17700000,35.90000000,32.32700000,34.10500000,119580010.52975699,0.93800000,2.82811228,10.76950900,34.10700000,31.41800000,29.94566667,29.09925000,29.48524000,30.24650000,30.82725714,30.90402500,30.82097778,31.54966000,32.88285000,25.39605500,31.68266104,30.95172161,0.73093943,-0.23212587,0.96306531,64.38529377,59.57926349,53.34211523,74.12374539,76.02046363,70.33030892,29.09925000,35.98770667,22.21079333,130488124.94415760,116238397.75290279
2021-08-04,34.09400000,36.65800000,33.23600000,35.76000000,99340895.75076900,1.65500000,4.85266090,10.03695665,34.78820000,32.16920000,30.76473333,29.46000000,29.64792000,30.34156667,30.83440000,31.08200000,30.83215556,31.47414000,32.81830000,25.55773150,32.30994396,31.30789038,1.00205358,0.01471002,0.98734356,70.60563632,63.26427452,55.28234267,78.64801963,76.89631563,82.15142762,29.46000000,36.95522029,21.96477971,119083109.84071961,119663447.77328081
2021-08-05,35.75700000,38.26700000,35.50000000,37.35300000,150224471.70171401,1.59300000,4.45469799,7.73834494,34.91000000,33.08610000,31.47493333,30.01410000,29.85476000,30.44580000,30.95102857,31.27337500,31.07133333,31.42664000,32.73743333,25.72536250,33.08579873,31.75567628,1.33012246,0.27779251,1.05232995,75.54008751,66.47369487,57.07516563,82.98249415,78.92504180,91.09739884,30.01410000,38.12953359,21.89866641,119746609.88049002,116178768.85910392
2021-08-06,37.35400000,40.40000000,35.61100000,39.52500000,151446524.69511500,2.17200000,5.81479399,12.82058146,35.98200000,34.22830000,32.26333333,30.65025000,30.20496000,30.54086667,31.10888571,31.46407500,31.35060000,31.43184000,32.75893333,25.90405350,34.07644508,32.33118174,1.74526335,0.57128668,1.17397667,80.81068221,70.32934580,59.39150762,86.42529908,81.42512756,96.42564212,30.65025000,39.65179538,21.64870462,125339243.36897461,122926037.91962059
2021-08-07,39.50200000,40.50000000,37.50200000,39.46900000,139249910.94109800,-0.05600000,-0.14168248,7.58948914,37.24240000,35.38770000,32.99353333,31.29005000,30.61828000,30.75176667,31.25091429,31.62577500,31.54242222,31.48482000,32.72933333,26.08325500,34.90606892,32.85990902,2.04615990,0.86626132,1.17989858,80.27550548,70.10258769,59.30540825,87.70499951,83.51841821,96.07816212,31.29005000,40.89977200,21.68032800,131968362.72369060,130312169.13562539
2021-08-08,39.45400000,39.54900000,36.89600000,37.65000000,77745568.46312100,-1.81900000,-4.60868023,6.72428651,37.95140000,36.02920000,33.59580000,31.94710000,30.86968000,30.89626667,31.34720000,31.71777500,31.68706667,31.53402000,32.65630000,26.25292200,35.32821216,33.21473057,2.11348159,1.11570537,0.99777622,63.80493510,62.91454649,56.52783182,81.06522970,82.70068871,77.79431168,31.94710000,41.40035481,22.49384519,123601474.31036338,127044799.62726049
2021-08-09,37.65300000,39.99900000,36.35100000,38.64600000,82127593.88690101,0.99600000,2.64541833,9.68847104,38.52860000,36.65840000,34.28900000,32.70570000,31.27372000,31.12803333,31.51114286,31.79617500,31.90940000,31.60180000,32.61531667,26.43120250,35.83864106,33.61704682,2.22159423,1.33688315,0.88471109,68.10483485,65.05486511,57.66081702,79.81533687,81.73890476,75.96820108,32.70570000,41.72090919,23.69049081,120158813.93758981,119620961.88915470
2021-08-10,38.64600000,41.67800000,38.18300000,40.64000000,104631605.02389300,1.99400000,5.15965430,9.04362677,39.18600000,37.04800000,35.11940000,33.40270000,31.84848000,31.40996667,31.69440000,31.98040000,32.15255556,31.88280000,32.69003333,26.61772650,36.57731166,34.13726558,2.44004609,1.55751573,0.88253035,75.18661001,68.96651327,59.84696967,82.84341889,82.10707614,84.31610439,33.40270000,42.61619112,24.18920888,111040240.60202560,115393425.24125779
2021-08-11,40.63900000,43.72900000,40.60500000,41.62100000,106505944.93968800,0.98100000,2.41387795,7.68719703,39.60520000,37.79360000,36.02060000,34.09880000,32.44124000,31.77166667,31.83577143,32.17092500,32.36864444,32.17606000,32.77578333,26.80829200,37.35326372,34.69161628,2.66164744,1.77834208,0.88330537,78.06224969,70.72524175,60.88383311,82.39961774,82.20459000,82.78967321,34.09880000,43.59713387,24.60046613,102052124.65094021,113695684.00995740
2021-08-12,41.61900000,43.40100000,39.31600000,41.10200000,98924676.67647700,-0.51900000,-1.24696668,9.81522862,39.93180000,38.58710000,36.90240000,34.72810000,33.01840000,32.17053333,32.06320000,32.33602500,32.54866667,32.38136000,32.81571667,26.99566300,37.92999238,35.16645951,2.76353286,1.97538023,0.78815263,72.71245895,68.48522123,60.02809757,79.92116579,81.44344860,76.87660017,34.72810000,44.33614411,25.12005589,93987077.79801600,112977720.26085329
2021-08-13,41.10500000,44.91100000,40.66800000,44.83000000,99544516.41165499,3.72800000,9.07011824,10.32234521,41.36780000,39.65960000,37.80873333,35.53880000,33.83124000,32.61936667,32.39220000,32.59977500,32.79000000,32.65514000,32.90131667,27.20129400,38.99153201,35.88227733,3.10925468,2.20215512,0.90709956,82.84584889,74.75150616,63.83774702,86.32721221,83.07136980,92.83889704,35.53880000,45.69588057,25.38171943,98346867.38772281,110974170.84904309
2021-08-14,44.85900000,44.87400000,42.72700000,44.14000000,67926559.94351199,-0.69000000,-1.53914789,4.78610758,42.46660000,40.49760000,38.59446667,36.33340000,34.65788000,33.13920000,32.74782857,32.88057500,32.98177778,32.96512000,32.97805000,27.40178900,39.78360401,36.49396049,3.28964352,2.41965280,0.86999072,76.53342795,71.86626130,62.68391418,88.12136728,84.75470230,94.85469726,36.33340000,46.57507904,26.09172096,95506660.59904499,107832737.26831742
2021-08-15,44.12400000,54.80000000,43.36100000,53.53100000,309850774.82974398,9.39100000,21.27548709,25.92466685,45.04480000,42.11540000,39.71360000,37.60075000,35.73112000,34.04786667,33.35780000,33.36320000,33.43200000,33.44178000,33.20810000,27.65106900,41.89858801,37.75596342,4.14262459,2.76424716,1.37837743,89.54451228,82.11548851,70.30608896,89.78810432,86.43250297,96.49930703,37.60075000,49.70084270,25.50065730,136550494.56021518,123795367.58112040
2021-08-16,53.51500000,69.13200000,52.26900000,62.01600000,947671575.12645602,8.48500000,15.85062861,31.51079137,49.12380000,44.36450000,41.57033333,39.29640000,37.10380000,35.22166667,34.25054286,33.99677500,34.05457778,34.04416000,33.58728333,27.94209900,44.99357447,39.55300316,5.44057130,3.29951199,2.14105932,93.47002624,86.84073022,75.10107021,85.95617071,86.27372555,85.32106102,39.29640000,54.81447608,23.77832392,304783620.59756881,203417872.62425449
2021-08-17,62.04200000,75.15500000,58.82200000,64.12300000,1024581216.55407798,2.10700000,3.39751032,26.32571484,53.72800000,46.82990000,43.63406667,41.10880000,38.52808000,36.47000000,35.25017143,34.77130000,34.71291111,34.66660000,34.04233333,28.24356750,47.93656301,41.37300293,6.56356008,3.95232161,2.61123847,94.12707911,87.71966833,76.10105707,81.16076088,84.56940399,74.34347466,41.10880000,59.25479604,22.96280396,489914928.57308900,291951003.18555248
2021-08-18,64.13500000,80.50000000,59.72200000,72.66300000,1093260830.15136886,8.54000000,13.31815417,32.39728697,59.29460000,50.33120000,46.20460000,43.18020000,40.28996000,38.07513333,36.43011429,35.75500000,35.56586667,35.44046000,34.66688333,28.58574250,51.74063024,43.69078049,8.04984975,4.77182724,3.27802251,96.05685301,90.51953842,79.57110336,81.26725931,83.46868910,76.86439973,43.18020000,65.54760213,20.81279787,688658191.32103181,393502529.35437727
2021-08-19,72.65900000,75.43600000,68.24000000,72.76400000,562302367.60800195,0.10100000,0.13899784,9.90379719,65.01940000,53.74300000,48.67153333,45.20070000,42.07060000,39.71813333,37.69351429,36.78177500,36.45155556,36.18554000,35.29200000,28.92830000,54.97499482,45.84435230,9.13064251,5.64359029,3.48705222,96.07515589,90.54734411,79.60764356,81.25017495,82.72918438,78.29215607,45.20070000,70.55201859,19.84938141,787533352.85392976,441520006.72648734
2021-08-20,72.80000000,80.00000000,70.87300000,78.64300000,424719084.85465294,5.87900000,8.07954483,12.53708791,70.04180000,57.54330000,51.42420000,47.29565000,44.08896000,41.44956667,39.18985714,37.94330000,37.43860000,37.09298000,36.15955000,29.29844100,58.61622638,48.27388176,10.34234462,6.58334116,3.75900346,97.03610872,92.03141911,81.60597803,85.99710575,83.81849151,90.35433425,47.29565000,76.35772431,18.23357569,810507014.85891151,473528754.70956337
2021-08-21,78.68400000,82.00000000,72.60000000,73.80100000,396408173.08846897,-4.84200000,-6.15693704,11.94652026,72.39880000,60.76130000,53.70926667,49.27745000,45.91688000,42.98630000,40.53268571,39.01907500,38.26366667,37.88900000,36.94026667,29.64128050,60.95234540,50.16477941,10.78756599,7.42418612,3.36337987,78.13007345,80.65413684,75.26712309,84.05242709,83.89647003,84.36434121,49.27745000,79.93150875,18.62339125,700254334.45131421,502518977.52444142
2021-08-22,73.85200000,77.60000000,71.24400000,72.77500000,213468963.74250001,-1.02600000,-1.39022506,8.60640199,74.12920000,63.92860000,55.92966667,51.25785000,47.71288000,44.46160000,41.84988571,40.11005000,39.14440000,38.65454000,37.63923333,29.97650000,62.77121534,51.83961057,10.93160478,8.12566985,2.80593492,74.44208589,78.41333488,73.99624325,81.53847799,83.11047269,78.39448860,51.25785000,82.63865987,19.87704013,538031883.88899851,513973406.23104370
2021-08-23,72.75100000,76.81000000,71.54500000,75.62300000,306079632.54325098,2.84800000,3.91343181,7.23701392,74.72120000,67.00790000,58.46120000,53.33375000,49.48840000,46.02850000,43.31028571,41.21650000,40.08457778,39.48140000,38.38060000,30.32257250,64.74841298,53.60134312,11.14706986,8.72994986,2.41712001,77.91464377,80.08851555,75.20872196,82.19096856,82.80397131,80.96496305,53.33375000,85.42191929,21.24558071,380595644.36737502,534626917.84420335
2021-08-24,75.64700000,79.45000000,68.50000000,70.52700000,508984577.41288400,-5.09600000,-6.73869061,14.47512790,74.27380000,69.64660000,60.58660000,55.07210000,51.01532000,47.43780000,44.65465714,42.26605000,40.94755556,40.23378000,39.07870000,30.64170500,65.63742637,54.85509548,10.78233089,9.14042606,1.64190483,60.31762805,69.55270152,69.18553721,75.26419531,80.29071264,65.21116064,55.07210000,86.91769569,23.22650431,369932086.32835138,578732719.59114051
2021-08-25,70.51900000,72.83000000,66.03000000,71.97300000,351840973.57207298,1.44600000,2.05027862,9.64279130,72.93980000,71.49080000,62.67546667,56.80310000,52.42448000,48.89743333,45.94817143,43.40860000,41.83180000,40.98872000,39.78328333,30.97095750,66.61213000,56.12308841,10.48904160,9.41014917,1.07889243,63.15137665,70.74405179,69.89930473,69.08917994,76.55686841,54.15380300,56.80310000,88.35563273,25.25056727,355356464.07183540,582931739.46537340
2021-08-26,71.98200000,78.30000000,66.20000000,74.92000000,480323043.29954797,2.94700000,4.09459103,16.80975800,73.16360000,72.78120000,64.89540000,58.57285000,54.05468000,50.45800000,47.29734286,44.61155000,42.81291111,41.75366000,40.50033333,31.31206950,67.89026385,57.51545223,10.37481162,9.60308166,0.77172996,68.62999850,73.08546460,71.31246265,68.79937609,73.97103763,58.45605299,58.57285000,90.01526203,27.13043797,372139438.11405122,536196886.28268272
2021-08-27,74.92000000,88.92000000,72.55000000,87.98000000,721830146.03496099,13.06000000,17.43192739,21.84997330,76.20460000,75.16690000,68.02060000,60.99840000,56.24720000,52.46150000,48.99631429,46.14422500,44.12055556,42.85042000,41.41665000,31.71269450,70.98099249,59.77208540,11.20890709,9.92424675,1.28466035,82.48140041,80.59395275,76.42960481,77.83071847,75.25759791,82.97695958,60.99840000,93.69518105,28.30161895,473811674.57254332,505921779.23077095
2021-08-28,87.98000000,97.82000000,85.59000000,96.22000000,531913395.78106302,8.24000000,9.36576495,13.90088657,80.32400000,77.52260000,71.44660000,63.92690000,58.73180000,54.62766667,50.92785714,47.93700000,45.56177778,44.10852000,42.45415000,32.15479200,74.86391672,62.47193092,12.39198580,10.41779456,1.97419124,86.87063046,83.71998231,78.90671780,83.54280256,78.01933280,94.58974209,63.92690000,98.26889106,29.58490894,518978427.22010577,449787035.79374039
2021-08-29,96.17000000,97.82000000,90.30000000,94.23000000,390634983.94989997,-1.99000000,-2.06817709,7.81948633,85.06460000,79.66920000,74.78593333,66.70610000,61.07060000,56.69020000,52.81305714,49.70590000,47.02144444,45.35926000,43.43281667,32.58049200,77.84331415,64.82438048,13.01893366,10.93802238,2.08091129,80.98995483,80.31159701,76.87084848,85.26424858,80.43430472,94.92413629,66.70610000,101.42813479,31.98406521,495308508.52750903,432620297.42793024
2021-08-30,94.23000000,116.84000000,93.58000000,110.25000000,1163838842.93738008,16.02000000,17.00095511,24.68428314,92.72000000,82.82990000,78.56720000,70.18660000,63.98648000,59.14040000,55.15780000,51.79465000,48.88764444,46.92062000,44.71580000,33.08574000,82.82895813,68.18924119,14.63971694,11.67836129,2.96135565,88.50627985,85.49693742,80.99080386,85.85286978,82.24049307,93.07762319,70.18660000,107.74650479,32.62669521,657708082.40057051,506532273.23620290
2021-08-31,110.26000000,130.11000000,103.06000000,108.27000000,1927599440.25778484,-1.98000000,-1.79591837,24.53292218,99.39000000,86.27680000,81.65080000,73.51905000,66.73628000,61.61056667,57.44828571,53.80892500,50.69804444,48.47062000,45.95363333,33.58109000,86.74296457,71.15818629,15.58477828,12.45964469,3.12513359,83.60362376,82.56500449,79.17198098,79.20778085,81.22958900,75.16416455,73.51905000,112.21705218,34.82104782,947163361.79221785,659651399.95313454
2021-09-01,108.27000000,119.72000000,105.89000000,110.71000000,908134889.90090001,2.44000000,2.25362520,12.77362150,103.93600000,90.07030000,84.75660000,76.99945000,69.58592000,64.19533333,59.81500000,55.86377500,52.56553333,50.10210000,47.22383333,34.09091950,90.43020079,74.08795026,16.34225052,13.23616586,3.10608467,84.84504158,83.33336426,79.75656501,76.04696834,79.50204878,69.13680746,76.99945000,115.94159593,38.05730407,984424310.56540561,729117992.56897449
2021-09-02,110.71000000,131.96000000,109.18000000,128.23000000,1113846856.86710596,17.52000000,15.82512871,20.57628037,110.33800000,95.33100000,88.46106667,81.16945000,73.20912000,67.33283333,62.58628571,58.35412500,54.87044444,52.03940000,48.78966667,34.68849050,96.24555451,78.09847247,18.14708205,14.21834909,3.92873295,90.82836421,87.61032691,83.27395098,82.14547371,80.38319042,85.67004029,81.16945000,123.33515996,39.00374004,1100811002.78261423,809894715.00135994
2021-09-03,128.20000000,148.99000000,128.12000000,146.40000000,1668352305.55914116,18.17000000,14.16985105,16.27925117,120.77200000,102.91830000,93.37013333,86.28245000,77.51928000,71.02083333,65.84474286,61.30792500,57.60213333,54.39650000,50.68120000,35.37623250,103.96162305,83.15784488,20.80377817,15.53543491,5.26834326,93.85010611,90.39808337,85.92125590,87.05418342,82.60685476,95.94884076,86.28245000,133.97938318,38.58551682,1356354467.10446239,925831487.81598568
2021-09-04,146.36000000,150.60000000,135.73000000,138.88000000,882463269.73380804,-7.52000000,-5.13661202,10.15987975,126.49800000,109.60900000,97.38593333,90.54990000,81.44888000,74.40506667,68.76291429,64.07532500,60.09502222,56.64868000,52.42543333,36.02913150,109.33368104,87.28541192,22.04826912,16.83800175,5.21026737,80.65309028,82.06153814,80.42403986,86.36411716,83.85927556,91.37380036,90.54990000,141.09609568,40.00370432,1300079352.46374798,978893717.43215919
2021-09-05,138.88000000,144.99000000,134.74000000,142.00000000,646117252.62240005,3.12000000,2.24654378,7.38047235,133.24400000,116.31700000,101.93253333,94.54910000,85.46404000,77.82090000,71.84391429,66.92275000,62.63504444,58.95264000,54.18088333,36.69795300,114.35926857,91.33834437,23.02092420,18.07458624,4.94633796,81.91894192,82.78028850,80.95165778,86.49983343,84.73946151,90.02057725,94.54910000,148.15372930,40.94447070,1043782914.93667102,995473138.36444449
2021-09-06,141.98000000,166.13000000,136.92000000,164.22000000,1281375300.43910694,22.22000000,15.64788732,20.57332019,143.94600000,123.94100000,108.02886667,99.55395000,90.38876000,81.97926667,75.58828571,70.33137500,65.65068889,61.70358000,56.36551667,37.47416750,122.03015033,96.73698553,25.29316480,19.51830195,5.77486285,88.40338949,86.86815454,84.13027802,90.16029161,86.54640488,97.38806506,99.55395000,159.51224009,39.59565991,1118430997.04431248,1051427653.80485892
2021-09-07,164.19000000,195.48000000,128.01000000,173.46000000,4280553283.79562902,9.24000000,5.62659847,41.09263658,152.99200000,131.66500000,114.55133333,104.59380000,95.53396000,86.50626667,79.56985714,73.88700000,68.86944444,64.68260000,58.70126667,38.28401150,129.94243490,102.42017179,27.52226311,21.11909418,6.40316892,90.16370271,88.14486859,85.20180136,86.23705407,86.44328794,85.82458633,104.59380000,171.56938532,37.61821468,1751772282.43001699,1426291642.60631561
2021-09-08,173.49000000,198.00000000,146.50000000,191.02000000,2877007646.00299978,17.56000000,10.12337138,29.68470805,161.91600000,141.34400000,122.58420000,110.50660000,101.40916000,91.58540000,84.00585714,77.85365000,72.48660000,68.03352000,61.35671667,39.18917700,139.33898337,108.98312203,30.35586135,22.96644762,7.38941373,92.69313799,90.13356783,86.94924756,88.37403211,87.08686933,90.94835768,110.50660000,185.99008121,35.02311879,1993503350.51878858,1674928908.81162572
2021-09-09,191.02000000,216.00000000,180.70000000,187.90000000,3302106193.71885395,-3.12000000,-1.63333682,18.47974034,171.72000000,149.10900000,130.31266667,115.96945000,106.78392000,96.49406667,88.30720000,81.63255000,76.03584444,71.25752000,63.95201667,40.07330050,146.80990901,114.82881669,31.98109232,24.76937656,7.21171576,87.87511192,87.29518058,85.08643660,83.74270987,85.97214951,79.28383059,115.96945000,197.32886759,34.61003241,2477431935.31579781,1888755643.88977313
2021-09-10,187.89000000,197.41000000,167.82000000,179.60000000,1634482755.53350019,-8.30000000,-4.41724321,15.74857629,179.24000000,156.24200000,137.29133333,121.25940000,111.48728000,101.09336667,92.30934286,85.26842500,79.40244444,74.29554000,66.43251667,40.89920500,151.85453839,119.62668212,32.22785627,26.26107250,5.96678377,75.36908035,79.98534566,80.31025463,77.80313467,83.24914457,66.91111489,121.25940000,204.80318965,37.71561035,2675105035.89801788,1859443975.41734457
2021-09-11,179.60000000,193.51000000,175.14000000,179.04000000,1248193831.14120007,-0.56000000,-0.31180401,10.22828508,182.20400000,163.07500000,143.36200000,126.57265000,116.08396000,105.69130000,96.29708571,88.91525000,82.76166667,77.30602000,68.93091667,41.71828300,156.03691710,124.02766863,32.00924847,27.41070769,4.59854078,74.51053646,79.49538892,79.99412010,71.20049869,79.23292927,55.13563753,126.57265000,210.64803087,42.49726913,2668468742.03843641,1893449869.54137468
2021-09-12,179.05000000,181.75000000,170.15000000,174.29000000,647992867.37940001,-4.75000000,-2.65303843,6.47863725,182.37000000,167.68100000,148.56666667,131.50600000,120.14904000,110.00663333,100.20108571,92.41987500,85.94066667,80.21950000,71.31300000,42.50388750,158.84508370,127.75080429,31.09427941,28.14742204,2.94685738,66.76893896,75.23117208,77.30088428,64.99929446,74.48838434,46.02111472,131.50600000,214.56653688,48.44546312,1941956658.75519061,1846864470.59260416
2021-09-13,174.31000000,175.00000000,150.30000000,169.53000000,1356943603.35820007,-4.76000000,-2.73108038,14.17015662,178.07200000,169.99400000,153.58666667,136.45615000,124.01968000,114.18630000,103.94062857,95.76412500,88.98902222,83.04514000,73.66275000,43.28231650,160.48891698,130.84555953,29.64335745,28.44660912,1.19674833,59.35324263,71.06393237,74.67200363,59.06192310,69.34623059,38.49330811,136.45615000,215.93843160,56.97386840,1637943850.22623110,1815723600.37250972
2021-09-14,169.54000000,171.83000000,142.60000000,158.88000000,1261689247.39870000,-10.65000000,-6.28207397,17.24076914,172.26800000,171.99400000,156.82866667,140.80150000,127.22916000,117.69793333,107.31891429,98.80230000,91.70315556,85.65906000,75.87290000,44.00873550,160.24139129,132.92218475,27.31920654,28.22112861,-0.90192206,45.71979635,62.60027435,69.17927111,51.06912614,63.25386244,26.69965353,140.80150000,214.75015680,66.85284320,1229860460.96219993,1853646198.13899875
2021-09-15,158.72000000,166.50000000,153.69000000,158.79000000,976500292.03180003,-0.09000000,-0.05664653,8.07081653,168.10600000,173.67300000,160.19666667,144.99500000,130.62872000,120.92373333,110.66660000,101.78392500,94.47260000,88.27280000,78.07270000,44.73672750,160.01810032,134.83831921,25.17978111,27.61285911,-2.43307799,45.61354629,62.53161653,69.13442743,45.70650005,57.40474164,22.31001686,144.99500000,212.43920462,77.55079538,1098263968.26186013,1886684502.07993889
2021-09-16,158.77000000,163.50000000,147.35000000,152.29000000,738871246.78919995,-6.50000000,-4.09345677,10.17194684,162.75600000,172.48000000,162.96866667,148.21050000,133.80932000,123.86263333,113.84340000,104.60445000,97.11977778,90.76110000,80.16631667,45.43273400,158.82916181,136.13103630,22.69812551,26.62991239,-3.93178688,37.96673689,57.55793087,65.91439769,34.87154499,49.89367609,4.82728279,148.21050000,210.11389077,86.30710923,996399451.39146006,1832434096.71494818
2021-09-17,152.30000000,153.55000000,134.00000000,147.58000000,1088492757.85380006,-4.71000000,-3.09278351,12.83650689,157.41400000,169.89200000,164.25866667,150.77850000,136.68760000,126.35986667,116.77911429,107.35270000,99.64144444,93.08800000,82.21750000,46.09570650,157.09852153,136.97910769,20.11941384,25.32781268,-5.20839884,33.13636966,54.15308105,63.67203829,28.76802186,42.85179135,0.60048289,150.77850000,207.65812257,93.89887743,1084499429.48634005,1513228044.12076521
2021-09-18,147.59000000,171.47000000,144.10000000,169.22000000,1302873557.48839998,21.64000000,14.66323350,18.54461684,157.35200000,167.71200000,165.78000000,154.52800000,140.63532000,129.57506667,120.35282857,110.61705000,102.60722222,95.82532000,84.64660000,46.87208750,158.96336437,139.36732193,19.59604244,24.18145863,-4.58541619,60.70188782,64.63780336,68.76616759,37.69311114,41.13223128,30.81487087,154.52800000,205.26740754,103.78859246,1073685420.31237984,1355814635.26930547
2021-09-19,169.22000000,170.96000000,150.60000000,152.76000000,794443935.44819999,-16.46000000,-9.72698263,12.03167474,156.12800000,164.19800000,166.70533333,156.65350000,143.86680000,132.04563333,123.18794286,113.42005000,105.17182222,98.14564000,86.74760000,47.56551650,158.00900062,140.35937216,17.64962846,22.87509260,-5.22546413,44.10524446,54.32837414,61.87917768,35.63677863,39.30041373,28.30950842,156.65350000,202.95012954,110.35687046,980236357.92227995,1105048409.44224024
2021-09-20,152.78000000,153.43000000,130.26000000,132.77000000,1432110844.58920002,-19.99000000,-13.08588636,15.16559759,150.92400000,159.51500000,166.09000000,157.87850000,146.18080000,134.01126667,125.20948571,115.69877500,107.24393333,100.11774000,88.49878333,48.16411250,154.12607745,139.79719645,14.32888100,21.16585028,-6.83696927,31.53848917,44.85093404,54.91012957,25.38276340,34.66119695,6.82589630,157.87850000,199.88223681,115.87476319,1071358468.43375993,1084811218.34781003
2021-09-21,132.77000000,144.64000000,116.00000000,124.29000000,1275393492.81970000,-8.48000000,-6.38698501,21.57113806,145.32400000,154.04000000,163.42800000,158.55750000,147.63320000,135.72843333,126.92854286,117.77847500,109.12884444,101.94020000,90.09501667,48.72287150,149.53591169,138.64851523,10.88739646,19.11015951,-8.22276305,27.54349399,41.50058412,52.30266045,21.60545809,30.30928400,4.19780627,158.55750000,197.69179019,119.42320981,1178662917.63985991,1087531184.51565981
2021-09-22,124.30000000,151.36000000,122.10000000,148.02000000,1022897106.39830005,23.73000000,19.09244509,23.53982301,145.41200000,151.41300000,161.73200000,159.54700000,149.70520000,138.14166667,129.08160000,120.35822500,111.58151111,104.21850000,92.08508333,49.39776100,149.30269451,139.34269928,9.95999522,17.28012666,-7.32013143,49.16623631,52.36355198,58.11099991,33.52119798,31.37992199,37.80374996,159.54700000,196.38602285,122.70797715,1165543787.34876013,1125021608.41755009
2021-09-23,148.02000000,152.50000000,142.92000000,149.91000000,767818469.59080005,1.89000000,1.27685448,6.47209837,141.55000000,149.45100000,158.99133333,159.72250000,151.93240000,140.78776667,131.28577143,123.00247500,114.05404444,106.50150000,94.11278333,50.07822400,149.39612612,140.12546230,9.27066382,15.67823409,-6.40757027,50.57590616,53.11992819,58.53069326,42.72484649,35.16156349,57.85141248,159.72250000,196.33052838,123.11447162,1058532769.76924002,1066109095.04080999
2021-09-24,149.90000000,151.20000000,128.15000000,139.13000000,928759366.07539999,-10.78000000,-7.19098126,15.37691795,138.82400000,147.47600000,155.74000000,159.73500000,153.08760000,143.02633333,133.01397143,125.14245000,116.24271111,108.53704000,95.96188333,50.70586000,147.81672210,140.05172435,7.76499775,14.09558682,-6.33058907,42.50779416,48.34371176,55.23686127,42.38263608,37.56858769,52.01073286,159.73500000,196.31322159,123.15677841,1085395855.89468002,1032816106.90848005
2021-09-25,139.11000000,144.18000000,133.54000000,136.06000000,446899248.13870001,-3.07000000,-2.20656940,7.64862339,139.48200000,145.20300000,152.83733333,159.43800000,154.19920000,145.06433333,134.79280000,126.99355000,118.34135556,110.46774000,97.76116667,51.31196500,146.00799562,139.75604107,6.25195456,12.52686037,-6.27490581,40.31021647,47.02997179,54.32831504,40.30965475,38.48227671,43.96441083,159.43800000,196.71237703,122.16362297,888353536.60458016,979856002.51917005
2021-09-26,136.05000000,140.81000000,124.80000000,135.64000000,579686581.99650002,-0.42000000,-0.30868734,11.76773245,141.75200000,143.53800000,149.94400000,158.00900000,155.19640000,146.65300000,136.58894286,128.78147500,120.44220000,112.39116000,99.55725000,51.91914100,144.41291937,139.45114914,4.96177024,11.01384234,-6.05207210,39.97097219,46.84000145,54.20104680,38.67527851,38.54661064,38.93261426,158.00900000,196.67678226,119.34121774,749212154.43994009,963937536.03990006
2021-09-27,135.70000000,148.92000000,133.72000000,136.35000000,740686665.92620003,0.71000000,0.52344441,11.20117907,139.41800000,142.41500000,147.41466667,156.15350000,155.52120000,147.99066667,138.32400000,130.37365000,122.47597778,114.36516000,101.30916667,52.52073600,143.17247024,139.22143439,3.95103585,9.60128104,-5.65024519,40.97859333,47.23307200,54.38952056,38.12582857,38.40634995,37.56478580,156.15350000,195.25851073,117.04848927,692770066.34552002,929156926.84713995
2021-09-28,136.34000000,139.40000000,128.17000000,132.20000000,521861056.39980000,-4.15000000,-3.04363770,8.23676104,135.87600000,138.71300000,144.92600000,153.21250000,154.95320000,149.25633333,140.08608571,131.85955000,124.43286667,116.23624000,102.97326667,53.10893750,141.48439790,138.70132813,2.78306976,8.23763879,-5.45456903,36.66216030,45.10639294,53.05778614,39.84414932,38.88561641,41.76121513,153.21250000,190.05874261,116.36625739,643578583.70731997,851055676.73828006
2021-09-29,132.22000000,140.17000000,131.12000000,135.25000000,502380517.69169998,3.05000000,2.30711044,6.84465285,135.10000000,136.96200000,143.35066667,150.58000000,154.80800000,150.08966667,141.89400000,133.27472500,126.24884444,118.12844000,104.61503333,53.70867100,140.52525976,138.44567420,2.07958556,7.00602814,-4.92644258,42.04591204,47.01895946,53.92299662,44.14267489,40.63796923,51.15208619,150.58000000,184.38951034,116.77048966,558302814.03057992,821849334.96263003
2021-09-30,135.24000000,142.95000000,134.02000000,141.37000000,465705307.71850002,6.12000000,4.52495379,6.60307601,136.16200000,137.82200000,142.18933333,148.66850000,154.78280000,151.19300000,143.79257143,134.96395000,128.01226667,120.12342000,106.40178333,54.34321850,140.65521980,138.66229092,1.99292887,6.00340829,-4.01047942,51.89215428,50.77331595,55.63511030,50.55783589,43.94459145,63.78432476,148.66850000,179.78536378,117.55163622,562064025.94654012,725208781.27556002
2021-10-01,141.38000000,164.95000000,138.25000000,161.56000000,1029107048.85420001,20.19000000,14.28167221,18.88527373,141.34600000,141.54900000,142.80733333,147.79450000,154.67640000,152.88800000,145.89485714,137.18357500,130.17753333,122.53258000,108.54166667,55.08023000,143.87133983,140.35841752,3.51292230,5.50531109,-1.99238879,71.23757243,60.77643697,60.66641073,64.22411143,50.70443144,91.26347140,147.79450000,176.18173395,119.40726605,651948119.31808007,700580136.87900996
2021-10-02,161.62000000,175.00000000,156.06000000,168.98000000,839389841.28699994,7.42000000,4.59272097,11.71884668,147.87200000,143.64500000,144.23400000,147.52900000,154.49720000,154.24633333,147.97371429,139.51750000,132.31791111,125.01558000,110.78958333,55.85693400,147.73421062,142.47853474,5.25567588,5.45538405,-0.19970817,75.57002712,63.73121018,62.30574313,72.15206366,57.85364218,100.74890662,147.52900000,174.95591947,120.10208053,671688754.39023995,682229410.36787999
2021-10-03,169.00000000,177.79000000,165.58000000,172.98000000,730363770.83630002,4.00000000,2.36714404,7.22485207,156.02800000,145.95200000,144.48466667,147.70150000,153.77560000,155.13233333,150.22371429,142.07882500,134.54493333,127.59238000,113.07658333,56.65082500,151.61817822,144.73790254,6.88027568,5.74036237,1.13991330,77.73916553,65.26982099,63.16922611,78.40898098,64.70542178,105.81609938,147.70150000,175.74745798,119.65554202,713389297.27753997,678483940.49242997
2021-10-04,172.99000000,173.34000000,162.00000000,167.13000000,725561361.65540004,-5.85000000,-3.38189386,6.55529221,162.40400000,148.75200000,145.44266667,148.11400000,152.94480000,156.07400000,151.84885714,144.45775000,136.51131111,129.86436000,115.23953333,57.41545500,154.00461234,146.39657643,7.60803591,6.11389708,1.49413883,67.25850594,61.13220474,61.03549188,78.90031959,69.43705438,97.82684999,148.11400000,177.07982189,119.14817811,758025466.07027996,658164140.05043006
2021-10-05,167.13000000,170.18000000,159.68000000,164.62000000,559005861.27849996,-2.51000000,-1.50182493,6.28253455,167.05400000,151.60800000,147.56600000,148.40550000,152.34560000,156.82800000,153.45885714,146.70025000,138.52951111,131.91644000,117.32445000,58.16777900,155.63774890,147.74645965,7.89128925,6.46937552,1.42191373,62.89285364,59.37057174,60.12620728,77.08630737,71.98680538,87.28531136,148.40550000,177.93554213,118.87545787,776685576.78227997,669374801.36441004
2021-10-06,164.64000000,165.42000000,150.10000000,153.87000000,707202511.64440000,-10.75000000,-6.53019074,9.30515063,165.51600000,153.43100000,149.53800000,148.48450000,151.33880000,156.48300000,154.69200000,148.34750000,140.33162222,133.71138000,119.23113333,58.86618200,155.36578753,148.20005524,7.16573230,6.60864687,0.55708543,47.16042893,52.32554794,56.37296649,68.65541545,70.87634207,64.21356221,148.48450000,178.06670552,118.90229448,712304669.34031999,682126394.32920003
2021-10-07,153.90000000,161.42000000,150.34000000,154.26000000,507033126.61409998,0.39000000,0.25346071,7.19948018,162.57200000,155.22200000,149.95400000,148.81850000,150.53760000,155.84300000,155.43571429,149.79850000,142.07911111,135.34332000,121.17463333,59.56579600,155.19566637,148.64894003,6.54672634,6.59626277,-0.04953642,47.72965802,52.54839497,56.47581850,62.29766787,68.01678400,50.85943560,148.81850000,178.50835244,119.12864756,645833326.40574002,658761040.39798999
2021-10-08,154.26000000,168.97000000,152.39000000,158.86000000,603926551.16550004,4.60000000,2.98197848,10.74808764,159.74800000,157.88800000,150.55066667,148.30050000,150.11080000,154.77100000,155.79171429,151.41425000,144.04206667,137.06524000,123.17820000,60.28611400,155.75941001,149.40531484,6.35409516,6.54782925,-0.19373408,54.64519052,55.24047746,57.70309472,60.44884506,65.49413769,50.35825981,148.30050000,176.83048015,119.77051985,620545882.47157991,666967589.87456000
2021-10-09,158.88000000,161.54000000,154.18000000,156.84000000,290322350.98629999,-2.02000000,-1.27155986,4.63242699,157.69000000,160.04700000,151.73133333,148.50450000,150.02920000,153.73566667,156.30485714,152.57900000,145.92800000,138.62918000,125.11486667,60.99953800,155.92565462,149.95603226,5.96962236,6.43218787,-0.46256551,51.08373356,53.77886844,56.96703631,55.97112348,62.31979962,43.27377121,148.50450000,177.22644281,119.78255719,533498080.33775997,645761773.20401990
2021-10-10,156.80000000,158.50000000,145.55000000,147.55000000,312056345.86870003,-9.29000000,-5.92323387,8.25892857,154.27600000,160.66500000,152.49733333,149.24350000,149.57960000,152.66733333,156.46342857,153.56100000,147.54200000,140.10416000,126.88035000,61.66930150,154.63709237,149.77780765,4.85928472,6.11760724,-1.25832252,37.57029318,47.47647944,53.68093470,39.38190697,54.67383540,8.79805010,149.24350000,177.00536955,121.48163045,484108177.25580007,630396877.01903999
2021-10-11,147.56000000,154.00000000,140.24000000,144.77000000,326311439.88050002,-2.78000000,-1.88410708,9.32502033,152.45600000,158.98600000,153.10600000,150.26750000,149.27880000,151.52500000,155.90771429,154.41250000,148.80400000,141.54406000,128.60815000,62.32825800,153.11907816,149.40685894,3.71221923,5.63652964,-1.92431041,34.31097550,45.72709679,52.73112438,30.27590957,46.54119346,-2.25465820,150.26750000,175.55444348,124.98055652,407929962.90302002,560117316.12167001
2021-10-12,144.79000000,153.50000000,137.61000000,152.32000000,492107861.12089998,7.55000000,5.21516889,10.97451481,152.06800000,157.32000000,154.17066667,150.48250000,149.46840000,150.79266667,155.30371429,155.01475000,150.05066667,143.07800000,130.39965000,63.01602600,152.99614306,149.62264716,3.37349590,5.18392289,-1.81042699,48.78950574,51.06883480,54.98811412,33.90723480,42.32987391,17.06195658,150.48250000,175.76210349,125.20289651,404944909.80438000,525389118.10505998
2021-10-13,152.35000000,155.56000000,144.28000000,148.04000000,407781874.70289999,-4.28000000,-2.80987395,7.40400394,149.90400000,154.82600000,155.22666667,150.38900000,148.62120000,150.07633333,154.07571429,155.05575000,151.24644444,144.62826000,132.13131667,63.67393150,152.23365951,149.50541404,2.72824547,4.69278740,-1.96454193,42.42796987,48.13875300,53.47766205,33.27926799,39.31300527,21.21179342,150.38900000,175.69134181,125.08665819,365715974.51186001,493130928.49172002
2021-10-14,148.05000000,155.65000000,147.27000000,150.02000000,401621913.40859997,1.98000000,1.33747636,5.66024992,148.54000000,153.11500000,156.21133333,150.93350000,148.51160000,149.78100000,152.99342857,155.33425000,152.13022222,146.18920000,133.73946667,64.33370900,151.89309651,149.54353152,2.34956499,4.22414292,-1.87457793,46.31394254,49.59817223,54.08647459,35.37708002,38.00103018,30.12917969,150.93350000,175.67822556,126.18877444,387975886.99632001,460736983.66703999
2021-10-15,150.01000000,165.75000000,146.68000000,163.18000000,857073350.24629998,13.16000000,8.77216371,12.71248583,151.66600000,152.97100000,157.66533333,152.28950000,149.72800000,149.92733333,152.52428571,155.86375000,153.35044444,147.95440000,135.42553333,65.05485700,153.62954320,150.55364030,3.07590291,3.99449492,-0.91859201,65.10140385,58.13942473,57.90686249,50.76371661,42.25525899,67.78063185,152.28950000,176.57036921,128.00863079,496979287.87184000,490543732.56382000
2021-10-16,163.15000000,164.80000000,156.36000000,157.54000000,317763749.06489998,-5.64000000,-3.45630592,5.17315354,154.22000000,153.33800000,157.39733333,153.38450000,151.05800000,150.10233333,151.91000000,155.69675000,154.39111111,149.34560000,136.98248333,65.74721450,154.23115194,151.07114842,3.16000352,3.82759664,-0.66759312,55.17187210,53.87123258,55.82938520,55.02657638,46.51236479,72.05499956,153.38450000,176.44868639,130.32031361,495269749.70872003,451599856.30586994
2021-10-17,157.54000000,167.65000000,153.13000000,160.12000000,496800526.51929998,2.58000000,1.63767932,9.21670687,155.78000000,153.92400000,156.80666667,154.57300000,151.54200000,150.52033333,151.50514286,155.36325000,155.09977778,150.62360000,138.44010000,66.45088400,155.13712856,151.74143372,3.39569484,3.74121628,-0.34552144,58.63518219,55.50145987,56.57307081,61.66219162,51.56230707,81.86196073,154.57300000,176.35535123,132.79064877,496208282.78839999,450576596.29638994
2021-10-18,160.11000000,162.98000000,154.91000000,157.12000000,354661694.78359997,-3.00000000,-1.87359480,5.04028480,157.59600000,153.75000000,155.74933333,155.81900000,151.83040000,150.11700000,151.15057143,154.51575000,155.33800000,151.88140000,139.84603333,67.14126250,155.44218571,152.13984604,3.30233967,3.65344096,-0.35110129,52.92933652,53.12009857,55.44049319,62.75704031,55.29388481,77.68335130,155.81900000,174.89569937,136.74230063,485584246.80453998,425650110.65820003
2021-10-19,157.12000000,159.45000000,153.06000000,155.78000000,285106689.83499998,-1.34000000,-0.85285132,4.06695519,158.74800000,153.64400000,154.99266667,156.84550000,152.49640000,150.21766667,151.06200000,153.71275000,155.71355556,152.79200000,141.13165000,67.82141200,155.49415714,152.40948707,3.08467006,3.53968678,-0.45501671,50.30546997,52.03225700,54.92796392,62.00003309,57.52926757,70.94156412,156.84550000,173.28976565,140.40123435,462281202.08982003,425128544.54307002
2021-10-20,155.77000000,176.87000000,155.00000000,176.72000000,648992235.63950002,20.94000000,13.44203364,14.03993067,161.45600000,156.56100000,155.79933333,158.61300000,154.12280000,151.68266667,151.57428571,153.64075000,156.48511111,154.16100000,142.84696667,68.59251200,158.75967142,154.21026581,4.54940561,3.74163055,0.80777507,74.24626705,64.44500296,60.83234574,74.53933264,63.19928926,97.21941939,158.61300000,175.64232097,141.58367903,420664979.16846001,458822133.52015001
2021-10-21,176.72000000,194.21000000,176.70000000,190.50000000,1457539718.58780003,13.78000000,7.79764599,9.90832956,168.04800000,161.13400000,158.24133333,160.06000000,156.31720000,153.88966667,152.66600000,153.92725000,157.06911111,155.75680000,144.80905000,69.42613450,163.64279890,156.89839427,6.74440463,4.34218536,2.40221927,81.34379498,70.01531122,64.06487430,80.54942090,68.98266647,103.68292976,160.06000000,182.27288957,137.84711043,648620173.07304001,571944961.39087999
2021-10-22,190.46000000,215.10000000,187.96000000,196.29000000,1702782574.06820011,5.79000000,3.03937008,14.24971123,175.28200000,165.53100000,161.04333333,161.42550000,158.71480000,155.49866667,154.05771429,154.47725000,157.57644444,157.11800000,146.82016667,70.29272600,168.66544522,159.81629099,8.84915423,5.24357914,3.60557510,83.61990813,72.02429975,65.31977529,77.86896013,71.94476436,89.71735167,161.42550000,188.72294116,134.12805884,889816582.58282018,693012432.68561006
2021-10-23,196.29000000,205.78000000,191.86000000,197.75000000,651763689.78380001,1.46000000,0.74379744,7.09154822,183.40800000,170.50200000,163.63600000,162.66400000,161.33680000,157.09333333,154.87285714,155.18275000,157.72600000,158.14500000,148.94055000,71.15620200,173.13999211,162.62619536,10.51379675,6.29762266,4.21617409,84.20308250,72.53057916,65.63553562,76.79327928,73.56093600,83.25796583,162.66400000,194.10232418,131.22567582,949236981.58285999,717410614.19370008
2021-10-24,197.75000000,204.86000000,185.22000000,202.14000000,693230334.26139998,4.39000000,2.21997472,9.93173198,192.68000000,175.71400000,166.65600000,164.41450000,164.01240000,159.19366667,156.28371429,156.26425000,158.04244444,159.41020000,151.11000000,72.03420950,177.60153179,165.55314385,12.04838793,7.44777571,4.60061222,86.00137520,74.06984837,66.58997327,77.56560333,74.89582511,82.90515978,164.41450000,200.46088385,128.36811615,1030861710.46814001,746571456.27898002
2021-10-25,202.15000000,218.93000000,198.00000000,209.70000000,1030729845.09319997,7.56000000,3.73998219,10.35369775,199.27600000,180.36600000,170.79933333,166.66850000,166.74560000,161.64833333,158.48171429,157.53700000,158.71133333,160.76420000,153.35633333,72.94801750,182.53975766,168.82328134,13.71647632,8.70151583,5.01496049,88.66735988,76.53956422,68.17816832,80.37291930,76.72152317,87.67571156,166.66850000,208.01682130,125.32017870,1107209232.35888004,763937105.76367009
2021-10-26,209.73000000,214.20000000,196.36000000,199.85000000,654485744.34560001,-9.85000000,-4.69718646,8.50617461,201.14600000,184.59700000,174.47133333,168.96750000,168.27720000,163.78866667,160.64057143,158.72600000,159.17377778,161.47680000,155.22083333,73.80918150,185.20287187,171.12155680,14.08131507,9.77747568,4.30383939,68.32333010,67.41334667,64.03939111,77.25989772,76.90098136,77.97773045,168.96750000,212.38105543,125.55394457,946598437.51044011,797609305.29174006
2021-10-27,199.87000000,205.49000000,176.94000000,184.49000000,956618126.27040005,-15.36000000,-7.68576432,14.28428479,198.78600000,187.03400000,176.61600000,170.47900000,168.89760000,165.39333333,161.68257143,159.64875000,159.40044444,161.69740000,156.69200000,74.59762100,185.09319927,172.11181185,12.98138742,10.41825803,2.56312939,47.80034704,56.04526238,58.28231579,67.41166401,73.73787558,54.75924089,170.47900000,213.84147366,127.11652634,797365547.95088005,843591065.26685011
2021-10-28,184.45000000,201.38000000,181.64000000,195.42000000,678298772.12979996,10.93000000,5.92444035,10.70208729,198.32000000,190.86400000,179.77466667,172.30700000,169.79520000,167.50066667,162.98285714,160.30375000,159.97577778,161.78540000,158.37850000,75.43546250,186.68193785,173.83834431,12.84359354,10.90332513,1.94026841,58.45619322,61.13315765,60.89281533,66.01624360,71.16399825,55.72073431,172.30700000,216.67784206,127.93615794,802672564.42007995,875954773.00146997
2021-10-29,195.37000000,205.22000000,194.45000000,200.41000000,497606675.46850002,4.99000000,2.55347457,5.51261709,197.97400000,195.32700000,183.13400000,174.48550000,171.12640000,169.67266667,164.73371429,161.49500000,160.89866667,162.03560000,159.88116667,76.29480050,188.79394741,175.80661510,12.98733231,11.32012657,1.66720574,62.63495373,63.25170701,62.02486769,62.72580263,68.35126638,51.47487513,174.48550000,219.92440866,129.04659134,763547832.66149998,897204771.56482005
2021-10-30,200.36000000,200.62000000,187.30000000,195.70000000,313557872.68709999,-4.71000000,-2.35018213,6.64803354,195.17400000,197.22500000,185.30200000,176.89300000,172.36960000,171.48366667,166.43771429,163.06825000,161.71888889,162.35760000,161.33833333,77.13604700,189.85641704,177.28019917,12.57621787,11.57134483,1.00487304,56.22874361,59.89027335,60.30549273,56.70963646,64.47072307,41.18746323,176.89300000,221.41599517,132.37000483,620113438.18027997,863661335.26958013
2021-10-31,195.69000000,205.00000000,185.31000000,202.49000000,463132484.49580002,6.79000000,3.46959632,10.06183249,195.70200000,198.42400000,188.29866667,179.77900000,174.31440000,172.84800000,168.34771429,165.02325000,162.83444444,162.82660000,162.86800000,78.01646350,191.80004519,179.14759182,12.65245337,11.78756654,0.86488683,62.80912322,62.98398205,61.89449580,58.08903128,62.34349247,49.58010888,179.77900000,222.99851455,136.55948545,581842786.21032012,764220611.86037993
2021-11-01,202.53000000,211.66000000,197.70000000,203.90000000,645166048.77649999,1.41000000,0.69633068,6.89280600,199.58400000,199.18500000,191.21733333,182.35800000,176.30000000,174.01200000,170.27771429,166.42025000,164.08600000,163.41880000,164.12916667,78.89705550,193.66157670,180.98110354,12.68047316,11.96614786,0.71432530,64.15206345,63.61965601,62.22218633,60.12794194,61.60497563,57.17387457,182.35800000,224.82768385,139.88831615,519552370.71154004,658458959.33120990
2021-11-02,203.91000000,222.22000000,200.97000000,220.82000000,605529841.35930002,16.92000000,8.29818538,10.42126428,204.66400000,201.49200000,195.46400000,185.99700000,178.77840000,175.60666667,172.80971429,168.19300000,165.23266667,164.44460000,165.36950000,79.87465750,197.83979567,183.93213291,13.90766276,12.35445084,1.55321192,76.41544877,70.29713925,65.89469449,72.38800370,65.19931832,86.76537446,185.99700000,228.55768267,143.43631733,504998584.55743998,653835574.48875999
2021-11-03,220.81000000,247.00000000,215.69000000,243.37000000,1212857714.67852807,22.55000000,10.21193732,14.17961143,213.25600000,205.61500000,201.30333333,190.66450000,182.23960000,178.14800000,175.89885714,170.79900000,167.24622222,166.13440000,167.11100000,80.96725750,204.84444249,188.33493788,16.50950461,13.18546159,3.32404302,84.75572482,76.55392068,69.95639244,79.86491140,70.08784935,99.41903551,190.66450000,236.92647960,144.40252040,648048792.39944565,705798312.53047287
2021-11-04,243.37000000,250.50000000,234.00000000,247.07000000,859506826.42667997,3.70000000,1.52031886,6.77980030,223.53000000,209.35200000,205.99333333,194.85900000,186.22040000,180.89633333,178.91885714,173.57425000,169.78622222,167.90000000,168.86216667,82.04092850,211.34068210,192.68568322,18.65499889,14.27936905,4.37562983,85.74807031,77.40582899,70.55675004,85.02232085,75.06600651,104.93494952,194.85900000,245.62184837,144.09615163,757238583.14736164,688676010.66382074
2021-11-05,247.06000000,248.84000000,230.34000000,236.06000000,532866847.47350001,-11.01000000,-4.45622698,7.48805958,230.24400000,212.97300000,209.03066667,198.78500000,189.87200000,183.63600000,181.04742857,176.08475000,172.27000000,169.57540000,170.05950000,83.06387300,215.14365409,195.89859557,19.24505852,15.27250695,3.97255157,69.57549237,69.23909914,66.43462271,83.02485249,77.71895517,93.63664713,198.78500000,249.54068374,148.02931626,771185455.74290156,676514120.97661090
2021-11-06,236.04000000,259.90000000,234.79000000,258.44000000,753428880.69400001,22.38000000,9.48064052,10.63802745,241.15200000,220.36800000,213.17400000,203.70100000,194.11680000,187.10866667,183.60342857,179.13700000,174.72377778,171.79260000,171.47583333,84.19755900,221.80463038,200.53129220,21.27333819,16.47267319,4.80066499,79.16206831,75.07133272,70.13542089,88.03077935,81.15622990,101.77987825,203.70100000,257.63479563,149.76720437,792838022.12640166,656195196.41897082
2021-11-07,258.41000000,258.66000000,245.65000000,249.68000000,484918560.74540001,-8.76000000,-3.38956818,5.03463488,246.92400000,225.79400000,216.63600000,208.32900000,198.18240000,190.13600000,185.79485714,182.07400000,176.94088889,173.40180000,172.45350000,85.28319200,226.09314879,204.17193722,21.92121157,17.56238087,4.35883070,68.95643359,69.44878565,67.11311315,87.45333004,83.25526328,95.84946356,208.32900000,261.30957078,155.34842922,768715766.00362170,636857175.28053069
2021-11-08,249.62000000,253.30000000,240.68000000,248.26000000,566280886.19949996,-1.42000000,-0.56872797,5.05568464,247.90200000,230.57900000,219.71066667,212.95300000,202.11200000,193.18333333,188.11285714,184.89925000,179.36600000,175.31180000,173.45950000,86.32999200,229.50343359,207.43771965,22.06571394,18.46304748,3.60266646,67.26946747,68.54100227,66.62746448,86.43378369,84.31477008,90.67181090,212.95300000,262.66465069,163.24134931,639400400.30781591,643724596.35363078
2021-11-09,248.27000000,253.22000000,237.62000000,239.04000000,541627505.47560000,-9.22000000,-3.71384838,6.28348169,246.29600000,234.91300000,221.66666667,216.06900000,205.14640000,196.23300000,190.23914286,187.34100000,181.65444444,177.43720000,174.45016667,87.33824550,230.97059765,209.77862930,21.19196835,19.00883166,2.18313669,56.49979982,62.73277987,63.51354652,79.77686329,82.80213448,73.72632091,216.06900000,263.99864401,168.13935599,575824536.11759996,666531559.63248086
2021-11-10,239.06000000,248.00000000,217.50000000,233.09000000,731537386.82700002,-5.95000000,-2.48912316,12.75830335,245.70200000,237.97300000,223.88266667,218.19850000,208.16840000,199.17700000,192.50257143,189.12925000,183.82000000,179.61320000,175.35100000,88.29949500,231.29665955,211.50539750,19.79126205,19.16531773,0.62594431,50.26762064,59.20097844,61.57564242,71.35302397,78.98576431,56.08754328,218.19850000,265.11878280,171.27821720,615558643.98830009,693372049.86560082
2021-11-11,233.06000000,246.50000000,229.40000000,233.37000000,478333948.47899997,0.28000000,0.12012527,7.33716639,240.68800000,240.92000000,227.14133333,220.05250000,211.09840000,201.87866667,194.76285714,190.73900000,185.97600000,181.32020000,176.33566667,89.22932000,231.61563500,213.12499769,18.49063732,19.03038165,-0.53974433,50.57548383,59.31855689,61.63312639,60.89900007,72.95684290,36.78331442,220.05250000,266.25259609,173.85240391,560539657.54529989,676688839.83585083
2021-11-12,233.34000000,239.09000000,220.83000000,228.48000000,484150570.23290002,-4.89000000,-2.09538501,7.82549070,236.44800000,241.68600000,229.34533333,221.58900000,213.95280000,204.56000000,196.75200000,192.12650000,188.11555556,182.89160000,177.31816667,90.15233000,231.13322962,214.26240527,16.87082435,18.59847019,-1.72764584,44.76764157,56.23114691,59.99741397,49.23140885,65.04836488,17.59749679,221.58900000,266.69714323,176.48085677,560386059.44279993,664550912.72321081
2021-11-13,228.46000000,241.97000000,224.79000000,241.59000000,339685082.78869998,13.11000000,5.73792017,7.51991596,235.11400000,241.50800000,232.09066667,223.56150000,217.38520000,207.61233333,199.17342857,193.98800000,190.47866667,184.94080000,178.69666667,91.14454500,232.74196352,216.28667154,16.45529198,18.16983455,-1.71454257,59.66807234,62.01362472,62.76215544,51.75961848,60.61878275,34.04128994,223.56150000,268.53868265,178.58431735,515066898.76063997,577233649.53422797
2021-11-14,241.58000000,242.00000000,230.40000000,238.64000000,253873402.65490001,-2.95000000,-1.22107703,4.80172200,235.03400000,240.66500000,234.95333333,225.00850000,219.86200000,210.12766667,201.77600000,195.83850000,192.64022222,186.99240000,180.02750000,92.11358000,233.64935375,217.94247365,15.70688010,17.67724366,-1.97036356,55.61662293,60.06565192,61.75990602,51.12590918,57.45449156,38.46874441,225.00850000,269.97010199,180.04689801,457516078.19650000,516670307.15705001
2021-11-15,238.63000000,246.36000000,234.49000000,238.20000000,463075752.69910002,-0.44000000,-0.18437814,4.97422788,236.05600000,240.87900000,237.33400000,226.92600000,221.77000000,212.81633333,204.44542857,197.94675000,194.34333333,189.04360000,181.45933333,93.09216000,234.34945317,219.44303116,14.90642202,17.12307933,-2.21665731,54.94883463,59.76021107,61.60679000,50.84778785,55.25225699,42.03884957,226.92600000,270.62321485,183.22878515,403823751.37092000,509691197.67960995
2021-11-16,238.18000000,238.21000000,213.81000000,219.04000000,576884837.30030000,-19.16000000,-8.04366079,10.24435301,233.19000000,236.93900000,238.34333333,228.65350000,222.68000000,214.78033333,206.35171429,199.56625000,195.45577778,190.69740000,182.65033333,93.97343000,231.99415269,219.41317700,12.58097569,16.21465860,-3.63368291,33.76438728,48.13300680,55.36930789,38.31314497,49.60588631,15.72766227,228.65350000,267.77964163,189.52735837,423533929.13518000,492036793.34024000
2021-11-17,219.09000000,222.44000000,209.53000000,218.94000000,451229368.13120002,-0.10000000,-0.04565376,5.89255557,231.28200000,233.86500000,238.21800000,229.82950000,223.52760000,216.84100000,208.37742857,201.06825000,196.47711111,192.43220000,183.47900000,94.81978000,229.98582150,219.37812685,10.60769465,15.09326581,-4.48557116,33.68305632,48.07974469,55.33879394,32.72146645,43.97774636,10.20890662,229.82950000,266.05623655,193.60276345,416949688.71483999,488667874.07882005
2021-11-18,218.90000000,222.78000000,186.50000000,195.01000000,624208055.02069998,-23.93000000,-10.92993514,16.57377798,221.96600000,228.54000000,234.99400000,229.55950000,223.24240000,218.14866667,209.66285714,202.02250000,197.09666667,193.62740000,184.18316667,95.56034500,224.60492589,217.57308042,7.03184547,13.48098174,-6.44913627,19.91071433,37.30371575,48.64471274,26.42677709,38.12742327,3.02548473,229.55950000,266.77641945,192.34258055,473854283.16123998,494460590.96094000
2021-11-19,195.19000000,219.59000000,188.99000000,215.25000000,559175543.82700002,20.24000000,10.37895493,15.67703263,217.28800000,226.16100000,232.87266667,230.53700000,223.46440000,219.43300000,211.15057143,203.71500000,198.22177778,195.10500000,185.55783333,96.40703500,223.16570652,217.40100039,5.76470613,11.93772662,-6.17302049,43.39969361,48.04754385,53.59857390,33.59007361,36.61497338,27.54027408,230.53700000,264.92918583,196.14481417,534914711.39566004,496215394.79607999
2021-11-20,215.25000000,221.17000000,205.84000000,217.63000000,334473495.72750002,2.38000000,1.10569106,7.12195122,213.17400000,224.61500000,231.64400000,231.29400000,224.17560000,220.33733333,212.86742857,205.53650000,199.63866667,196.22640000,187.11350000,97.28200500,222.31405936,217.41796332,4.89609604,10.52940051,-5.63330446,45.64898180,49.16501157,54.14136120,39.72827494,37.65274057,43.87934367,231.29400000,263.69576110,198.89223890,509194260.00134003,456509005.68612993
2021-11-21,217.64000000,240.00000000,210.53000000,230.51000000,420452594.56840003,12.88000000,5.91830170,13.54070943,215.46800000,224.32900000,229.78200000,232.62450000,226.01640000,221.47800000,214.87857143,207.49125000,201.33311111,197.45700000,188.48833333,98.20965500,223.57497331,218.38774382,5.18722949,9.46096630,-4.27373681,56.79827960,54.89297872,56.98295035,50.99270005,42.09939373,68.77931270,232.62450000,262.36612738,202.88287262,477907811.45496005,450720870.29506999
2021-11-22,230.56000000,231.99000000,211.60000000,215.59000000,541317085.39090002,-14.92000000,-6.47260423,8.84368494,214.79800000,223.04000000,227.50933333,232.36300000,226.82320000,222.07266667,216.54914286,209.18000000,202.59377778,198.30920000,189.58300000,99.07012500,222.34651588,218.18050353,4.16601234,8.40197551,-4.23596317,44.19582182,48.05099970,53.01237235,50.19404193,44.79760980,60.98690620,232.36300000,262.62898306,202.09701694,495925354.90690005,456437521.81086999
2021-11-23,215.58000000,226.08000000,210.91000000,221.75000000,360287368.56680000,6.16000000,2.85727538,7.03683087,220.14600000,221.05600000,225.74200000,231.28200000,227.67680000,222.72633333,218.43400000,210.97325000,204.03622222,199.40160000,190.96000000,99.96296500,222.25474420,218.44491068,3.80983352,7.48354711,-3.67371359,49.72276031,50.81234976,54.38180964,53.09182927,47.56234962,64.15078857,231.28200000,261.43686945,201.12713055,443141217.61612004,458497750.38867998
2021-11-24,221.76000000,222.47000000,200.14000000,205.70000000,396608869.98659998,-16.05000000,-7.23788050,10.06944444,218.23600000,217.76200000,223.51933333,229.21350000,228.07680000,222.59300000,219.26200000,212.03625000,205.32844444,200.22320000,192.12066667,100.76340500,219.70786048,217.50084322,2.20701726,6.42824114,-4.22122388,37.96598626,44.14292652,50.38905542,47.35716967,47.49395630,47.08359640,229.21350000,260.46411904,197.96288096,410627882.84803998,472771297.12185001
2021-11-25,205.76000000,216.35000000,201.93000000,209.97000000,370397490.60100001,4.27000000,2.07583860,7.00816485,216.70400000,214.93900000,221.97800000,227.90900000,228.37600000,222.93033333,219.81828571,213.34700000,206.77733333,201.34520000,193.35950000,101.59160500,218.20972810,216.94300298,1.26672512,5.39593794,-4.12921282,42.32002314,46.19268058,51.38004641,46.19449941,47.06080400,44.46189021,227.90900000,260.11968466,195.69831534,417812681.82273996,463503470.91204005
2021-11-26,209.94000000,210.53000000,182.70000000,192.42000000,540229501.11969995,-17.55000000,-8.35833691,13.25616843,209.08600000,212.27700000,219.24800000,224.60800000,227.91680000,223.19466667,219.70771429,214.15450000,207.66844444,202.10840000,194.29400000,102.33943500,214.24207762,215.12648424,-0.88440662,4.13986903,-5.02427565,31.43729308,39.66616217,47.32569093,36.45078320,43.52413040,22.30408879,224.60800000,257.17422118,192.04177882,441768063.13300002,459837937.29398000
2021-11-27,192.37000000,199.39000000,190.61000000,192.74000000,201451693.22639999,0.32000000,0.16630288,4.56412122,204.51600000,209.65700000,216.86533333,221.76100000,226.79360000,223.10533333,219.56457143,215.04500000,208.66177778,202.78600000,195.30300000,103.08044500,210.93406568,213.46822615,-2.53416047,2.80506313,-5.33922360,31.82090957,39.83524983,47.40465526,30.14112714,39.06312931,12.29712278,221.76100000,255.04608495,188.47591505,373794984.70010000,434860169.80350000
2021-11-28,192.74000000,202.10000000,180.93000000,200.69000000,297730465.47869998,7.95000000,4.12472761,10.98370862,200.30400000,210.22500000,214.13866667,219.38250000,225.08640000,223.11466667,219.52314286,216.16775000,209.78777778,203.66300000,196.39366667,103.86535000,209.35805557,212.52169088,-3.16363531,1.61132344,-4.77495875,41.56768194,44.08246912,49.37218713,31.24469702,36.45698522,20.82012064,219.38250000,251.47170125,187.29329875,361283604.08248001,402212410.84930003
2021-11-29,200.71000000,212.75000000,199.63000000,204.09000000,299901553.19010001,3.40000000,1.69415516,6.53679438,199.98200000,209.10900000,211.83533333,217.63500000,223.36720000,223.39433333,219.36285714,216.85200000,210.69688889,204.79380000,197.43900000,104.68055500,208.54758549,211.89712119,-3.34953570,0.61915161,-3.96868731,45.56167588,45.86541328,50.20350749,33.89903790,35.60433611,30.48844148,217.63500000,249.01559441,186.25440559,341942140.72317994,376285011.78561002
2021-11-30,204.10000000,218.28000000,199.55000000,208.53000000,457195214.44790000,4.44000000,2.17551080,9.17687408,199.69400000,208.19900000,209.85733333,216.40700000,222.26600000,223.59566667,219.61085714,217.30275000,211.83000000,206.06900000,198.22183333,105.50970500,208.54488003,211.64770480,-3.10282477,-0.12524367,-2.97758111,50.82854630,48.21756244,51.29332846,40.61737662,37.27534961,47.30143063,216.40700000,247.15695052,185.65704948,359301685.49255997,388557183.65764999
2021-12-01,208.52000000,232.63000000,207.89000000,229.81000000,577828638.85609996,21.28000000,10.20476670,11.86456935,207.17200000,208.12900000,210.57533333,216.22900000,221.12080000,224.45933333,220.90571429,218.14075000,213.37866667,207.61880000,199.23566667,106.44132500,211.81643695,212.99306000,-1.17662306,-0.33551954,-0.84110351,68.40772776,57.80366336,56.09848934,58.59340259,44.38136727,87.01747323,216.22900000,246.60444292,185.85355708,366821513.03984004,404294788.08642000
2021-12-02,229.81000000,243.12000000,220.00000000,233.60000000,700072045.58430004,3.79000000,1.64918846,10.06048475,215.34400000,209.93000000,211.55266667,216.48500000,220.47760000,224.88533333,221.99657143,219.03700000,215.07822222,209.33000000,200.24600000,107.37507500,215.16775434,214.51950000,0.64825434,-0.13876477,0.78701910,70.65025998,59.26868515,56.88891213,67.29295929,52.01856461,97.84174864,216.48500000,247.37708619,185.59291381,466545583.51141995,420170284.10575998
2021-12-03,233.59000000,239.37000000,204.68000000,211.65000000,641504675.38059998,-21.95000000,-9.39640411,14.85080697,217.53600000,208.92000000,212.66200000,214.98800000,219.01320000,223.82800000,222.31771429,219.27475000,216.31977778,210.56260000,200.98800000,108.19978500,214.62656136,214.30694445,0.31961692,-0.04708843,0.36670535,47.31066043,48.60647300,51.30639331,61.32764258,55.12159060,73.73974654,214.98800000,243.57331356,186.40268644,535300425.49180001,448292014.78714001
2021-12-04,211.65000000,212.62000000,169.00000000,200.67000000,954137663.05289996,-10.98000000,-5.18781006,20.60949681,216.85200000,208.41700000,211.69000000,213.08950000,217.47840000,222.28133333,222.45971429,219.04900000,216.85200000,211.31240000,201.58883333,108.92325000,212.47939808,213.29680041,-0.81740234,-0.20115121,-0.61625112,39.48139245,44.26134103,48.80644536,55.12776460,55.12364860,55.13599660,213.08950000,240.05857662,186.12042338,666147647.46436000,504044894.09377003
2021-12-05,200.68000000,204.51000000,181.44000000,196.43000000,478706797.83060002,-4.24000000,-2.11292171,11.49591389,214.43200000,207.06300000,210.27666667,211.00100000,216.01200000,220.96033333,222.28657143,218.96350000,216.98377778,212.09020000,202.29816667,109.73046000,210.01025991,212.04740779,-2.03714788,-0.56835054,-1.46879733,36.66942066,42.65502448,47.86663697,49.08769484,53.11166401,41.03975649,211.00100000,236.19326189,185.80873811,670449964.14090002,514875824.81673002
2021-12-06,196.49000000,197.71000000,176.17000000,193.56000000,527018793.72630000,-2.87000000,-1.46108028,10.96238994,207.18200000,207.17700000,207.81333333,209.72700000,214.41960000,218.79766667,221.99114286,219.19025000,216.92311111,212.75900000,202.95316667,110.47616000,207.47945069,210.67797018,-3.19851948,-1.09438433,-2.10413515,34.66404812,41.54176572,47.22435224,43.77028190,49.99786998,31.31510574,209.72700000,235.77024024,183.68375976,660287995.11493993,513554754.07738990
2021-12-07,193.57000000,204.10000000,187.26000000,190.19000000,381921839.61129999,-3.37000000,-1.74106220,8.69969520,198.50000000,206.92200000,206.12000000,208.28950000,212.88800000,216.81466667,221.11600000,219.05950000,216.75511111,213.42040000,203.47533333,111.23248500,204.81953520,209.16034275,-4.34080755,-1.74366898,-2.59713858,32.18399906,40.19787012,46.46049894,38.70977959,46.23517318,23.65899240,208.28950000,235.34568363,181.23331637,596657953.92033994,531601768.71588004
2021-12-08,190.24000000,196.27000000,183.50000000,194.61000000,317713289.13290000,4.42000000,2.32399180,6.71257359,195.09200000,206.31400000,204.31066667,208.26950000,211.00880000,215.02633333,219.72285714,218.91450000,216.58777778,214.19700000,204.10483333,112.04942500,203.24883748,208.08253959,-4.83370211,-2.36167560,-2.47202651,39.04750615,42.84348864,47.62003674,37.32387896,43.26474177,25.44215334,208.26950000,235.36757410,181.17142590,531899676.67080003,533600051.08129996
2021-12-09,194.61000000,196.60000000,178.64000000,181.11000000,310244140.71390003,-13.50000000,-6.93695082,9.22871384,191.18000000,204.01600000,202.67133333,206.56250000,208.70760000,213.09533333,217.83828571,218.54975000,215.95244444,214.28480000,204.66416667,112.83229500,199.84286248,206.08457369,-6.24171121,-3.13768272,-3.10402849,28.48223370,37.33948233,44.54530365,30.32870938,38.95273097,13.08066618,206.56250000,236.00856407,177.11643593,403120972.20300001,534634309.83367997
2021-12-10,181.08000000,184.60000000,167.00000000,167.39000000,328445622.44080001,-13.72000000,-7.57550660,9.71946101,185.37200000,199.90200000,199.83266667,204.05050000,205.87520000,210.90533333,215.87628571,217.67225000,215.23111111,213.82260000,205.04116667,113.51216500,194.85011441,203.21830897,-8.36819457,-4.18378509,-4.18440947,21.41551858,32.68424846,41.69060887,20.38992256,32.76512817,-4.36048866,204.05050000,237.78125465,170.31974535,373068737.12503999,521759350.63297004
2021-12-11,167.39000000,173.80000000,161.33000000,172.15000000,260637632.29710001,4.76000000,2.84365852,7.44966844,181.09000000,194.13600000,198.48133333,201.13250000,203.99960000,208.86466667,213.41085714,216.87850000,214.95688889,213.33980000,205.37166667,114.22305000,191.35778911,200.91695275,-9.55916364,-5.25886080,-4.30030284,28.77289412,35.71749296,43.01273182,18.21484330,27.91503321,-1.18553653,201.13250000,235.31966403,166.94533597,319792504.83920002,490040249.97706997
2021-12-12,172.15000000,176.85000000,167.64000000,172.80000000,167631329.58360001,0.65000000,0.37757769,5.34998548,177.61200000,188.05600000,197.15200000,198.99300000,202.15400000,207.00866667,211.21428571,215.67800000,214.45422222,212.84080000,205.78433333,114.90990000,188.50274464,198.83421551,-10.33147088,-6.27338282,-4.05808806,29.84912848,36.14611355,43.19625887,19.59757344,25.14254662,8.50762708,198.99300000,234.69286708,163.29313292,276934402.83366001,436796178.37699997
2021-12-13,172.83000000,172.83000000,148.04000000,155.21000000,394239559.08179998,-17.59000000,-10.17939815,14.34357461,169.73200000,182.41200000,194.12000000,195.66600000,200.56200000,204.12933333,208.55571429,213.47400000,213.44977778,211.90220000,205.87083333,115.51721500,183.38078392,195.60279214,-12.22200822,-7.46310790,-4.75890032,20.02388038,30.20120098,39.59542454,17.29738471,22.52749265,6.83716884,195.66600000,234.68414390,156.64785610,292239656.82343996,412069666.74712002
2021-12-14,155.20000000,163.35000000,149.60000000,161.26000000,336483180.63139999,6.05000000,3.89794472,8.85953608,165.76200000,178.47100000,191.26466667,193.44400000,198.40240000,201.55000000,206.33342857,211.32875000,212.68444444,210.93340000,205.83883333,116.17857000,179.97758640,193.05888161,-13.08129522,-8.58674536,-4.49454986,29.58963521,34.25818810,41.35010164,19.39221533,21.48240021,15.21184557,193.44400000,235.03301647,151.85498353,297487464.80693996,350304218.50496995
2021-12-15,161.25000000,182.64000000,156.81000000,178.52000000,563215533.52040005,17.26000000,10.70321220,16.01860465,167.98800000,176.68000000,189.26400000,191.87150000,196.83800000,199.56066667,204.77428571,209.89025000,212.15177778,210.50680000,206.18850000,116.93423000,179.75334233,191.98192742,-12.22858508,-9.31511331,-2.91347178,50.04491026,44.32888600,46.01823522,31.05158273,24.67212772,43.81049274,191.87150000,233.20705079,150.53594921,344441447.02285999,358755092.07394999
2021-12-16,178.53000000,189.00000000,174.37000000,176.86000000,452932181.20150000,-1.66000000,-0.92986780,8.19470117,168.93000000,175.01000000,185.73400000,191.09350000,194.69200000,198.15466667,203.15971429,207.85075000,211.55088889,210.35420000,206.46750000,117.67559000,179.30821274,190.86178465,-11.55357190,-9.76280503,-1.79076688,48.42140153,43.62769549,45.65356407,40.48414137,29.94279893,61.56682623,191.09350000,232.96779925,149.21920075,382900356.80373996,351346430.82147002
2021-12-17,176.89000000,182.50000000,167.88000000,175.51000000,406619554.34410000,-1.35000000,-0.76331562,8.26502346,169.47200000,173.54200000,181.86133333,190.23200000,193.08880000,196.70700000,201.64628571,205.99650000,210.54400000,209.95600000,206.77400000,118.38939000,178.72387232,189.72461541,-11.00074309,-10.01039264,-0.99035045,46.93545670,43.02392281,45.34860298,45.84582516,35.24380768,67.04986013,190.23200000,232.66885419,147.79514581,430698001.75584000,353816202.29475003
2021-12-18,175.48000000,184.24000000,170.96000000,182.78000000,217402537.35820001,7.27000000,4.14221412,7.56781400,174.98600000,172.35900000,179.93666667,189.33650000,191.53000000,196.29933333,199.96600000,204.35950000,209.19755556,209.60340000,207.22400000,119.14860000,179.34789197,189.21019946,-9.86230749,-9.98077561,0.11846812,55.71722624,47.30788856,47.32580790,58.83536782,43.10766106,90.29078134,189.33650000,231.59967410,147.07332590,395330597.41112000,343785127.11728001
2021-12-19,182.78000000,189.43000000,177.99000000,179.93000000,224029422.54449999,-2.85000000,-1.55925156,6.25889047,178.72000000,172.24100000,178.55400000,188.12850000,190.49920000,195.12200000,198.28857143,202.88175000,207.70555556,209.28800000,207.27750000,119.87828000,179.43744705,188.52277728,-9.08533023,-9.80168653,0.71635631,51.69283968,45.83408033,46.63562833,64.90611056,50.37381089,93.97070989,188.12850000,229.99537336,146.26162664,372839845.79373997,335163655.30034006
2021-12-20,179.90000000,181.18000000,168.49000000,173.90000000,252805360.69040000,-6.03000000,-3.35130328,7.05391884,177.79600000,172.89200000,177.05200000,186.39700000,189.05640000,193.66433333,196.45142857,201.40200000,206.32422222,208.71620000,207.00083333,120.54977000,178.58553212,187.43960859,-8.85407647,-9.61216452,0.75808805,43.68218119,42.75939961,45.18092302,64.09702691,54.94821623,82.39464828,186.39700000,227.56989302,145.22410698,310757811.22773999,327599629.12530005
2021-12-21,173.90000000,182.54000000,170.27000000,179.63000000,232062935.98670000,5.73000000,3.29499712,7.05577918,178.35000000,173.64000000,176.12333333,183.88800000,188.54480000,191.96833333,195.32542857,200.05850000,204.57288889,208.23080000,206.72316667,121.26123000,178.74621948,186.86111906,-8.11489958,-9.31271153,1.19781195,52.13951509,46.48112520,46.82559960,68.17227904,59.35623717,85.80436278,183.88800000,219.68695888,148.08904112,266583962.18478003,324742159.49425995
2021-12-22,179.62000000,187.55000000,177.05000000,178.40000000,252282579.75560001,-1.23000000,-0.68474086,5.84567420,178.92800000,174.20000000,175.33733333,181.12800000,187.97120000,190.72866667,194.16714286,198.80650000,202.98888889,207.38240000,206.40066667,121.95506500,178.69295495,186.23436950,-7.54141456,-8.95845214,1.41703758,50.19772009,45.78402819,46.51302243,69.55062137,62.75436524,83.14313365,181.12800000,208.24924481,154.00675519,235716567.26708001,333207284.51145995
2021-12-23,178.38000000,193.50000000,175.64000000,190.03000000,318109249.53939998,11.63000000,6.51905830,10.01233322,180.37800000,177.68200000,175.03200000,180.04700000,187.54480000,189.67133333,194.02485714,197.51750000,201.69488889,206.31560000,206.19883333,122.69419000,180.43711573,186.51552732,-6.07841159,-8.38244403,2.30403244,64.99117890,53.04741621,49.81808109,76.54787496,67.35220181,94.93922125,180.04700000,203.52465352,156.56934648,255857909.70332003,325594253.55721998
2021-12-24,190.08000000,197.55000000,184.14000000,190.36000000,316537547.91020000,0.33000000,0.17365679,7.05492424,182.46400000,180.59200000,175.64866667,179.53150000,186.99560000,189.16000000,193.31371429,196.31050000,200.61311111,205.18140000,205.87650000,123.45481500,181.96371331,186.80030307,-4.83658977,-7.67327318,2.83668341,65.34172322,53.24132477,49.90972469,76.28750590,70.33063651,88.20124468,179.53150000,201.50725724,157.55574276,274359534.77645999,323599690.28509998
2021-12-25,190.37000000,195.00000000,189.08000000,193.10000000,201292809.22360000,2.74000000,1.43937802,3.10973368,186.30400000,182.05000000,177.36266667,179.36500000,186.37840000,188.59766667,192.61285714,195.18300000,199.72444444,204.32220000,205.76400000,124.21409000,183.67698818,187.26694729,-3.58995911,-6.85661036,3.26665126,68.48577673,54.92739377,50.68993291,79.19223233,73.28450178,91.00769344,179.36500000,200.84657840,157.88342160,264057024.48310000,287407417.85541999
2021-12-26,193.03000000,200.59000000,190.22000000,197.81000000,301973673.35799998,4.71000000,2.43915070,5.37222193,189.94000000,184.14500000,179.07333333,179.57750000,185.09840000,188.77733333,191.67857143,194.65225000,198.93422222,203.10960000,205.98600000,124.99298000,185.85129769,188.04791416,-2.19661646,-5.92461158,3.72799512,73.45334996,57.78214465,52.03016219,83.24134284,76.60344880,96.51713093,179.57750000,201.72410898,157.43089102,278039171.95735997,272311567.07107002
2021-12-27,197.85000000,204.75000000,194.71000000,195.67000000,243809505.92150000,-2.14000000,-1.08184622,5.07455143,193.39400000,186.16100000,180.59800000,179.85150000,183.58120000,188.87500000,191.10942857,194.07050000,198.20511111,202.02940000,205.99016667,125.76580500,187.36186728,188.61251311,-1.25064583,-4.98981843,3.73917260,67.64013665,56.02338569,51.36822868,80.48043926,77.89577896,85.64975988,179.85150000,202.67616466,157.02683534,276344557.19054002,256030562.22880998
2021-12-28,195.68000000,195.68000000,176.20000000,177.32000000,371876481.57179999,-18.35000000,-9.37803445,9.95502862,190.85200000,185.61500000,182.07200000,178.98700000,182.20800000,188.09600000,189.84000000,193.62825000,196.77688889,200.61060000,205.60533333,126.47162000,185.81696462,187.77603066,-1.95906604,-4.38366795,2.42460192,37.28075614,43.60734409,46.11846519,61.77092715,72.52082835,40.27112474,178.98700000,200.74274078,157.23125922,287098003.59701997,271477956.65017003
2021-12-29,177.28000000,180.62000000,170.01000000,170.63000000,269857955.55620003,-6.69000000,-3.77284006,5.98488267,186.90600000,184.68500000,182.69666667,178.46300000,181.00640000,186.98066667,188.83800000,192.51275000,195.26555556,199.24240000,205.18750000,127.14239000,183.48050852,186.50595431,-3.02544579,-4.11202352,1.08657773,31.16174206,40.07497797,44.39251464,41.77551351,62.27239007,0.78176039,178.46300000,200.50637361,156.41962639,277762085.12621993,276060809.95134002
2021-12-30,170.65000000,175.74000000,168.17000000,172.52000000,176482572.09279999,1.89000000,1.10765985,4.43598008,182.79000000,184.54700000,182.29666667,178.71950000,180.05000000,185.78033333,187.76800000,191.38500000,193.80600000,198.03100000,204.68800000,127.81146000,181.79427644,185.46995769,-3.67568125,-4.02475507,0.34907381,34.79023520,41.53456340,44.99930790,31.81425705,52.11967907,-8.79658698,178.71950000,200.33560557,157.10339443,272800037.70006001,268428531.09157997
2021-12-31,172.53000000,177.65000000,167.67000000,169.99000000,177345239.61250001,-2.53000000,-1.46649664,5.78450125,177.22600000,183.58300000,181.83866667,178.61150000,179.10720000,183.78633333,187.12714286,189.87200000,192.71600000,196.76340000,204.12283333,128.46294000,179.97823391,184.32329416,-4.34506025,-4.08881610,-0.25624415,32.07444885,40.10797296,44.32371394,23.29508543,42.51148119,-15.13770609,178.61150000,200.38680545,156.83619455,247874350.95096001,262956761.45416003
2022-01-01,170.01000000,179.20000000,169.93000000,179.06000000,110585214.91650000,9.07000000,5.33560798,5.45262043,173.90400000,183.64900000,182.07533333,178.92450000,178.66200000,181.96833333,186.73628571,188.95875000,191.82977778,195.77500000,203.42683333,129.16056000,179.83696716,183.93342052,-4.09645336,-4.09034355,-0.00610981,49.15066154,47.20041065,47.28437994,25.76917957,36.93071398,3.44611075,178.92450000,200.52735992,157.32164008,221229492.74996001,248787024.97025004
2022-01-02,179.06000000,179.53000000,174.31000000,176.35000000,109509310.71340001,-2.71000000,-1.51345918,2.91522395,173.71000000,182.28100000,181.64666667,179.98150000,177.93160000,180.79166667,186.04085714,187.82375000,191.41511111,194.47020000,202.30983333,129.84367000,179.30051067,183.37168567,-4.07117499,-4.08650984,0.01533485,45.08669575,45.44622756,46.51322609,24.98240163,32.94794320,9.05131849,179.98150000,198.55512281,161.40787719,168756058.57828003,227927031.08765000
2022-01-03,176.34000000,176.49000000,166.59000000,170.15000000,177240351.97020000,-6.20000000,-3.51573575,5.61415447,173.61400000,180.26000000,180.99466667,180.42600000,177.49320000,179.77433333,185.07114286,186.93500000,190.41288889,193.10040000,201.02783333,130.49809500,177.89273980,182.39230154,-4.49956174,-4.16912022,-0.33044152,36.74549737,41.58864789,44.77014482,19.76464790,28.55351143,2.18692085,180.42600000,197.47617166,163.37582834,150232537.86107999,213997311.49365002
2022-01-04,170.14000000,173.93000000,166.47000000,167.72000000,176538222.72979999,-2.43000000,-1.42815163,4.38462443,172.65400000,177.72200000,180.58266667,179.88600000,177.50640000,178.81733333,183.90514286,185.87875000,189.30377778,191.69080000,199.88883333,131.15259500,176.32770291,181.30546439,-4.97776148,-4.33084848,-0.64691301,33.80415266,40.13214102,44.09433889,14.26490285,23.79064190,-4.78657525,179.88600000,197.84995385,161.92204615,150243667.98848000,211521852.84426999
2022-01-05,167.74000000,171.32000000,144.92000000,154.52000000,266979906.63839999,-13.20000000,-7.87025996,15.73864314,169.56000000,173.39300000,178.90866667,178.76900000,176.80120000,177.51600000,181.75400000,184.93125000,187.61511111,190.40040000,198.15683333,131.74924500,172.97267169,179.32135592,-6.34868423,-4.73441563,-1.61426860,22.21350350,33.23472992,40.61887741,15.81411175,21.13179852,5.17873821,178.76900000,200.00534313,157.53265687,168170601.39366001,208022476.17230999
2022-01-06,154.48000000,154.80000000,145.98000000,150.26000000,236312050.38370001,-4.26000000,-2.75692467,5.70947695,163.80000000,168.85200000,177.03266667,177.50650000,175.89960000,176.18500000,179.37285714,183.86925000,186.16333333,189.02680000,196.49983333,132.32426000,169.47841451,177.16866289,-7.69024838,-5.32558218,-2.36466620,19.60960810,31.33847851,39.56861089,15.52873557,19.26411087,8.05798496,177.50650000,202.26822622,152.74477378,193315968.48710001,207272730.61853001
2022-01-07,150.28000000,150.72000000,133.08000000,136.45000000,380212392.35149997,-13.81000000,-9.19073606,11.73808890,155.82000000,164.76500000,173.46066667,175.19000000,175.14920000,174.24633333,177.22428571,182.26325000,184.26777778,187.85560000,194.63633333,132.87356000,164.39711997,174.15246564,-9.75534567,-6.21153487,-3.54381079,13.46806987,26.07673556,36.38606833,12.77086139,17.09969437,4.11319541,175.19000000,205.84232060,144.53767940,247456584.81472000,208106321.69650000
2022-01-08,136.43000000,148.11000000,133.00000000,142.14000000,380841698.63520002,5.69000000,4.17002565,11.07527670,150.21800000,161.91600000,170.24600000,173.30050000,174.38440000,172.94733333,175.55200000,180.71450000,182.85533333,186.39340000,193.02133333,133.44947000,160.97294767,171.78117189,-10.80822422,-7.13087274,-3.67735148,25.07077650,31.26405260,38.51231455,15.06165456,16.42034777,12.34426815,173.30050000,207.20862135,139.39237865,288176854.14771998,219204696.00440001
2022-01-09,142.10000000,145.71000000,137.83000000,140.82000000,203808588.25020000,-1.32000000,-0.92866188,5.54539057,144.83800000,158.74600000,166.76066667,171.64650000,172.87640000,172.06166667,173.96314286,179.02175000,181.31866667,184.85720000,191.48350000,133.99938500,157.87249418,169.48775175,-11.61525757,-8.02774971,-3.58750786,24.16862840,30.71853054,38.20320940,15.64322354,16.16130636,14.60705789,171.64650000,208.52830968,134.76469032,293630927.25180000,221937297.62014002
2022-01-10,140.82000000,143.86000000,130.00000000,135.86000000,257484771.76580000,-4.96000000,-3.52222696,9.84235194,141.10600000,155.33300000,162.63066667,169.45800000,171.23640000,170.85200000,172.31457143,176.67300000,180.06177778,182.96420000,189.85833333,134.52298000,154.48595661,166.99680717,-12.51085056,-8.92436988,-3.58648068,20.79459413,28.66802421,37.03763236,14.37255349,15.56505540,11.98754967,169.45800000,209.41170774,129.50429226,291731900.27727997,229951250.83547002
2022-01-11,135.84000000,143.50000000,133.58000000,140.20000000,184178762.88540000,4.34000000,3.19446489,7.30270907,139.09400000,151.44700000,158.93266667,167.54800000,169.82400000,169.76533333,170.88628571,174.33800000,178.89422222,181.45640000,188.38700000,135.08077500,152.28811713,165.01185849,-12.72374136,-9.68424418,-3.03949718,30.92054238,32.94085137,38.74403296,16.89510306,16.00840462,18.66849994,167.54800000,209.31307813,125.78292187,281305242.77762002,237310605.63235998
2022-01-12,140.19000000,153.39000000,138.22000000,151.51000000,284704608.14150000,11.31000000,8.06704708,10.82102860,142.10600000,148.96300000,157.21200000,165.62200000,168.57320000,169.64200000,169.65485714,172.83450000,177.80133333,180.05160000,186.88566667,135.68983500,152.16840681,164.01172083,-11.84331402,-10.11605814,-1.72725588,50.65022757,42.69875581,42.94861127,27.58482248,19.86721058,43.02004629,165.62200000,206.56641912,124.67758088,262203685.93562001,254830135.37516999
2022-01-13,151.50000000,157.80000000,145.41000000,146.14000000,300358586.19739997,-5.37000000,-3.54432051,8.17821782,142.90600000,146.56200000,155.57933333,163.41100000,167.22160000,169.13800000,168.65571429,171.47125000,176.51355556,178.86040000,185.34400000,136.26105000,151.24095960,162.68788965,-11.44693005,-10.38223253,-1.06469752,43.56151820,39.70610495,41.53609079,31.41021079,23.71487732,46.80087775,163.41100000,203.49755157,123.32444843,246107063.44805998,267141958.79789001
2022-01-14,146.13000000,150.56000000,141.84000000,146.17000000,209190212.32339999,0.03000000,0.02052826,5.96728940,143.97600000,144.40700000,153.82266667,161.06450000,166.11240000,168.05966667,168.04942857,170.21475000,175.12777778,177.58440000,183.81016667,136.82689500,150.46081197,161.46434227,-11.00353030,-10.50649208,-0.49703822,43.61442141,39.73184825,41.54729757,40.32862974,29.25279479,62.48029963,161.06450000,199.28441571,122.84458429,247183388.26269999,270407157.75725001
2022-01-15,146.18000000,149.49000000,143.90000000,147.64000000,126821898.96230000,1.47000000,1.00567832,3.82405254,146.33200000,143.71900000,152.33266667,158.55600000,164.83280000,167.08566667,167.34914286,169.06675000,173.30177778,176.68880000,182.62016667,137.39524500,150.02684090,160.44031692,-10.41347602,-10.48788887,0.07441285,46.55987057,41.07666423,42.11463444,48.03683229,35.51414062,73.08221564,158.55600000,193.02262239,124.08937761,221050813.70199999,256391356.98964000
2022-01-16,147.61000000,151.96000000,146.09000000,147.98000000,143408413.91330001,0.34000000,0.23028989,3.97669535,147.88800000,143.49100000,150.26066667,156.17150000,163.61600000,166.16800000,166.64000000,168.01150000,171.39911111,175.79360000,181.43750000,137.95759500,149.71194230,159.51733048,-9.80538818,-10.35138873,0.54600055,47.32360499,41.40655802,42.24991458,53.58330786,41.53719637,77.67553084,156.17150000,186.13090852,126.21209148,212896743.90757999,247100993.34260002
2022-01-17,147.98000000,148.29000000,137.02000000,139.80000000,184551841.50540000,-8.18000000,-5.52777402,7.61589404,145.54600000,143.82600000,147.82400000,154.29550000,161.60680000,164.73533333,166.19971429,166.64125000,169.80244444,174.57580000,180.51733333,138.49024000,148.18702810,158.05678748,-9.86975938,-10.25506286,0.38530348,33.50103676,36.10166110,39.90844839,47.47280476,43.51573250,55.38694928,154.29550000,183.36463246,125.22636754,192866190.58036000,227534938.25799003
2022-01-18,139.81000000,142.77000000,134.39000000,141.22000000,173470525.68410000,1.42000000,1.01573677,5.99384879,144.56200000,143.73400000,145.89533333,152.82500000,159.64120000,163.44500000,165.62714286,165.64400000,168.48133333,173.31840000,179.28350000,139.02634000,147.11517762,156.80961804,-9.69444042,-10.14293837,0.44849796,37.31511868,37.61525655,40.50569800,45.10177392,44.04441297,47.21649581,152.82500000,181.38601170,124.26398830,167488578.47770000,206797820.96288002
2022-01-19,141.32000000,142.70000000,132.77000000,135.25000000,160857229.20320001,-5.97000000,-4.22744654,7.02660628,142.37800000,143.17700000,143.73066667,150.96150000,157.32720000,162.15666667,164.39085714,164.84050000,167.12177778,171.85280000,177.91050000,139.53010000,145.28976568,155.21260930,-9.92284361,-10.09891942,0.17607581,28.94074881,33.92915086,38.81333766,33.37055270,40.48645955,19.13873901,150.96150000,178.96999140,122.95300860,157821981.85366002,202502685.05818000
2022-01-20,135.23000000,143.83000000,126.01000000,127.54000000,200702305.01300001,-7.71000000,-5.70055453,13.17754936,138.35800000,142.34500000,141.93200000,148.83900000,154.51640000,160.42033333,162.98171429,163.72525000,165.65466667,169.80740000,176.19433333,139.99640000,142.55903250,153.16278638,-10.60375389,-10.19988631,-0.40386757,21.47259649,29.81311027,36.74447249,23.85131321,34.94141077,1.67111809,148.83900000,177.20741008,120.47058992,172598063.06380001,196824438.38290000
2022-01-21,127.54000000,128.73000000,106.11000000,112.27000000,544063534.41050005,-15.27000000,-11.97271444,17.73561236,131.21600000,139.55200000,139.39933333,145.49950000,151.18040000,158.21600000,161.17485714,162.21200000,163.92311111,167.38080000,174.47233333,140.39321000,137.89918135,150.13369110,-12.23450975,-10.60681100,-1.62769875,13.30977822,23.62168368,33.09839271,19.87327503,29.91869886,-0.21757261,145.49950000,174.60395614,116.39504386,252729087.16324002,232812915.53541002
2022-01-22,112.24000000,114.89000000,87.73000000,94.54000000,635108263.42859995,-17.73000000,-15.79228645,24.19814683,122.16400000,133.85500000,136.60533333,141.40900000,147.86920000,155.03300000,158.65371429,160.69525000,161.69933333,165.03860000,172.35216667,140.69478000,131.22853806,146.01563990,-14.78710184,-11.44286917,-3.34423267,8.70107029,18.70206660,29.54625572,16.78302408,25.54014060,-0.73120895,141.40900000,174.91957329,107.89842671,342840371.54787999,267853281.06411999
2022-01-23,94.57000000,104.82000000,93.25000000,99.78000000,351997642.88360000,5.24000000,5.54262746,12.23432378,113.87600000,129.21900000,133.78133333,137.89050000,145.03520000,152.01366667,156.36371429,159.15825000,159.89200000,163.02080000,170.58683333,141.01031500,126.39030144,142.59077769,-16.20047625,-12.39439059,-3.80608567,18.68666507,23.81754800,31.80336057,17.44225063,22.84084394,6.64506400,137.89050000,173.41183442,102.36916558,378545794.98777997,273017186.73273998
2022-01-24,99.74000000,99.83000000,80.83000000,91.93000000,615205074.60800004,-7.85000000,-7.86730808,19.04952877,105.21200000,123.79500000,130.52200000,134.10100000,141.81160000,148.64133333,154.02171429,156.99350000,158.21511111,160.93080000,168.61950000,141.30425500,121.08871660,138.83812749,-17.74941089,-13.46539465,-4.28401624,15.61620550,21.59668843,30.28659028,16.82991037,20.83719942,8.81533228,134.10100000,172.29371625,95.90828375,469415364.06874001,313618672.96120000
2022-01-25,91.94000000,99.95000000,87.41000000,94.67000000,324014683.73600000,2.74000000,2.98052866,13.63933000,98.63800000,118.49800000,127.77600000,131.10850000,138.79880000,145.20333333,151.59428571,154.93875000,156.49333333,158.95300000,166.99033333,141.61103000,117.02429866,135.56641434,-18.54211568,-14.48073885,-4.06137683,21.04979700,24.28497514,31.47686803,18.05856067,19.91098650,14.35370899,131.10850000,171.85809233,90.35890767,494077839.81334001,333337951.43857002
2022-01-26,94.65000000,104.43000000,89.19000000,92.12000000,434996978.69069999,-2.55000000,-2.69356713,16.10142631,94.60800000,112.91200000,124.57066667,128.20150000,135.32120000,141.75166667,149.12914286,152.85400000,154.70044444,156.99160000,165.31333333,141.91316500,113.19286810,132.34816143,-19.15529333,-15.41564975,-3.73964358,19.63762450,23.46802437,30.96346949,18.01258542,19.27818614,15.48138397,128.20150000,171.41900195,84.98399805,472264528.66938001,362496807.91631001
2022-01-27,92.11000000,94.60000000,85.71000000,89.51000000,317470432.09289998,-2.61000000,-2.83326096,9.65150364,93.60200000,107.88300000,120.43733333,125.85450000,131.84760000,138.82466667,146.25714286,150.52225000,153.24044444,154.88960000,163.46033333,142.19980500,109.54934993,129.17496429,-19.62561436,-16.25764267,-3.36797169,18.14268706,22.61843388,30.43332259,16.60098287,18.38578505,13.03137851,125.85450000,172.17296397,79.53603603,408736962.40224004,375788666.97505999
2022-01-28,89.51000000,93.55000000,87.21000000,91.34000000,240233251.68560001,1.83000000,2.04446431,7.08300749,91.91400000,102.89500000,116.78400000,123.31450000,128.69520000,136.18166667,143.42800000,148.30750000,151.68666667,153.09420000,161.58116667,142.50265500,106.74791148,126.37237434,-19.62446286,-16.93100671,-2.69345615,23.07012244,24.70344026,31.29398993,16.62816847,17.79991286,14.28467971,123.31450000,171.41013214,75.21886786,386384084.16264004,382464939.57520998
2022-01-29,91.35000000,98.93000000,90.50000000,96.13000000,194994553.82940000,4.79000000,5.24414276,9.22824302,92.75400000,98.98300000,113.44800000,121.08000000,125.83160000,133.63533333,140.65742857,146.36325000,149.85577778,151.66900000,159.70783333,142.83762500,105.11438664,124.13219846,-19.01781183,-17.34836773,-1.66944409,35.30263609,30.08275742,33.53975251,21.73262728,19.11081767,26.97624650,121.08000000,169.89834513,72.26165487,302341980.00691998,385878672.03783000
2022-01-30,96.15000000,97.60000000,91.38000000,93.29000000,118979094.23970000,-2.84000000,-2.95433267,6.46905876,92.47800000,95.55800000,109.82466667,118.95150000,123.38240000,131.07866667,137.67114286,144.20475000,147.99866667,150.09180000,157.43250000,143.14725000,103.29525023,121.84759117,-18.55234094,-17.58916237,-0.96317856,31.71469518,28.75407027,32.87493831,26.68258534,21.63474022,36.77827558,118.95150000,168.75864777,69.14435223,261334862.10766000,377706350.96050000
2022-01-31,93.26000000,101.40000000,89.18000000,99.49000000,229303857.83700001,6.20000000,6.64594276,13.10315248,93.95200000,94.28000000,106.59200000,116.91600000,121.35160000,128.42633333,134.92314286,142.23200000,146.30933333,148.62560000,155.19733333,143.50197500,102.70982712,120.19147330,-17.48164619,-17.56765914,0.08601295,46.07289122,35.53502466,35.77496211,43.71586001,28.99511348,73.15735305,116.91600000,166.39317790,67.43882210,220196237.93691999,346230383.30315000
2022-02-01,99.50000000,113.66000000,99.02000000,110.02000000,451677238.58920002,10.53000000,10.58397829,14.71356784,98.05400000,95.82800000,104.60666667,114.84150000,120.29440000,126.21533333,133.00028571,140.23175000,144.69244444,147.72180000,153.50350000,143.92072000,103.83446910,119.43803084,-15.60356174,-17.17483966,1.57127792,62.25017220,45.19878584,40.34269387,58.78143332,38.92388676,98.49652644,114.84150000,161.61688006,68.06611994,247037599.23618001,327887280.81920999
2022-02-02,109.99000000,112.35000000,96.99000000,101.88000000,514972931.54110003,-8.14000000,-7.39865479,13.96490590,100.16200000,96.03800000,101.98400000,112.62850000,118.68400000,123.93966667,131.03600000,138.01975000,142.95800000,146.53420000,151.85700000,144.29611000,103.53378155,118.13743596,-14.60365441,-16.66060261,2.05694819,48.69853984,40.12614203,38.15385360,58.47205871,45.43994408,84.53628797,112.62850000,157.31019025,67.94680975,301985535.20728004,344184809.68496001
2022-02-03,101.91000000,103.13000000,94.00000000,101.77000000,380416658.21749997,-0.11000000,-0.10797016,8.95888529,101.29000000,97.02200000,99.75200000,110.40850000,117.12200000,121.74133333,129.01457143,135.73650000,141.35511111,144.99920000,150.27933333,144.67159500,103.26243054,116.92503330,-13.66260276,-16.06100264,2.39839988,48.52722851,40.05986334,38.12468556,58.13462232,49.67150349,75.06085998,110.40850000,152.40464182,68.41235818,339069956.08490002,320705968.04591000
2022-02-04,101.83000000,112.81000000,100.28000000,112.62000000,446505812.57730001,10.85000000,10.66129508,12.30482176,105.15600000,98.81700000,98.75733333,108.65750000,116.19240000,120.34466667,127.37542857,133.60675000,139.86600000,143.71440000,148.93033333,145.11215000,104.70205661,116.60614194,-11.90408533,-15.22961918,3.32553384,63.65888999,49.10556764,42.63817222,70.84943814,56.73081504,99.08668433,108.65750000,146.86702423,70.44797577,404575299.75242001,332955080.93004000
2022-02-05,112.63000000,118.60000000,110.22000000,113.75000000,302738096.09850001,1.13000000,1.00337418,7.44029122,108.00800000,100.98000000,98.85600000,106.94600000,115.13440000,119.12766667,125.50942857,131.55875000,138.42933333,142.47920000,147.65633333,145.56353000,106.09404790,116.39457587,-10.30052797,-14.24380094,3.94327296,64.94674614,49.96349184,43.08932187,75.41603192,62.95922067,100.32965443,106.94600000,140.52524384,73.36675616,419262147.40472001,319729192.67082006
2022-02-06,113.74000000,116.06000000,111.09000000,115.28000000,177818919.26750001,1.53000000,1.34505495,4.36961491,109.06000000,103.55700000,100.23866667,105.72000000,113.68520000,118.42200000,123.76457143,130.00775000,136.76822222,141.12920000,146.33416667,146.00643000,107.50727130,116.31201470,-8.80474340,-13.15598943,4.35124603,66.85518810,51.17907916,43.71476597,79.84907453,68.58917196,102.36887969,105.72000000,135.86332570,75.57667430,364490483.54038000,305764041.38828003
2022-02-07,115.26000000,121.93000000,112.69000000,117.55000000,323264554.64529997,2.27000000,1.96911867,8.01665799,112.19400000,106.17800000,101.42333333,104.53650000,112.54160000,117.60233333,122.26171429,128.68075000,135.15022222,139.88160000,145.27483333,146.45568500,109.05230649,116.40371731,-7.35141083,-11.99507371,4.64366288,69.78407244,53.02612854,44.65639539,82.10803442,73.09545945,100.13318438,104.53650000,130.36031950,78.71268050,326148808.16121995,314067171.68425000
2022-02-08,117.57000000,120.36000000,109.66000000,113.45000000,321854907.03259999,-4.10000000,-3.48787750,9.10096113,114.53000000,107.91000000,102.85800000,103.44650000,111.23280000,116.69000000,120.71114286,127.20400000,133.38022222,138.67260000,144.37583333,146.88035500,109.72887472,116.18492344,-6.45604872,-10.88726871,4.43121999,58.56701381,49.34751324,43.29140794,79.44097969,75.21063286,87.90167335,103.44650000,125.35540353,81.53759647,314436457.92423999,326753207.00457001
2022-02-09,113.44000000,117.08000000,109.40000000,113.93000000,240051448.33350000,0.48000000,0.42309387,6.77009873,114.79200000,109.97400000,104.14200000,102.76600000,109.88440000,115.95900000,119.55142857,125.80250000,131.51622222,137.35860000,143.40550000,147.30692500,110.37520168,116.01789207,-5.64269039,-9.83835304,4.19566266,59.48198922,49.79235977,43.50237564,76.74630774,75.72252449,78.79387425,102.76600000,122.23335827,83.29864173,273145585.07547998,338860442.41394997
2022-02-10,113.96000000,115.38000000,105.68000000,106.17000000,308218719.27829999,-7.76000000,-6.81119986,8.51175851,113.27600000,110.64200000,105.07866667,102.46100000,108.21200000,114.82466667,118.29171429,123.98025000,129.52733333,135.91400000,142.29500000,147.69653500,109.72824758,115.28841858,-5.56017100,-8.98271664,3.42254563,41.64194510,43.11443960,40.93346221,65.68861141,72.37788680,52.31006065,102.46100000,121.48755419,83.43444581,274241709.71143997,346751928.55808002
2022-02-11,106.18000000,108.14000000,95.14000000,96.53000000,261118404.06180000,-9.64000000,-9.07977771,12.24336033,109.52600000,109.29300000,105.54666667,102.56050000,106.48120000,112.99200000,117.15114286,121.98475000,127.73200000,134.04400000,141.31700000,148.03826500,107.69774795,113.89890610,-6.20115814,-8.42640494,2.22524679,28.77608742,36.48345077,38.02287781,46.81186100,63.85587820,12.72382662,102.56050000,121.43282948,83.68817052,290901606.67030001,327696045.10534000
2022-02-12,96.53000000,99.79000000,92.80000000,95.96000000,173107556.45310000,-0.57000000,-0.59049000,7.24127214,105.20800000,108.70100000,105.85466667,102.36950000,104.67080000,111.31933333,115.83171429,120.13000000,126.07266667,132.15600000,140.22866667,148.37755000,105.89194057,112.57009824,-6.67815766,-8.07675548,1.39859782,28.15878120,36.12506516,37.85679419,34.82388170,54.17854603,-3.88544696,102.36950000,121.43663179,83.30236821,260870207.03186002,293509507.59653997
2022-02-13,95.98000000,97.36000000,91.35000000,92.85000000,115326539.35910000,-3.11000000,-3.24093372,6.26172119,101.08800000,107.80900000,105.63600000,102.41550000,102.97480000,109.54200000,114.46114286,118.25825000,124.30222222,130.15100000,138.80083333,148.70242500,103.88548818,111.10935022,-7.22386204,-7.90617679,0.68231475,24.69084117,34.12953138,36.93819429,24.85097673,44.40268960,-14.25244901,102.41550000,121.38075407,83.45024593,219564533.49716002,267000495.71070004
2022-02-14,92.85000000,97.99000000,90.72000000,96.37000000,169748618.50189999,3.52000000,3.79106085,7.82983306,97.57600000,106.18400000,105.84133333,102.50050000,101.72800000,107.83300000,113.33285714,116.80450000,122.66622222,128.12220000,137.45933333,149.02810000,102.72925923,110.01754650,-7.28828727,-7.78259889,0.49431162,35.48272499,38.33541356,38.69508024,22.60170851,37.13569590,-6.46626629,102.50050000,121.33437147,83.66662853,205503967.53084001,239324776.30316001
2022-02-15,96.39000000,105.77000000,96.38000000,105.52000000,240632353.71540001,9.15000000,9.49465601,9.74167445,97.44600000,105.36100000,106.24333333,103.17050000,101.45800000,106.41766667,112.34200000,115.68600000,121.03200000,126.31920000,136.29283333,149.39393000,103.15860396,109.68439491,-6.52579094,-7.53123730,1.00544636,55.41313009,47.78897700,43.00229360,30.87470517,35.04869899,22.52671752,103.17050000,121.39298175,84.94801825,191986694.41826001,233114202.06485000
2022-02-16,105.52000000,105.60000000,98.27000000,101.86000000,215708905.36559999,-3.66000000,-3.46853677,6.94655042,98.51200000,104.01900000,105.69933333,103.78800000,101.75080000,105.15300000,110.92342857,114.82125000,119.37666667,124.81000000,134.94416667,149.71951000,102.95881874,109.10481010,-6.14599136,-7.25418811,1.10819675,48.25752460,44.79248302,41.77716023,33.11125194,34.40288331,30.52798920,103.78800000,120.86221275,86.71378725,182904794.67901999,236903200.67466003
2022-02-17,101.85000000,102.82000000,92.33000000,93.52000000,194565671.92559999,-8.34000000,-8.18770862,10.29945999,98.02400000,101.61600000,105.14200000,103.89700000,101.50040000,103.56300000,109.42000000,113.60575000,117.67377778,123.26780000,133.50400000,150.01628500,101.50669278,107.95037972,-6.44368694,-7.09208788,0.64840094,35.66437132,38.75222073,39.12663113,25.61488622,31.47355094,13.89755677,103.89700000,120.66164337,87.13235663,187196417.77351999,224033312.40268999
2022-02-18,93.55000000,96.37000000,89.31000000,89.86000000,186100175.10810000,-3.66000000,-3.91360137,7.54676644,97.42600000,99.25700000,104.34800000,103.58350000,101.41760000,102.05000000,107.81114286,112.33175000,115.94355556,121.61460000,132.10333333,150.29975000,99.71489389,106.61035159,-6.89545771,-7.05276184,0.15730414,31.35536099,36.40214819,38.02197583,17.77982569,26.90897586,-0.47847464,103.58350000,121.17385893,85.99314107,201351144.92332000,210457839.21024001
2022-02-19,89.86000000,92.75000000,88.60000000,91.27000000,116505357.57009999,1.41000000,1.56910750,4.61829513,96.40600000,96.99100000,102.92466667,103.48250000,101.28160000,100.84100000,106.20057143,111.21700000,114.53800000,120.04020000,130.63066667,150.58557500,98.41567944,105.47402925,-7.05834981,-7.05387944,-0.00447037,34.98668140,37.98275458,38.71750001,16.40797660,23.40864277,2.40664424,103.48250000,121.34283874,85.62216126,190702492.73695999,198103230.13389999
2022-02-20,91.27000000,94.50000000,85.56000000,90.72000000,229568085.46210000,-0.55000000,-0.60260765,9.79511340,93.44600000,95.44600000,101.38933333,103.04400000,101.22560000,100.12266667,104.56457143,109.98000000,113.21488889,118.27340000,129.16933333,150.86037500,97.23172876,104.38113820,-7.14940944,-7.07298544,-0.07642400,34.14128075,37.58526021,38.54145263,19.44928936,22.08885830,14.17015148,103.04400000,121.72867585,84.35932415,188489639.08629999,190238166.75228000
2022-02-21,90.70000000,96.14000000,82.62000000,82.96000000,365437826.78670001,-7.76000000,-8.55379189,14.90628445,89.66600000,94.08900000,99.23466667,101.69100000,100.96360000,99.73666667,102.94057143,108.26625000,112.02622222,116.40560000,127.38483333,151.08841000,95.03607818,102.79438722,-7.75830904,-7.21005016,-0.54825888,24.22896760,32.37104614,36.12325613,13.45575374,19.21115678,1.94494766,101.69100000,122.08912468,81.29287532,218435423.37052003,200670109.02476996
2022-02-22,82.95000000,87.56000000,81.06000000,86.38000000,238850054.32760000,3.42000000,4.12246866,7.83604581,88.23800000,93.13100000,97.15666667,100.91600000,100.76520000,99.29000000,101.37371429,106.77225000,110.78711111,114.73020000,125.65183333,151.32268500,93.70437385,101.57850669,-7.87413284,-7.34286669,-0.53126615,34.31473186,36.59982248,37.91468748,16.14708418,18.18979925,12.06165403,100.91600000,122.43111136,79.40088864,227292299.85092002,207244358.81222001
2022-02-23,86.39000000,93.40000000,84.38000000,84.59000000,284825279.11369997,-1.79000000,-2.07223894,10.44102327,87.18400000,92.30500000,95.23266667,100.05700000,100.30360000,99.04533333,99.92628571,105.23275000,109.53755556,113.06760000,123.84333333,151.54829000,92.30216249,100.32009878,-8.01793630,-7.47788061,-0.54005568,31.66729986,35.33816483,37.34271696,15.52662755,17.30207535,11.97573194,100.05700000,122.76719442,77.34680558,247037320.65204000,224194232.78768000
2022-02-24,84.58000000,93.90000000,75.35000000,89.36000000,625458651.95770001,4.77000000,5.63896442,21.93189879,86.80200000,91.60400000,93.59466667,98.89400000,100.14640000,98.86833333,98.83542857,103.77575000,108.50422222,111.76440000,122.03583333,151.80684000,91.84952210,99.50823961,-7.65871751,-7.51404799,-0.14466952,45.18967988,41.22780010,39.86526987,25.78910156,20.13108408,37.10513651,98.89400000,121.27525099,76.51274901,348827979.52955997,269765236.13326001
2022-02-25,89.35000000,95.00000000,86.86000000,92.71000000,332795301.06720001,3.35000000,3.74888093,9.11024063,87.20000000,90.32300000,92.69733333,97.84200000,99.87520000,98.88800000,98.27657143,102.39400000,107.44888889,110.61340000,120.31983333,152.07716000,91.98190332,99.00466631,-7.02276299,-7.41579099,0.39302800,53.02410744,45.06161592,41.58862966,38.25813906,26.17343574,62.42754569,97.84200000,119.23938754,76.44461246,369473422.65057999,278981530.86844003
2022-02-26,92.73000000,95.49000000,89.23000000,90.23000000,209017446.49430001,-2.48000000,-2.67500809,6.75078184,88.65400000,89.16000000,92.27733333,96.58950000,99.08360000,98.91200000,98.15342857,101.15475000,106.08711111,109.68900000,118.86833333,152.32511000,91.71237973,98.35469103,-6.64231130,-7.26109505,0.61878376,47.04976015,42.80652179,40.68787630,49.10200073,33.81629074,79.67342071,96.58950000,116.57508689,76.60391311,338189346.59210002,278312384.98131001
2022-02-27,90.25000000,92.19000000,84.08000000,85.63000000,228781062.13150001,-4.60000000,-5.09808268,8.98614958,88.50400000,88.37100000,91.58866667,94.99350000,98.43360000,98.72166667,97.74914286,99.76500000,104.74244444,108.55880000,117.45166667,152.54515500,90.77662900,97.41212132,-6.63549232,-7.13597451,0.50048219,37.61613414,38.87037444,39.05086566,49.21695030,38.94984393,69.75116305,94.99350000,112.92369362,77.06330638,336175548.15288007,281733924.00190002
2022-02-28,85.61000000,103.00000000,84.17000000,99.68000000,392961670.09729999,14.05000000,16.40780100,21.99509403,91.52200000,89.35300000,92.04400000,94.30500000,98.35000000,98.84000000,97.97057143,98.87575000,103.70933333,107.73600000,116.23766667,152.83804500,92.14637839,97.58011233,-5.43373395,-6.79552639,1.36179245,64.04155394,53.20706083,45.97807671,62.14222244,46.68063676,93.06539380,94.30500000,110.19227727,78.41772273,357802826.34960002,302420073.50082004
2022-03-01,99.67000000,102.03000000,94.21000000,98.66000000,359368373.97610003,-1.02000000,-1.02327448,7.84589144,93.38200000,90.09200000,92.19666667,93.54150000,97.79160000,99.01900000,98.08457143,98.15375000,102.62088889,106.99200000,115.04883333,153.10719500,93.14847402,97.66010401,-4.51162999,-6.33874711,1.82711712,61.76237363,52.23680543,45.58558932,69.52941412,54.29689588,99.99445059,93.54150000,106.68918945,80.39381055,304584770.75328004,326706375.14142001
2022-03-02,98.65000000,106.43000000,96.76000000,100.68000000,441097205.65310001,2.02000000,2.04743564,9.80233147,94.97600000,91.08800000,91.87400000,93.26700000,97.26880000,99.05866667,98.32914286,97.86400000,101.56977778,106.20160000,113.74250000,153.38989500,94.30717032,97.88380001,-3.57662969,-5.78632363,2.20969394,64.74418410,54.04718115,46.52884424,73.51939491,60.70439556,99.14939362,93.26700000,105.50211272,81.03188728,326245151.67046005,347859287.16051996
2022-03-03,100.69000000,101.70000000,94.00000000,95.62000000,253940370.88100001,-5.06000000,-5.02582439,7.64723408,96.05400000,92.35400000,91.45800000,93.22150000,96.48240000,98.57866667,98.50371429,97.89100000,100.58800000,105.08380000,112.39700000,153.60034000,94.50914412,97.71611112,-3.20696700,-5.27045230,2.06348530,52.44964950,48.97454760,44.51198911,70.75252668,64.05377260,84.15003484,93.22150000,105.41220789,81.03079211,335229736.54780000,336709541.56994998
2022-03-04,95.63000000,95.94000000,87.00000000,88.32000000,260751773.12970001,-7.30000000,-7.63438611,9.34853080,96.59200000,92.54800000,91.11133333,92.83950000,95.31320000,98.12666667,98.41742857,97.60450000,99.41244444,103.92740000,111.03316667,153.73186000,93.55696810,97.02010289,-3.46313479,-4.90898880,1.44585401,39.47294421,42.67139039,41.78532305,61.07869003,63.06207841,57.11191327,92.83950000,105.14713815,80.53186185,341623878.74743998,338899713.45016003
2022-03-05,88.33000000,91.22000000,86.00000000,89.63000000,132577728.33570001,1.31000000,1.48324275,5.90965697,94.58200000,93.05200000,91.09600000,92.67850000,94.36040000,97.72200000,98.23171429,97.54700000,98.39866667,102.79660000,109.73166667,153.85939500,92.95281916,96.47268786,-3.51986870,-4.63116478,1.11129608,42.53461073,44.08032026,42.44550860,48.99653161,58.37356281,30.24246921,92.67850000,105.06952099,80.28747901,289547090.39512002,323674958.37236005
2022-03-06,89.61000000,89.96000000,84.09000000,84.57000000,158938647.38890001,-5.06000000,-5.64543122,6.55060819,91.76400000,92.57300000,90.64933333,92.08850000,93.18600000,96.78700000,97.98257143,97.29450000,97.44377778,101.53520000,108.56583333,153.91893000,91.66315468,95.59100728,-3.92785260,-4.49050234,0.56264974,34.45604550,39.94380022,40.59019518,33.39515232,50.04742598,0.09060500,92.08850000,104.85738698,79.31961302,249461145.07768002,277022957.91548002
2022-03-07,84.58000000,86.71000000,79.92000000,81.66000000,268367077.29159999,-2.91000000,-3.44093650,8.02790258,87.96000000,91.46800000,90.04533333,90.89550000,92.20560000,95.71733333,97.47314286,97.03300000,96.76355556,100.20880000,107.42250000,153.96341000,90.12420780,94.55908081,-4.43487301,-4.47937648,0.04450347,30.46313085,37.72291232,39.55269658,24.45128852,41.51538016,-9.67689476,90.89550000,102.81050332,78.98049668,214915119.40538001,270580135.53792000
2022-03-08,81.65000000,85.04000000,81.30000000,82.32000000,216640314.70609999,0.66000000,0.80822924,4.58052664,85.30000000,90.67700000,90.00266667,89.91850000,91.63720000,94.61866667,96.68171429,96.85325000,96.49200000,99.05920000,106.52033333,153.98179500,88.92356045,93.65248224,-4.72892179,-4.52928554,-0.19963625,32.58924216,38.56801852,39.91615809,19.31858817,34.11644950,-10.27713448,89.91850000,101.23753897,78.59946103,207455108.17039999,271342422.35909998
2022-03-09,82.32000000,89.92000000,81.90000000,88.06000000,293276442.50089997,5.74000000,6.97278912,9.74246842,85.24800000,90.92000000,90.11466667,89.64550000,91.32120000,93.63566667,96.28685714,96.77125000,96.23155556,97.99600000,105.61900000,154.05309000,88.79070500,93.23822429,-4.44751930,-4.51293229,0.06541299,48.89620893,45.57509977,43.02512595,23.11419018,30.44902972,8.44451109,89.64550000,100.86170721,78.42929279,213960042.04464000,277791960.39604002
2022-03-10,88.06000000,88.57000000,80.63000000,82.87000000,235307930.78310001,-5.19000000,-5.89370883,9.01657960,83.89600000,89.23900000,90.00000000,89.29600000,90.92200000,92.61633333,95.74685714,96.43975000,96.03022222,96.94840000,104.65316667,154.10356500,87.87982730,92.47020768,-4.59038037,-4.52842191,-0.06195847,38.73057191,40.96605621,41.02241341,19.11875221,26.67227055,4.01171552,89.29600000,100.91254066,77.67945934,234506082.53411999,262026586.46462002
2022-03-11,82.86000000,84.29000000,80.07000000,80.67000000,206921492.64019999,-2.20000000,-2.65476047,5.09292783,83.11600000,87.44000000,89.42066667,88.76600000,90.29400000,91.50766667,94.83400000,96.12425000,95.71911111,96.01100000,103.73333333,154.12880000,86.77062310,91.59611822,-4.82549512,-4.58783655,-0.23765857,35.02639732,39.13584270,40.19484193,13.89367686,22.41273932,-3.14444806,88.76600000,100.95639553,76.57560447,244102651.58438000,246781898.33103004
2022-03-12,80.67000000,82.75000000,80.57000000,81.38000000,111234273.65440001,0.71000000,0.88012892,2.70236767,83.06000000,85.51000000,88.66533333,88.29900000,89.32840000,90.68133333,93.90914286,95.67150000,95.48044444,95.39320000,102.75300000,154.18306500,85.94129647,90.83936872,-4.89807225,-4.64988369,-0.24818856,37.34697699,40.07835186,40.59839584,12.30032057,19.04193307,-1.18290443,88.29900000,100.88345474,75.71454526,212676090.85694000,213795605.13115999
2022-03-13,81.40000000,83.34000000,77.65000000,78.73000000,162105572.65830001,-2.65000000,-3.25632834,6.99017199,82.34200000,83.82100000,87.89866667,88.08750000,88.40320000,90.08800000,92.86485714,94.88925000,95.24088889,95.07700000,101.54000000,154.21685000,84.83186625,89.94237845,-5.11051220,-4.74200939,-0.36850281,32.19660717,37.70120875,39.55877102,10.85312455,16.31233023,-0.06528682,88.08750000,101.18162544,74.99337456,201769142.44738001,204612125.30888999
2022-03-14,78.72000000,82.29000000,78.00000000,81.22000000,167010301.55190000,2.49000000,3.16270799,5.44969512,80.97400000,83.11100000,87.60466667,87.82950000,87.91120000,89.59666667,91.82685714,94.37275000,95.01600000,94.70580000,100.45800000,154.24835000,84.27619452,89.29627634,-5.02008182,-4.79762388,-0.22245795,41.32093471,41.27175398,41.03913493,16.90235381,16.50900476,17.68905193,87.82950000,101.26419425,74.39480575,176515914.25757998,195237978.15110999
2022-03-15,81.23000000,85.99000000,78.72000000,82.84000000,173536935.31860000,1.62000000,1.99458262,8.94989536,80.96800000,82.43200000,86.48200000,87.74200000,87.63040000,89.26300000,90.95228571,93.89950000,94.72066667,94.52400000,99.40250000,154.22265000,84.05524151,88.81803365,-4.76279213,-4.79065753,0.02786540,46.89976090,43.56732017,42.00348819,25.36766538,19.46189163,37.17921287,87.74200000,101.28786688,74.19613312,164161715.16468000,199333898.84939998
2022-03-16,82.84000000,87.98000000,81.53000000,87.77000000,222116241.77320001,4.93000000,5.95123129,7.78609367,82.38800000,82.75200000,85.75600000,87.66250000,87.49040000,88.97633333,90.20485714,93.27825000,94.59800000,94.38600000,98.40466667,154.18040000,84.62674282,88.74040153,-4.11365871,-4.65525777,0.54159906,60.58457749,50.04926247,44.86700163,44.40430612,27.77602980,77.66085878,87.66250000,101.18703034,74.13796966,167200664.99127999,205651658.28783000
2022-03-17,87.77000000,91.00000000,86.58000000,87.80000000,232117458.58860001,0.03000000,0.03418024,5.03588926,83.67200000,83.36600000,84.89733333,87.41700000,87.37360000,88.38566667,89.68000000,92.62950000,94.33822222,94.29960000,97.40166667,154.14825000,85.11493623,88.67074215,-3.55580592,-4.43536740,0.87956147,60.65861431,50.08732067,44.88428111,54.94619160,36.83275040,91.17307400,87.41700000,100.73238580,74.10161420,191377301.97812000,202026696.41753000
2022-03-18,87.80000000,92.28000000,84.41000000,89.80000000,257737465.02370000,2.00000000,2.27790433,8.96355353,85.88600000,84.11400000,84.50933333,87.39550000,87.64720000,87.98366667,89.48771429,91.99250000,93.88888889,94.30540000,96.56833333,154.04600000,85.83571527,88.75439088,-2.91867561,-4.13202904,1.21335343,65.79812171,52.70787113,46.06031413,64.31363787,45.99304622,100.95482117,87.39550000,100.69313806,74.09786194,210503680.45120001,206136411.44928998
2022-03-19,89.81000000,94.55000000,89.25000000,92.31000000,189155993.91810000,2.51000000,2.79510022,5.90134729,88.10400000,84.53900000,84.77533333,87.72950000,87.88440000,87.94333333,89.38342857,91.36150000,93.67622222,94.32480000,95.75316667,153.96620000,86.83175908,89.01776934,-2.18601026,-3.74282528,1.55681502,71.42083947,55.87930919,47.52657283,71.79094596,54.59234613,106.18814561,87.72950000,101.17516684,74.28383316,214932818.92444000,195724366.59101003
2022-03-20,92.31000000,92.55000000,87.82000000,88.62000000,135160820.53560001,-3.69000000,-3.99740006,5.12403857,89.26000000,85.11400000,84.70800000,87.17650000,88.04560000,87.90200000,89.26257143,90.74075000,93.38400000,94.17460000,94.97600000,153.85575000,87.10687306,88.98830494,-1.88143188,-3.37054660,1.48911473,55.36406845,50.45310115,45.62404076,69.49771151,59.56080126,89.37153200,87.17650000,99.40757049,74.94542951,207257595.96784002,185709655.56626001
2022-03-21,88.62000000,91.28000000,86.74000000,88.59000000,176751354.78680000,-0.03000000,-0.03385240,5.12299707,89.42400000,85.90600000,84.97600000,86.67300000,88.01480000,87.81266667,89.04028571,90.10725000,92.85000000,94.08060000,94.32683333,153.65755000,87.33504644,88.95880087,-1.62375443,-3.02118817,1.39743374,55.24290103,50.40968584,45.60855188,67.90971694,62.34377315,79.04160452,86.67300000,97.68163412,75.66436588,198184618.57055998,182692641.78092000
2022-03-22,88.58000000,93.98000000,88.00000000,90.43000000,239094582.93730000,1.84000000,2.07698386,6.75095958,89.95000000,86.81100000,85.56066667,86.16050000,87.92360000,87.80300000,88.60914286,89.71375000,92.33177778,93.89940000,93.96283333,153.37770000,87.81119314,89.06777858,-1.25658544,-2.66826762,1.41168218,61.45211033,53.10944774,46.76520173,70.30839135,64.99864589,80.92788229,86.16050000,95.20214045,77.11885955,199580043.44030002,195478672.70920998
2022-03-23,90.44000000,96.36000000,89.19000000,94.89000000,265825349.01199999,4.46000000,4.93199160,7.92790801,90.96800000,88.42700000,86.39866667,86.12400000,88.11000000,88.20066667,88.41000000,89.67275000,91.87866667,93.59680000,93.96866667,153.15775000,88.90024035,89.49905424,-0.59881389,-2.25437688,1.65556298,72.53498629,59.01023111,49.48235907,77.42781646,69.14170274,94.00004389,86.12400000,95.00939760,77.23860240,201197620.23796001,205850650.34457999
2022-03-24,94.88000000,103.70000000,93.26000000,102.32000000,474517921.12919998,7.43000000,7.83011909,11.00337268,92.97000000,90.53700000,87.34933333,86.82400000,88.77760000,88.73200000,88.66142857,89.83175000,91.54022222,93.60560000,94.01100000,152.95935000,90.96481876,90.44875393,0.51606483,-1.70028854,2.21635336,82.55924619,66.63973546,53.59935600,82.87700168,73.72013572,101.19073360,86.82400000,98.27367828,75.37432172,258270005.68017998,236601412.30230999
2022-03-25,102.32000000,104.86000000,96.95000000,98.60000000,341404558.23869997,-3.72000000,-3.63565285,7.73064894,94.96600000,92.11300000,88.39800000,87.27250000,88.73440000,89.19900000,88.91114286,89.97550000,91.21022222,93.54220000,94.12216667,152.63125000,92.13946203,91.05254994,1.08691209,-1.14284841,2.22976050,67.71122606,60.49011963,51.41045335,78.38091881,75.27373008,84.59529625,87.27250000,99.83375518,74.71124482,299518753.22080004,253388174.59432000
2022-03-26,98.60000000,103.40000000,97.63000000,101.73000000,192503281.43750000,3.13000000,3.17444219,5.85192698,97.59400000,93.50900000,89.80200000,88.13050000,88.85720000,89.61133333,89.21000000,90.10950000,90.93911111,93.32440000,94.23983333,152.27260000,93.61492941,91.84347216,1.77145724,-0.55998728,2.33144452,72.67339119,63.57543167,53.09233523,80.48540471,77.01095496,87.43430422,88.13050000,102.17158179,74.08941821,302669138.55093998,250426878.56075001
2022-03-27,101.73000000,107.46000000,98.77000000,107.04000000,242015312.59720001,5.31000000,5.21969920,8.54221960,100.91600000,95.43300000,91.51266667,89.39950000,89.11160000,90.08900000,89.67628571,90.14750000,90.95844444,93.19020000,94.48850000,151.85270000,95.68032488,92.96914089,2.71118399,0.09424697,2.61693702,79.18544771,68.17484695,55.80066750,86.31459413,80.11216802,98.71944636,89.39950000,105.42557412,73.37342588,303253284.48291999,251416663.96160999
2022-03-28,107.04000000,113.87000000,105.22000000,105.75000000,454984710.52190000,-1.29000000,-1.20515695,8.08109118,103.08800000,97.02800000,93.31400000,90.57100000,89.51680000,90.60633333,90.32742857,90.24475000,91.16333333,92.99960000,94.75916667,151.44195000,97.22950567,93.91587120,3.31363447,0.73812447,2.57551000,74.04163821,65.96724727,54.99572354,80.89974048,80.37469217,81.94983710,90.57100000,107.79850420,73.34349580,341085156.78490001,271141388.51142997
2022-03-29,105.75000000,115.70000000,105.49000000,111.62000000,416037180.64630002,5.87000000,5.55082742,9.65484634,104.94800000,98.95900000,95.34066667,91.74900000,90.44880000,91.47266667,91.04857143,90.69725000,91.51133333,92.88100000,95.09716667,151.10205000,99.44342787,95.22728814,4.21613973,1.43372753,2.78241220,80.83838680,70.68020956,57.88068085,82.57036106,81.10658180,85.49791957,91.74900000,111.31663913,72.18136087,329389008.68831998,293829507.18425000
2022-03-30,111.62000000,125.26000000,107.11000000,120.82000000,615094936.70570004,9.20000000,8.24225049,16.26052679,109.39200000,102.17900000,97.87266667,93.64650000,91.69640000,92.17733333,92.08371429,91.47125000,92.13288889,93.02840000,95.50866667,150.81095000,102.73213128,97.12304458,5.60908670,2.26879936,3.34028734,87.16089740,76.29334428,61.87738018,84.40815267,82.20710542,88.81024717,93.64650000,116.64771578,70.64528422,384127084.38172001,341822918.80125999
2022-03-31,120.82000000,129.50000000,119.95000000,122.77000000,640563903.87989998,1.95000000,1.61397120,7.90432048,113.60000000,105.59700000,100.20600000,95.75150000,93.22440000,92.98100000,93.03828571,92.25875000,92.71955556,93.20520000,96.00000000,150.55335000,105.81488031,99.02281905,6.79206126,3.17345174,3.61860952,88.15497758,77.29828095,62.66101342,84.04023211,82.81814765,86.48440101,95.75150000,121.31538841,70.18761159,473739208.87019998,388204173.71056998
2022-04-01,122.79000000,138.40000000,117.39000000,134.52000000,704191459.02149999,11.75000000,9.57074204,17.11051389,119.09600000,110.00600000,103.32066667,98.40850000,95.33880000,94.10900000,94.23285714,93.35375000,93.36400000,93.77220000,96.58383333,150.37830000,110.23105257,101.65223986,8.57881271,4.25452393,4.32428877,92.40630401,82.24556702,66.93458300,86.49499450,84.04376327,91.39745695,98.40850000,128.35387994,68.46312006,566174438.15506005,434713861.31899005
2022-04-02,134.53000000,143.51000000,131.47000000,132.49000000,575683426.38680005,-2.03000000,-1.50906928,8.94967665,124.44400000,113.76600000,106.16666667,101.09650000,97.34560000,95.33800000,95.44028571,94.59200000,94.04466667,94.49140000,96.95833333,150.24635000,113.65550602,103.93651839,9.71898763,5.34741667,4.37157096,86.00660172,79.00077861,65.58141838,83.10720137,83.73157597,81.85845218,101.09650000,133.17943810,69.01356190,590314181.32804000,465699669.05647004
2022-04-03,132.48000000,141.11000000,130.52000000,136.90000000,405018764.78329998,4.41000000,3.32855310,7.99365942,129.50000000,117.22400000,109.13933333,103.88050000,99.29920000,96.95733333,96.90514286,95.85500000,95.00866667,95.31020000,97.54200000,150.13690000,117.23158202,106.37825777,10.85332425,6.44859819,4.40472606,88.14664794,80.79629745,67.08961841,83.93575122,83.79963438,84.20798489,103.88050000,138.28076957,69.48023043,588110498.15544009,458749753.42187995
2022-04-04,136.90000000,138.29000000,125.82000000,132.14000000,457752604.04449999,-4.76000000,-3.47699050,9.10883857,131.76400000,120.57800000,112.04066667,106.34550000,101.27000000,98.37433333,97.83257143,97.04375000,95.94822222,96.09600000,98.04816667,150.03615000,119.52518479,108.28653497,11.23864981,7.40660851,3.83204130,73.57300678,73.40579376,63.93424136,80.81933407,82.80620095,76.84560032,106.34550000,141.45561339,71.23538661,556642031.62319994,470384558.00246000
2022-04-05,132.14000000,136.63000000,126.07000000,126.87000000,374058737.72250003,-5.27000000,-3.98819434,7.99152414,132.58400000,123.09200000,114.59266667,108.30050000,103.11800000,99.78433333,98.63857143,97.98150000,96.73933333,96.70600000,98.28566667,149.93260000,120.65515636,109.66308794,10.99206842,8.12370049,2.86836792,60.32264954,66.10289498,60.63937556,72.72694875,79.44645022,59.28794583,108.30050000,143.40991003,73.19108997,503340998.39172000,488540103.63095999
2022-04-06,126.88000000,127.40000000,112.10000000,112.95000000,512273613.69529998,-13.92000000,-10.97186096,12.05863808,128.27000000,123.68300000,116.09400000,109.55800000,104.38080000,100.82733333,98.98914286,98.48750000,97.23333333,96.85460000,98.27233333,149.65125000,119.46974769,109.90656291,9.56318478,8.41159735,1.15158743,38.40137750,51.37517712,53.09733348,55.02504983,71.30598342,22.46318264,109.55800000,143.35275799,75.76324201,464957429.32648003,515565933.74076998
2022-04-07,112.94000000,120.00000000,110.88000000,118.48000000,383156868.67510003,5.53000000,4.89597167,8.07508412,125.46800000,124.95600000,117.66666667,110.99200000,105.97080000,102.03266667,99.64228571,99.19375000,98.02266667,97.18700000,98.32566667,149.47985000,119.31747881,110.54163232,8.77584649,8.48444718,0.29139931,47.49707456,55.65687238,55.39701380,47.09545446,63.23580710,14.81474919,110.99200000,143.67227997,78.31172003,426452117.78413999,508383149.55609000
2022-04-08,118.47000000,122.42000000,108.10000000,109.92000000,387721449.44749999,-8.56000000,-7.22484808,12.08744830,120.07200000,124.78600000,118.17333333,111.87250000,107.11880000,102.76133333,100.25942857,99.80100000,98.54577778,97.51500000,98.19850000,149.36560000,117.87171284,110.49558548,7.37612736,8.26278322,-0.88665586,37.27364274,48.45228405,51.33175597,33.11023331,53.19394917,-7.05719840,111.87250000,143.36060895,80.38439105,422992654.71697998,505551576.43621004
2022-04-09,109.92000000,113.69000000,108.28000000,112.96000000,152114680.89219999,3.04000000,2.76564774,4.92176128,116.23600000,124.00000000,119.13066667,113.08950000,108.32360000,103.76433333,100.92600000,100.13300000,99.17622222,97.97700000,98.19033333,149.30895000,117.11606471,110.67813471,6.43793001,7.89781257,-1.45988257,42.54406937,50.91399166,52.62023648,26.64846770,44.34545535,-8.74550760,113.08950000,142.61384106,83.56515894,361865070.08652002,459253550.85486001
2022-04-10,112.97000000,116.09000000,109.71000000,111.07000000,175614158.75590000,-1.89000000,-1.67315864,5.64751704,113.07600000,122.83000000,119.75333333,114.21350000,109.25560000,104.77766667,101.68314286,100.44325000,99.65866667,98.37300000,98.14266667,149.12420000,116.18590091,110.70716176,5.47873915,7.41399789,-1.93525874,40.03449796,49.31665152,51.73172959,20.56146552,36.41745874,-11.15052091,114.21350000,141.43229094,86.99470906,322176154.29320002,412758576.34246004
2022-04-11,111.06000000,111.94000000,98.10000000,99.67000000,348238454.50940001,-11.40000000,-10.26379761,12.46173240,110.42000000,119.34500000,119.26200000,114.67550000,109.73040000,105.38733333,102.19771429,100.41800000,99.81333333,98.55200000,98.03433333,148.87300000,113.64499308,109.88959423,3.75539885,6.68227808,-2.92687923,28.05584126,40.87786385,46.76205402,14.92441497,29.25311082,-13.73297671,114.67550000,140.47099897,88.88000103,289369122.45602000,377163275.89125001
2022-04-12,99.64000000,109.36000000,98.31000000,103.22000000,366259936.41939998,3.55000000,3.56175379,11.08992373,107.36800000,116.41800000,119.09333333,115.09200000,110.26720000,106.20366667,102.79485714,100.60800000,100.10200000,98.95720000,98.14583333,148.69345000,112.04114799,109.39555021,2.64559778,5.87494202,-3.22934424,35.29092664,44.12581679,48.37362550,14.19610579,24.23410914,-5.87990090,115.09200000,139.78796140,90.39603860,285989736.00488001,356220926.89450997
2022-04-13,103.21000000,106.04000000,100.09000000,104.94000000,228562636.82470000,1.72000000,1.66634373,5.76494526,106.37200000,113.22200000,118.64800000,115.22300000,110.77240000,106.99433333,103.27714286,101.02350000,100.53111111,99.32840000,98.29550000,148.53785000,110.94866368,109.06550945,1.88315423,5.07658446,-3.19343023,38.86543477,45.70244235,49.15181831,15.38153744,21.28325191,3.57810850,115.22300000,139.66014093,90.78585907,254157973.48031998,338575314.09864998
2022-04-14,104.92000000,107.72000000,98.77000000,100.77000000,279743555.62110001,-4.17000000,-3.97369926,8.53030881,103.93400000,110.08500000,117.31133333,115.33150000,111.25840000,107.59200000,103.78857143,101.30200000,100.55533333,99.65200000,98.42750000,148.36350000,109.38271542,108.45102727,0.93168815,4.24760520,-3.31591705,33.48422188,42.52853690,47.34633706,13.29190095,18.61946826,2.63676635,115.33150000,139.47539083,91.18760917,279683748.42610002,320774409.25630999
2022-04-15,100.77000000,102.91000000,99.55000000,101.31000000,140391145.66650000,0.54000000,0.53587377,3.33432569,101.98200000,107.52900000,115.88066667,115.31050000,111.76720000,108.04333333,104.37828571,101.72050000,100.61422222,99.89100000,98.50983333,148.18830000,108.14075920,107.92206229,0.21869692,3.44182354,-3.22312663,34.88521248,43.08689538,47.60639659,13.26093836,16.83329162,6.11623182,115.31050000,139.50488080,91.11611920,272639145.80821997,297407650.05071002
2022-04-16,101.38000000,103.50000000,100.71000000,102.06000000,102584953.53360000,0.75000000,0.74030204,2.75202210,102.46000000,106.44000000,113.71666667,115.06150000,112.23240000,108.51866667,104.96914286,102.23050000,100.64488889,100.07800000,98.45216667,148.03760000,107.20525779,107.48783545,-0.28257766,2.69694330,-2.97952097,37.09349607,43.91252042,47.97876749,14.26825715,15.97828013,10.84821118,115.06150000,139.71246499,90.41053501,223508445.61306000,256438784.03454000
2022-04-17,102.06000000,105.44000000,99.62000000,100.15000000,155271562.74640000,-1.91000000,-1.87144817,5.70252792,101.84600000,104.60700000,111.56066667,114.78150000,112.44280000,108.86366667,105.58114286,102.67625000,100.74555556,100.27640000,98.42366667,147.86210000,106.11983351,106.94429209,-0.82445857,1.99266293,-2.81712150,33.61013260,42.21130233,47.08941029,13.31057796,15.08904607,9.75364172,114.78150000,139.99851036,89.56448964,181310770.87845999,233650253.44167000
2022-04-18,100.15000000,102.65000000,94.62000000,102.33000000,271730806.75180000,2.18000000,2.17673490,8.01797304,101.32400000,103.84800000,109.25600000,114.31700000,112.44320000,109.19766667,106.18428571,103.03300000,101.05688889,100.61040000,98.57050000,147.66690000,105.53678220,106.60249267,-1.06571047,1.38098825,-2.44669872,41.17601892,44.87059782,48.23226966,20.84390960,17.00733392,28.51706097,114.31700000,140.11476906,88.51923094,189944404.86388001,222051189.17210001
2022-04-19,102.37000000,109.00000000,101.02000000,108.51000000,280654686.05729997,6.18000000,6.03928467,7.79525252,102.87200000,103.40300000,107.68066667,113.70150000,112.83960000,109.86066667,106.91771429,103.67400000,101.47644444,100.78700000,98.88133333,147.40165000,105.99420033,106.74378951,-0.74958918,0.95487276,-1.70446195,57.60977836,51.73879001,51.34130753,40.62804135,24.88090306,72.12231793,113.70150000,139.43330974,87.96969026,190126630.95111999,234905189.68860999
2022-04-20,108.51000000,110.90000000,104.25000000,105.59000000,297974331.00059998,-2.92000000,-2.69099622,6.12846742,103.72800000,102.85500000,106.26200000,112.84250000,112.99400000,110.42733333,107.42685714,104.29700000,101.94355556,100.92560000,99.12000000,147.08470000,105.93201566,106.65832362,-0.72630796,0.61863662,-1.34494458,49.73215186,48.61682057,49.86478981,49.54645836,33.10275483,82.43386543,112.84250000,138.44636391,87.23863609,221643268.01793998,247141206.91308004
2022-04-21,105.58000000,110.00000000,99.86000000,101.78000000,284134458.72729999,-3.81000000,-3.60829624,9.60409168,103.67200000,103.06600000,105.51733333,111.20550000,112.78360000,110.80566667,107.82628571,104.80700000,102.39066667,100.94760000,99.30433333,146.72870000,105.29324402,106.29696632,-1.00372230,0.29416483,-1.29788713,40.96205670,44.77140087,47.98586003,47.69108690,37.96553219,67.14219633,111.20550000,135.10339374,87.30760626,257953169.05668002,240730807.33487001
2022-04-22,101.78000000,103.55000000,99.19000000,100.55000000,180380786.86590001,-1.23000000,-1.20848890,4.28374926,103.75200000,102.79900000,104.32200000,109.60850000,112.57560000,110.99433333,108.13342857,105.35250000,102.79577778,101.04620000,99.59750000,146.39580000,104.56351417,105.87126511,-1.30775094,-0.02621832,-1.28153262,38.34260693,43.55802849,47.38438808,43.93574508,39.95560315,51.89602893,109.60850000,131.71956346,87.49743654,262975013.88058001,222142892.37952000
2022-04-23,100.55000000,102.90000000,98.31000000,100.63000000,109466876.36680000,0.08000000,0.07956241,4.56489309,103.41200000,102.36800000,103.70266667,107.79500000,112.13600000,110.93800000,108.37114286,105.83775000,103.07511111,101.29240000,99.83500000,146.07585000,103.95835814,105.48302325,-1.52466510,-0.32590768,-1.19875743,38.64881554,43.66635499,47.42910952,41.59598402,40.50239677,43.78315852,107.79500000,126.10394346,89.48605654,230522227.80357999,210233316.33373001
2022-04-24,100.63000000,102.31000000,98.55000000,99.23000000,106954414.42129999,-1.40000000,-1.39123522,3.73646030,101.55600000,102.21400000,102.78733333,106.14950000,111.27240000,110.95900000,108.67428571,106.24750000,103.43866667,101.48440000,100.07900000,145.80265000,103.23091843,105.01983634,-1.78891791,-0.61850972,-1.17040819,34.99872412,42.12295677,46.70420876,37.16964045,39.39147800,32.72596536,106.14950000,120.79484771,91.50415229,195782173.47637999,192954402.21374997
2022-04-25,99.22000000,101.59000000,94.32000000,100.99000000,226174939.47070000,1.76000000,1.77365716,7.32715178,100.63600000,102.18200000,102.11533333,104.85550000,110.40120000,110.93433333,109.02857143,106.57800000,103.89022222,101.81280000,100.27283333,145.53630000,102.88616175,104.72132994,-1.83516820,-0.86184142,-0.97332678,43.10477378,44.79875357,47.75175530,38.18949090,38.99081563,36.58684144,104.85550000,115.93038477,93.78061523,181422295.17039999,201532781.59417000
2022-04-26,100.98000000,101.98000000,94.61000000,95.70000000,187010168.60560000,-5.29000000,-5.23814239,7.29847495,99.42000000,101.54600000,101.85066667,103.99300000,108.84840000,110.55633333,109.17914286,106.77550000,104.20844444,102.09360000,100.32266667,145.22050000,101.78059840,104.05308328,-2.27248488,-1.14397011,-1.12851477,29.73169723,38.90156008,44.97896948,28.23408762,35.40523963,13.89178361,103.99300000,115.10038228,92.88561772,161997437.14605999,209975303.10137001
2022-04-27,95.70000000,100.79000000,94.89000000,98.36000000,180105223.65540001,2.66000000,2.77951933,6.16509927,98.98200000,101.36700000,101.52666667,102.98700000,107.48320000,110.31000000,109.27828571,106.98950000,104.64466667,102.41440000,100.45816667,144.92810000,101.25435249,103.63137341,-2.37702091,-1.39058027,-0.98644064,40.81189703,43.01631968,46.60575684,26.94496071,32.58514666,15.66458881,102.98700000,112.02077312,93.95322688,161942324.50395998,212458669.19227001
2022-04-28,98.35000000,100.55000000,96.33000000,98.24000000,182594839.53160000,-0.12000000,-0.12200081,4.29079817,98.50400000,100.95800000,101.08000000,102.40300000,105.93680000,109.86400000,109.16171429,107.13775000,105.02288889,102.61800000,100.66833333,144.68155000,100.79060596,103.23201242,-2.44140646,-1.60074551,-0.84066095,40.46646370,42.87421816,46.54097987,25.84428824,30.33819385,16.85647702,102.40300000,111.05157055,93.75442945,176567917.13692001,203545072.47025001
2022-04-29,98.23000000,98.68000000,92.35000000,93.96000000,166246202.32749999,-4.28000000,-4.35667752,6.44405986,97.45000000,99.50300000,100.62600000,101.45300000,104.40960000,108.96866667,109.02914286,107.27125000,105.27000000,102.83980000,100.57300000,144.42750000,99.73974350,102.54519668,-2.80545318,-1.84168704,-0.96376614,29.70537406,37.99108807,44.25191030,20.27012984,26.98217251,6.84604449,101.45300000,109.36133564,93.54466436,188426274.71815997,192104224.09726998
2022-04-30,93.96000000,94.95000000,81.91000000,84.63000000,164168373.57929999,-9.33000000,-9.92975734,13.87824606,94.17800000,97.40700000,99.51400000,100.13100000,102.72000000,107.69733333,108.54057143,107.17225000,105.20022222,102.91900000,100.33916667,144.08905000,97.41516758,101.21814508,-3.80297750,-2.23394513,-1.56903236,17.51875302,29.89423937,39.79924930,17.70319192,23.88917898,5.33121779,100.13100000,109.89286328,90.36913672,176024961.53988001,178723628.35514000
2022-05-01,84.63000000,93.12000000,84.15000000,89.68000000,207825708.07760000,5.05000000,5.96715113,10.59907834,92.97400000,96.19700000,98.68866667,99.63150000,101.78920000,106.20266667,108.04457143,107.15350000,105.24200000,103.08500000,100.15583333,143.79725000,96.22514180,100.36346766,-4.13832587,-2.61482128,-1.52350459,34.87282838,37.73048548,43.03650762,24.14133709,23.97323168,24.47754791,99.63150000,110.45707649,88.80592351,180188069.43428001,171092753.29017001
2022-05-02,89.67000000,90.89000000,85.10000000,87.50000000,168665929.55050001,-2.18000000,-2.43086530,6.45700903,90.80200000,94.89200000,97.84533333,98.84550000,100.55000000,104.70300000,107.52314286,106.96875000,105.19088889,103.26040000,100.02050000,143.48465000,94.88281229,99.41061821,-4.52780592,-2.99741821,-1.53038771,31.44553266,35.84370682,42.01869798,25.22821166,24.39155834,26.90151829,98.84550000,110.79810196,86.89289804,177900210.61330000,169921267.55863002
2022-05-03,87.49000000,88.81000000,84.66000000,85.86000000,135931235.12970001,-1.64000000,-1.87428571,4.74339925,88.32600000,93.41500000,96.74733333,97.89150000,99.58760000,103.00166667,106.78714286,106.55725000,105.04755556,103.35320000,99.97950000,143.09805000,93.49468732,98.40686871,-4.91218139,-3.38037084,-1.53181054,28.88296804,34.43068103,41.25282977,23.37917980,24.05409883,22.02934175,97.89150000,110.80322666,84.97977334,168567489.73291999,172567703.43492001
2022-05-04,85.86000000,93.06000000,85.47000000,92.77000000,198783148.93050000,6.91000000,8.04798509,8.83997205,88.08800000,92.76900000,95.69800000,97.49150000,98.78000000,101.68933333,105.98571429,106.41150000,105.13977778,103.55180000,100.03183333,142.77420000,93.38319697,97.98932288,-4.60612591,-3.62552186,-0.98060406,49.63498397,44.48926628,45.61133394,33.62299082,27.24372949,46.38151347,97.49150000,110.52287312,84.46012688,175074879.05352002,181750576.88584000
2022-05-05,92.77000000,95.25000000,81.32000000,84.52000000,290368666.46920002,-8.25000000,-8.89296109,15.01563005,88.06600000,91.12200000,94.29333333,96.65200000,97.71800000,100.27766667,104.89285714,105.98125000,105.04933333,103.48680000,100.03100000,142.39620000,92.01962820,96.99159526,-4.97196706,-3.89481090,-1.07715616,35.00191019,37.08049463,41.75220543,27.89384117,27.46043338,28.76065673,96.65200000,110.76591937,82.53808063,200314937.63150001,188169949.58569002
2022-05-06,84.52000000,84.84000000,79.98000000,81.68000000,213954688.34000000,-2.84000000,-3.36015144,5.75011832,86.46600000,89.72000000,92.95333333,95.63300000,96.99840000,99.23533333,103.38314286,105.34725000,104.85488889,103.36440000,100.03133333,142.01900000,90.42891617,95.85740302,-5.42848685,-4.20154609,-1.22694076,31.20198117,34.89804128,40.52068659,21.35071505,25.42386061,13.20442393,95.63300000,110.99090570,80.27509430,201540733.68398002,190864401.55913001
2022-05-07,81.67000000,82.33000000,77.03000000,78.86000000,153609731.66190001,-2.82000000,-3.45249755,6.48953104,84.73800000,87.77000000,91.50733333,94.56850000,96.02400000,97.91466667,101.85085714,104.67500000,104.49866667,103.14560000,99.97366667,141.63440000,88.64908291,94.59833613,-5.94925321,-4.55108751,-1.39816570,27.62805145,32.80644459,39.31903473,17.05136199,22.63302773,5.88803051,94.56850000,111.48082534,77.65617466,198529494.10626000,188214852.35978001
2022-05-08,78.86000000,79.41000000,73.69000000,75.38000000,210452506.82990000,-3.48000000,-4.41288359,7.25336039,82.64200000,85.48400000,89.82400000,93.22100000,94.84160000,96.76333333,100.09314286,103.76900000,103.90000000,102.80700000,99.76233333,141.12770000,86.60768554,93.17475567,-6.56707013,-4.95428404,-1.61278609,23.62140560,30.35706877,37.87278706,13.98043799,19.74883115,2.44365166,93.22100000,111.74705323,74.69494677,213433748.44630000,191000619.08961001
2022-05-09,75.39000000,77.21000000,61.70000000,62.16000000,404836586.30833101,-13.22000000,-17.53780844,20.57302029,76.52000000,82.30400000,87.35266667,90.90350000,93.29720000,95.07000000,98.09371429,102.30250000,103.09022222,102.27780000,99.41716667,140.48600000,82.84650315,90.87736636,-8.03086321,-5.56959987,-2.46126334,14.22037838,23.18374261,33.05340219,9.77732130,16.42499454,-3.51802516,90.90350000,112.68657240,69.12042760,254644435.92186624,214859657.48769313
2022-05-10,62.16000000,74.03000000,60.13000000,66.90000000,533633557.19989800,4.74000000,7.62548263,22.36164736,72.99600000,80.53100000,85.08000000,88.96900000,91.92080000,93.59766667,96.38028571,100.90575000,102.31622222,101.84400000,99.18766667,139.83905000,80.39319497,89.10126515,-8.70807018,-6.19729393,-2.51077625,26.76151892,29.68290121,36.09585376,12.94380266,15.26459724,8.30221349,88.96900000,112.09116790,65.84683210,303297414.06800580,251806175.84975290
2022-05-11,66.90000000,68.44000000,43.17000000,50.90000000,655895713.54258895,-16.00000000,-23.91629297,37.77279522,66.84000000,76.65300000,82.09333333,86.42500000,89.87440000,91.97200000,94.60742857,98.81525000,101.06866667,101.05340000,98.67966667,139.10480000,75.85578036,86.27154181,-10.41576144,-7.04098744,-3.37477401,16.80778137,22.63184529,31.11513620,13.57671841,14.70197097,11.32621331,86.42500000,114.31653012,58.53346988,391685619.10852361,296613176.39625180
2022-05-12,50.90000000,54.29000000,37.37000000,44.64000000,615675880.93754005,-6.26000000,-12.29862475,33.24165029,59.99600000,72.36700000,78.51200000,83.62950000,87.65400000,90.01933333,92.49771429,96.61900000,99.71066667,100.04840000,98.11150000,138.31730000,71.05335261,83.18772390,-12.13437128,-8.05966420,-4.07470708,14.30903895,20.54845822,29.45576821,13.23796892,14.21397029,11.28596620,83.62950000,116.34961162,50.90938838,484098848.96365166,341314171.53495586
2022-05-13,44.64000000,56.99000000,43.83000000,48.92000000,445956256.04850000,4.28000000,9.58781362,29.48028674,54.70400000,68.67300000,75.22400000,81.04400000,85.51760000,88.15200000,90.75485714,94.41950000,98.31733333,98.98040000,97.57316667,137.51340000,67.64822144,80.64937398,-13.00115253,-9.04796187,-3.95319066,23.62471972,25.65316148,32.04140910,15.47700577,14.63498212,17.16105309,81.04400000,116.19005100,45.89794900,531199598.80737150,372316673.62683582
2022-05-14,48.93000000,53.91000000,45.81000000,52.43000000,253571501.88000000,3.51000000,7.17497956,16.55426119,52.75800000,64.63900000,72.45533333,78.70400000,83.27440000,86.54066667,89.02542857,92.42675000,96.79755556,98.05700000,97.06633333,136.77630000,65.30695661,78.55904998,-13.25209337,-9.88878817,-3.36330520,31.00605842,29.69436055,34.10814593,20.89310391,16.72102271,29.23726631,78.70400000,114.96600471,42.44199529,500946581.92170542,377795508.92178577
2022-05-15,52.43000000,59.31000000,49.63000000,58.83000000,208778706.77020001,6.40000000,12.20675186,18.46271219,51.14400000,62.07000000,70.73533333,76.59600000,81.40400000,85.12466667,87.53285714,90.72575000,95.37666667,97.19900000,96.58400000,136.14800000,64.31050174,77.09763887,-12.78713713,-10.46845796,-2.31867916,43.04911892,36.55417267,37.71226882,29.83917485,21.09374009,47.33004436,76.59600000,112.30054336,40.89145664,435975611.83576584,369636512.95188582
2022-05-16,58.83000000,58.83000000,51.89000000,53.79000000,295070394.33469999,-5.04000000,-8.56705762,11.79670236,51.72200000,59.28100000,68.34266667,74.50050000,79.48440000,83.51566667,86.22200000,89.24675000,93.58266667,96.13400000,96.01716667,135.43985000,62.69196301,75.37114710,-12.67918409,-10.91060319,-1.76858090,36.95355434,33.72708072,36.09012192,32.91212989,25.03320336,48.66998295,74.50050000,110.40299044,38.59800956,363810547.99418801,377748083.55135584
2022-05-17,53.80000000,58.22000000,53.04000000,57.02000000,242391527.49770001,3.23000000,6.00483361,9.62825279,54.19800000,57.09700000,66.31066667,72.43350000,77.74320000,82.07800000,84.90200000,87.71025000,91.90555556,95.15940000,95.47083333,134.72290000,61.81935332,74.01180287,-12.19244955,-11.16697246,-1.02547709,43.14473644,37.12669624,37.87708163,38.38218298,29.48286323,56.18082247,72.43350000,107.29726268,37.56973732,289153677.30622000,386626263.13493580
2022-05-18,57.01000000,57.85000000,49.38000000,49.93000000,235605712.66010001,-7.09000000,-12.43423360,14.85704262,54.40000000,54.55200000,63.91533333,70.01800000,75.71520000,80.33133333,83.33028571,86.21050000,89.97288889,93.92560000,94.76450000,133.99405000,59.99022204,72.22796562,-12.23774358,-11.38112668,-0.85661690,34.27816862,33.06510776,35.59731136,37.00838021,31.99136889,47.04240286,70.01800000,104.03743259,35.99856741,247083568.62853998,389141583.71795577
2022-05-19,49.93000000,54.09000000,48.20000000,52.20000000,246302390.73660001,2.27000000,4.54636491,11.79651512,54.35400000,53.55600000,61.21066667,67.93000000,73.83400000,78.45433333,81.94257143,84.69150000,88.19644444,92.55320000,94.15750000,133.24260000,58.79172634,70.74441261,-11.95268627,-11.49543860,-0.45724767,39.08760582,35.52856557,36.86681887,40.58256353,34.85510044,52.03748971,67.93000000,100.87124083,34.98875917,245629746.39985999,373288164.16078269
2022-05-20,52.20000000,53.62000000,47.81000000,49.43000000,245429377.98780000,-2.77000000,-5.30651341,11.13026820,52.47400000,51.80900000,58.87133333,66.17000000,71.77160000,76.58233333,80.46028571,83.15050000,86.47555556,91.08640000,93.50483333,132.47025000,57.35146075,69.16556723,-11.81410648,-11.55917218,-0.25493431,35.30448949,33.86920766,35.96412987,45.37774062,38.36264716,59.40792753,66.17000000,99.11573976,33.22426024,252959880.64338002,344467746.23957288
2022-05-21,49.42000000,51.21000000,48.43000000,50.31000000,98299753.25900000,0.88000000,1.78029537,5.62525293,51.77800000,51.75000000,56.78000000,64.20150000,69.95600000,74.86666667,78.98171429,81.91650000,85.08355556,89.40220000,92.83616667,131.61770000,56.26815910,67.76885855,-11.50069945,-11.54747763,0.04677818,37.60663711,34.92258544,36.47971600,44.20531545,40.31020326,51.99553984,64.20150000,95.91426700,32.48873300,213605752.42824000,288708150.21121401
2022-05-22,50.30000000,53.20000000,49.69000000,52.48000000,140435263.81160000,2.17000000,4.31325780,6.97813121,50.87000000,52.53400000,55.02133333,62.45050000,68.12080000,73.26433333,77.61971429,80.64800000,83.61688889,87.80200000,92.12933333,130.66325000,55.68536539,66.63635051,-10.95098512,-11.42817913,0.47719401,43.55060710,37.59654410,37.76899001,45.93934610,42.18658421,53.44486990,62.45050000,92.57419760,32.32680240,193214499.69102001,241184088.49861997
2022-05-23,52.48000000,54.68000000,48.61000000,49.17000000,219973233.88600001,-3.31000000,-6.30716463,11.56631098,50.71800000,52.55900000,53.27400000,60.61600000,66.15800000,71.54900000,76.10085714,79.25375000,82.26688889,86.04740000,91.24350000,129.67375000,54.68300148,65.34254677,-10.65954528,-11.27445236,0.61490708,37.08402767,35.19048406,36.58700670,34.56825972,39.64714271,24.41049374,60.61600000,89.16470512,32.06729488,190088003.93619999,218585786.28237000
2022-05-24,49.17000000,50.85000000,47.10000000,49.67000000,179621230.71280000,0.50000000,1.01688021,7.62660159,50.21200000,52.28300000,52.44133333,58.46100000,64.38640000,69.89700000,74.41971429,77.97625000,80.86044444,84.39800000,90.42800000,128.74180000,53.91177049,64.18161738,-10.26984689,-11.07353127,0.80368438,38.73306251,35.86683451,36.89828052,30.34871762,36.54766768,17.95081750,58.46100000,83.01787439,33.90412561,176751771.93144000,211190759.16564998
2022-05-25,49.67000000,50.55000000,47.57000000,47.98000000,160613552.13880000,-1.69000000,-3.40245621,5.99959734,49.92200000,51.19800000,51.18000000,56.63400000,62.92040000,68.13000000,72.77371429,76.64300000,79.45844444,82.82020000,89.53216667,127.68950000,52.99919041,62.98149757,-9.98230716,-10.85528645,0.87297929,35.01109515,34.53780979,36.27034347,22.87036810,31.98856782,4.63396866,56.63400000,78.29386674,34.97413326,159788606.76164001,206374243.70251000
2022-05-26,47.97000000,48.66000000,41.69000000,43.44000000,314922743.59189999,-4.54000000,-9.46227595,14.52991453,48.54800000,50.16300000,50.68266667,54.72200000,61.07080000,66.38800000,71.10685714,75.17750000,78.20888889,81.43000000,88.47216667,126.65830000,51.52854573,61.53397923,-10.00543350,-10.68531586,0.67988236,26.73069436,31.15466346,34.61885616,18.85664804,27.61126123,1.34742167,54.72200000,73.65193352,35.79206648,203113204.82822001,208359478.62823001
2022-05-27,43.44000000,43.95000000,39.93000000,41.17000000,315086453.00779998,-2.27000000,-5.22559853,9.25414365,46.28600000,48.57800000,50.45133333,52.83750000,59.21760000,64.48166667,69.41028571,73.70300000,76.83000000,79.88380000,87.39583333,125.62285000,49.93492331,60.02553633,-10.09061302,-10.56637529,0.47576227,23.40886533,29.57450017,33.81552769,15.37335858,23.53196035,-0.94384495,52.83750000,68.94315886,36.73184114,238043442.66745996,215628971.17924005
2022-05-28,41.18000000,45.08000000,40.33000000,44.25000000,183339589.40900001,3.08000000,7.48117561,11.53472559,45.30200000,48.01000000,50.14000000,51.28100000,57.55320000,62.68200000,67.79942857,72.25100000,75.48133333,78.57040000,86.27300000,124.64890000,49.06031973,58.85697808,-9.79665836,-10.41243190,0.61577355,36.29806041,34.49244565,35.92078831,20.01161759,22.35851276,15.31782724,51.28100000,63.84025056,38.72174944,230716713.77206001,210402358.85413000
2022-05-29,44.24000000,45.67000000,41.79000000,44.98000000,202572097.58849999,0.73000000,1.64971751,8.77034358,44.36400000,47.28800000,49.64333333,50.42200000,55.64160000,61.04933333,66.24942857,70.66275000,74.24155556,77.21080000,85.00900000,123.70835000,48.43257823,57.82905378,-9.39647555,-10.20924063,0.81276508,39.20776433,35.65425354,36.42096018,24.75350777,23.15684443,27.94683445,50.42200000,62.17231932,38.67168068,235306887.14720002,206029329.53931999
2022-05-30,44.98000000,48.39000000,44.27000000,47.22000000,253574633.26470000,2.24000000,4.97999111,9.15962650,44.21200000,47.06700000,48.86933333,49.43800000,54.14960000,59.80233333,64.71314286,69.20350000,73.03955556,75.93380000,83.74983333,122.77760000,48.24602773,57.04319794,-8.79717021,-9.92682655,1.12965634,47.96035938,39.26028415,37.97121798,32.97691478,26.43020121,46.07034192,49.43800000,58.32555155,40.55044845,253899103.37237996,206843855.06701002
2022-05-31,47.22000000,48.24000000,44.56000000,45.77000000,207640573.68380001,-1.45000000,-3.07073274,7.79330792,44.67800000,46.61300000,48.33466667,49.18150000,52.71320000,58.33866667,63.28657143,67.80325000,71.78866667,74.85580000,82.27066667,121.86405000,47.86510039,56.20814624,-8.34304585,-9.61007041,1.26702455,43.13609822,37.76571563,37.35596558,35.18234997,29.34758413,46.85188164,49.18150000,58.18672252,40.17627748,232442669.39076000,217777937.10949001
2022-06-01,45.78000000,46.12000000,39.51000000,40.11000000,205803279.55370000,-5.66000000,-12.36617872,14.43861948,44.46600000,45.37600000,47.20733333,48.95500000,51.16320000,56.75900000,61.62228571,66.29225000,70.45444444,73.59360000,80.73100000,120.85665000,46.67200802,55.01569097,-8.34368294,-9.35679292,1.01310997,29.32093822,32.49764832,35.04318619,25.21856841,27.97124556,19.71321411,48.95500000,58.64316424,39.26683576,210586034.69994003,224314738.68370000
2022-06-02,40.11000000,41.65000000,38.13000000,40.85000000,206604815.91310000,0.74000000,1.84492645,8.77586637,43.78600000,44.54400000,46.60200000,48.55150000,49.78200000,55.25866667,59.98257143,64.79775000,69.08822222,72.31180000,79.13016667,119.86770000,45.77631448,53.96638052,-8.19006604,-9.12344754,0.93338150,32.70244958,33.81445076,35.58724371,24.11243262,26.68497458,18.96734869,48.55150000,58.89579469,38.20720531,215239080.00075999,222977896.88641000
2022-06-03,40.86000000,41.54000000,37.63000000,38.28000000,172766731.58070001,-2.57000000,-6.29130967,9.56926089,42.44600000,43.40500000,45.67400000,47.84400000,48.82680000,53.44233333,58.39171429,63.27400000,67.52755556,71.06200000,77.56583333,118.86810000,44.62303533,52.80442641,-8.18139108,-8.93503625,0.75364517,27.26590826,31.48728710,34.53887722,18.03929476,23.80308130,6.51172166,47.84400000,58.97688992,36.71111008,209278006.79920000,222292446.97319999
2022-06-04,38.28000000,39.50000000,35.71000000,39.00000000,139577288.67150000,0.72000000,1.88087774,9.90073145,40.80200000,42.50700000,44.97866667,46.85250000,47.71080000,51.92500000,57.08800000,61.72425000,66.04777778,69.81580000,76.10133333,117.96790000,43.75795297,51.78187631,-8.02392334,-8.75281367,0.72889033,31.11575071,32.89866618,35.09781169,20.67498725,22.76038329,16.50419518,46.85250000,57.38149330,36.32350670,186478537.88056001,220188820.62647000
2022-06-05,39.02000000,40.22000000,37.85000000,38.52000000,141881168.63100001,-0.48000000,-1.23076923,6.07380830,39.35200000,42.01500000,44.19266667,46.08900000,47.21560000,50.48633333,55.62628571,60.29475000,64.64200000,68.54500000,74.86083333,117.06580000,42.95211405,50.79951510,-7.84740105,-8.57173114,0.72433010,29.85170141,32.41305378,34.89056975,21.17028593,22.23035083,19.05015612,46.08900000,56.71396147,35.46403853,173326656.87000000,202884663.13038000
2022-06-06,38.53000000,44.87000000,38.33000000,42.39000000,290291015.63260001,3.87000000,10.04672897,16.97378666,39.80800000,42.13700000,43.52000000,45.35750000,47.12560000,49.27066667,54.33742857,58.89550000,63.34955556,67.38980000,73.59266667,116.30270000,42.86563497,50.17658805,-7.31095309,-8.31957553,1.00862244,49.64366286,40.17945983,37.97190663,31.67398662,25.37822943,44.26550101,45.35750000,54.75761842,35.95738158,190224204.08577999,200405119.39286000
2022-06-07,42.39000000,42.80000000,37.12000000,39.31000000,302649368.60219997,-3.08000000,-7.26586459,13.39938665,39.50000000,41.64300000,42.86266667,44.82650000,46.74120000,48.06833333,53.00742857,57.42225000,61.98688889,66.12940000,72.41583333,115.42300000,42.31861420,49.37165561,-7.05304140,-8.06626871,1.01322730,39.10615696,36.53453051,36.53595787,30.57971348,27.11205745,37.51502555,44.82650000,54.33821970,35.31478030,209433114.62360001,212336097.31218001
2022-06-08,39.32000000,40.96000000,38.28000000,38.83000000,156635684.26980001,-0.48000000,-1.22106334,6.81586979,39.61000000,41.02800000,42.14000000,44.15800000,46.19720000,47.29066667,51.46628571,56.04400000,60.64466667,64.73580000,71.18033333,114.52900000,41.78190433,48.59079223,-6.80888790,-7.81479255,1.00590464,37.61307178,35.97962286,36.31264776,28.68655546,27.63689012,30.78588615,44.15800000,53.36208971,34.95391029,206206905.16142002,207742455.98031002
2022-06-09,38.83000000,41.97000000,38.44000000,39.96000000,185342283.84840000,1.13000000,2.91012104,9.09090909,39.80200000,40.30200000,41.60533333,43.68450000,45.44240000,46.39266667,50.19314286,54.92725000,59.28844444,63.42320000,69.99516667,113.57625000,41.50161135,47.95147429,-6.44986293,-7.54180662,1.09194369,43.68696094,38.38311487,37.25473144,32.73307988,29.33562004,39.52799957,43.68450000,52.71943448,34.64956552,215359904.19680005,200919221.03868002
2022-06-10,39.96000000,40.90000000,36.80000000,37.17000000,168826417.91569999,-2.79000000,-6.98198198,10.26026026,39.53200000,39.44200000,41.18733333,43.02750000,44.77760000,45.93500000,48.92142857,53.61450000,57.98777778,62.13100000,68.95350000,112.68415000,40.83520961,47.15284656,-6.31763695,-7.29697269,0.97933573,33.90643175,34.85823612,35.88705529,27.13500813,28.60208274,24.20085892,43.02750000,51.94408626,34.11091374,220748954.05374002,197037805.46187001
2022-06-11,37.17000000,37.93000000,33.17000000,33.93000000,164203312.63408199,-3.24000000,-8.71670702,12.80602637,37.84000000,38.82400000,40.70466667,42.10000000,43.85400000,45.57800000,47.63771429,52.27525000,56.55600000,60.79860000,67.79866667,111.74505000,39.77286967,46.17337644,-6.40050678,-7.11767951,0.71717273,25.84362852,31.22543344,34.35857045,20.25524759,25.81980435,9.12613405,42.10000000,50.73116507,33.46883493,195531413.45403638,192877808.76990819
2022-06-12,33.94000000,34.50000000,30.56000000,30.61000000,222245784.90582499,-3.32000000,-9.78485116,11.60872127,36.10000000,37.80000000,39.79533333,41.17200000,43.08120000,44.96766667,46.35857143,50.89400000,55.05311111,59.39820000,66.55983333,110.86960000,38.36319741,45.02053375,-6.65733633,-7.02561087,0.36827454,19.99660791,27.96730194,32.86201116,13.61996706,21.75319192,-2.64648266,41.17200000,50.56037265,31.78362735,179450696.71476138,194441905.66918069
2022-06-13,30.60000000,31.11000000,26.05000000,28.60000000,372532264.64512497,-2.01000000,-6.56648154,16.53594771,34.05400000,36.83200000,38.70333333,40.11850000,42.13720000,44.17333333,45.39971429,49.28975000,53.60066667,57.98560000,65.35700000,109.96275000,36.86116704,43.80419791,-6.94303087,-7.00909487,0.06606400,17.17376969,26.16422390,31.98196517,13.59644988,19.03427791,2.72079382,40.11850000,50.19519803,30.04180197,222630012.78982639,214418458.97562319
2022-06-14,28.59000000,32.32000000,25.86000000,29.59000000,335148563.73442000,0.99000000,3.46153846,22.59531305,31.98000000,35.89100000,37.52800000,39.19900000,41.34360000,43.19866667,44.33371429,47.91650000,52.37755556,56.55760000,64.16166667,109.14860000,35.74252596,42.75129436,-7.00876841,-7.00902958,0.00026117,23.55221651,28.63633947,32.90543165,15.60471724,17.89109102,11.03196969,39.19900000,49.60598935,28.79201065,252591268.76703039,233975586.48191518
2022-06-15,29.59000000,34.86000000,26.79000000,34.76000000,376046180.33090001,5.17000000,17.47211896,27.27272727,31.49800000,35.51500000,36.79400000,38.76500000,40.72160000,42.56433333,43.87257143,46.74350000,51.15711111,55.33880000,63.04000000,108.35870000,35.59136812,42.15934663,-6.56797852,-6.92081937,0.35284085,48.43653425,40.06789581,37.52738437,27.91593507,21.23270570,41.28239380,38.76500000,49.15124901,28.37875099,294035221.25007039,257392087.65190521
2022-06-16,34.75000000,36.00000000,29.52000000,30.12000000,335024040.42100000,-4.64000000,-13.34867664,18.64748201,30.73600000,34.28800000,36.12800000,38.21250000,39.82720000,41.66766667,43.45771429,45.52500000,49.88200000,53.97400000,61.87283333,107.50585000,34.74961918,41.26754318,-6.51792400,-6.84024029,0.32231629,35.86388378,34.63577791,35.25309250,27.42502437,23.29681193,35.68144927,38.21250000,49.21727576,27.20772424,328199366.80745399,261865390.13074517
2022-06-17,30.12000000,32.19000000,29.26000000,30.71000000,195306060.25209999,0.59000000,1.95883134,9.72775564,30.75600000,33.42800000,35.45200000,37.53550000,39.08880000,41.02700000,42.93742857,44.40825000,48.65644444,52.62340000,60.67916667,106.63895000,34.12813930,40.48550294,-6.35736364,-6.74366496,0.38630132,38.30732913,35.84232387,35.76957562,28.31852442,24.97071609,35.01414108,37.53550000,48.64186323,26.42913677,322811421.87670898,251131059.29573521
2022-06-18,30.72000000,32.06000000,27.15000000,32.02000000,275582397.12529999,1.31000000,4.26571149,15.98307292,31.44000000,32.74700000,35.03466667,36.88750000,38.38280000,40.35433333,42.35428571,43.65475000,47.30644444,51.38460000,59.40433333,105.75640000,33.80381018,39.85842865,-6.05461847,-6.60585566,0.55123719,43.99253766,38.58809410,36.93511618,32.53149855,27.49097691,42.61254183,36.88750000,47.67268257,26.10231743,303421448.37274402,263025730.58128518
2022-06-19,32.01000000,35.40000000,28.68000000,34.19000000,294048592.26789999,2.17000000,6.77701437,20.99343955,32.36000000,32.17000000,34.71400000,36.23600000,37.83120000,39.84633333,41.65028571,42.83700000,46.18800000,50.37580000,58.21433333,104.77830000,33.86322400,39.43854505,-5.57532105,-6.39974874,0.82442769,52.66369160,42.99661790,38.85304840,44.69236054,33.22477145,67.62753870,36.23600000,45.91014003,26.56185997,295201454.07944000,273896361.42323518
2022-06-20,34.19000000,36.90000000,31.73000000,35.24000000,281820809.89789999,1.05000000,3.07107341,15.12138052,32.45600000,31.97700000,34.49533333,35.70950000,37.50320000,39.34400000,41.12028571,42.44550000,45.15600000,49.28700000,57.10533333,103.78650000,34.07503569,39.12754171,-5.05250602,-6.13030020,1.07779418,56.56806208,45.07778422,39.77777935,58.11616306,41.52190199,91.30468521,35.70950000,44.28238866,27.13661134,276356379.99283993,285195800.62145519
2022-06-21,35.25000000,39.19000000,34.20000000,36.42000000,275003273.08880001,1.18000000,3.34846765,14.15602837,33.71600000,32.22600000,34.09733333,35.52500000,37.31320000,38.80866667,40.53171429,42.24000000,44.21288889,48.26540000,56.03650000,102.91035000,34.43579943,38.92698306,-4.49118363,-5.80247688,1.31129325,60.91551585,47.43076870,40.82717438,65.15071036,49.39817145,96.65578818,35.52500000,43.85450495,27.19549505,264352226.52640000,296275796.66692698
2022-06-22,36.42000000,36.87000000,33.65000000,34.12000000,227729988.51660001,-2.30000000,-6.31521142,8.84129599,34.39800000,32.57700000,33.75133333,35.18850000,36.90800000,38.30700000,40.08000000,41.87000000,43.29600000,47.23060000,54.92800000,102.07760000,34.38721490,38.57091025,-4.18369534,-5.47872058,1.29502523,49.35916661,43.47070572,39.42972769,64.08897070,54.29510453,83.67670303,35.18850000,43.14776279,27.22923721,270837012.17930001,296824217.02800453
2022-06-23,34.13000000,38.65000000,33.91000000,38.15000000,257121431.15570000,4.03000000,11.81125440,13.88807501,35.62400000,33.53200000,33.70600000,35.18200000,36.63480000,37.92300000,39.67857143,41.51300000,42.76244444,46.13820000,53.91000000,101.28620000,34.96610492,38.53973171,-3.57362679,-5.09770182,1.52407503,63.79922754,51.25065067,42.99706177,73.26361487,60.61794131,98.55496200,35.18200000,43.13083798,27.23316202,267144818.98538002,285283133.67906201
2022-06-24,38.15000000,42.92000000,37.67000000,41.91000000,263461013.46660000,3.76000000,9.85583224,13.76146789,37.16800000,34.76400000,33.83600000,35.32750000,36.42240000,37.72066667,39.46371429,41.09000000,42.20711111,45.28600000,52.92533333,100.52795000,36.03439647,38.78938121,-2.75498474,-4.62915840,1.87417366,72.55960142,57.24039160,46.08830682,80.04088804,67.09225689,105.93815034,35.32750000,43.66750600,26.98749400,261027303.22512001,278114378.65227997
2022-06-25,41.91000000,42.64000000,39.73000000,42.22000000,177460350.60679999,0.31000000,0.73968027,6.94345025,38.56400000,35.51000000,34.17266667,35.51250000,36.28040000,37.68000000,39.23257143,40.80075000,42.01422222,44.49680000,52.03400000,99.78810000,36.98602778,39.04350112,-2.05747334,-4.11482139,2.05734805,73.20121710,57.70776316,46.33866106,85.21432274,73.13294550,109.37707721,35.51250000,44.30268083,26.72231917,240155211.36689997,258255795.67986998
2022-06-26,42.22000000,42.49000000,39.14000000,39.39000000,164663443.91170001,-2.83000000,-6.70298437,7.93462814,39.15800000,36.43700000,34.53666667,35.36250000,36.25160000,37.62066667,38.85857143,40.36000000,41.89755556,43.70740000,51.05116667,99.01200000,37.35586966,39.06916771,-1.71329804,-3.63451672,1.92121868,58.27436878,52.04273614,44.37564088,82.68145718,76.31578273,95.41280608,35.36250000,43.75177354,26.97322646,218087245.53148001,241219736.02894002
2022-06-27,39.39000000,41.25000000,37.90000000,38.52000000,164427982.22659999,-0.87000000,-2.20868241,8.50469662,40.03800000,37.21800000,35.06400000,35.32300000,36.15840000,37.42966667,38.55428571,40.07475000,41.66644444,42.97020000,50.05583333,98.29905000,37.53496664,39.02848862,-1.49352198,-3.20631777,1.71279579,54.19735680,50.38398351,43.78069135,78.15467932,76.92874826,80.60654144,35.32300000,43.64115288,27.00484712,205426844.27348000,238131928.22638997
2022-06-28,38.50000000,39.90000000,35.02000000,35.35000000,209748465.29870000,-3.17000000,-8.22949117,12.67532468,39.47800000,37.55100000,35.51400000,35.14900000,36.04120000,37.10866667,38.14514286,39.65350000,41.28688889,42.43400000,49.07900000,97.63885000,37.19881792,38.75600798,-1.55719005,-2.87649223,1.31930217,41.50178108,44.71849629,41.65720708,62.88655714,72.24801789,44.16363564,35.14900000,43.30222448,26.99577552,195952251.10208002,231548535.04373002
2022-06-29,35.34000000,36.12000000,33.10000000,34.05000000,199587272.30070001,-1.30000000,-3.67751061,8.54555744,37.90600000,37.53700000,35.81133333,34.85350000,35.84320000,36.66966667,37.74714286,39.26900000,40.73622222,41.77700000,48.23600000,96.94835000,36.71438440,38.40741479,-1.69303040,-2.63979986,0.94676947,37.21211059,42.57664717,40.81017017,45.14908290,63.21503956,9.01716958,34.85350000,42.69498556,27.01201444,183177502.86890000,222102403.04701000
2022-06-30,34.06000000,34.20000000,30.92000000,33.76000000,171919474.35339999,-0.29000000,-0.85168869,9.63006459,36.21400000,37.38900000,35.74466667,34.68300000,35.65280000,36.26933333,37.47057143,38.85525000,40.29111111,41.43420000,47.30400000,96.25315000,36.25986372,38.06316185,-1.80329813,-2.47249952,0.66920139,36.21021112,42.08609688,40.61791948,37.98827749,54.80611887,4.35259473,34.68300000,42.46043592,26.90556408,182069327.61822000,211112269.49256000
2022-07-01,33.76000000,35.40000000,31.82000000,32.84000000,204979216.49370000,-0.92000000,-2.72511848,10.60426540,34.90400000,37.03100000,35.92600000,34.62850000,35.27080000,36.02700000,37.23257143,38.36425000,39.75377778,41.19820000,46.39300000,95.64130000,35.73373084,37.67626097,-1.94253013,-2.36650564,0.42397551,32.84381994,40.47230184,39.99422765,30.65885166,46.75702980,-1.53750462,34.62850000,42.44333953,26.81366047,190132482.13462001,204109863.83305001
2022-07-02,32.85000000,34.14000000,31.87000000,33.36000000,90108872.26279999,0.52000000,1.58343484,6.91019787,33.87200000,36.95500000,36.10266667,34.76600000,35.03280000,35.77733333,36.92142857,37.96900000,39.38555556,40.88700000,45.51800000,95.00180000,35.36854148,37.35653793,-1.98799645,-2.29080380,0.30280735,36.82727478,41.84724300,40.53278125,27.21701222,40.24369060,1.16365544,34.76600000,42.37725593,27.15474407,175268660.14186001,190347752.20767000
2022-07-03,33.36000000,33.77000000,32.14000000,33.39000000,78904888.13079999,0.03000000,0.08992806,4.88609113,33.48000000,36.47900000,36.19400000,35.00550000,34.81520000,35.61433333,36.59028571,37.56200000,38.96755556,40.50620000,44.52833333,94.27615000,35.06415048,37.06272031,-1.99856983,-2.23235701,0.23378718,37.08563337,41.93165631,40.56489420,25.16970325,35.21902815,5.07105345,35.00550000,42.08251833,27.92848167,149099944.70828000,172526097.90517998
2022-07-04,33.40000000,36.94000000,32.45000000,36.71000000,140036013.56779999,3.32000000,9.94309674,13.44311377,34.01200000,35.95900000,36.36200000,35.36150000,34.68520000,35.53800000,36.29000000,37.28025000,38.68488889,40.06380000,43.73150000,93.57540000,35.31735810,37.03659288,-1.71923478,-2.12973256,0.41049778,59.22896946,50.59044186,44.05368063,33.46087391,34.63297674,31.11666824,35.36150000,41.99384268,28.72915732,137189692.96170002,160183597.91529998
2022-07-05,36.71000000,36.99000000,33.03000000,35.40000000,213296068.66330001,-1.31000000,-3.56850994,10.78725143,34.34000000,35.27700000,36.37266667,35.39350000,34.61440000,35.43400000,35.99371429,37.07925000,38.35355556,39.69600000,42.96016667,92.87485000,35.33007224,36.91536378,-1.58529154,-2.02084436,0.43555282,50.76837391,47.53910392,43.01409854,36.76352549,35.34315965,39.60425716,35.39350000,42.01979618,28.76720382,145465011.82367998,163767169.72094998
2022-07-06,35.41000000,37.65000000,34.80000000,37.04000000,190911989.17680001,1.64000000,4.63276836,8.04857385,35.18000000,35.04200000,36.41400000,35.73950000,34.73880000,35.25566667,35.90600000,36.97600000,38.01044444,39.29640000,42.26316667,92.14615000,35.59313805,36.92459609,-1.33145804,-1.88296709,0.55150905,59.46664780,51.53157566,44.71827337,47.22616621,39.30416184,63.07017496,35.73950000,41.91362078,29.56537922,142651566.36030000,166392024.24746001
2022-07-07,37.04000000,39.29000000,36.39000000,38.46000000,154787628.75830001,1.42000000,3.83369330,7.82937365,36.20000000,35.03600000,36.70333333,36.12700000,35.05280000,35.22733333,35.83771429,36.83125000,37.77244444,39.06700000,41.64783333,91.43880000,36.03419373,37.03832971,-1.00413598,-1.70720087,0.70306489,65.75347045,54.78207326,46.17265240,61.51198815,46.70677061,91.12242323,36.12700000,41.93391095,30.32008905,155587317.65940002,165427988.90063000
2022-07-08,38.46000000,39.72000000,36.46000000,38.12000000,200786736.77890000,-0.34000000,-0.88403536,8.47633905,37.14600000,35.31300000,36.70133333,36.43200000,35.43360000,35.20366667,35.83314286,36.65975000,37.51577778,38.78540000,41.24716667,90.75990000,36.35508701,37.11845344,-0.76336643,-1.51843398,0.75506755,62.94820566,53.83895383,45.87113701,68.28071937,53.89808686,97.04598439,36.43200000,41.96496570,30.89903430,179963687.38902003,164531816.04865000
2022-07-09,38.12000000,38.95000000,37.77000000,38.06000000,80090467.88860001,-0.06000000,-0.15739769,3.09548793,37.41600000,35.71400000,36.44466667,36.62550000,35.77240000,35.14033333,35.80628571,36.43075000,37.29533333,38.55800000,40.76650000,90.05205000,36.61738131,37.18819763,-0.57081632,-1.32891045,0.75809413,62.38458610,53.66110593,45.81604381,71.84959351,59.88192241,95.78493569,36.62550000,42.09869006,31.15230994,167974578.25318000,152582135.60743999
2022-07-10,38.06000000,38.14000000,36.26000000,36.71000000,80772185.72840001,-1.35000000,-3.54703100,4.93956910,37.67800000,36.00900000,36.07733333,36.69900000,35.85040000,35.12500000,35.75457143,36.20425000,37.14577778,38.28600000,40.53000000,89.34360000,36.63163034,37.15277558,-0.52114524,-1.16735741,0.64621217,50.23924827,49.63649144,44.55953634,68.45174599,62.73853027,79.87817743,36.69900000,42.13319156,31.26480844,141469801.66620001,143467406.74493998
2022-07-11,36.71000000,36.73000000,33.24000000,33.42000000,102666563.30430000,-3.29000000,-8.96213566,9.50694634,36.95400000,36.06700000,35.67933333,36.54900000,35.98240000,35.10800000,35.49828571,36.03700000,36.97355556,37.90480000,40.34300000,88.56055000,36.13753337,36.87627369,-0.73874032,-1.08163399,0.34289367,32.01287245,41.38459029,41.65447888,51.26334517,58.91346857,35.96309837,36.54900000,42.17775288,30.92024712,123820716.49170001,133236141.42600000
2022-07-12,33.42000000,34.61000000,32.60000000,32.68000000,107886665.71600001,-0.74000000,-2.21424297,6.01436266,35.79800000,35.99900000,35.29000000,36.47700000,36.06120000,35.17700000,35.30885714,35.83275000,36.71644444,37.57500000,40.07233333,87.77215000,35.60560516,36.56543860,-0.95983344,-1.05727388,0.09744044,29.15772889,39.76258619,41.02670972,35.23012557,51.01902091,3.65233491,36.47700000,42.27098999,30.68301001,114440523.88323998,135013920.77131999
2022-07-13,32.69000000,35.08000000,31.82000000,34.94000000,159907054.00990000,2.26000000,6.91554468,9.97246864,35.16200000,36.15400000,35.26266667,36.31650000,36.17800000,35.38833333,35.19771429,35.74925000,36.49333333,37.28040000,39.78083333,86.98135000,35.50320436,36.44503574,-0.94183138,-1.03418538,0.09235400,46.60906847,46.71992843,43.72930301,36.65130735,46.22978305,17.49435593,36.31650000,42.09317278,30.53982722,106264587.32944000,143114137.35922998
2022-07-14,34.94000000,37.31000000,33.58000000,37.15000000,183611446.56670001,2.21000000,6.32512879,10.67544362,34.98000000,36.19800000,35.46933333,36.07850000,36.29640000,35.64033333,35.11742857,35.70300000,36.26955556,37.06380000,39.41950000,86.17805000,35.75655754,36.49725531,-0.74069778,-0.97548786,0.23479008,58.58178612,52.56450295,46.24308114,46.92365637,46.46107416,47.84882080,36.07850000,41.24482527,30.91217473,126968783.06505999,147471680.65912002
2022-07-15,37.14000000,39.10000000,36.49000000,37.36000000,167467008.23130000,0.21000000,0.56527591,7.02746365,35.11000000,36.39400000,35.70933333,35.83550000,36.38120000,35.72700000,35.12285714,35.67400000,36.08266667,36.94220000,39.14566667,85.38650000,36.00324099,36.56116233,-0.55792133,-0.89197455,0.33405322,59.61445122,53.09783365,46.48014753,54.65796501,49.19337111,65.58715281,35.83550000,40.17685790,31.49414210,144307747.56564003,142888774.61592001
2022-07-16,37.36000000,40.41000000,36.35000000,39.58000000,152184601.37860000,2.22000000,5.94218415,10.86723769,36.34200000,36.64800000,36.15866667,35.84500000,36.50760000,36.04233333,35.28428571,35.60375000,36.07088889,36.91040000,38.85500000,84.69780000,36.55351161,36.78477993,-0.23126832,-0.75983331,0.52856498,69.31861331,58.48126834,48.96292871,66.55117729,54.97930650,89.69491887,35.84500000,40.21981067,31.47018933,154211355.18049997,139016035.83610001
2022-07-17,39.59000000,41.09000000,38.29000000,38.62000000,150590859.71779999,-0.96000000,-2.42546741,7.07249305,37.53000000,36.66400000,36.50933333,35.85000000,36.68760000,36.30600000,35.51314286,35.58650000,36.02133333,36.79780000,38.66650000,84.03775000,36.87143290,36.92072216,-0.04928926,-0.61772450,0.56843524,61.63352968,55.47734376,47.95901711,68.81908763,59.59256688,87.27212913,35.85000000,40.23789243,31.46210757,162752193.98085999,138596358.93204999
2022-07-18,38.61000000,44.07000000,38.55000000,43.52000000,261136738.34400001,4.90000000,12.68772657,14.29681430,39.24600000,37.20400000,37.18466667,36.25850000,36.90240000,36.68933333,35.93942857,35.70375000,36.13777778,36.76860000,38.52183333,83.39275000,37.89428938,37.40955756,0.48473182,-0.39723323,0.88196506,77.14995944,65.37930871,53.08256290,77.71612645,65.63375340,101.88087254,36.25850000,41.81578171,30.70121829,182998130.84768000,144631359.08856001
2022-07-19,43.52000000,47.36000000,42.54000000,44.87000000,355431156.76719999,1.35000000,3.10202206,11.07536765,40.79000000,37.88500000,37.72866667,36.79950000,37.02080000,37.04533333,36.37600000,35.82650000,36.26822222,36.72160000,38.44583333,82.76715000,38.96747563,37.96218292,1.00529270,-0.11672805,1.12202075,79.84487074,67.54851634,54.37395767,79.80302896,70.35684525,98.69539636,36.79950000,43.45054495,30.14845505,217362072.88778001,172165427.97641999
2022-07-20,44.87000000,46.30000000,41.24000000,42.04000000,282469604.68099999,-2.83000000,-6.30710943,11.27702251,41.72600000,38.41800000,38.17133333,37.21350000,37.01360000,37.27200000,36.58400000,35.94825000,36.34644444,36.64700000,38.30800000,82.08205000,39.44017168,38.26424345,1.17592824,0.14180321,1.03412503,61.57628600,59.08273226,51.28607842,75.12394123,71.94587724,81.48006919,37.21350000,44.09473696,30.33226304,240362592.17771998,192335169.87167999
2022-07-21,42.03000000,44.24000000,39.64000000,43.11000000,256606729.25110000,1.07000000,2.54519505,10.94456341,42.43200000,39.38700000,38.57600000,37.72700000,37.16240000,37.49500000,36.95514286,36.17775000,36.36244444,36.70700000,38.15183333,81.41585000,40.00476066,38.62318838,1.38157228,0.38975702,0.99181526,65.18989985,61.09392942,52.35360852,74.29970170,72.73048540,77.43813431,37.72700000,44.76504429,30.68895571,261247017.75222000,207729186.46636000
2022-07-22,43.10000000,44.33000000,40.03000000,40.54000000,190642884.61410001,-2.57000000,-5.96149385,9.97679814,42.81600000,40.17300000,38.71466667,38.08600000,37.24320000,37.70900000,37.23600000,36.42600000,36.38977778,36.70080000,38.00800000,80.76780000,40.08710517,38.76517442,1.32193075,0.57619177,0.74573898,51.28763226,54.12332558,49.62786268,66.36912866,70.61003315,57.88731968,38.08600000,44.91552537,31.25647463,269257422.73148000,216004808.35617000
2022-07-23,40.54000000,41.91000000,38.60000000,39.97000000,137541597.56610000,-0.57000000,-1.40601875,8.16477553,42.10600000,40.67600000,38.83800000,38.41500000,37.42800000,37.76966667,37.46314286,36.71025000,36.41511111,36.73460000,37.84633333,80.12905000,40.06908899,38.85442076,1.21466823,0.70388706,0.51078117,48.53298910,52.66933865,49.03699838,55.20581935,65.47529522,34.66686761,38.41500000,44.91817655,31.91182345,244538394.57590002,213768262.71179000
2022-07-24,39.97000000,42.10000000,39.47000000,40.93000000,135780064.98870000,0.96000000,2.40180135,6.57993495,41.31800000,41.05400000,39.02933333,38.62600000,37.70320000,37.73700000,37.65571429,36.99375000,36.43666667,36.77320000,37.72883333,79.56110000,40.20153684,39.00816737,1.19336947,0.80178354,0.39158592,53.57268038,54.89561822,50.08148674,50.67006183,60.54021742,30.92975064,38.62600000,45.16996435,32.08203565,200608176.22020000,208985124.55399001
2022-07-25,40.93000000,41.09000000,36.56000000,36.65000000,163307551.86790001,-4.28000000,-10.45687760,11.06767652,40.24000000,40.98300000,39.02533333,38.68850000,37.81880000,37.55133333,37.69600000,37.04100000,36.42511111,36.73580000,37.61566667,78.99305000,39.65514656,38.83348831,0.82165825,0.80575848,0.01589976,35.15553043,44.67527543,45.72205125,34.05781899,51.71275128,-1.25204557,38.68850000,45.12574124,32.25125876,176775765.65758002,208569178.91764998
2022-07-26,36.66000000,36.84000000,34.67000000,36.25000000,160614557.47499999,-0.40000000,-1.09140518,5.91925805,38.86800000,40.65000000,39.21400000,38.64900000,37.95520000,37.44666667,37.69114286,37.19425000,36.47666667,36.61300000,37.53366667,78.49205000,39.13127785,38.64211880,0.48915905,0.74243860,-0.25327955,33.85043934,43.84306440,45.33718730,26.85546220,43.42698825,-6.28758990,38.64900000,45.13831721,32.15968279,157577331.30236000,209412174.52729002
2022-07-27,36.26000000,40.55000000,35.68000000,40.23000000,223453249.40090001,3.98000000,10.97931034,13.43077772,38.80600000,40.81100000,39.71733333,38.73750000,38.23000000,37.50366667,37.86571429,37.43225000,36.69044444,36.63140000,37.46666667,77.98250000,39.30031203,38.75973963,0.54057240,0.70206536,-0.16149296,54.16633858,53.28813261,49.73050440,32.50831707,39.78743119,17.95008882,38.73750000,45.26413490,32.21086510,164139404.25972003,216698413.49560004
2022-07-28,40.23000000,44.15000000,39.03000000,42.91000000,276873228.49900001,2.68000000,6.66169525,12.72682078,39.39400000,40.75000000,40.24866667,38.97700000,38.61080000,37.75566667,38.00171429,37.70450000,37.00844444,36.71300000,37.43216667,77.49295000,39.85564864,39.06716633,0.78848232,0.71934875,0.06913357,63.27919029,58.42474614,52.41759373,45.28929364,41.62138534,52.62511023,38.97700000,45.75493355,32.19906645,192005730.44630000,218272062.51109999
2022-07-29,42.92000000,44.42000000,41.13000000,41.91000000,210837990.90070000,-1.00000000,-2.33045910,7.66542404,39.59000000,40.45400000,40.56600000,39.16950000,38.81880000,38.01766667,38.00171429,37.89750000,37.28222222,36.75200000,37.34366667,77.02320000,40.17170270,39.27774660,0.89395610,0.75427022,0.13968588,58.10623265,55.92161759,51.34889018,54.94499918,46.06258995,72.70981763,39.16950000,46.05560034,32.28339966,207017315.62869999,203812745.92445001
2022-07-30,41.92000000,46.65000000,41.41000000,43.84000000,237288804.56909999,1.93000000,4.60510618,12.50000000,41.02800000,40.63400000,40.99800000,39.52600000,39.15640000,38.35366667,38.04800000,38.11250000,37.48400000,36.88540000,37.31150000,76.54140000,40.73605613,39.61569129,1.12036483,0.82748914,0.29287569,64.77528403,59.56873326,53.26772593,62.14474625,51.42330872,83.58762132,39.52600000,46.61134262,32.44065738,221813566.16893998,199294665.91326001
2022-07-31,43.84000000,45.21000000,42.22000000,42.35000000,143781304.35120001,-1.49000000,-3.39872263,6.82025547,42.24800000,40.55800000,41.18266667,39.97250000,39.36880000,38.67066667,38.13257143,38.26075000,37.75577778,37.05380000,37.34883333,75.99560000,40.98435519,39.81823268,1.16612250,0.89521581,0.27090669,56.45017141,55.68808990,51.62737248,62.79877908,55.21513217,77.96607290,39.97250000,46.54460012,33.40039988,218446915.54418001,188012123.42327002
2022-08-01,42.34000000,43.26000000,40.57000000,41.65000000,139083404.46309999,-0.70000000,-1.65289256,6.35333018,42.53200000,40.66900000,41.38466667,40.42100000,39.49640000,38.94700000,38.22200000,38.44900000,37.99888889,37.27460000,37.36216667,75.47315000,41.08676208,39.95391915,1.13284293,0.94274124,0.19010169,52.63635637,53.88886788,50.85958458,61.28711037,57.23912491,69.38308131,40.42100000,46.05500914,34.78699086,201572946.55661997,182856175.40817001
2022-08-02,41.65000000,42.45000000,39.50000000,39.79000000,147271230.04300001,-1.86000000,-4.46578631,7.08283313,41.90800000,40.65100000,41.13600000,40.66350000,39.56320000,39.16033333,38.34885714,38.49000000,38.17155556,37.49840000,37.38733333,74.94125000,40.88726022,39.94177699,0.94548323,0.94328964,0.00219360,43.30705427,49.27415109,48.84547146,55.10403908,56.52742963,52.25725798,40.66350000,45.68881392,35.63818608,175652546.86542001,183829138.65586001
2022-08-03,39.78000000,40.99000000,37.43000000,38.54000000,328867086.34930003,-1.25000000,-3.14149284,8.94922071,41.23400000,40.41200000,40.71400000,40.73300000,39.58240000,39.22133333,38.47714286,38.40575000,38.26822222,37.67740000,37.37966667,74.39575000,40.52614326,39.83794166,0.68820161,0.89227203,-0.20407042,37.89105769,46.36338845,47.52563698,47.50397263,53.51961063,35.47269663,40.73300000,45.58932350,35.87667650,199258365.95514002,203137840.79192001
2022-08-04,38.54000000,39.85000000,37.96000000,38.83000000,161519760.41729999,0.29000000,0.75246497,4.90399585,40.23200000,40.63000000,40.50000000,40.80650000,39.66720000,39.33566667,38.62200000,38.32100000,38.34800000,37.75880000,37.38483333,73.85000000,40.26519815,39.76327931,0.50191883,0.81420139,-0.31228256,39.98073692,47.15348567,47.86665876,41.24087388,49.42669838,24.86922489,40.80650000,45.48927145,36.12372855,184104557.12478000,202959061.64686003
2022-08-05,38.83000000,41.33000000,38.71000000,40.55000000,140932183.65640000,1.72000000,4.42956477,6.74736029,39.87200000,41.06000000,40.32933333,40.85500000,39.95240000,39.45266667,38.84228571,38.35000000,38.43977778,37.96740000,37.35416667,73.35375000,40.30901382,39.82155492,0.48745890,0.74885289,-0.26139399,51.57637143,51.75199982,49.88241909,38.77374239,45.87571305,24.56980106,40.85500000,45.50425801,36.20574199,183534732.98582000,200990824.26500002
2022-08-06,40.55000000,40.89000000,39.85000000,40.07000000,64746156.30280000,-0.48000000,-1.18372380,2.56473490,39.55600000,41.04400000,40.29800000,40.92750000,40.24800000,39.50633333,39.03400000,38.38875000,38.57200000,38.15460000,37.36683333,72.84800000,40.27224246,39.83995826,0.43228420,0.68553915,-0.25325495,48.44220674,50.41640596,49.32702095,35.39363014,42.38168541,21.41751959,40.92750000,45.47410023,36.38089977,168667283.35376003,185120114.95519000
2022-08-07,40.07000000,41.57000000,39.21000000,40.60000000,70500121.08930001,0.53000000,1.32268530,5.88969304,39.71800000,40.81300000,40.34000000,40.78150000,40.47440000,39.58900000,39.24000000,38.52000000,38.62644444,38.32620000,37.39633333,72.37475000,40.32266670,39.89625765,0.42640905,0.63371313,-0.20730408,52.28413875,51.91131034,49.96884426,35.05634634,39.93990572,25.28922757,40.78150000,45.16207567,36.40092433,153313061.56301999,164482804.21421999
2022-08-08,40.60000000,43.71000000,40.55000000,42.18000000,162376505.91029999,1.58000000,3.89162562,7.78325123,40.44600000,40.84000000,40.42333333,40.64700000,40.67560000,39.72633333,39.39628571,38.72325000,38.63244444,38.48600000,37.43333333,71.94795000,40.60841028,40.06542375,0.54298654,0.61556781,-0.07258128,62.32682766,56.20535177,51.86538079,43.72222575,41.20067906,48.76531912,40.64700000,44.64773730,36.64626270,120014945.47521999,159636655.71517998
2022-08-09,42.17000000,42.76000000,39.73000000,40.33000000,116602997.68230000,-1.85000000,-4.38596491,7.18520275,40.74600000,40.48900000,40.66866667,40.56150000,40.79440000,39.84700000,39.53714286,38.88750000,38.59044444,38.58780000,37.48600000,71.58825000,40.56557793,40.08502199,0.48055594,0.58856544,-0.10800950,48.10201893,50.45100165,49.56958120,44.54093182,42.31409665,48.99460215,40.56150000,44.50963360,36.61336640,111031592.92821999,147568075.02650002
2022-08-10,40.34000000,42.87000000,39.15000000,42.47000000,183638736.41220000,2.14000000,5.30622365,9.22161626,41.13000000,40.50100000,41.08333333,40.52950000,40.91000000,40.14866667,39.69228571,39.12825000,38.65888889,38.70880000,37.62833333,71.32790000,40.85856594,40.26168703,0.59687892,0.59022814,0.00665078,60.58801105,56.12010990,52.12739493,56.44554690,47.02458007,75.28748057,40.52950000,44.40027838,36.65872162,119572903.47938001,151553818.23260000
2022-08-11,42.47000000,45.32000000,42.34000000,42.77000000,255477156.20860001,0.30000000,0.70638097,7.01671768,41.67000000,40.61300000,41.25266667,40.64100000,41.07600000,40.48500000,39.81542857,39.36350000,38.75333333,38.88180000,37.83100000,71.04285000,41.15263272,40.44748799,0.70514473,0.61321145,0.09193328,62.12107057,56.87469477,52.47996382,60.19056739,51.41324251,77.74521715,40.64100000,44.63942021,36.64257979,157719103.46054000,163193193.40715000
2022-08-12,42.78000000,45.49000000,42.12000000,45.48000000,147076807.75029999,2.71000000,6.33621697,7.87751286,42.64600000,41.18200000,41.42400000,40.91650000,41.15440000,40.83633333,40.02571429,39.66575000,38.97844444,39.02840000,38.11233333,70.81060000,41.81838153,40.82026665,0.99811488,0.69019214,0.30792274,73.35580025,63.12389209,55.56468976,73.41611088,58.74753197,102.75326872,40.91650000,45.44448677,36.38851323,173034440.79274002,163173751.17787999
2022-08-13,45.49000000,48.38000000,45.27000000,46.60000000,221163601.13159999,1.12000000,2.46262093,6.83666740,43.53000000,41.98800000,41.73666667,41.20000000,41.22360000,41.15133333,40.26971429,39.91300000,39.25733333,39.12220000,38.39583333,70.57025000,42.55401514,41.24839505,1.30562009,0.81327773,0.49234236,76.77243527,65.38535383,56.77475673,76.14159202,64.54555198,99.33367209,41.20000000,46.39275203,36.00724797,184791859.83700001,152403402.65610999
2022-08-14,46.59000000,48.06000000,44.46000000,44.87000000,160581257.11230001,-1.73000000,-3.71244635,7.72698004,44.43800000,42.59200000,41.80533333,41.61100000,41.33680000,41.40166667,40.50285714,40.14975000,39.50422222,39.17520000,38.56433333,70.33400000,42.91032051,41.51666208,1.39365842,0.92935387,0.46430455,62.02896363,59.26138967,54.38753872,71.41833834,66.83648077,80.58205349,41.61100000,46.58398343,36.63801657,193587511.72299999,152309552.32560998
2022-08-15,44.86000000,47.24000000,42.75000000,43.72000000,184631369.54049999,-1.15000000,-2.56295966,10.00891663,44.68800000,42.90900000,41.89666667,41.98450000,41.36120000,41.53966667,40.79714286,40.31675000,39.74600000,39.26180000,38.79100000,70.10505000,43.03488658,41.67987230,1.35501428,1.01448595,0.34052833,53.78907238,55.49239170,52.84624270,64.11637869,65.92978008,60.48957591,41.98450000,46.34672288,37.62227712,193786038.34865999,156679470.91402000
2022-08-16,43.72000000,44.31000000,42.53000000,43.08000000,156167066.44420001,-0.64000000,-1.46386093,4.07136322,44.75000000,43.21000000,41.99200000,42.12700000,41.46280000,41.68833333,41.09428571,40.43225000,39.96200000,39.35300000,38.99716667,69.86375000,43.04182711,41.78358546,1.25824164,1.06323709,0.19500455,49.40607985,53.42936532,51.99062991,56.93710186,62.93222067,44.94686424,42.12700000,46.43374917,37.82025083,173924020.39578000,165821561.92816001
2022-08-17,43.08000000,44.75000000,40.18000000,40.54000000,177306555.09189999,-2.54000000,-5.89600743,10.60817084,43.76200000,43.20400000,42.04200000,42.00850000,41.48560000,41.58900000,41.25428571,40.49275000,40.12088889,39.45680000,39.13916667,69.58580000,42.65693063,41.69146802,0.96546261,1.04368219,-0.07821959,35.59332682,46.02177424,48.72369472,42.97793067,56.28079067,16.37221068,42.00850000,46.35477620,37.66222380,179969969.86410001,176502205.32841998
2022-08-18,40.54000000,41.67000000,39.31000000,39.52000000,115649126.70580000,-1.02000000,-2.51603355,5.82141095,42.34600000,42.93800000,42.10733333,41.88900000,41.42920000,41.41066667,41.32200000,40.52925000,40.18333333,39.56620000,39.22800000,69.31695000,42.17432592,41.53061854,0.64370738,0.96368723,-0.31997985,31.36736483,43.38660982,47.47367139,29.98817625,47.51658586,-5.06864299,41.88900000,46.37583173,37.40216827,158867074.97893998,171829467.40797001
2022-08-19,39.51000000,39.59000000,35.25000000,35.81000000,229665906.53560001,-3.71000000,-9.38765182,10.98456087,40.53400000,42.48600000,41.90600000,41.48750000,41.39560000,41.20300000,41.27771429,40.50675000,40.19244444,39.60720000,39.23750000,68.99855000,41.19519885,41.10686902,0.08832984,0.78861575,-0.70028592,20.66065432,35.35417266,43.26122965,21.41379813,38.81565662,-13.38991886,41.48750000,46.62864824,36.34635176,172684004.86359999,183135758.29329997
2022-08-20,35.82000000,37.27000000,34.21000000,35.28000000,139348419.64539999,-0.53000000,-1.48003351,8.54271357,38.84600000,41.76700000,41.55466667,41.13400000,41.35680000,40.94200000,41.15485714,40.55325000,40.15333333,39.65600000,39.21850000,68.62485000,40.28516826,40.67524909,-0.39008083,0.55287644,-0.94295726,19.51854253,34.36272512,42.69647672,16.79292023,31.47474449,-12.57072829,41.13400000,46.95300842,35.31499158,163627414.88457999,178706726.61662000
2022-08-21,35.28000000,37.09000000,34.51000000,36.47000000,114371070.74150001,1.19000000,3.37301587,7.31292517,37.52400000,41.13700000,41.31466667,40.87500000,41.20640000,40.80633333,41.09342857,40.64800000,40.10911111,39.71820000,39.25766667,68.29780000,39.69821930,40.36374916,-0.66552986,0.30919518,-0.97472504,29.95167324,38.58151425,44.39711312,16.51167629,26.48705509,-3.43908130,40.87500000,47.04767493,34.70232507,155268215.74403998,164596118.06990999
2022-08-22,36.48000000,36.56000000,33.73000000,35.41000000,130553965.05610000,-1.06000000,-2.90649849,7.75767544,36.49800000,40.13000000,40.96866667,40.65600000,40.90640000,40.65433333,40.86171429,40.65975000,40.04888889,39.75860000,39.21200000,67.96600000,39.03849325,39.99680477,-0.95831152,0.05569384,-1.01400536,26.30647152,36.31346524,43.20529648,14.91566975,22.62992664,-0.51284403,40.65600000,47.28470758,34.02729242,145917697.73688000,162943833.80048999
2022-08-23,35.42000000,36.11000000,34.24000000,35.68000000,96791702.12440000,0.27000000,0.76249647,5.27950311,35.73000000,39.03800000,40.53533333,40.51300000,40.65720000,40.47933333,40.59914286,40.62300000,39.99600000,39.73800000,39.10816667,67.58130000,38.52180198,39.67704146,-1.15523948,-0.18649283,-0.96874665,28.94952886,37.33706543,43.60765773,14.75503076,20.00496135,4.25516958,40.51300000,47.45013152,33.57586848,142146212.82060000,150506643.89976999
2022-08-24,35.69000000,36.40000000,34.31000000,34.89000000,91505106.89650001,-0.79000000,-2.21412556,5.85598207,35.54600000,38.04000000,40.17266667,40.31600000,40.29920000,40.42066667,40.39485714,40.56125000,39.95555556,39.72780000,38.98600000,67.18700000,37.96306322,39.32244579,-1.35938258,-0.42107078,-0.93831180,25.71170855,35.51506993,42.68439734,13.34545910,17.78512727,4.46612277,40.31600000,47.66586545,32.96613455,114514052.89277999,143599028.87818998
2022-08-25,34.90000000,36.49000000,34.87000000,35.27000000,88431667.95520000,0.38000000,1.08913729,4.64183381,35.54400000,37.19500000,39.69266667,40.05200000,40.01600000,40.38800000,40.17085714,40.45350000,39.99666667,39.69240000,38.91733333,66.78695000,37.54874580,39.02226462,-1.47351883,-0.63156039,-0.84195844,30.21676359,37.12508375,43.28707268,13.55516995,16.37514150,7.91522687,40.05200000,47.73809024,32.36590976,104330702.55474001,133979058.71966000
2022-08-26,35.26000000,35.79000000,31.36000000,31.72000000,178600552.06639999,-3.55000000,-10.06521123,12.56381168,34.59400000,36.05900000,38.95600000,39.63450000,39.61880000,40.10433333,39.91885714,40.28100000,39.97533333,39.55760000,38.80400000,66.35780000,36.65201567,38.48135613,-1.82934046,-0.87111640,-0.95822406,17.98789837,29.59467898,39.26252613,10.20069849,14.31699383,1.96810783,39.63450000,48.17599864,31.09300136,117176598.81972000,136222407.28187999
2022-08-27,31.72000000,32.25000000,30.86000000,31.53000000,95536331.79269999,-0.19000000,-0.59899117,4.38209332,33.81800000,35.15800000,38.02600000,39.18100000,39.28840000,39.72500000,39.67771429,39.98125000,39.89955556,39.42580000,38.74033333,65.94820000,35.86401326,37.96644086,-2.10242760,-1.11737864,-0.98504896,17.53219627,29.24828913,39.05971282,9.35869399,12.66422722,2.74762755,39.18100000,48.43967082,29.92232918,110173072.16704002,128045384.95196001
2022-08-28,31.53000000,32.21000000,30.19000000,30.44000000,70747826.54210000,-1.09000000,-3.45702506,6.40659689,32.77000000,34.25000000,36.94866667,38.59400000,38.96440000,39.34266667,39.37800000,39.62050000,39.75044444,39.27340000,38.68016667,65.53075000,35.02954968,37.40892673,-2.37937704,-1.36977832,-1.00959872,14.92859904,27.25205175,37.88811776,7.41615381,10.91486941,0.41872260,38.59400000,48.51690153,28.67109847,104964297.05057999,123555254.93559000
2022-08-29,30.43000000,32.64000000,30.00000000,32.42000000,117286548.98620000,1.98000000,6.50459921,8.67564903,32.27600000,33.91100000,36.11866667,38.19850000,38.70800000,38.96200000,39.25714286,39.38000000,39.64066667,39.18760000,38.65783333,65.16200000,34.62808050,37.03937660,-2.41129610,-1.57808188,-0.83321422,35.73264635,35.91903599,41.22952774,16.32162957,12.71712280,23.53064312,38.19850000,48.45500043,27.94199957,110120585.46852000,112317319.18065000
2022-08-30,32.42000000,33.16000000,30.64000000,31.47000000,110580073.70360000,-0.95000000,-2.93028994,7.77297964,31.51600000,33.53000000,35.30200000,37.64850000,38.34480000,38.59933333,39.12057143,39.08900000,39.46044444,39.14860000,38.63500000,64.83670000,34.14222196,36.62683018,-2.48460822,-1.75938715,-0.72522108,31.32243480,33.81066082,40.14818635,18.35059858,14.59494806,25.86189961,37.64850000,48.11807552,27.17892448,114550266.61819999,109440484.58647001
2022-08-31,31.47000000,32.95000000,31.18000000,31.50000000,87063572.74900000,0.03000000,0.09532888,5.62440419,31.47200000,33.03300000,34.53000000,37.08500000,38.00200000,38.26100000,38.87114286,38.86300000,39.30222222,39.12500000,38.60400000,64.51440000,33.73572628,36.24706499,-2.51133871,-1.90977746,-0.60156125,31.64214871,33.94423427,40.19986815,19.93789263,16.37592958,27.06181873,37.08500000,47.60696400,26.56303600,96242870.75472000,106709734.78722000
2022-09-01,31.49000000,31.79000000,30.44000000,31.61000000,71765182.33550000,0.11000000,0.34920635,4.28707526,31.48800000,32.65300000,33.93466667,36.39150000,37.64240000,37.98833333,38.54828571,38.65400000,39.03755556,39.05840000,38.57433333,64.20820000,33.40869146,35.90357869,-2.49488723,-2.02679941,-0.46808781,33.01423631,34.47318011,40.39678590,21.56106042,18.10430653,28.47456820,36.39150000,46.39951211,26.38348789,91488640.86328000,100830856.51515999
2022-09-02,31.61000000,32.38000000,30.76000000,31.23000000,73632569.00370000,-0.38000000,-1.20215122,5.12496046,31.64600000,32.20800000,33.38200000,35.62300000,37.20440000,37.74466667,38.24314286,38.41150000,38.73444444,38.94000000,38.48300000,63.88250000,33.07350816,35.55738768,-2.48387951,-2.11821543,-0.36566408,30.47820301,33.46334765,39.92289425,20.69145168,18.96668825,24.14097855,35.62300000,44.64201173,26.60398827,92065589.35560000,98514943.20309000
2022-09-03,31.23000000,31.29000000,30.80000000,31.12000000,24037613.05270000,-0.11000000,-0.35222542,1.56900416,31.38600000,31.83100000,33.06933333,34.93550000,36.83600000,37.48766667,37.87971429,38.27325000,38.49177778,38.81520000,38.41166667,63.51050000,32.77296845,35.22869229,-2.45572385,-2.18571711,-0.27000673,29.68607244,33.15663193,39.78192948,20.24219980,19.39185876,21.94288186,34.93550000,43.03610550,26.83489450,73415802.16890000,91768193.81871000
2022-09-04,31.11000000,32.20000000,31.02000000,32.16000000,41253531.36900000,1.04000000,3.34190231,3.79299261,31.52400000,31.52000000,32.86133333,34.35750000,36.42360000,37.20800000,37.58857143,38.17100000,38.24844444,38.66680000,38.33033333,63.16200000,32.67866561,35.00138175,-2.32271614,-2.21311692,-0.10959922,45.69804343,38.92993367,41.80899814,36.27960999,25.02110917,58.79661163,34.35750000,41.39945510,27.31554490,59550493.70197999,87050380.16009000
2022-09-05,32.17000000,32.50000000,31.15000000,32.18000000,49170515.55490000,0.02000000,0.06218905,4.19645633,31.66000000,31.56600000,32.57533333,33.81250000,36.00000000,36.94500000,37.31800000,37.96975000,38.06266667,38.53800000,38.22566667,62.85530000,32.60194782,34.79239051,-2.19044269,-2.20858207,0.01813938,45.98191410,39.04039069,41.84827929,47.18218725,32.40813520,76.73029136,33.81250000,39.58480001,28.04019999,51971882.26316000,74107376.50894001
2022-09-06,32.17000000,33.90000000,30.44000000,30.88000000,150579456.24779999,-1.30000000,-4.03977626,10.75536214,31.51400000,31.50100000,32.27333333,33.32950000,35.41600000,36.62100000,37.06342857,37.66900000,37.86066667,38.28520000,38.10500000,62.56040000,32.33703277,34.50258381,-2.16555103,-2.19997587,0.03442483,32.66328520,34.60252059,40.01613239,38.97615902,34.59747647,47.73352412,33.32950000,38.29128862,28.36771138,67734737.04561999,79611688.95444998
2022-09-07,30.88000000,32.94000000,30.31000000,32.69000000,79529365.94340000,1.81000000,5.86139896,8.51683938,31.80600000,31.72600000,32.07400000,32.98800000,34.85960000,36.30466667,36.89628571,37.43850000,37.67755556,38.04160000,38.01550000,62.26750000,32.39133542,34.36831834,-1.97698292,-2.15537728,0.17839436,54.62293273,44.23136613,43.60332593,48.08252756,39.09249350,66.06259567,32.98800000,37.00627719,28.96972281,68914096.43355998,80489842.89457999
2022-09-08,32.70000000,33.98000000,31.97000000,33.61000000,100808683.47720000,0.92000000,2.81431630,6.14678899,32.30400000,31.84500000,31.98866667,32.87800000,34.40920000,36.08066667,36.74714286,37.18275000,37.61000000,37.87300000,37.96383333,61.98195000,32.57882228,34.31214661,-1.73332433,-2.07096669,0.33764236,62.15150400,48.44074178,45.33715095,62.02777041,46.73758581,92.60813963,32.87800000,36.68595069,29.07004931,84268310.51846001,78842056.34367999
2022-09-09,33.62000000,35.96000000,33.59000000,34.67000000,131064314.68000001,1.06000000,3.15382327,7.04937537,32.80600000,32.16500000,31.94866667,32.84750000,34.04720000,35.82066667,36.57914286,36.99075000,37.57488889,37.70420000,37.98466667,61.74050000,32.90054193,34.33865427,-1.43811234,-1.94439582,0.50628348,69.21360947,52.90837915,47.28557158,67.07456081,53.51657747,94.19052748,32.84750000,36.58353716,29.11146284,102230467.18065999,80890480.44131999
2022-09-10,34.68000000,35.41000000,34.27000000,35.03000000,68775341.71720000,0.36000000,1.03836170,3.28719723,33.37600000,32.51800000,32.16933333,32.77550000,33.72520000,35.56266667,36.43514286,36.82525000,37.45933333,37.59400000,38.02383333,61.48375000,33.22815086,34.38986506,-1.16171420,-1.78785949,0.62614529,71.38927587,54.37317369,47.94315124,72.56298154,59.86537883,97.95818697,32.77550000,36.26495766,29.28604234,106151432.41312000,79061657.33814000
2022-09-11,35.04000000,36.00000000,34.04000000,34.99000000,70012318.60210000,-0.04000000,-0.11418784,5.59360731,34.19800000,32.85600000,32.40000000,32.75450000,33.50320000,35.21300000,36.27485714,36.70525000,37.28333333,37.49440000,38.02466667,61.23575000,33.49920458,34.43431950,-0.93511493,-1.61731058,0.68219565,70.72288014,54.16893903,47.87391098,75.79184124,65.17419963,97.02712445,32.75450000,36.18170064,29.32729936,90038004.88398001,78886370.96480000
2022-09-12,34.99000000,38.39000000,34.40000000,37.44000000,191408166.75319999,2.45000000,7.00200057,11.40325807,35.14800000,33.47700000,32.86666667,32.84250000,33.42000000,34.90766667,36.13942857,36.67775000,37.18400000,37.42460000,38.02950000,60.97615000,34.10548080,34.65696250,-0.55148171,-1.40414481,0.85266310,82.63617626,63.36387921,52.27878126,79.94208558,70.09682828,99.63260017,32.84250000,36.65473998,29.03026002,112413765.04594001,90663930.73975000
2022-09-13,37.44000000,39.01000000,32.93000000,33.00000000,232055941.65840000,-4.44000000,-11.85897436,16.23931624,35.02600000,33.66500000,32.90533333,32.74800000,33.30760000,34.51200000,35.93000000,36.53200000,36.94311111,37.35160000,37.95683333,60.67760000,33.93540683,34.53422454,-0.59881771,-1.24307939,0.64426167,43.84078957,45.36886012,45.07566513,63.60123713,67.93163123,54.94044893,32.74800000,36.43828654,29.05771346,138663216.68217999,111465763.60032001
2022-09-14,33.00000000,34.35000000,32.67000000,34.12000000,105993547.54240000,1.12000000,3.39393939,5.09090909,34.91600000,33.86100000,33.08200000,32.69050000,33.26120000,34.19200000,35.69142857,36.37125000,36.76022222,37.30900000,37.86583333,60.39705000,33.96380578,34.50354124,-0.53973546,-1.10241060,0.56267514,50.82856660,49.32885721,46.99790020,56.99852590,64.28726279,42.42105213,32.69050000,36.24880518,29.13219482,133649063.25466001,117939765.21765999
2022-09-15,34.12000000,34.84000000,32.42000000,33.07000000,124035458.25190000,-1.05000000,-3.07737397,7.09261430,34.52400000,33.95000000,33.18666667,32.75800000,33.12520000,33.85833333,35.41428571,36.19625000,36.56955556,37.16580000,37.77333333,60.13425000,33.82629720,34.39735300,-0.57105581,-0.99613964,0.42508384,44.58718644,45.92432664,45.44209673,48.57372991,59.04941850,27.62235274,32.75800000,36.28990928,29.22609072,144701086.56160000,125426259.48736000
2022-09-16,33.08000000,33.26000000,31.50000000,32.25000000,70677122.37210000,-0.82000000,-2.47958875,5.32043531,33.97600000,34.08700000,33.22933333,32.79400000,32.99880000,33.58200000,35.03628571,35.98750000,36.40200000,36.95260000,37.58550000,59.79710000,33.58378993,34.23828982,-0.65449988,-0.92781169,0.27331181,39.98584129,43.37398354,44.24843264,35.71138141,51.27007280,4.59399864,32.79400000,36.28767790,29.30032210,144834047.31559998,117436026.09979001
2022-09-17,32.25000000,33.89000000,32.23000000,33.68000000,46775450.87000000,1.43000000,4.43410853,5.14728682,33.22400000,34.18600000,33.39266667,32.95600000,32.91880000,33.38733333,34.66714286,35.77500000,36.29400000,36.78800000,37.39900000,59.47220000,33.59859148,34.19693501,-0.59834353,-0.86191806,0.26357453,50.64472553,48.78482962,46.79179348,33.48357518,45.34124026,9.76824502,32.95600000,36.28675873,29.62524127,115907504.13896000,114160634.59244999
2022-09-18,33.69000000,33.99000000,30.86000000,31.10000000,74834816.76510000,-2.58000000,-7.66033254,9.29059068,32.84400000,33.93500000,33.39133333,32.89000000,32.76720000,33.23033333,34.27371429,35.54425000,36.12222222,36.53320000,37.21666667,59.12430000,33.21419279,33.96753242,-0.75333963,-0.84020237,0.08686275,36.57917246,41.06222386,43.09092392,23.30397855,37.99548636,-6.07903707,32.89000000,36.31641749,29.46358251,84463279.16029999,111563247.92124000
2022-09-19,31.10000000,33.08000000,30.50000000,32.62000000,110989466.16140001,1.52000000,4.88745981,8.29581994,32.54400000,33.73000000,33.42200000,32.94750000,32.66120000,33.14166667,33.95657143,35.29800000,35.94600000,36.33860000,37.04183333,58.80930000,33.12277852,33.86771520,-0.74493669,-0.82114924,0.07621255,46.98800193,46.50482067,45.72970613,23.83994183,33.27697151,4.96588246,32.94750000,36.31161324,29.58338676,85462462.88409999,109555763.06938000
2022-09-20,32.63000000,32.88000000,31.29000000,31.41000000,82122176.35439999,-1.21000000,-3.70938075,4.87281643,32.21200000,33.36800000,33.37066667,32.94300000,32.64880000,32.97300000,33.62314286,35.01400000,35.75355556,36.13380000,36.88966667,58.52475000,32.85927413,33.68566223,-0.82638810,-0.82219701,-0.00419109,40.61962289,43.05227916,44.03368134,19.45772855,28.67055719,1.03207127,32.94300000,36.31549619,29.57050381,77079806.50460000,110890446.53310001
2022-09-21,31.42000000,33.48000000,30.01000000,30.65000000,144523070.56970000,-0.76000000,-2.41961159,11.04392107,31.89200000,32.93400000,33.35533333,32.89500000,32.61360000,32.81433333,33.34057143,34.64325000,35.53244444,35.95100000,36.73433333,58.22985000,32.51938580,33.46079836,-0.94141256,-0.84604012,-0.09537244,36.85479289,40.96824388,42.98872069,15.34218940,24.22776793,-2.42896765,32.89500000,36.37305451,29.41694549,91848996.14412001,118341521.72985999
2022-09-22,30.65000000,32.87000000,30.59000000,32.43000000,94798520.67560001,1.78000000,5.80750408,7.43882545,31.64200000,32.43300000,33.33800000,32.95500000,32.69320000,32.70600000,33.13800000,34.28900000,35.31577778,35.82880000,36.59266667,57.96915000,32.50563414,33.38444292,-0.87880878,-0.85259385,-0.02621493,49.90438295,47.46574639,46.11394467,26.92929949,25.12827845,30.53134158,32.95500000,36.35258738,29.55741262,101453610.10524000,108680557.12210000
2022-09-23,32.43000000,33.98000000,31.20000000,33.66000000,112813259.86290000,1.23000000,3.79278446,8.57230959,32.15400000,32.49900000,33.34133333,33.08200000,32.74280000,32.66500000,33.07657143,34.00875000,35.16755556,35.72540000,36.54283333,57.72915000,32.68322889,33.40485456,-0.72162567,-0.82640021,0.10477454,57.23313816,51.49068759,48.16288676,43.14265239,31.13306976,67.16181764,33.08200000,36.37918604,29.78481396,109049298.72480002,96756288.94255000
2022-09-24,33.67000000,34.79000000,33.14000000,33.38000000,105295309.96830000,-0.28000000,-0.83184789,4.90050490,32.30600000,32.42500000,33.25533333,33.14300000,32.81920000,32.60200000,33.02228571,33.75025000,34.96555556,35.58200000,36.49500000,57.48445000,32.79042444,33.40301348,-0.61258904,-0.78363798,0.17104894,55.03378956,50.52929300,47.73176778,52.26246561,38.17620171,80.43499340,33.14300000,36.41339737,29.87260263,107910467.48617999,96686465.18514000
2022-09-25,33.39000000,34.05000000,31.87000000,32.34000000,60952435.22270000,-1.04000000,-3.11563811,6.52890087,32.49200000,32.35200000,33.07600000,33.15100000,32.85280000,32.62266667,32.90428571,33.48175000,34.73377778,35.42740000,36.36350000,57.20585000,32.72112838,33.32427174,-0.60314337,-0.74753906,0.14439569,46.98608025,46.97537722,46.13132815,51.08990036,42.48076793,68.30816523,33.15100000,36.41224871,29.88975129,103676519.25984000,90378162.88222000
2022-09-26,32.33000000,33.95000000,31.87000000,33.88000000,108235930.22970000,1.54000000,4.76190476,6.43365295,33.13800000,32.51500000,33.00200000,33.30100000,32.94360000,32.70100000,32.86057143,33.31525000,34.47600000,35.29300000,36.21300000,56.96090000,32.89941632,33.36543680,-0.46602048,-0.69123534,0.22521486,57.92022659,52.38518633,48.78472422,61.04738127,48.66963904,85.80286574,33.30100000,36.39407478,30.20792522,96419091.19184001,94134043.66798000
2022-09-27,33.89000000,35.41000000,32.08000000,32.69000000,149901959.88870001,-1.19000000,-3.51239669,9.82590735,33.19000000,32.41600000,32.68533333,33.30100000,33.00200000,32.77600000,32.77514286,33.14450000,34.16688889,35.10320000,36.05933333,56.72100000,32.86719842,33.31540444,-0.44820602,-0.64262948,0.19442346,48.62136831,48.23663773,46.92116067,57.24146406,51.52691405,68.67056408,33.30100000,36.39407478,30.20792522,107439779.03445999,104446694.56985000
2022-09-28,32.68000000,33.81000000,31.65000000,33.22000000,101111027.19560000,0.53000000,1.62129091,6.60954712,33.10200000,32.62800000,32.70000000,33.28150000,33.08600000,32.80266667,32.72742857,33.07975000,33.90800000,34.96100000,35.88233333,56.48020000,32.92147559,33.30833745,-0.38686186,-0.59147595,0.20461409,52.68150327,50.15455826,47.84703422,57.97579085,53.67653965,66.57429326,33.28150000,36.37128810,30.19171190,105099332.50100000,107074315.61290000
2022-09-29,33.23000000,34.42000000,32.65000000,33.93000000,92013851.01660000,0.71000000,2.13726671,5.32651219,33.21200000,32.75900000,32.68733333,33.24450000,33.15680000,32.88466667,32.68914286,33.04600000,33.69044444,34.79020000,35.74200000,56.25620000,33.07663319,33.35438652,-0.27775333,-0.52873143,0.25097809,58.01504125,52.71493101,49.08843661,62.84805810,56.73371247,75.07674937,33.24450000,36.28155172,30.20744828,102443040.71066000,105176754.09841999
2022-09-30,33.94000000,35.22000000,32.62000000,33.25000000,145450985.03700000,-0.68000000,-2.00412614,7.66057749,33.39400000,32.94300000,32.69933333,33.15550000,33.19960000,32.94300000,32.73285714,32.96550000,33.47200000,34.59980000,35.60200000,56.01635000,33.10330501,33.34665419,-0.24334918,-0.47165498,0.22830580,51.36148497,50.02991642,47.94782844,60.29427940,57.92056811,65.04170197,33.15550000,36.07426308,30.23673692,119342750.67352000,111509634.96668001
2022-10-01,33.25000000,33.25000000,32.34000000,32.44000000,47925215.85580000,-0.81000000,-2.43609023,2.73684211,33.10600000,33.12200000,32.71200000,33.02800000,33.26200000,32.97066667,32.75885714,32.89125000,33.29200000,34.33900000,35.47950000,55.76435000,33.00125808,33.27949462,-0.27823654,-0.43297129,0.15473475,44.12746704,46.92411446,46.60190469,50.01408017,55.28507213,39.47209625,33.02800000,35.82978590,30.22621410,107280607.79874000,101849849.49529001
2022-10-02,32.44000000,33.00000000,31.90000000,32.06000000,47873022.12390000,-0.38000000,-1.17139334,3.39087546,32.98000000,33.08500000,32.60400000,32.75900000,33.23680000,32.99833333,32.80514286,32.80075000,33.12622222,34.04820000,35.37150000,55.48580000,32.85644915,33.18916168,-0.33271254,-0.41291954,0.08020700,40.88562069,45.47919419,45.97020604,36.97747189,49.18253872,12.56733823,32.75900000,34.66806866,30.84993134,86874820.24577999,97157299.64012000
2022-10-03,32.06000000,33.27000000,31.73000000,32.89000000,61796987.16330000,0.83000000,2.58889582,4.80349345,32.91400000,33.00800000,32.72333333,32.75350000,33.20800000,33.05733333,32.81857143,32.75075000,33.06133333,33.80860000,35.27250000,55.21125000,32.86161082,33.16700156,-0.30539074,-0.39141378,0.08602304,50.43056022,49.20605200,47.58941605,35.64455573,44.66987772,17.59391174,32.75350000,34.66027766,30.84672234,79012012.23932000,92055672.37016000
2022-10-04,32.90000000,34.40000000,32.84000000,34.09000000,65903648.58510000,1.20000000,3.64852539,4.74164134,32.94600000,33.07900000,32.82133333,32.75200000,33.18480000,33.12166667,32.89342857,32.72125000,33.03488889,33.61600000,35.16483333,54.93270000,33.05059377,33.23537181,-0.18477805,-0.35008663,0.16530859,61.27790205,54.14936004,49.85651734,45.39424282,44.91133275,46.36006296,32.75200000,34.65429335,30.84970665,73789971.75302000,88116506.23183998
2022-10-05,34.10000000,34.37000000,33.18000000,34.04000000,60090464.28790000,-0.05000000,-0.14667058,3.48973607,33.10400000,33.24900000,32.99666667,32.80050000,33.14520000,33.18366667,32.96600000,32.77925000,32.98088889,33.43520000,35.06433333,54.64135000,33.20281011,33.29497390,-0.09216379,-0.29850207,0.20633827,60.61468275,53.91087595,49.76292722,51.45077181,47.09114577,60.17002389,32.80050000,34.78463152,30.81636848,56717867.60320000,88030309.13835999
2022-10-06,34.04000000,34.50000000,33.23000000,33.36000000,61090995.68790000,-0.68000000,-1.99764982,3.73090482,33.28800000,33.19700000,33.17733333,32.85600000,33.08000000,33.26633333,33.01600000,32.82500000,32.93533333,33.29160000,34.94366667,54.36505000,33.22699317,33.29979065,-0.07279748,-0.25336115,0.18056367,51.51534055,50.60428234,48.47165377,50.26690110,48.14973088,54.50124153,32.85600000,34.83739132,30.87460868,59351023.56962000,83315815.68417999
2022-10-07,33.35000000,33.76000000,32.43000000,32.98000000,64927457.46390000,-0.38000000,-1.13908873,3.98800600,33.47200000,33.22600000,33.21400000,32.82100000,32.90160000,33.27600000,33.06600000,32.88850000,32.87533333,33.16080000,34.79033333,54.08700000,33.18899422,33.27610245,-0.08710823,-0.22011057,0.13300233,46.80373817,48.78033434,47.74915669,45.45014037,47.24986738,41.85068635,32.82100000,34.76549182,30.87650818,62761910.63761999,74818365.44170000
2022-10-08,32.98000000,33.08000000,32.35000000,32.58000000,25764335.16620000,-0.40000000,-1.21285628,2.21346270,33.41000000,33.16200000,33.14200000,32.89500000,32.88480000,33.24166667,33.10771429,32.89250000,32.82400000,33.09620000,34.66116667,53.79775000,33.09530280,33.22453931,-0.12923651,-0.20193575,0.07269925,41.95655412,46.84158476,46.97998910,38.41852720,44.30608732,26.64340696,32.89500000,34.66888660,31.12111340,55555380.23819999,67283696.23875999
2022-10-09,32.57000000,33.14000000,32.44000000,32.92000000,28997559.58290000,0.34000000,1.04358502,2.14921707,33.17600000,33.06100000,33.11133333,32.91000000,32.83680000,33.18333333,33.12942857,32.92875000,32.77177778,33.04900000,34.50200000,53.48790000,33.06833314,33.20198084,-0.13364770,-0.18827814,0.05463044,47.50217818,48.73104978,47.72684415,39.93244774,42.84820746,34.10092829,32.91000000,34.67916275,31.14083725,48174162.43776000,60982067.09539000
2022-10-10,32.92000000,33.46000000,31.88000000,31.96000000,50718925.46250000,-0.96000000,-2.91616039,4.79951397,32.76000000,32.93200000,33.08600000,32.93750000,32.79240000,33.08100000,33.12314286,32.94025000,32.77711111,32.95880000,34.32183333,53.13610000,32.89782035,33.10998226,-0.21216191,-0.19305490,-0.01910701,35.88534150,43.92229399,45.82500094,29.38938152,38.36193214,11.44428028,32.93750000,34.62364010,31.25135990,46299854.67268000,51508861.13794000
2022-10-11,31.95000000,31.96000000,30.42000000,30.80000000,60351311.85290000,-1.16000000,-3.62953692,4.82003130,32.24800000,32.76800000,32.88066667,32.94500000,32.73440000,32.94133333,33.12085714,32.92000000,32.76088889,32.86660000,34.07716667,52.79710000,32.57507876,32.93887246,-0.36379371,-0.22720266,-0.13659105,26.49140925,38.86662015,43.63272850,22.69749618,33.14045349,1.81158156,32.94500000,34.58910910,31.30089090,46151917.90568000,52751470.73764999
2022-10-12,30.80000000,31.55000000,30.67000000,31.16000000,32646321.73270000,0.36000000,1.16883117,2.85714286,31.88400000,32.67800000,32.77866667,32.88150000,32.63360000,32.73200000,33.07714286,32.91825000,32.77688889,32.77620000,33.81983333,52.44425000,32.35737433,32.80710413,-0.44972980,-0.27170809,-0.17802171,33.02112048,41.15961263,44.49267270,21.17741575,29.15277424,5.22669877,32.88150000,34.69838310,31.06461690,39695690.75944000,51228800.69853000
2022-10-13,31.15000000,31.21000000,27.87000000,30.49000000,129678785.42510000,-0.67000000,-2.15019255,10.72231140,31.46600000,32.43800000,32.59666667,32.72300000,32.60920000,32.64833333,32.98800000,32.90250000,32.73400000,32.68820000,33.58016667,52.06150000,32.07008597,32.63546679,-0.56538082,-0.33044263,-0.23493818,27.55467817,38.24700166,43.21238605,27.29072564,28.53209137,24.80799416,32.72300000,34.78982161,30.65617839,60478580.81122001,58016980.52471000
2022-10-14,30.48000000,31.98000000,29.62000000,30.00000000,73979072.93240000,-0.49000000,-1.60708429,7.74278215,30.88200000,32.02900000,32.33466667,32.55400000,32.50440000,32.51100000,32.85457143,32.84850000,32.70133333,32.58280000,33.35150000,51.68275000,31.75161121,32.44024703,-0.68863582,-0.40208127,-0.28655455,24.05926974,36.20306970,42.28385176,28.90271603,28.65563293,29.39688225,32.55400000,34.92499491,30.18300509,69474883.48112001,58824522.95944001
2022-10-15,30.00000000,30.20000000,29.42000000,29.59000000,30157685.28550000,-0.41000000,-1.36666667,2.60000000,30.40800000,31.58400000,32.09066667,32.41650000,32.43160000,32.39500000,32.69914286,32.78375000,32.65888889,32.54020000,33.12666667,51.27260000,31.41905564,32.22911762,-0.81006198,-0.48367741,-0.32638457,21.34103429,34.51920880,41.50516458,29.00248981,28.77125189,29.46496565,32.41650000,35.13346638,29.69953362,65362635.44571999,55831245.05920000
2022-10-16,29.59000000,30.53000000,29.56000000,30.17000000,28064981.63040000,0.58000000,1.96012166,3.27813450,30.28200000,31.26500000,31.93933333,32.23100000,32.41240000,32.32566667,32.56142857,32.76600000,32.62688889,32.51300000,32.95383333,50.81935000,31.22689323,32.07659039,-0.84969715,-0.55688136,-0.29281579,33.99940633,38.90454050,43.05321546,33.04996041,30.19748806,38.75490510,32.23100000,35.03253266,29.42946734,58905369.40122000,52528643.65345000
2022-10-17,30.16000000,31.29000000,29.84000000,31.21000000,51999174.80990000,1.04000000,3.44713291,4.80769231,30.29200000,31.08800000,31.88266667,32.15700000,32.36360000,32.24333333,32.38342857,32.72900000,32.62644444,32.52840000,32.81533333,50.36155000,31.22429427,32.01239851,-0.78810423,-0.60312594,-0.18497830,50.97525686,45.98118659,45.74002009,41.94982453,34.11493355,57.61960649,32.15700000,34.98553952,29.32846048,62775940.01666000,51235815.38805000
2022-10-18,31.22000000,31.48000000,29.73000000,30.15000000,60139490.40050000,-1.06000000,-3.39634732,5.60538117,30.22400000,30.84500000,31.70000000,32.00350000,32.22320000,32.21166667,32.30200000,32.64250000,32.60488889,32.48300000,32.72100000,49.83970000,31.05901823,31.87444306,-0.81542483,-0.64558571,-0.16983912,38.77670289,40.73496131,43.55449501,41.56225631,36.59737447,51.49201998,32.00350000,34.92095581,29.08604419,48868081.01174000,54673330.91147999
2022-10-19,30.14000000,30.26000000,28.61000000,28.86000000,50923897.96960000,-1.29000000,-4.27860697,5.47445255,29.99600000,30.43900000,31.35133333,31.75000000,32.04240000,32.08633333,32.15171429,32.49725000,32.53155556,32.43080000,32.61400000,49.32155000,30.72070773,31.65115098,-0.93044325,-0.70255722,-0.22788603,28.73469408,35.37635071,41.06290616,35.73736795,36.31070563,34.59069259,31.75000000,34.83868223,28.66131777,44257046.01918000,56865964.75015000
2022-10-20,28.86000000,29.47000000,27.98000000,28.01000000,68526396.59810001,-0.85000000,-2.94525295,5.16285516,29.68000000,30.04400000,30.94933333,31.48800000,31.86920000,31.97300000,32.00714286,32.32175000,32.43888889,32.36100000,32.47300000,48.77710000,30.30367578,31.38143610,-1.07776032,-0.77759784,-0.30016248,23.85082899,32.32018754,39.50890614,24.96035398,32.52725508,9.82655178,31.48800000,34.91174126,28.06425874,51930788.28170000,58646711.86371000
2022-10-21,28.01000000,28.28000000,26.84000000,28.10000000,88781181.56340000,0.09000000,0.32131382,5.14102106,29.26600000,29.77400000,30.59866667,31.27100000,31.63800000,31.88800000,31.88857143,32.14950000,32.37711111,32.29080000,32.35116667,48.25690000,29.96464873,31.13836676,-1.17371802,-0.85682188,-0.31689615,25.46054087,32.98887406,39.76078264,24.81144221,29.95531746,14.52369172,31.27100000,34.97902771,27.56297229,64074028.26830000,61489698.83476000
2022-10-22,28.10000000,28.22000000,27.48000000,28.01000000,37199974.65000000,-0.09000000,-0.32028470,2.63345196,28.62600000,29.45900000,30.26733333,31.06850000,31.45080000,31.74066667,31.72657143,31.91375000,32.27311111,32.22640000,32.22333333,47.76260000,29.66393354,30.90663588,-1.24270234,-0.93399797,-0.30870437,24.83066840,32.63710021,39.58877344,24.12851011,28.01304834,16.35943365,31.06850000,35.02886827,27.10813173,61114188.23632000,61945064.12649001
2022-10-23,28.01000000,29.44000000,27.73000000,29.28000000,61344404.57000000,1.27000000,4.53409497,6.10496251,28.45200000,29.33800000,30.04733333,30.88800000,31.29320000,31.59466667,31.67457143,31.82075000,32.17688889,32.18960000,32.12983333,47.34425000,29.60486684,30.78614434,-1.18127749,-0.98345387,-0.19782362,47.02342802,42.13564252,43.20653330,33.61440904,29.88016857,41.08288997,30.88800000,34.82782954,26.94817046,61355171.07022001,55111626.04098000
2022-10-24,29.28000000,29.50000000,28.16000000,28.30000000,72407568.24890000,-0.98000000,-3.34699454,4.57650273,28.34000000,29.16800000,29.73933333,30.59850000,31.06800000,31.42533333,31.55114286,31.67525000,32.03533333,32.11240000,32.01366667,46.89335000,29.40411810,30.60198550,-1.19786740,-1.02633658,-0.17153082,36.92790376,37.66486077,41.21895250,32.89811177,30.88614964,36.92203604,30.59850000,34.39599100,26.80100900,65651905.12608000,54954475.57263000
2022-10-25,28.31000000,32.31000000,28.05000000,30.86000000,133430123.82960001,2.56000000,9.04593640,15.04768633,28.91000000,29.29500000,29.66600000,30.43950000,30.97240000,31.37600000,31.53542857,31.62000000,31.94266667,32.08600000,31.99933333,46.49805000,29.62809993,30.62109768,-0.99299775,-1.01966881,0.02667106,62.29981585,52.13708913,47.76841784,46.42933229,36.06721052,67.15357581,30.43950000,33.87976605,26.99923395,78632650.57237999,65281719.42704000
2022-10-26,30.87000000,32.17000000,30.63000000,31.29000000,122340982.67680000,0.43000000,1.39338950,4.98866213,29.54800000,29.40700000,29.69866667,30.33600000,30.92640000,31.28966667,31.55371429,31.59600000,31.86044444,32.09420000,31.99533333,46.08970000,29.88377686,30.67064600,-0.78686914,-0.97310888,0.18623974,65.12736662,54.09019149,48.76891074,58.07049940,43.40164015,87.40821791,30.33600000,33.52142999,27.15057001,85344610.79506001,74709319.53168000
2022-10-27,31.29000000,32.36000000,30.41000000,30.58000000,113361840.89669999,-0.71000000,-2.26909556,6.23202301,30.06200000,29.34400000,29.66000000,30.21600000,30.86720000,31.21933333,31.50085714,31.51850000,31.70800000,32.05200000,31.99766667,45.68725000,29.99088812,30.66393148,-0.67304337,-0.91309578,0.24005241,56.70119514,50.38662917,47.21080983,61.29820733,49.36716254,85.16029691,30.21600000,33.15319809,27.27880191,100576984.04440001,80845586.14036000
2022-10-28,30.60000000,32.54000000,30.11000000,32.07000000,94457060.50720000,1.49000000,4.87246566,7.94117647,30.62000000,29.53600000,29.76533333,30.19050000,30.83440000,31.18100000,31.45542857,31.54275000,31.68733333,32.02120000,31.99183333,45.34925000,30.31075148,30.76808471,-0.45733323,-0.82194327,0.36461004,67.34183455,57.10982066,50.66256822,71.45026688,56.72819732,100.89440599,30.19050000,33.04908614,27.33191386,107199515.23183998,84277343.15102999
2022-10-29,32.06000000,33.84000000,31.85000000,32.87000000,109586845.38650000,0.80000000,2.49454319,6.20711167,31.53400000,29.93700000,29.95666667,30.18800000,30.78560000,31.14566667,31.44085714,31.54900000,31.65955556,31.98520000,32.01516667,44.99750000,30.70448202,30.92378214,-0.21930011,-0.70141464,0.48211452,71.80593961,60.26377654,52.40611526,76.34779696,63.26806387,102.50726316,30.18800000,33.03660520,27.33939480,114635370.65936001,90143637.89272001
2022-10-30,32.87000000,33.54000000,31.93000000,32.94000000,64151562.79280000,0.07000000,0.21296015,4.89808336,31.95000000,30.43000000,30.18000000,30.23700000,30.74160000,31.13533333,31.45800000,31.58725000,31.65666667,31.94340000,32.03916667,44.63750000,31.04840787,31.07313161,-0.02472374,-0.56607646,0.54135272,72.20487318,60.54075319,52.55918900,79.51488351,68.68367042,101.17730970,30.23700000,33.24329585,27.23070415,100779658.45199999,89706154.51219000
2022-10-31,32.93000000,34.39000000,32.20000000,32.56000000,102302329.10780001,-0.38000000,-1.15361263,6.65047070,32.20400000,30.87600000,30.33933333,30.32500000,30.70960000,31.13933333,31.42028571,31.63500000,31.66355556,31.89480000,32.05500000,44.29645000,31.28096050,31.18327001,0.09769049,-0.43332307,0.53101356,66.11112753,58.14075267,51.61875988,77.18409651,71.51714578,88.51799798,30.32500000,33.49904275,27.15095725,96771927.73819999,91058269.26663001
2022-11-01,32.57000000,33.39000000,32.15000000,32.20000000,65891304.43980000,-0.36000000,-1.10565111,3.80718453,32.52800000,31.29500000,30.40533333,30.37700000,30.67840000,31.14400000,31.40628571,31.62925000,31.63066667,31.79000000,32.07116667,43.95090000,31.42235119,31.25858334,0.16376785,-0.31390488,0.47767274,60.32345233,55.85245131,50.72159427,73.27520209,72.10316455,75.61927717,30.37700000,33.64143096,27.11256904,87277820.44681999,93927402.24561000
2022-11-02,32.20000000,32.95000000,30.24000000,30.80000000,107898622.35160001,-1.40000000,-4.34782609,8.41614907,32.27400000,31.44700000,30.44866667,30.39250000,30.60720000,31.07433333,31.33714286,31.55775000,31.62400000,31.74600000,32.06583333,43.59460000,31.32660486,31.22461420,0.10199065,-0.23072578,0.33271643,42.82688491,47.86095622,47.37988982,63.30859950,69.17164287,51.58251277,30.39250000,33.66212979,27.12287021,89966132.81570001,98582824.02377000
2022-11-03,30.81000000,32.25000000,30.61000000,30.85000000,72414161.32030000,0.05000000,0.16233766,5.32294710,31.87000000,31.70200000,30.58133333,30.43500000,30.52440000,30.96633333,31.24914286,31.49450000,31.58466667,31.68060000,32.04400000,43.24810000,31.25328103,31.19686500,0.05641603,-0.17329741,0.22971344,43.52885159,48.15000097,47.50877033,47.96897288,62.10408621,19.69874622,30.43500000,33.70524544,27.16475456,82531596.00246000,98583483.33091000
2022-11-04,30.86000000,34.20000000,30.66000000,33.74000000,134935951.66670001,2.89000000,9.36790924,11.47116008,32.03000000,31.99000000,30.96333333,30.64250000,30.59560000,30.95633333,31.26314286,31.52950000,31.63644444,31.69400000,32.07000000,42.90515000,31.63585318,31.38524537,0.25060781,-0.08851637,0.33912418,69.50136994,61.57999535,54.26487846,60.25034329,61.48617190,57.77868607,30.64250000,34.20093771,27.08406229,96688473.77724001,98734066.11462000
2022-11-05,33.73000000,38.79000000,33.66000000,36.90000000,272433712.08719999,3.16000000,9.36573800,15.20901275,32.89800000,32.55100000,31.55000000,30.97900000,30.83960000,31.07433333,31.39057143,31.60500000,31.77533333,31.78700000,32.17033333,42.54710000,32.44572192,31.79374572,0.65197621,0.05958215,0.59239406,80.97964366,70.64849201,60.12119598,66.24216434,63.07150271,72.58348760,30.97900000,35.49365870,26.46434130,130714750.37312002,113743339.05566001
2022-11-06,36.90000000,37.06000000,32.31000000,32.62000000,164782709.50990000,-4.28000000,-11.59891599,12.87262873,32.98200000,32.75500000,31.85733333,31.04950000,30.89800000,31.06233333,31.40657143,31.60325000,31.77955556,31.76580000,32.16916667,42.18225000,32.47253393,31.85494974,0.61758420,0.17118256,0.44640164,50.24505069,52.38043892,50.90816892,53.44019533,59.86106692,40.59845216,31.04950000,35.62300021,26.47599979,150493031.38714001,118885425.91698000
2022-11-07,32.61000000,33.13000000,28.00000000,29.62000000,308389485.16670001,-3.00000000,-9.19681177,15.73137075,32.74600000,32.51000000,31.88000000,31.02300000,30.86320000,30.96366667,31.31314286,31.51325000,31.68977778,31.73620000,32.10266667,41.82145000,32.03368256,31.68939790,0.34428466,0.20580298,0.13848168,38.08650867,43.73337932,45.77735439,40.63143081,53.45118822,14.99191599,31.02300000,35.62450136,26.42149864,190591203.95016000,140278668.38292998
2022-11-08,29.62000000,31.72000000,19.80000000,24.38000000,745105277.80020702,-5.24000000,-17.69074949,40.24307900,31.45200000,31.66100000,31.61866667,30.79900000,30.63840000,30.67900000,31.03571429,31.27450000,31.48977778,31.57140000,31.93116667,41.44060000,30.85619294,31.14796102,-0.29176809,0.10628876,-0.39805685,25.26970638,33.26855668,38.67333825,35.12693948,47.34310530,10.69460783,30.79900000,36.20899037,25.38900963,325129427.24614143,203830511.62430069
2022-11-09,24.38000000,24.38000000,12.37000000,14.08000000,604959490.74250305,-10.30000000,-42.24774405,49.26168991,27.52000000,29.77500000,30.50000000,30.10250000,30.01800000,30.08300000,30.46542857,30.79525000,31.08400000,31.22480000,31.58200000,41.00785000,28.27524018,29.88366761,-1.60842744,-0.23665448,-1.37177296,14.08746941,21.98682350,29.33566731,25.57541612,40.08720891,-3.44816945,30.10250000,39.29136254,20.91363746,419134135.06130207,257911304.41927099
2022-11-10,14.08000000,18.87000000,13.14000000,17.66000000,494275918.88630003,3.58000000,25.42613636,40.69602273,23.67200000,28.28500000,29.59133333,29.58050000,29.51760000,29.64500000,30.01685714,30.42575000,30.72355556,30.96500000,31.29316667,40.60000000,26.64212630,28.97821075,-2.33608445,-0.65654047,-1.67954398,27.47351172,30.87497645,35.02549472,23.72451411,34.63297731,1.90758770,29.58050000,40.30600620,18.85499380,463502576.42112195,297108663.39712101
2022-11-11,17.65000000,18.31000000,15.10000000,16.45000000,283397692.06830001,-1.21000000,-6.85164213,18.18696884,20.43800000,26.71000000,28.64933333,29.00250000,28.92720000,29.15466667,29.54457143,30.03550000,30.36266667,30.64540000,30.94333333,40.17730000,25.07410687,28.05019514,-2.97608827,-1.12045003,-1.85563824,25.84053224,29.63026139,34.05831379,20.96395818,30.07663760,2.73859934,29.00250000,41.22573219,16.77926781,487225572.93280202,318859302.15997106
2022-11-12,16.46000000,16.53000000,14.47000000,14.58000000,106603740.97430000,-1.87000000,-11.36778116,12.51518834,17.43000000,25.08800000,27.48333333,28.26750000,28.30440000,28.62433333,29.03028571,29.57775000,29.94844444,30.26380000,30.63633333,39.77170000,23.45962889,27.05240291,-3.59277402,-1.61491483,-1.97785919,23.27491356,27.74450703,32.60631964,16.76426382,25.63917967,-0.98556789,28.26750000,42.08443983,14.45056017,446868424.09432203,318729814.02224100
2022-11-13,14.58000000,14.74000000,13.02000000,13.18000000,106360669.28690000,-1.40000000,-9.60219479,11.79698217,15.19000000,23.32100000,26.17066667,27.51150000,27.67720000,28.06366667,28.46628571,29.05500000,29.48733333,29.85980000,30.28733333,39.34580000,21.87814752,26.02481751,-4.14666999,-2.12126586,-2.02540413,21.36884153,26.37364189,31.55536313,12.19812894,21.15882943,-5.72327203,27.51150000,42.88757886,12.13542114,319119502.39166057,322124464.81890100
2022-11-14,13.18000000,15.01000000,12.07000000,14.00000000,171237609.71910000,0.82000000,6.22154780,22.30652504,15.17400000,21.34700000,24.90800000,26.66850000,27.11680000,27.54400000,27.95314286,28.55400000,29.05955556,29.49300000,29.96950000,38.92460000,20.66612483,25.13409029,-4.46796546,-2.59060578,-1.87735968,25.64848990,28.62697904,32.87763105,10.70644904,17.67470263,-3.23005814,26.66850000,43.08510427,10.25189573,232375126.18698001,325754630.62414104
2022-11-15,14.00000000,15.10000000,13.82000000,14.32000000,110580868.71860000,0.32000000,2.28571429,9.14285714,14.50600000,19.08900000,23.69200000,25.82000000,26.56560000,27.01566667,27.48228571,28.07800000,28.65688889,29.10180000,29.67066667,38.52640000,19.68979793,24.33304656,-4.64324863,-3.00113435,-1.64211428,27.49643950,29.54495152,33.40154949,10.69888626,15.34943051,1.39779775,25.82000000,42.96873879,8.67126121,155636116.15344000,309569346.28728098
2022-11-16,14.32000000,14.64000000,13.64000000,14.27000000,58349495.43870000,-0.05000000,-0.34916201,6.98324022,14.07000000,17.25400000,22.49666667,25.00450000,26.01600000,26.45100000,26.99971429,27.61025000,28.26155556,28.73340000,29.34716667,38.17460000,18.85598286,23.58763570,-4.73165284,-3.34723805,-1.38441479,27.36889584,29.48032119,33.35909593,10.86456709,13.85447603,4.88474920,25.00450000,42.74129194,7.26770806,110626476.82752001,298926024.88016099
2022-11-17,14.27000000,14.50000000,12.93000000,13.65000000,90166530.57670000,-0.62000000,-4.34477926,11.00210231,13.88400000,15.65700000,21.35333333,24.08350000,25.39080000,25.90100000,26.51857143,27.13700000,27.83400000,28.34200000,29.05633333,37.79445000,18.05506242,22.85151454,-4.79645212,-3.63708086,-1.15937126,25.60181620,28.63303386,32.81935832,11.52140920,13.07678709,8.41065342,24.08350000,42.18473029,5.98226971,107339034.74800000,277103729.42116100
2022-11-18,13.65000000,13.89000000,13.00000000,13.27000000,39653187.50790000,-0.38000000,-2.78388278,6.52014652,13.90200000,14.54600000,20.18133333,23.10350000,24.78960000,25.38133333,26.04057143,26.64575000,27.37133333,27.92880000,28.73383333,37.42330000,17.31889897,22.14177272,-4.82287375,-3.87423944,-0.94863431,24.44118496,28.09317554,32.48323167,13.56329241,13.23895553,14.21196616,23.10350000,41.32367537,4.88332463,93997538.39219999,206558520.39193031
2022-11-19,13.28000000,13.28000000,12.58000000,12.84000000,37459974.39270000,-0.43000000,-3.24039186,5.27108434,13.67000000,14.42200000,18.78800000,22.09850000,24.06880000,24.87566667,25.56200000,26.16775000,26.90022222,27.52060000,28.42433333,37.05820000,16.62983759,21.45275252,-4.82291493,-4.06397454,-0.75894039,23.02386527,27.45418502,32.09509931,13.15544280,13.21111795,13.04409250,22.09850000,40.25143194,3.94556806,67242011.32692000,149808568.75695002
2022-11-20,12.84000000,13.58000000,12.10000000,12.27000000,61291532.97010000,-0.57000000,-4.43925234,11.52647975,13.26000000,13.88300000,17.14600000,21.08400000,23.30800000,24.34800000,25.05057143,25.70450000,26.43155556,27.11720000,28.11800000,36.65570000,15.95909335,20.77254863,-4.81345528,-4.21387069,-0.59958460,21.07943582,26.57992174,31.57326819,10.26506351,12.22909981,6.33699092,21.08400000,39.04204866,3.12595134,57384144.17722000,106510130.16533001
2022-11-21,12.26000000,12.29000000,11.27000000,11.83000000,58064656.23926200,-0.44000000,-3.58598207,8.31973899,12.77200000,13.42100000,15.76000000,20.06550000,22.55800000,23.80866667,24.49685714,25.22125000,25.96155556,26.71260000,27.77466667,36.29225000,15.32384822,20.11013762,-4.78628940,-4.32835443,-0.45793497,19.55003747,25.88575952,31.16511685,11.71717898,12.05845953,11.03461788,20.06550000,37.67625565,2.45474435,57327176.33733241,83976826.58242621
2022-11-22,11.83000000,12.50000000,10.94000000,12.44000000,64284791.29580000,0.61000000,5.15638208,13.18681319,12.53000000,13.20700000,14.61466667,19.14750000,21.77280000,23.24733333,23.99085714,24.77000000,25.51400000,26.30360000,27.42100000,35.94605000,14.88017926,19.54197928,-4.66180002,-4.39504355,-0.26675647,28.21476954,28.70187903,32.42875914,19.83068342,14.64920083,30.19364861,19.14750000,36.31063783,1.98436217,52150828.48115240,79744931.61457621
2022-11-23,12.43000000,14.50000000,12.40000000,14.36000000,105011604.60650000,1.92000000,15.43408360,16.89460981,12.74800000,13.32500000,13.94666667,18.32300000,21.03240000,22.78266667,23.57657143,24.37900000,25.10155556,25.90900000,27.10400000,35.62355000,14.80015168,19.15812896,-4.35797728,-4.38763029,0.02965301,48.97271590,36.93052854,36.27119100,40.62430177,23.30756781,75.25776969,18.32300000,34.68469352,1.96130648,65222511.90087239,79610025.14653620
2022-11-24,14.36000000,14.96000000,13.84000000,14.59000000,68013704.67070000,0.23000000,1.60167131,7.79944290,13.09800000,13.38400000,13.98066667,17.36550000,20.29840000,22.24033333,23.19314286,24.00400000,24.71555556,25.52000000,26.80816667,35.31960000,14.76782065,18.81974904,-4.05192838,-4.32048991,0.26856153,51.00915790,37.86762352,36.72098535,57.34820781,34.65444781,102.73572782,17.36550000,32.08758577,2.64341423,71333257.95647240,69287634.64169620
2022-11-25,14.60000000,14.61000000,13.91000000,14.03000000,39918747.01790000,-0.56000000,-3.83824537,4.79452055,13.45000000,13.35500000,13.73866667,16.22200000,19.55720000,21.66500000,22.79114286,23.60050000,24.34288889,25.13340000,26.47733333,35.07895000,14.65430978,18.46495281,-3.81064303,-4.21852054,0.40787751,45.68243316,36.42991346,36.07411466,63.85402909,44.38764157,102.78680413,16.22200000,27.76497344,4.67902656,67058700.76603240,62221422.47162620
2022-11-26,14.03000000,14.98000000,13.97000000,14.17000000,42001304.95390000,0.14000000,0.99786172,7.19885959,13.91800000,13.34500000,13.58666667,15.29950000,18.83600000,21.11800000,22.39571429,23.17450000,23.96533333,24.75720000,26.16866667,34.81530000,14.57980059,18.14680816,-3.56700757,-4.08821794,0.52121037,47.33240614,37.08140807,36.36653805,69.21951774,52.66493363,102.32868597,15.29950000,23.89799797,6.70100203,63846030.50896001,60586603.42314620
2022-11-27,14.17000000,14.45000000,14.05000000,14.12000000,29472967.32890000,-0.05000000,-0.35285815,2.82286521,14.25400000,13.39200000,13.55600000,14.52450000,18.16880000,20.51966667,21.96257143,22.77375000,23.60155556,24.38800000,25.85033333,34.63140000,14.50906204,17.84852608,-3.33946404,-3.93846716,0.59900312,46.72412975,36.93393452,36.30464770,72.38396892,59.23794539,98.67601599,14.52450000,19.86529227,9.18370773,56883665.71558000,54517247.09836620
2022-11-28,14.11000000,14.17000000,12.78000000,13.32000000,63044912.97960000,-0.80000000,-5.66572238,9.85116938,14.04600000,13.39700000,13.56533333,13.97150000,17.46760000,19.86800000,21.53457143,22.38525000,23.23088889,23.99600000,25.50683333,34.47480000,14.32612941,17.51307970,-3.18695028,-3.78816379,0.60121350,37.47697479,34.53651020,35.30160629,67.89294298,62.12294459,79.43293976,13.97150000,16.63482025,11.30817975,48490327.39020000,56856419.64553621
2022-11-29,13.33000000,13.96000000,13.14000000,13.34000000,35266841.36590000,0.02000000,0.15015015,6.15153788,13.79600000,13.44700000,13.52133333,13.93450000,16.65160000,19.21466667,21.03400000,22.01850000,22.86977778,23.62360000,25.17500000,34.29690000,14.17441720,17.20396268,-3.02954549,-3.63644013,0.60689464,37.84600103,34.65219569,35.34820358,65.06394218,63.10327712,68.98527231,13.93450000,16.61199667,11.25700333,41940954.72924000,56637106.34285621
2022-11-30,13.35000000,14.32000000,13.21000000,14.16000000,49268922.74560000,0.82000000,6.14692654,8.31460674,13.82200000,13.63600000,13.51066667,13.75950000,15.74200000,18.60133333,20.54457143,21.67000000,22.51400000,23.29080000,24.87033333,34.10555000,14.17219917,16.97848397,-2.80628480,-3.47040906,0.66412426,51.83318518,39.43899520,37.28077302,69.94361822,65.38339082,79.06407302,13.75950000,15.79143944,11.72756056,43810989.87478000,55434845.32040620
2022-12-01,14.17000000,14.19000000,13.40000000,13.51000000,35283701.87090000,-0.65000000,-4.59039548,5.57515879,13.69000000,13.80400000,13.46000000,13.61250000,14.97760000,17.97833333,20.05685714,21.30750000,22.12066667,22.93780000,24.56116667,33.87895000,14.07032237,16.72155923,-2.65123686,-3.30657462,0.65533776,42.69397685,37.08960826,36.38124443,60.97016409,63.91231524,55.08586177,13.61250000,15.20213584,12.02286416,42467469.25818000,53156749.88357000
2022-12-02,13.51000000,13.84000000,13.33000000,13.71000000,38880254.25550000,0.20000000,1.48038490,3.77498150,13.60800000,13.93100000,13.46400000,13.56900000,14.34120000,17.40866667,19.53228571,20.91825000,21.75533333,22.60220000,24.24150000,33.67855000,14.01488816,16.49848077,-2.48359261,-3.14197822,0.65838561,46.19671262,38.32287782,36.87030628,54.73768515,60.85410521,42.50484502,13.56900000,15.09343812,12.04456188,44348926.64349999,50616296.17954000
2022-12-03,13.71000000,13.77000000,13.20000000,13.29000000,26510419.98080000,-0.42000000,-3.06345733,4.15754923,13.60200000,13.82400000,13.46533333,13.57450000,13.89760000,16.82333333,18.97285714,20.54300000,21.40933333,22.26800000,23.89483333,33.45990000,13.90336691,16.26081553,-2.35744862,-2.98507230,0.62762368,40.03074402,36.67576750,36.25950050,44.21906283,55.30909108,22.03900631,13.57450000,15.09381390,12.05518610,37042028.04374000,42766177.71697000
2022-12-04,13.29000000,13.75000000,13.27000000,13.71000000,24011576.85540000,0.42000000,3.16027088,3.61173815,13.67600000,13.73600000,13.52333333,13.56000000,13.88280000,16.15566667,18.42342857,20.11425000,21.09155556,21.95040000,23.55600000,33.27880000,13.87361815,16.07186623,-2.19824808,-2.82770745,0.62945938,48.30978153,39.51187854,37.34263386,43.57028431,51.39615549,27.91854194,13.56000000,15.06770652,12.05229348,34790975.14163999,38365964.93544000
2022-12-05,13.71000000,14.17000000,13.58000000,13.82000000,55137018.01520000,0.11000000,0.80233406,4.30342815,13.60800000,13.71500000,13.62666667,13.53500000,13.72920000,15.38633333,17.88800000,19.67750000,20.77422222,21.62340000,23.23033333,33.08690000,13.86536920,15.90506132,-2.03969212,-2.67010439,0.63041227,50.45928476,40.27612464,37.63227030,49.80533924,50.86588341,47.68425090,13.53500000,15.00577495,12.06422505,35964594.19556000,39887792.03517000
2022-12-06,13.82000000,14.38000000,13.81000000,14.30000000,46177390.49470000,0.48000000,3.47322721,4.12445731,13.76600000,13.72800000,13.79133333,13.53650000,13.64320000,14.77566667,17.37657143,19.27050000,20.46955556,21.28520000,22.91900000,32.91125000,13.93223548,15.78616789,-1.85393241,-2.50686999,0.65293758,59.31785071,43.66443292,38.91793216,64.87022616,55.53399766,83.54268316,13.53650000,15.01048886,12.06251114,38143331.92032000,40305400.58925000
2022-12-07,14.30000000,14.34000000,13.39000000,13.49000000,36316567.78920000,-0.81000000,-5.66433566,6.64335664,13.72200000,13.66500000,13.86133333,13.52850000,13.59960000,14.23800000,16.88200000,18.80600000,20.11866667,20.95200000,22.60083333,32.72715000,13.86419925,15.61608138,-1.75188213,-2.35587242,0.60399029,43.54888476,39.53535635,37.55473488,52.65541959,54.57447164,48.81731550,13.52850000,15.00163164,12.05536836,37630594.62706000,40989760.63528000
2022-12-08,13.49000000,13.77000000,13.27000000,13.69000000,29973338.02570000,0.20000000,1.48257969,3.70644922,13.80200000,13.70200000,13.81666667,13.54950000,13.62000000,13.88166667,16.39171429,18.32650000,19.79400000,20.64860000,22.28033333,32.53320000,13.83739937,15.47340869,-1.63600932,-2.21189980,0.57589048,47.67070384,41.03724055,38.11325010,48.94542097,52.69812141,41.44002008,13.54950000,15.01908605,12.07991395,38323178.23604000,37682603.13989000
2022-12-09,13.69000000,14.02000000,13.51000000,13.59000000,35741987.30660000,-0.10000000,-0.73046019,3.72534697,13.77800000,13.72700000,13.75000000,13.58700000,13.60360000,13.86533333,15.81600000,17.84275000,19.41022222,20.36020000,21.97416667,32.35530000,13.79933793,15.33389693,-1.53455900,-2.07643164,0.54187264,45.66993002,40.48867681,37.93622168,43.64722980,49.68115754,31.57937431,13.58700000,15.01812911,12.15587089,40669260.32628000,37730117.73396000
2022-12-10,13.58000000,13.73000000,13.54000000,13.58000000,12943087.01240000,-0.01000000,-0.07358352,1.39911635,13.73000000,13.66900000,13.72000000,13.65250000,13.57400000,13.72933333,15.14971429,17.36825000,19.01666667,20.06980000,21.68716667,32.17485000,13.76559363,15.20397864,-1.43838501,-1.94882231,0.51043730,45.44106670,40.42971942,37.91784386,39.83261648,46.39831052,26.70122839,13.65250000,14.94281820,12.36218180,32230474.12571999,34097534.16063999
2022-12-11,13.58000000,13.80000000,13.39000000,13.42000000,16488172.73520000,-0.16000000,-1.17820324,3.01914580,13.55400000,13.66000000,13.67000000,13.73200000,13.54000000,13.62833333,14.60114286,16.89875000,18.63533333,19.77800000,21.39150000,32.00205000,13.71242538,15.07183207,-1.35940669,-1.83093919,0.47153250,41.45265963,39.42761336,37.61362333,32.76976692,41.85546265,14.59837544,13.73200000,14.70689757,12.75710243,26292630.57382000,32217981.24707000
2022-12-12,13.42000000,13.50000000,12.82000000,13.31000000,34795876.69350000,-0.11000000,-0.81967213,5.06706408,13.51800000,13.62000000,13.61600000,13.77550000,13.52640000,13.58600000,14.13514286,16.46150000,18.21844444,19.45860000,21.10516667,31.85140000,13.65051378,14.94132599,-1.29081221,-1.72291379,0.43210158,38.65370393,38.70803946,37.39836813,32.31659675,38.67584068,19.59810887,13.77550000,14.56829585,12.98270415,25988492.35468000,31809543.49087000
2022-12-13,13.31000000,14.15000000,12.76000000,13.89000000,53647953.59150000,0.58000000,4.35762585,10.44327573,13.55800000,13.68000000,13.65400000,13.75200000,13.55120000,13.60966667,13.83542857,16.03750000,17.79666667,19.17040000,20.83666667,31.71500000,13.68735782,14.86344999,-1.17609218,-1.61354947,0.43745729,57.01718564,44.53106395,39.30931764,44.79542664,40.71570267,52.95487458,13.75200000,14.49834830,13.00565170,30723415.46784000,34523296.85194000
2022-12-14,13.90000000,14.96000000,13.81000000,14.12000000,73011670.04539999,0.23000000,1.65586753,8.27338129,13.66400000,13.72100000,13.70600000,13.72850000,13.60240000,13.61366667,13.83657143,15.54700000,17.37844444,18.83560000,20.57883333,31.56435000,13.75391815,14.80837962,-1.05446147,-1.50173187,0.44727040,62.37647549,46.72079725,40.06635532,50.46967836,43.96702790,63.47497929,13.72850000,14.38833331,13.06866669,38177352.01560000,39423306.17094000
2022-12-15,14.12000000,14.52000000,13.86000000,14.04000000,38233174.53110000,-0.08000000,-0.56657224,4.67422096,13.75600000,13.74300000,13.69800000,13.72900000,13.67320000,13.60433333,13.73314286,14.97550000,16.96688889,18.49060000,20.31000000,31.40965000,13.79793074,14.75146262,-0.95353187,-1.39209187,0.43856000,59.29084826,46.03127998,39.88577970,53.04039164,46.99148248,65.13820995,13.72900000,14.38980971,13.06819029,43235369.51933999,37732921.82253000
2022-12-16,14.05000000,14.17000000,12.00000000,12.25000000,59074303.44600000,-1.79000000,-12.74928775,15.44483986,13.52200000,13.53800000,13.61400000,13.63300000,13.69000000,13.53700000,13.61314286,14.46625000,16.52355556,18.12400000,19.99400000,31.23480000,13.55978755,14.56616909,-1.00638154,-1.31494980,0.30856827,25.46627449,33.84066944,36.08832616,38.17557641,44.05284712,26.42103498,13.63300000,14.53712156,12.72887844,51752595.66150000,39022613.11766000
2022-12-17,12.25000000,12.60000000,11.92000000,12.51000000,30275875.47760000,0.26000000,2.12244898,5.55102041,13.36200000,13.44000000,13.53400000,13.55250000,13.69280000,13.49900000,13.55400000,14.03850000,16.11711111,17.73280000,19.70000000,31.06850000,13.39828178,14.41386027,-1.01557849,-1.25507554,0.23949705,32.20734507,36.50519256,36.99747721,31.91968252,40.00845892,15.74212971,13.55250000,14.55535645,12.54964355,50848595.41832000,38418543.88650000
2022-12-18,12.50000000,12.60000000,12.25000000,12.38000000,16889762.11240000,-0.13000000,-1.03916867,2.80000000,13.06000000,13.30900000,13.47333333,13.50550000,13.61360000,13.46933333,13.53114286,13.73850000,15.70666667,17.32300000,19.42533333,30.92985000,13.24162304,14.26320395,-1.02158091,-1.20837662,0.18679571,30.54954540,35.72049125,36.72491225,26.32364799,35.44685528,8.07723342,13.50550000,14.63442077,12.37657923,43496957.12250000,37110186.29517000
2022-12-19,12.38000000,12.59000000,11.66000000,11.94000000,29005256.23650000,-0.44000000,-3.55411955,7.51211632,12.62400000,13.14400000,13.35533333,13.43550000,13.50760000,13.43933333,13.47228571,13.68500000,15.22222222,16.90300000,19.15750000,30.78530000,13.04137334,14.09111477,-1.04974143,-1.17664958,0.12690815,25.26721999,33.09388275,35.79359851,20.37738149,30.42369735,0.28474977,13.43550000,14.76366415,12.10733585,34695674.36071999,36436513.18815999
2022-12-20,11.94000000,12.49000000,11.84000000,12.26000000,20852720.27130000,0.32000000,2.68006700,5.44388610,12.26800000,13.01200000,13.25133333,13.34050000,13.43680000,13.43900000,13.41342857,13.55000000,14.67466667,16.49700000,18.89350000,30.65520000,12.92116206,13.95547664,-1.03431458,-1.14818258,0.11386800,35.06598230,36.78199854,37.00591421,19.64552705,26.83097392,5.27463333,13.34050000,14.72123169,11.95976831,31219583.50876000,37227476.51405000
2022-12-21,12.26000000,12.29000000,11.90000000,12.14000000,18693850.63270000,-0.12000000,-0.97879282,3.18107667,12.24600000,12.88400000,13.10733333,13.27200000,13.35560000,13.44933333,13.35257143,13.44225000,14.21955556,16.09580000,18.62900000,30.52090000,12.80098328,13.82099689,-1.02001361,-1.12254878,0.10253518,33.11226600,35.97083382,36.73450395,17.94550288,23.86915024,6.09820817,13.27200000,14.74984480,11.79415520,23143492.94610000,37448044.30380000
2022-12-22,12.14000000,12.19000000,11.67000000,11.82000000,21542776.78380000,-0.32000000,-2.63591433,4.28336079,12.10800000,12.73500000,12.99600000,13.17750000,13.26360000,13.42866667,13.30028571,13.37325000,13.82400000,15.71620000,18.33800000,30.38740000,12.65006278,13.67277490,-1.02271212,-1.10258145,0.07986933,28.10198124,33.80224803,35.99980835,13.57983021,20.43937690,-0.13926317,13.17750000,14.77433733,11.58066267,21396873.20734000,36122734.31282999
2022-12-23,11.81000000,12.11000000,11.72000000,11.78000000,19580748.08320000,-0.04000000,-0.33840948,3.30228620,11.98800000,12.52400000,12.86866667,13.10200000,13.20200000,13.34266667,13.25771429,13.33825000,13.54400000,15.33480000,18.06266667,30.23435000,12.51620696,13.53256935,-1.01636238,-1.08533764,0.06897525,27.47831130,33.52662562,35.90613945,10.45182154,17.11019178,-2.86491894,13.10200000,14.81500413,11.38899587,21935070.40150000,32716013.76200000
2022-12-24,11.79000000,11.79000000,11.07000000,11.45000000,26033045.11440000,-0.33000000,-2.80135823,6.10687023,11.89000000,12.25700000,12.72600000,12.98900000,13.12640000,13.23800000,13.21800000,13.27450000,13.48555556,14.88900000,17.73916667,30.09505000,12.35217512,13.37830495,-1.02612983,-1.07349608,0.04736625,22.52853089,31.23446268,35.11949086,11.05390253,15.09142869,2.97885020,12.98900000,14.82675492,11.15124508,21340628.17708000,28018151.26890000
2022-12-25,11.45000000,11.56000000,11.24000000,11.38000000,10444203.17370000,-0.07000000,-0.61135371,2.79475983,11.71400000,11.99100000,12.57933333,12.86700000,13.01520000,13.14966667,13.19257143,13.20100000,13.34600000,14.37860000,17.40733333,29.95780000,12.20260972,13.23028236,-1.02767264,-1.06433139,0.03665875,21.54083385,30.74800480,34.95000759,14.12308099,14.76864613,12.83195072,12.86700000,14.79425712,10.93974288,19258924.75756000,25239254.13316000
2022-12-26,11.39000000,11.49000000,11.06000000,11.32000000,18177914.38440000,-0.06000000,-0.52724077,3.77524144,11.55000000,11.89800000,12.43933333,12.71800000,12.92760000,13.05466667,13.17800000,13.12725000,13.23200000,13.95260000,17.08633333,29.81460000,12.06682361,13.08877997,-1.02195636,-1.05585638,0.03390003,20.61137063,30.30664694,34.79979996,15.04309295,14.86012840,15.40902206,12.71800000,14.63955200,10.79644800,19155737.50790000,21149615.22700000
2022-12-27,11.33000000,11.44000000,10.71000000,11.09000000,33580524.44830000,-0.23000000,-2.03180212,6.44307149,11.40400000,11.75600000,12.29133333,12.59800000,12.82280000,12.95366667,13.13942857,13.06325000,13.15444444,13.58200000,16.73666667,29.68420000,11.91654305,12.94072219,-1.02417914,-1.04952093,0.02534180,17.19785555,28.59047633,34.21166244,16.76631729,15.49552470,19.30790247,12.59800000,14.61399499,10.58200501,21563287.04080000,21480080.12407000
2022-12-28,11.10000000,11.12000000,9.39000000,9.76000000,73951659.25390001,-1.33000000,-11.99278629,15.58558559,11.00000000,11.49400000,12.01600000,12.40150000,12.68160000,12.83500000,13.00800000,12.97550000,13.07844444,13.28960000,16.35150000,29.56335000,11.58476720,12.70511314,-1.12034594,-1.06368593,-0.05666001,8.00193685,21.06547994,31.04566662,15.15603948,15.38236296,14.70339253,12.40150000,14.71369445,10.08930555,32437469.27494000,27186269.83822000
2022-12-29,9.76000000,10.89000000,8.00000000,9.64000000,110705885.85642000,-0.12000000,-1.22950820,29.61065574,10.63800000,11.26400000,11.71733333,12.20400000,12.51880000,12.71166667,12.86657143,12.89550000,12.98155556,13.20080000,15.96316667,29.45850000,11.28557225,12.47806772,-1.19249548,-1.08944784,-0.10304763,7.56402696,20.53353487,30.77751359,22.84683906,17.87052166,32.79947387,12.20400000,14.75156354,9.65643646,49372037.42334400,35356332.80021200
2022-12-30,9.64000000,10.26000000,9.00000000,9.90000000,121032784.48649999,0.26000000,2.69709544,13.07053942,10.34200000,11.02800000,11.44133333,12.02000000,12.36200000,12.56966667,12.74857143,12.83625000,12.88333333,13.04560000,15.58550000,29.36500000,11.07240728,12.28709974,-1.21469246,-1.11449677,-0.10019569,19.07810152,25.00945769,32.10339679,30.34658006,22.02920779,46.98132459,12.02000000,14.67828595,9.36171405,71489753.68590400,45374339.22173201
2022-12-31,9.91000000,10.20000000,9.66000000,9.97000000,36021998.16050000,0.07000000,0.70707071,5.44904137,10.07200000,10.81100000,11.28933333,11.84750000,12.18880000,12.45166667,12.62857143,12.78975000,12.78777778,12.91600000,15.21500000,29.26690000,10.90280616,12.11546272,-1.21265656,-1.13412872,-0.07852784,22.20868350,26.22983107,32.46679563,36.20834453,26.75558671,55.11386019,11.84750000,14.57023759,9.12476241,75058570.44112399,47107153.97451200
2023-01-01,9.97000000,10.09000000,9.69000000,9.99000000,22677368.60600000,0.02000000,0.20060181,4.01203611,9.85200000,10.62800000,11.12133333,11.68150000,12.04880000,12.32766667,12.51057143,12.72850000,12.70644444,12.82420000,14.86816667,29.14305000,10.76237445,11.95802104,-1.19564659,-1.14643230,-0.04921430,23.22699525,26.60212865,32.57438658,41.64109512,31.71742285,61.48843968,11.68150000,14.43347365,8.92952635,72877939.27266400,47220613.15673200
2023-01-02,9.99000000,12.00000000,9.81000000,11.28000000,84247394.80210000,1.29000000,12.91291291,21.92192192,10.15600000,10.57800000,11.04800000,11.55100000,11.95240000,12.26066667,12.45228571,12.65150000,12.66222222,12.78620000,14.54200000,29.04885000,10.84200915,11.90779726,-1.06578811,-1.13030346,0.06451535,61.86498477,45.83605664,39.10403812,55.09406342,39.50963637,86.26291751,11.55100000,14.10222592,8.99977408,74937086.38230400,53687277.82862200
2023-01-03,11.28000000,13.91000000,11.00000000,13.37000000,187865593.43300000,2.09000000,18.52836879,25.79787234,10.90200000,10.77000000,11.14333333,11.51350000,11.94360000,12.24933333,12.45314286,12.62100000,12.67400000,12.77360000,14.20250000,28.96215000,11.23093082,12.01610857,-0.78517776,-1.06127832,0.27610056,80.72491552,62.98149338,47.67135059,67.01702366,48.67876547,103.69354006,11.51350000,13.92389219,9.10310781,90369027.89761999,69870532.66048200
2023-01-04,13.37000000,14.24000000,12.83000000,13.43000000,171471280.10820001,0.06000000,0.44876589,10.54599850,11.60800000,10.97500000,11.22133333,11.48300000,11.93760000,12.23633333,12.43228571,12.60600000,12.69977778,12.75580000,13.81133333,28.86920000,11.56924915,12.12084127,-0.55159212,-0.95934108,0.40774896,81.04781085,63.34487794,47.89096332,73.68442603,57.01398566,107.02530679,11.48300000,13.77112127,9.19487873,100456727.02195999,85973240.35393199
2023-01-05,13.43000000,13.89000000,12.95000000,13.43000000,77737743.10280000,0.00000000,0.00000000,6.99925540,12.30000000,11.18600000,11.30733333,11.54200000,11.93800000,12.20733333,12.43000000,12.58750000,12.73533333,12.73900000,13.49150000,28.76540000,11.85551851,12.21781599,-0.36229748,-0.83993236,0.47763488,81.04781085,63.34487794,47.89096332,78.12936095,64.05244409,106.28319466,11.54200000,13.96997381,9.11402619,108799876.01041999,91929223.22577199
2023-01-06,13.43000000,13.60000000,12.69000000,13.50000000,71212454.90790001,0.07000000,0.52122115,6.77587491,13.00200000,11.42700000,11.41933333,11.59150000,11.94560000,12.20766667,12.42400000,12.57200000,12.75888889,12.73600000,13.22283333,28.65670000,12.10851567,12.31279259,-0.20427692,-0.71280127,0.50852435,81.56658759,63.83774186,48.16729804,81.46658251,69.85715689,104.68543374,11.59150000,14.13994659,9.04305341,118506893.27079999,95692416.27173200
2023-01-07,13.51000000,13.51000000,13.01000000,13.10000000,25243947.50920000,-0.40000000,-2.96296296,3.70096225,13.36600000,11.76100000,11.50733333,11.62750000,11.91400000,12.18800000,12.41857143,12.56650000,12.73088889,12.73260000,13.03483333,28.54010000,12.26105172,12.37110425,-0.11005253,-0.59225152,0.48219899,68.67608531,58.90073651,46.69091138,80.39247994,73.36893124,94.43957734,11.62750000,14.24232313,9.01267687,106706203.81222001,90821645.09726200
2023-01-08,13.10000000,14.89000000,12.85000000,14.45000000,86019750.94830000,1.35000000,10.30534351,15.57251908,13.58200000,12.24200000,11.70733333,11.75300000,11.92720000,12.21666667,12.43971429,12.59425000,12.72777778,12.76480000,13.04100000,28.44175000,12.59781299,12.52509652,0.07271647,-0.45925793,0.53197439,80.90061145,68.00966362,51.88474251,84.12398599,76.95394949,98.46405899,11.75300000,14.65603000,8.84997000,86337035.31528001,88353031.60644999
2023-01-09,14.46000000,17.50000000,14.28000000,16.25000000,316363880.19859999,1.80000000,12.45674740,22.26832642,14.14600000,12.87700000,12.03200000,11.95250000,12.01560000,12.30566667,12.50914286,12.64650000,12.77711111,12.84440000,13.01750000,28.33225000,13.15968792,12.80101530,0.35867262,-0.29567182,0.65434443,88.24232499,75.80841138,57.62834224,84.08095011,79.32961637,93.58361761,11.95250000,15.48284887,8.42215113,115315555.33336000,107886141.17765999
2023-01-10,16.25000000,16.73000000,15.57000000,16.20000000,137351433.71810001,-0.05000000,-0.30769231,7.13846154,14.70000000,13.50000000,12.35733333,12.15550000,12.17360000,12.39833333,12.56342857,12.71375000,12.82222222,12.93180000,13.01333333,28.20370000,13.62742824,13.05279194,0.57463629,-0.12161020,0.69624649,87.12596486,75.25249047,57.42963289,83.75227624,80.80383632,89.64915606,12.15550000,16.16556352,8.14543648,127238293.45641999,118019084.73342001
2023-01-11,16.20000000,16.67000000,15.28000000,16.36000000,106146574.41960000,0.16000000,0.98765432,8.58024691,15.27200000,14.13700000,12.70866667,12.38250000,12.32760000,12.50000000,12.64542857,12.78000000,12.87200000,13.01020000,13.04300000,28.07440000,14.04782389,13.29777032,0.75005357,0.05272256,0.69733101,87.72241160,75.87020495,57.91419692,83.32203031,81.64323432,86.67962230,12.38250000,16.80534917,7.95965083,134225117.35876000,126366005.31478003
2023-01-12,16.37000000,17.00000000,15.54000000,16.59000000,156910911.01030001,0.23000000,1.40586797,8.91875382,15.97000000,14.66800000,13.16400000,12.62300000,12.49600000,12.59000000,12.72828571,12.86250000,12.94466667,13.05480000,13.09983333,27.96040000,14.43892791,13.54163918,0.89728872,0.22163579,0.67565293,88.63100225,76.77913626,58.62070659,82.57504723,81.95383862,83.81746445,12.62300000,17.41555607,7.83044393,160558510.05897999,133632356.93560000
2023-01-13,16.59000000,18.65000000,16.29000000,18.29000000,188439640.54550001,1.70000000,10.24713683,14.22543701,16.73800000,15.16000000,13.74066667,12.96500000,12.75000000,12.72900000,12.86257143,12.97700000,13.05466667,13.12880000,13.17133333,27.85925000,15.03140054,13.89336962,1.13803092,0.40491482,0.73311611,93.13625187,82.18889543,63.36414543,86.36994200,83.42587308,92.25807984,12.96500000,18.34528565,7.58471435,181042487.97841999,133689761.64685002
2023-01-14,18.29000000,24.75000000,18.20000000,24.24000000,582130895.50720000,5.95000000,32.53143794,35.81191908,18.33600000,16.24100000,14.69666667,13.60800000,13.22920000,13.06900000,13.16714286,13.23750000,13.27866667,13.33300000,13.33666667,27.80370000,16.44810815,14.65978668,1.78832147,0.68159615,1.10672532,97.42386128,90.57374578,74.17573683,89.50367610,85.45180742,97.60741344,13.60800000,20.91833760,6.29766240,234195891.04013997,174755723.18674999
2023-01-15,24.23000000,25.00000000,21.98000000,22.89000000,260922697.17609999,-1.35000000,-5.56930693,12.46388774,19.67400000,17.18700000,15.55800000,14.18650000,13.65920000,13.42366667,13.43771429,13.45225000,13.48711111,13.50740000,13.48033333,27.74790000,17.43916843,15.26943211,2.16973632,0.97922418,1.19051214,83.26260117,81.12128961,69.33161744,87.21369902,86.03910462,89.56288781,14.18650000,22.49720654,5.87579346,258910143.73173994,193074218.59408003
2023-01-16,22.90000000,25.00000000,22.30000000,23.58000000,236275598.16710001,0.69000000,3.01441678,11.79039301,21.11800000,18.19500000,16.46400000,14.81100000,14.12960000,13.79266667,13.73114286,13.70450000,13.70644444,13.69660000,13.64583333,27.69700000,18.38391175,15.88502973,2.49888202,1.28315575,1.21572627,84.63263861,82.15942744,70.36384065,87.58005174,86.55275366,89.63464791,14.81100000,23.97525298,5.64674702,284935948.48123997,209580532.92000002
2023-01-17,23.58000000,23.95000000,22.70000000,22.86000000,141744206.66620001,-0.72000000,-3.05343511,5.30110263,22.37200000,19.17100000,17.23600000,15.46600000,14.57280000,14.14200000,13.98742857,13.93375000,13.91911111,13.88740000,13.80566667,27.64710000,19.07254071,16.40169420,2.67084651,1.56069390,1.11015261,76.76454035,77.31944920,67.87631364,85.06580564,86.05710432,83.08320828,15.46600000,24.97627234,5.95572766,281902607.61241996,221230558.83569998
2023-01-18,22.86000000,23.65000000,20.34000000,20.79000000,249548184.95899999,-2.07000000,-9.05511811,14.47944007,22.87200000,19.80500000,17.73066667,16.02350000,14.94640000,14.43700000,14.17800000,14.11375000,14.07644444,14.03640000,13.93816667,27.58425000,19.33676522,16.72675389,2.61001133,1.77055739,0.83945394,58.12244047,65.26159336,61.36782359,75.60628469,82.57349778,61.67185852,16.02350000,25.40210561,6.64489439,294124316.49511993,237583402.23677000
2023-01-19,20.78000000,21.88000000,20.41000000,21.40000000,129469309.52970000,0.61000000,2.93410293,7.07410972,22.30400000,20.32000000,18.26200000,16.59850000,15.34720000,14.74166667,14.38828571,14.30925000,14.24488889,14.18120000,14.09033333,27.52430000,19.65418595,17.07292027,2.58126569,1.93269905,0.64856664,61.43432966,66.92001404,62.47427905,71.39184412,78.84627989,56.48297257,16.59850000,25.80488971,7.39211029,203591999.29961997,218893945.16988000
2023-01-20,21.40000000,25.82000000,20.93000000,25.51000000,224450465.31099999,4.11000000,19.20560748,22.85046729,22.82800000,21.25100000,19.06733333,17.37550000,15.91480000,15.18733333,14.76714286,14.61150000,14.49400000,14.42120000,14.31833333,27.46830000,20.55508042,17.69788913,2.85719129,2.11759750,0.73959379,76.47605851,75.51266072,68.76405052,79.92270801,79.20508926,81.35794550,17.37550000,26.84569585,7.90530415,196297552.92659998,227603848.32916999
2023-01-21,25.51000000,26.60000000,24.24000000,24.57000000,323053489.44840002,-0.94000000,-3.68482948,9.25127401,23.02600000,22.07200000,19.80533333,18.10450000,16.45400000,15.61233333,15.11171429,14.89300000,14.74022222,14.63840000,14.52050000,27.41415000,21.17276036,18.20693438,2.96582597,2.28724319,0.67858278,69.08128993,70.91661611,66.11918994,80.05193143,79.48736999,81.18105432,18.10450000,27.42440846,8.78459154,213653131.18285999,249294539.83205000
2023-01-22,24.56000000,25.45000000,23.50000000,24.21000000,161129672.50729999,-0.36000000,-1.46520147,7.93973941,23.29600000,22.83400000,20.54600000,18.75100000,17.03200000,16.02666667,15.44971429,15.15100000,14.97400000,14.85680000,14.68466667,27.35000000,21.64002799,18.65160591,2.98842208,2.42747897,0.56094311,66.14206558,69.15800376,65.11826343,77.21716064,78.73063354,74.19021484,18.75100000,27.86931448,9.63268552,217530224.35108000,249716415.98174995
2023-01-23,24.21000000,24.93000000,23.70000000,24.33000000,148819700.01859999,0.12000000,0.49566295,5.08054523,24.00400000,23.43800000,21.20466667,19.29900000,17.61960000,16.45600000,15.80371429,15.40625000,15.21266667,15.06920000,14.84700000,27.27935000,22.05386984,19.07222770,2.98164215,2.53831161,0.44333054,66.70864880,69.43363801,65.30096999,72.72411348,76.72846018,64.71542007,19.29900000,28.37292308,10.22507692,197384527.36299998,245754421.92905998
2023-01-24,24.32000000,25.24000000,22.25000000,22.78000000,147893897.20010000,-1.55000000,-6.37073572,12.29440789,24.28000000,23.29200000,21.64000000,19.76650000,18.13480000,16.83600000,16.10428571,15.62475000,15.41711111,15.24840000,14.99283333,27.20265000,22.16558217,19.34687750,2.81870468,2.59439022,0.22431446,52.96947495,61.66780263,60.99487819,61.47528758,71.64406932,41.13772411,19.76650000,28.52522443,11.00777557,201069444.89707997,202330722.09834999
2023-01-25,22.77000000,25.43000000,22.24000000,24.52000000,197305373.37860000,1.74000000,7.63827919,14.00966184,24.08200000,23.45500000,22.19466667,20.32100000,18.71680000,17.27600000,16.45800000,15.93150000,15.66377778,15.45280000,15.16533333,27.13495000,22.52780030,19.73007176,2.79772855,2.63505789,0.16267066,63.18392073,66.28564614,63.79174750,63.24124603,68.84312822,52.03748166,20.32100000,28.79004680,11.85195320,195640426.51059997,195968989.71859998
2023-01-26,24.53000000,25.23000000,23.73000000,24.33000000,133760026.41290000,-0.19000000,-0.77487765,6.11496127,24.03400000,23.53000000,22.72600000,20.86250000,19.29040000,17.71733333,16.81542857,16.22700000,15.90866667,15.66960000,15.33550000,27.07305000,22.80506179,20.07080718,2.73425461,2.65489723,0.07935738,61.43552337,65.34786858,63.27477327,63.40683708,67.03103117,56.15844889,20.86250000,28.86742184,12.85757816,157781733.90349999,185717432.54317999
2023-01-27,24.33000000,24.96000000,23.27000000,24.43000000,113487754.42389999,0.10000000,0.41101521,6.94615701,24.07800000,23.68700000,23.24866667,21.42900000,19.81640000,18.20633333,17.17685714,16.52825000,16.14288889,15.88440000,15.52066667,27.02810000,23.05505229,20.39371035,2.66134193,2.65618617,0.00515576,62.09792922,65.62707907,63.43750417,63.91904378,65.99370204,59.76972726,21.42900000,28.68994644,14.16805356,148253350.28681999,182891787.31895000
2023-01-28,24.43000000,25.24000000,23.70000000,24.00000000,82088985.92070000,-0.43000000,-1.76013099,6.30372493,24.01200000,24.00800000,23.62933333,21.90650000,20.24160000,18.68500000,17.53542857,16.82975000,16.36244444,16.09260000,15.69833333,26.98470000,23.20042886,20.66084292,2.53958594,2.63286612,-0.09328019,57.04221203,63.23690564,62.20083476,60.66090279,64.21610229,53.55050379,21.90650000,28.45622647,15.35677353,134907207.46723998,166145867.41512001
2023-01-29,24.00000000,26.80000000,23.73000000,26.07000000,198403773.48590001,2.07000000,8.62500000,12.79166667,24.67000000,24.47500000,23.75133333,22.39750000,20.74720000,19.22400000,17.95514286,17.17500000,16.62977778,16.34240000,15.89683333,26.94035000,23.64190134,21.06152122,2.58038012,2.62236892,-0.04198880,70.78327484,69.13946361,65.57217379,68.43767788,65.62329416,74.06644534,22.39750000,28.62624449,16.16875551,145009182.72439998,173039313.81073999
2023-01-30,26.07000000,26.31000000,23.11000000,23.96000000,184489313.70330000,-2.11000000,-8.09359417,12.27464519,24.55800000,24.32000000,23.82266667,22.78550000,21.16840000,19.69033333,18.31628571,17.47050000,16.89000000,16.55320000,16.07100000,26.87440000,23.69083960,21.27622335,2.41461624,2.58081839,-0.16620214,50.87689228,58.66548796,59.89053132,58.19821801,63.14826877,48.29811647,22.78550000,28.31643682,17.25456318,142445970.78933996,169043198.64997000
2023-01-31,23.97000000,24.47000000,23.49000000,23.92000000,97470696.94350000,-0.04000000,-0.16694491,4.08844389,24.47600000,24.25500000,23.84533333,23.16350000,21.58520000,20.15466667,18.68285714,17.77300000,17.14355556,16.76540000,16.24116667,26.80720000,23.72609504,21.47205866,2.25403638,2.51546199,-0.26142560,50.55346888,58.48226671,59.78805355,51.07951376,59.12535043,34.98784040,23.16350000,27.80770080,18.51929920,135188104.89545998,146484919.39948002
2023-02-01,23.93000000,25.22000000,22.48000000,25.00000000,173855967.48620000,1.08000000,4.51505017,11.45006268,24.59000000,24.33400000,23.98800000,23.58400000,22.06120000,20.61200000,19.11828571,18.10350000,17.42400000,16.98760000,16.43633333,26.73430000,23.92208042,21.73338765,2.18869277,2.45010814,-0.26141537,58.99840912,61.97978544,61.63743427,54.22844777,57.49304955,47.69924421,23.58400000,27.11062893,20.05737107,147261747.50791997,147757548.89737001
2023-02-02,25.00000000,26.15000000,24.05000000,24.32000000,182296022.60839999,-0.68000000,-2.72000000,8.40000000,24.65400000,24.33300000,24.22333333,23.88550000,22.45600000,20.97700000,19.53771429,18.42525000,17.69911111,17.19160000,16.61316667,26.66280000,23.98329882,21.92498856,2.05831025,2.37174857,-0.31343831,52.25533696,58.58962058,59.82961100,51.35697687,55.44769199,43.17554665,23.88550000,26.38911822,21.38188178,167303154.84546000,151105181.15634999
2023-02-03,24.32000000,25.07000000,24.01000000,24.69000000,116686417.10349999,0.37000000,1.52138158,4.35855263,24.37800000,24.52400000,24.44266667,23.90800000,22.79360000,21.35233333,19.96028571,18.75800000,17.97533333,17.40460000,16.79433333,26.56865000,24.09202208,22.12980423,1.96221785,2.28984242,-0.32762457,55.57091272,59.89184201,60.48760360,51.29045372,54.06194590,45.74746936,23.90800000,26.43302923,21.38297077,150959683.56897998,147984433.14668998
2023-02-04,24.69000000,24.95000000,24.17000000,24.34000000,50018630.84640000,-0.35000000,-1.41757797,3.15917375,24.45400000,24.50600000,24.36466667,23.98050000,23.11920000,21.71600000,20.37085714,19.08350000,18.24644444,17.64640000,16.96166667,26.46600000,24.13017253,22.29352243,1.83665010,2.19920396,-0.36255386,51.51043695,58.00936945,59.52518185,48.54548766,52.22312649,41.19021002,23.98050000,26.46540580,21.49559420,124065546.99759999,133255758.89347000
2023-02-05,24.34000000,24.46000000,23.02000000,23.47000000,114325096.52030000,-0.87000000,-3.57436319,5.91618735,24.36400000,24.42000000,24.29133333,23.97500000,23.40360000,22.04833333,20.75600000,19.39300000,18.50533333,17.86560000,17.12800000,26.37315000,24.02860752,22.38066892,1.64793860,2.08895089,-0.44101228,42.29264862,53.45344558,57.16594758,40.00254733,48.14960010,23.70844179,23.97500000,26.46412160,21.48587840,127436426.91295998,131312265.90421002
2023-02-06,23.46000000,23.72000000,22.45000000,22.66000000,83162189.89510000,-0.81000000,-3.45121432,5.41346974,23.89600000,24.24300000,24.18800000,23.96500000,23.64640000,22.36700000,21.08114286,19.71550000,18.74711111,18.07120000,17.27750000,26.27090000,23.81805252,22.40136011,1.41669241,1.95449919,-0.53780678,35.24592252,49.50453224,55.04637528,28.27756029,41.52558683,1.78150721,23.96500000,26.47450614,21.45549386,109297671.39473996,128279709.45132999
2023-02-07,22.65000000,23.96000000,22.54000000,23.82000000,113919835.63980000,1.16000000,5.11915269,6.26931567,23.79600000,24.22500000,24.15400000,24.11650000,23.86760000,22.67933333,21.37971429,20.07000000,19.02200000,18.30880000,17.44800000,26.18730000,23.81835213,22.50644455,1.31190759,1.82598087,-0.51407328,49.66007954,54.72944720,57.40637426,30.68244952,37.91120773,16.22493310,24.11650000,26.13718540,22.09581460,95622434.00101998,131462794.42323999
2023-02-08,23.82000000,24.24000000,22.80000000,23.22000000,93320916.90790001,-0.60000000,-2.51889169,6.04534005,23.50200000,23.94000000,24.18333333,24.20750000,23.82680000,22.91166667,21.65942857,20.40300000,19.28511111,18.52800000,17.60866667,26.10355000,23.72629796,22.55930050,1.16699745,1.69418419,-0.52718673,43.63172216,51.71029069,55.82458271,27.39190328,34.40477291,13.36616402,24.20750000,25.83966195,22.57533805,90949333.96189997,120954508.76544002
2023-02-09,23.21000000,23.35000000,20.00000000,20.48000000,140853126.40380001,-2.74000000,-11.80017227,14.43343386,22.73000000,23.59200000,23.91400000,23.95600000,23.73040000,23.05433333,21.86085714,20.66575000,19.48866667,18.69480000,17.72633333,26.00130000,23.22686750,22.40527825,0.82158926,1.51966520,-0.69807594,26.20161158,40.56273461,49.34542243,20.86289487,29.89081357,2.80705748,23.95600000,26.18435696,21.72764304,109116233.07337999,116590890.03548999
2023-02-10,20.48000000,21.20000000,19.68000000,20.11000000,114043614.24830000,-0.37000000,-1.80664062,7.42187500,22.05800000,23.21100000,23.63266667,23.73300000,23.59160000,23.17933333,22.04971429,20.91875000,19.68911111,18.86060000,17.83966667,25.91860000,22.74734943,22.23525763,0.51209179,1.31815052,-0.80605873,24.60860631,39.31422433,48.55140577,16.12394949,25.30185887,-2.23186927,23.73300000,26.52421253,20.94178747,109059936.61897998,118248181.76596999
2023-02-11,20.10000000,20.92000000,20.10000000,20.81000000,37966292.15760000,0.70000000,3.48085530,4.07960199,21.68800000,22.79200000,23.39133333,23.56300000,23.50960000,23.32000000,22.27000000,21.15700000,19.93466667,19.04120000,17.95500000,25.84140000,22.44929567,22.12968299,0.31961267,1.11844295,-0.79883028,33.75259429,42.93906291,50.13540427,17.73754951,22.78042242,7.65180368,23.56300000,26.63220254,20.49379746,100020757.07147998,104659214.23311000
2023-02-12,20.81000000,22.59000000,20.62000000,21.49000000,99659665.34999999,0.68000000,3.26765978,9.46660259,21.22200000,22.50900000,23.22400000,23.42100000,23.53760000,23.42666667,22.47114286,21.36000000,20.19800000,19.24200000,18.07783333,25.74770000,22.30171172,22.08229907,0.21941265,0.93863689,-0.71922424,41.95879961,46.33597597,51.64451557,23.27348335,22.94477606,23.93089793,23.42100000,26.60155871,20.24044129,97168723.01351997,96395578.50727001
2023-02-13,21.49000000,21.61000000,19.73000000,20.77000000,137841810.97369999,-0.72000000,-3.35039553,8.74825500,20.73200000,22.11700000,22.87066667,23.32050000,23.51240000,23.31100000,22.60028571,21.54350000,20.43955556,19.42980000,18.19000000,25.63700000,22.06606376,21.98509173,0.08097203,0.76710392,-0.68613189,36.25293451,43.35475342,49.97351777,23.11677133,23.00210782,23.34609835,23.32050000,26.70671649,19.93428351,106072901.82667997,98511117.89429000
2023-02-14,20.77000000,22.37000000,20.66000000,21.84000000,164389151.80820000,1.07000000,5.15166105,8.23302841,21.00400000,21.86700000,22.72933333,23.18650000,23.36560000,23.27600000,22.76142857,21.75375000,20.70333333,19.64020000,18.34983333,25.53665000,22.03128472,21.97434420,0.05694053,0.62507124,-0.56813071,48.69495806,48.70519145,52.36366524,31.20065457,25.73495674,42.13205024,23.18650000,26.58494097,19.78805903,110780106.90755996,109948169.99047001
2023-02-15,21.84000000,23.99000000,21.45000000,23.86000000,126682730.28300001,2.02000000,9.24908425,11.63003663,21.75400000,21.90600000,22.72533333,23.16300000,23.33720000,23.28533333,22.97571429,22.01275000,21.01155556,19.89560000,18.53900000,25.43675000,22.31262553,22.11402240,0.19860313,0.53977762,-0.34117449,64.42486658,57.05851138,56.46145472,51.35599194,34.27530180,85.51737220,23.16300000,26.53454096,19.79145904,113307930.11449997,111183933.36674002
2023-02-16,23.86000000,24.20000000,22.20000000,22.24000000,160295399.28410000,-1.62000000,-6.78960604,8.38222967,22.04000000,21.86400000,22.54133333,23.05350000,23.25840000,23.26466667,23.13714286,22.24125000,21.25511111,20.14520000,18.70333333,25.33620000,22.30145237,22.12335408,0.17809830,0.46744175,-0.28934346,49.74660851,49.94290798,52.66987132,52.95077825,40.50046062,77.85141351,23.05350000,26.39388936,19.71311064,137773751.53979999,118897254.30563998
2023-02-17,22.24000000,23.54000000,21.99000000,23.14000000,103726111.00980000,0.90000000,4.04676259,6.96942446,22.37000000,21.79600000,22.46266667,23.01050000,23.21080000,23.34300000,23.27571429,22.45850000,21.47222222,20.41520000,18.89000000,25.24365000,22.43045970,22.19866118,0.23179852,0.42031311,-0.18851459,56.37310586,53.46037649,54.44337067,60.81674302,47.27255475,87.90511956,23.01050000,26.32160079,19.69939921,138587040.67175996,117877881.84264001
2023-02-18,23.14000000,23.94000000,22.92000000,23.45000000,61949018.69790000,0.31000000,1.33967156,4.40795160,22.90600000,21.81900000,22.38000000,22.87950000,23.23760000,23.41133333,23.25314286,22.63850000,21.69488889,20.68620000,19.07650000,25.16195000,22.58731206,22.29135295,0.29595911,0.39544231,-0.09948320,58.62799724,54.65760434,55.04876393,68.34685523,54.29732158,96.44592253,22.87950000,25.87301914,19.88598086,123408482.21659999,114740692.02163999
2023-02-19,23.46000000,25.64000000,23.20000000,24.84000000,203680508.21799999,1.39000000,5.92750533,10.40068201,23.50600000,22.25500000,22.41333333,22.92350000,23.25040000,23.38900000,23.30885714,22.85450000,21.94844444,20.98360000,19.28816667,25.09345000,22.93387943,22.48014162,0.45373781,0.40710141,0.04663641,67.63014987,59.72548034,57.68004763,74.38577715,60.99347343,101.17038457,22.92350000,26.00836475,19.83863525,131266753.49856000,121023430.20306000
2023-02-20,24.83000000,27.12000000,24.11000000,26.26000000,267714765.35830000,1.42000000,5.71658615,12.12243254,23.98600000,22.87000000,22.59933333,23.04050000,23.32760000,23.44533333,23.38542857,23.10200000,22.23200000,21.30900000,19.52883333,25.03060000,23.44559029,22.76013113,0.68545916,0.46277296,0.22268620,74.44641475,64.18646577,60.16569885,79.04473551,67.01056079,103.11308494,23.04050000,26.44539725,19.63560275,159473160.51361996,136390545.31406000
2023-02-21,26.26000000,26.61000000,24.50000000,24.98000000,170844057.66069999,-1.28000000,-4.87433359,8.03503427,24.53400000,23.28700000,22.75400000,23.03950000,23.34960000,23.47100000,23.44600000,23.31175000,22.49600000,21.58300000,19.74883333,24.95275000,23.68165332,22.92456586,0.75708746,0.52163586,0.23545160,60.63515913,57.88192330,57.01580918,76.37713987,70.13275382,88.86591196,23.03950000,26.44198501,19.63701499,161582892.18893999,149678321.86437002
2023-02-22,24.98000000,25.24000000,23.21000000,24.16000000,171234545.19790000,-0.82000000,-3.28262610,8.12650120,24.73800000,23.55400000,22.77666667,23.03150000,23.35600000,23.46533333,23.54228571,23.45850000,22.71177778,21.79880000,19.96066667,24.87320000,23.75524512,23.01607950,0.73916562,0.56514181,0.17402381,53.06686600,54.16389699,55.08788580,68.97794876,69.74781880,67.43820870,23.03150000,26.42203962,19.64096038,175084579.02655998,156835809.84916002
2023-02-23,24.16000000,24.69000000,23.60000000,23.91000000,105959747.49240001,-0.25000000,-1.03476821,4.51158940,24.83000000,23.86800000,22.82266667,22.99250000,23.26960000,23.50300000,23.61400000,23.45025000,22.88200000,22.00840000,20.16950000,24.78975000,23.77905356,23.08229583,0.69675773,0.59146500,0.10529273,50.74940834,53.03093969,54.50159476,60.44738031,66.64767263,48.04679565,22.99250000,26.32007459,19.66492541,183886724.78546000,153647603.50103003
2023-02-24,23.91000000,24.13000000,22.46000000,23.07000000,113551145.86399999,-0.84000000,-3.51317440,6.98452530,24.47600000,23.99100000,22.99533333,22.92900000,23.23400000,23.45466667,23.54428571,23.45475000,23.03466667,22.20120000,20.36533333,24.69420000,23.66996840,23.08138503,0.58858337,0.59088867,-0.00230530,43.15134025,49.25454166,52.54104211,47.31579740,60.20371422,21.53996375,22.92900000,26.19622738,19.66177262,165860852.31465998,148563802.90660998
2023-02-25,23.07000000,23.33000000,21.41000000,22.37000000,101747626.23340000,-0.70000000,-3.03424361,8.32249675,23.69800000,23.84200000,23.14600000,22.87400000,23.17200000,23.38933333,23.48142857,23.42450000,23.16822222,22.37860000,20.55333333,24.60440000,23.46997326,23.02868984,0.44128342,0.56096762,-0.11968420,37.53212857,46.25979909,50.94739043,37.14806808,52.51849884,6.40720657,22.87400000,26.13991585,19.60808415,132667424.48967998,146070292.50165001
2023-02-26,22.37000000,23.53000000,22.21000000,23.25000000,64558477.89480000,0.88000000,3.93383996,5.90075995,23.35200000,23.94300000,23.30866667,22.90350000,23.10200000,23.35000000,23.45400000,23.43425000,23.31622222,22.58160000,20.77816667,24.50830000,23.43613122,23.04508319,0.39104803,0.52698370,-0.13593567,47.78888317,50.39601301,52.82445697,35.50676810,46.84792193,12.82446044,22.90350000,26.17193452,19.63506548,111410308.53649998,136496600.36271998
2023-02-27,23.25000000,23.41000000,22.32000000,22.68000000,83962050.31119999,-0.57000000,-2.45161290,4.68817204,23.05600000,23.89700000,23.38800000,22.84650000,23.03640000,23.30600000,23.40685714,23.48150000,23.41377778,22.74620000,20.99550000,24.40785000,23.31980334,23.01803999,0.30176335,0.48193963,-0.18017628,42.38022047,47.79656500,51.49265867,31.08507249,41.59363878,10.06793990,22.84650000,26.08728142,19.60571858,93955809.55915996,134520194.29285997
2023-02-28,22.68000000,22.75000000,21.75000000,21.89000000,51071590.71250000,-0.79000000,-3.48324515,4.40917108,22.65200000,23.74100000,23.46266667,22.78000000,22.92440000,23.16666667,23.38142857,23.49375000,23.36155556,22.85900000,21.19533333,24.28990000,23.09983360,22.93448147,0.16535212,0.41862213,-0.25327001,35.66658148,44.33869500,49.68118912,23.52548323,35.57092026,-0.56539083,22.78000000,26.04301765,19.51698235,82978178.20317999,133432451.49432001
2023-03-01,21.88000000,22.91000000,21.65000000,22.51000000,54847196.63860000,0.62000000,2.83234354,5.75868373,22.54000000,23.50800000,23.50733333,22.88150000,22.85120000,23.11833333,23.32400000,23.41875000,23.35311111,22.98520000,21.40433333,24.16945000,23.00908997,22.90303840,0.10605157,0.35610802,-0.25005645,44.01848158,47.58522106,51.09024814,22.73493754,31.29225936,5.62029391,22.88150000,25.96461036,19.79838964,71237388.35809997,118549120.33638000
2023-03-02,22.50000000,22.65000000,21.67000000,22.00000000,49073754.34410000,-0.51000000,-2.26565971,4.35555556,22.46600000,23.08200000,23.38333333,22.97600000,22.79240000,23.05433333,23.25742857,23.35450000,23.31800000,23.09800000,21.60450000,24.05510000,22.85384536,22.83614667,0.01769869,0.28842615,-0.27072746,39.01839224,45.21849155,49.89107048,20.29152494,27.62534788,5.62387905,22.97600000,25.80698198,20.14501802,60702613.98023997,96685019.23495999
2023-03-03,22.00000000,22.02000000,20.34000000,21.42000000,76486305.93610001,-0.58000000,-2.63636364,7.63636364,22.10000000,22.72600000,23.32866667,23.00650000,22.74280000,22.93500000,23.17142857,23.28475000,23.28600000,23.19460000,21.77350000,23.94360000,22.63325376,22.73124691,-0.09799315,0.21114229,-0.30913544,33.78163506,42.59043338,48.53906591,21.80354536,25.68474704,14.04114200,23.00650000,25.75105077,20.26194923,63088179.58849998,87249244.06250000
2023-03-04,21.42000000,21.62000000,20.20000000,20.98000000,36745274.15780000,-0.44000000,-2.05415500,6.62931839,21.76000000,22.40800000,23.18466667,22.98100000,22.62920000,22.82366667,23.08514286,23.20100000,23.29022222,23.24840000,21.90033333,23.83310000,22.37890703,22.60152492,-0.22261789,0.12439026,-0.34700814,30.10358818,40.63590457,47.51968390,21.15147299,24.17365569,15.10710758,22.98100000,25.79351264,20.16848736,53644824.35781997,73800316.95848998
2023-03-05,20.98000000,21.72000000,20.84000000,20.97000000,36815880.48250000,-0.01000000,-0.04766444,4.19447092,21.57600000,22.11400000,23.01933333,22.99100000,22.53920000,22.69966667,22.93942857,23.15575000,23.28066667,23.18300000,22.02600000,23.73525000,22.16215210,22.48067122,-0.31851912,0.03580838,-0.35432750,30.01446396,40.58972159,47.49602832,21.80868970,23.38533369,18.65540171,22.99100000,25.77165422,20.21034578,50793682.31181998,66885930.25750001
2023-03-06,20.98000000,21.19000000,20.47000000,20.63000000,46081041.91690000,-0.34000000,-1.62136385,3.43183985,21.20000000,21.87000000,22.73866667,22.93050000,22.54520000,22.57600000,22.84428571,23.05850000,23.17222222,23.13780000,22.14600000,23.64080000,21.92643639,22.34358446,-0.41714807,-0.05478291,-0.36236516,26.77969491,38.94790869,46.67174522,18.84343077,21.87136605,12.78756021,22.93050000,25.86499520,19.99600480,49040451.36747998,60138919.86279000
2023-03-07,20.62000000,20.95000000,19.71000000,20.25000000,63162152.58230000,-0.38000000,-1.84197770,6.01357905,20.85000000,21.65800000,22.33800000,22.75000000,22.55080000,22.46866667,22.73942857,22.95650000,23.07622222,23.07120000,22.25850000,23.56300000,21.66852310,22.18850413,-0.51998103,-0.14782253,-0.37215850,23.39770795,37.11737355,45.74585617,17.42715205,20.38996138,11.50153337,22.75000000,25.88126845,19.61873155,51858131.01511998,56280372.49767999
2023-03-08,20.25000000,20.39000000,18.10000000,18.41000000,111198944.93380000,-1.84000000,-9.08641975,11.30864198,20.24800000,21.17400000,21.90000000,22.55850000,22.45480000,22.32700000,22.55114286,22.80600000,22.94733333,22.98220000,22.34700000,23.47865000,21.16721186,21.90861494,-0.74140308,-0.26653864,-0.47486444,13.49499088,29.73515469,41.57823193,13.76640351,18.18210876,4.93499302,22.55850000,26.24103503,18.87596497,58800658.81465998,60944419.20158000
2023-03-09,18.41000000,18.78000000,16.69000000,17.33000000,139985823.04740000,-1.08000000,-5.86637697,11.35252580,19.51800000,20.63900000,21.44466667,22.26800000,22.28840000,22.11066667,22.35142857,22.63925000,22.79177778,22.91300000,22.39500000,23.38295000,20.57687157,21.56945828,-0.99258671,-0.41174826,-0.58083845,10.39592190,26.37611594,39.38082283,12.60739870,16.32387207,5.17445195,22.26800000,26.61423418,17.92176582,79448768.59257999,66546796.47520000
2023-03-10,17.34000000,18.36000000,16.00000000,18.17000000,163280019.62689999,0.84000000,4.84708598,13.61014994,18.95800000,20.26700000,21.06200000,22.00400000,22.18440000,21.94233333,22.16514286,22.44175000,22.68933333,22.84840000,22.42700000,23.29675000,20.20658364,21.31764655,-1.11106292,-0.55161119,-0.55945173,26.21147104,32.81568490,41.87400624,19.28212545,17.30995653,23.22646328,22.00400000,26.67707810,17.33092190,104741596.42145997,77767639.36664000
2023-03-11,18.17000000,18.89000000,16.94000000,18.07000000,117330612.97820000,-0.10000000,-0.55035773,10.73197578,18.44600000,19.82300000,20.72866667,21.66550000,22.03360000,21.86200000,21.98600000,22.29450000,22.54600000,22.69960000,22.45816667,23.20870000,19.87787846,21.07708014,-1.19920168,-0.68112929,-0.51807239,25.56680482,32.44711200,41.66115333,24.31654432,19.64548579,33.65866137,21.66550000,26.45299896,16.87800104,118991510.63371997,84015981.00060001
2023-03-12,18.07000000,20.53000000,17.71000000,20.20000000,123325702.20250000,2.13000000,11.78749308,15.60597676,18.43600000,19.64300000,20.58400000,21.36250000,21.88720000,21.86500000,21.89257143,22.20150000,22.45422222,22.61220000,22.52216667,23.13525000,19.92743562,21.01211124,-1.08467562,-0.76183855,-0.32283707,54.29742661,46.42833676,47.58316048,40.68655402,26.65917520,68.74131166,21.36250000,25.66850010,17.05649990,131024220.55775997,91441175.78644000
2023-03-13,20.19000000,21.47000000,18.87000000,20.40000000,213837675.78169999,0.20000000,0.99009901,12.87766221,18.83400000,19.54100000,20.39400000,21.13350000,21.81360000,21.85133333,21.82800000,22.08650000,22.36466667,22.53600000,22.58566667,23.06090000,20.00013783,20.96676967,-0.96663183,-0.80279721,-0.16383463,56.20227979,47.54048962,48.09936001,52.76539499,35.36124846,87.57368804,21.13350000,25.10349417,17.16350583,151551966.72733998,105176312.77100000
2023-03-14,20.40000000,22.12000000,19.75000000,20.86000000,206265491.74300000,0.46000000,2.25490196,11.61764706,19.54000000,19.52900000,20.27266667,20.96850000,21.72240000,21.83033333,21.74342857,22.00000000,22.29488889,22.46660000,22.62850000,23.00660000,20.13242432,20.95886080,-0.82643648,-0.80752506,-0.01891142,60.72076583,50.13776212,49.29771514,61.64751823,44.12333839,96.69587791,20.96850000,24.67438877,17.26261123,164807900.46645999,122128334.52952000
2023-03-15,20.86000000,21.46000000,18.70000000,19.24000000,152873436.11149999,-1.62000000,-7.76605944,13.23106424,19.75400000,19.35600000,20.09600000,20.73500000,21.55400000,21.77933333,21.62971429,21.86375000,22.14311111,22.39580000,22.54516667,22.94515000,19.99512827,20.83153778,-0.83640951,-0.81330195,-0.02310756,42.28485157,42.12505129,45.44195161,58.74540431,48.99736036,78.24149221,20.73500000,24.24377096,17.22622904,162726583.76337999,133734090.09242001
2023-03-16,19.25000000,19.90000000,18.88000000,19.67000000,85218944.71110000,0.43000000,2.23492723,5.29870130,20.07400000,19.26000000,19.90666667,20.56500000,21.34720000,21.70700000,21.60657143,21.74700000,22.04777778,22.29880000,22.49150000,22.89130000,19.94510854,20.74549795,-0.80038941,-0.81071944,0.01033004,47.37418560,44.68482073,46.59878701,59.15270963,52.38247678,72.69317531,20.56500000,23.92368082,17.20631918,156304250.10995996,137647880.37184000
2023-03-17,19.67000000,21.69000000,19.42000000,21.60000000,119477590.31910001,1.93000000,9.81189629,11.54041688,20.35400000,19.39500000,19.88000000,20.52650000,21.16080000,21.63166667,21.64914286,21.70025000,21.99622222,22.24420000,22.45850000,22.83720000,20.19970722,20.80879439,-0.60908717,-0.77039299,0.16130582,64.32009627,54.53165805,51.42289105,69.93622908,58.23372755,93.34123213,20.52650000,23.81498245,17.23801755,155534627.73327997,143279424.14552003
2023-03-18,21.60000000,22.94000000,21.05000000,21.20000000,163869083.74430001,-0.40000000,-1.85185185,8.75000000,20.51400000,19.67400000,19.86533333,20.42400000,21.00960000,21.59700000,21.66028571,21.66375000,21.91177778,22.17960000,22.43083333,22.78585000,20.35359842,20.83777259,-0.48417417,-0.71314922,0.22897506,59.55096969,52.42178892,50.43750763,71.60013735,62.68919748,89.42201708,20.42400000,23.47421414,17.37378586,145540909.32579997,148546438.02656999
2023-03-19,21.20000000,22.43000000,21.19000000,21.86000000,93875263.56970000,0.66000000,3.11320755,5.84905660,20.71400000,20.12700000,19.92400000,20.38300000,20.91760000,21.55433333,21.67085714,21.61475000,21.85711111,22.13680000,22.44866667,22.73765000,20.58535251,20.91349314,-0.32814063,-0.63614751,0.30800688,64.72910956,55.51955383,52.02047532,75.06675823,66.81505106,91.57017257,20.38300000,23.32568120,17.44031880,123062863.69113998,143935382.07879999
2023-03-20,21.86000000,23.91000000,21.35000000,22.13000000,229184068.54179999,0.27000000,1.23513266,11.71088747,21.29200000,20.52300000,20.00133333,20.39500000,20.84640000,21.51033333,21.70971429,21.58750000,21.80022222,22.05800000,22.46083333,22.69025000,20.82299058,21.00360476,-0.18061417,-0.54504084,0.36442667,66.81462526,56.77552161,52.66582773,73.80794635,69.14601616,83.13180673,20.39500000,23.36538364,17.42461636,138324990.17719999,150525786.97029001
2023-03-21,22.13000000,23.33000000,21.51000000,22.53000000,147281635.24919999,0.40000000,1.80750113,8.22413014,21.86400000,20.96900000,20.12800000,20.39600000,20.82480000,21.43333333,21.72942857,21.63875000,21.76000000,22.02940000,22.41116667,22.64675000,21.08560742,21.11667107,-0.03106365,-0.44224540,0.41118175,69.97117641,58.66196584,53.63000671,73.70945623,70.66716285,79.79404300,20.39600000,23.36939360,17.42260640,150737528.28481999,153520889.19738999
2023-03-22,22.52000000,23.09000000,20.93000000,21.42000000,190178186.19450000,-1.11000000,-4.92676431,9.59147425,21.82800000,21.09100000,20.20600000,20.36700000,20.78680000,21.27200000,21.65971429,21.67150000,21.71444444,21.97940000,22.35866667,22.59825000,21.13705243,21.13913988,-0.00208745,-0.35421381,0.35212636,53.13948737,51.81607081,50.64291887,66.54206871,69.29213147,61.04194319,20.36700000,23.28532757,17.44867243,164877647.45989996,160206137.59658998
2023-03-23,21.41000000,22.95000000,21.08000000,22.16000000,110887607.21720000,0.74000000,3.45471522,8.73423634,22.02000000,21.26700000,20.45600000,20.40400000,20.74320000,21.17800000,21.65742857,21.70525000,21.70333333,21.92260000,22.32450000,22.54825000,21.29442898,21.21475915,0.07966983,-0.26743708,0.34710691,60.70204156,55.58566092,52.48399688,66.49829533,68.36085276,62.77318047,20.40400000,23.39636502,17.41163498,154281352.15447995,149911130.74013999
2023-03-24,22.16000000,22.27000000,20.26000000,20.66000000,105444805.24650000,-1.50000000,-6.76895307,9.07039711,21.78000000,21.24700000,20.67800000,20.38800000,20.66240000,21.06133333,21.58657143,21.68450000,21.63311111,21.84940000,22.26333333,22.49065000,21.19682452,21.17366588,0.02315864,-0.20931794,0.23247658,43.59035955,47.38770315,48.64593295,56.12808820,64.28326457,39.81773547,20.38800000,23.37080405,17.40519595,156595260.48983997,139829062.09048998
2023-03-25,20.66000000,20.98000000,20.09000000,20.41000000,48126751.79770000,-0.25000000,-1.21006776,4.30784124,21.43600000,21.36400000,20.82733333,20.36000000,20.60320000,20.94466667,21.49971429,21.67550000,21.57066667,21.76380000,22.22383333,22.43830000,21.07577459,21.11709803,-0.04132344,-0.17571904,0.13439560,41.26392959,46.15017922,48.03502541,44.76839139,57.77830685,18.74856049,20.36000000,23.33028795,17.38971205,120383797.14101999,129354393.65910999
2023-03-26,20.40000000,21.14000000,20.29000000,20.94000000,38525107.78750000,0.53000000,2.59676629,4.16666667,21.11800000,21.49100000,21.01866667,20.37550000,20.54040000,20.87366667,21.38828571,21.65300000,21.58088889,21.69580000,22.16416667,22.37955000,21.05488620,21.10397966,-0.04909347,-0.15039392,0.10130046,48.28542474,49.21728187,49.43964376,37.26269723,50.93977031,9.90855107,20.37550000,23.35494166,17.39605834,98632491.64867997,124685009.96675000
2023-03-27,20.94000000,20.99000000,19.33000000,19.91000000,71424696.49609999,-1.03000000,-4.91881566,7.92741165,20.81600000,21.32200000,20.99933333,20.35850000,20.45680000,20.79166667,21.20685714,21.55425000,21.57644444,21.62460000,22.09050000,22.31105000,20.87874986,21.01553672,-0.13678687,-0.14767251,0.01088565,37.75886907,43.91452022,46.87048003,29.06304997,43.64753020,-0.10591047,20.35850000,23.34482867,17.37217133,74881793.70899998,119879720.58445001
2023-03-28,19.91000000,20.88000000,19.60000000,20.45000000,66838750.35370000,0.54000000,2.71220492,6.42893019,20.47400000,21.24700000,21.00266667,20.46050000,20.41800000,20.69833333,21.07742857,21.50950000,21.56844444,21.58040000,22.02416667,22.23995000,20.81278834,20.97364511,-0.16085677,-0.15030936,-0.01054741,45.26586645,47.16996601,48.33912936,27.52674947,38.27393662,6.03237517,20.46050000,23.30247467,17.61852533,66072022.33629997,110176687.24538998
2023-03-29,20.45000000,21.56000000,20.43000000,21.10000000,71294760.14900000,0.65000000,3.17848411,5.52567237,20.56200000,21.17100000,21.01866667,20.64900000,20.42280000,20.64566667,20.99000000,21.45850000,21.55977778,21.52600000,21.97583333,22.17030000,20.85697475,20.98300474,-0.12602999,-0.14545349,0.01942350,53.38668205,50.91148601,50.07262964,33.10116631,36.54967985,26.20413924,20.64900000,23.08829153,18.20970847,59242013.31679998,107918636.90332000
2023-03-30,21.10000000,21.67000000,20.16000000,20.55000000,90293720.90490000,-0.55000000,-2.60663507,7.15639810,20.59000000,21.01300000,21.10600000,20.76800000,20.40600000,20.60100000,20.89400000,21.38600000,21.55488889,21.47260000,21.88383333,22.09810000,20.80974787,20.95093031,-0.14118245,-0.14459928,0.00341683,46.39693762,47.78743042,48.63179148,32.88304705,35.32746892,27.99420331,20.76800000,22.91248227,18.62351773,67675407.13823998,94029602.13962999
2023-03-31,20.55000000,21.49000000,20.04000000,21.16000000,66841059.79360000,0.61000000,2.96836983,7.05596107,20.63400000,20.87600000,21.20533333,20.92250000,20.42720000,20.55600000,20.83942857,21.29400000,21.53977778,21.48620000,21.83716667,22.01670000,20.86363281,20.96641695,-0.10278415,-0.13623625,0.03345211,54.35129687,51.39596608,50.28730474,38.77286009,36.47593264,43.36671500,20.92250000,22.65402655,19.19097345,73338597.53945997,85985544.59406999
2023-04-01,21.15000000,21.34000000,20.74000000,21.08000000,38378008.27390000,-0.08000000,-0.37807183,2.83687943,20.86800000,20.84200000,21.17066667,20.96650000,20.46040000,20.52533333,20.80257143,21.16450000,21.47800000,21.50560000,21.78983333,21.95710000,20.89692007,20.97483051,-0.07791044,-0.12457109,0.04666065,53.11095583,50.89274305,50.06648955,45.68984324,39.54723617,57.97505736,20.96650000,22.66513444,19.26786556,66729259.89501999,70805526.80201000
2023-04-02,21.07000000,21.30000000,20.23000000,20.52000000,37792706.56480000,-0.56000000,-2.65654649,5.07831039,20.88200000,20.67800000,21.12533333,20.97250000,20.54480000,20.49533333,20.72457143,21.05300000,21.43977778,21.49980000,21.71516667,21.88910000,20.83893237,20.94113936,-0.10220700,-0.12009827,0.01789127,44.56757949,47.35228832,48.51056560,47.41146244,42.16864493,57.89709747,20.97250000,22.66353985,19.28146015,60920051.13723998,63496036.73677000
2023-04-03,20.52000000,20.99000000,19.94000000,20.45000000,81293742.06180000,-0.07000000,-0.34113060,5.11695906,20.75200000,20.65700000,21.03133333,20.95200000,20.66960000,20.47766667,20.66085714,20.96025000,21.38000000,21.47900000,21.65066667,21.82600000,20.77909662,20.90475867,-0.12566205,-0.12121103,-0.00445102,43.51755089,46.90730651,48.31471987,47.56205758,43.96644915,54.75327445,20.95200000,22.65865077,19.24534923,62919847.51979997,61080930.41830000
2023-04-04,20.45000000,21.26000000,20.28000000,20.92000000,52336172.11350000,0.47000000,2.29828851,4.79217604,20.82600000,20.70800000,20.95066667,21.03600000,20.77960000,20.47600000,20.63314286,20.88550000,21.32377778,21.48200000,21.58783333,21.76935000,20.80077406,20.90588766,-0.10511360,-0.11799154,0.01287795,52.52894573,50.32643185,49.73644040,54.35761104,47.43016978,68.21249356,21.03600000,22.54136444,19.53063556,55328337.76151998,61501872.44987999
2023-04-05,20.91000000,21.34000000,20.58000000,20.97000000,54699560.37520000,0.05000000,0.23900574,3.63462458,20.78800000,20.71100000,20.84666667,21.10100000,20.89560000,20.48733333,20.58914286,20.83300000,21.23777778,21.46460000,21.53166667,21.70580000,20.82680882,20.91063672,-0.08382790,-0.11115881,0.02733091,53.47650038,50.69492767,49.88945471,58.29959899,51.05331285,72.79217126,21.10100000,22.46350389,19.73849611,52900037.87783998,63119317.70865001
2023-04-06,20.96000000,20.99000000,20.43000000,20.62000000,34623160.80100000,-0.35000000,-1.66905103,2.67175573,20.69600000,20.78200000,20.79333333,21.05200000,20.91240000,20.49966667,20.54971429,20.78925000,21.11244444,21.39980000,21.48416667,21.65340000,20.79499208,20.88910807,-0.09411600,-0.10775025,0.01363425,45.79762479,47.97706511,48.80423480,51.96851878,51.35838149,53.18879337,21.05200000,22.40942170,19.69457830,52149068.38325997,59439164.13913999
2023-04-07,20.62000000,20.78000000,20.22000000,20.44000000,24962530.93410000,-0.18000000,-0.87293889,2.71580989,20.68000000,20.78100000,20.67866667,21.01400000,20.91400000,20.56733333,20.52171429,20.71900000,21.01155556,21.36380000,21.44716667,21.59250000,20.74037791,20.85584081,-0.11546290,-0.10929278,-0.00617012,42.06952153,46.57612566,48.24109782,44.27959056,48.99878451,34.84120264,21.01400000,22.39630014,19.63169986,49583033.25711998,55251542.19718000
2023-04-08,20.44000000,20.74000000,19.85000000,20.04000000,32613603.65070000,-0.40000000,-1.95694716,4.35420744,20.59800000,20.67500000,20.63733333,20.92300000,20.88120000,20.65766667,20.49485714,20.65300000,20.92000000,21.30180000,21.38416667,21.53565000,20.63262747,20.79540816,-0.16278069,-0.11999036,-0.04279033,34.56603261,43.49704221,46.98397647,33.38151566,43.79302823,12.55849051,20.92300000,22.31041866,19.53558134,39847005.57489998,51383426.54735000
2023-04-09,20.04000000,20.44000000,19.87000000,20.28000000,21204993.01370000,0.24000000,1.19760479,2.84431138,20.47000000,20.64800000,20.62866667,20.83050000,20.92280000,20.72800000,20.47514286,20.61275000,20.83933333,21.23840000,21.33516667,21.48380000,20.57837709,20.75722978,-0.17885269,-0.13176283,-0.04708986,42.01268634,45.84057977,47.83506232,31.87403057,39.82002901,15.98203370,20.83050000,22.12249112,19.53850888,33620769.75493997,44474553.75823000
2023-04-10,20.29000000,20.95000000,20.08000000,20.89000000,33082258.53470000,0.61000000,3.00788955,4.28782652,20.45400000,20.62100000,20.62533333,20.74850000,20.97160000,20.82200000,20.48257143,20.57225000,20.79088889,21.15940000,21.34200000,21.42610000,20.62631907,20.76706461,-0.14074553,-0.13355937,-0.00718617,56.95404504,51.42664487,49.96535388,44.51557295,41.38521032,50.77629821,20.74850000,21.76516690,19.73183310,29297309.38683997,41098673.63234000
2023-04-11,20.89000000,23.68000000,20.82000000,22.98000000,187821252.60310000,2.09000000,10.00478698,13.69076113,20.92600000,20.81100000,20.83000000,20.82650000,21.02680000,20.91466667,20.56057143,20.59675000,20.80444444,21.09380000,21.38983333,21.37270000,20.98842383,20.93098575,0.05743808,-0.09535988,0.15279796,79.09768936,64.94192526,56.33984455,56.91812784,46.56284949,77.62868452,20.82650000,22.22700029,19.42599971,59936927.74725997,56042998.06526001
2023-04-12,22.99000000,24.48000000,22.29000000,23.80000000,245273383.45269999,0.82000000,3.56832028,9.52588082,21.59800000,21.13900000,21.05333333,20.90850000,21.13080000,21.02800000,20.71457143,20.65625000,20.81666667,21.07020000,21.43966667,21.32480000,21.42097401,21.14350532,0.27746869,-0.02079416,0.29826285,83.17308717,68.67275391,58.50420561,66.38314354,53.16961418,92.81020226,20.90850000,22.75786148,19.05913852,103999098.25097997,76791065.75404999
2023-04-13,23.81000000,25.30000000,23.63000000,24.43000000,148267011.99380001,0.63000000,2.64705882,7.01385972,22.47600000,21.53700000,21.27533333,21.09700000,21.23360000,21.14700000,20.91742857,20.74250000,20.85555556,21.07560000,21.48866667,21.28525000,21.88390109,21.38694937,0.49695171,0.08275501,0.41419670,85.73695636,71.23812228,60.09031395,72.26766144,59.53562993,97.73172446,21.09700000,23.51944852,18.67455148,127129779.91959997,83488392.74724999
2023-04-14,24.43000000,25.49000000,23.73000000,24.71000000,158987936.10120001,0.28000000,1.14613181,7.20425706,23.36200000,21.91600000,21.55266667,21.31200000,21.33680000,21.32933333,21.10428571,20.83600000,20.91822222,21.09160000,21.55433333,21.23940000,22.31868553,21.63310127,0.68558426,0.20332086,0.48226340,86.80889819,72.33647317,60.78546113,76.90184522,65.32436836,100.05679893,21.31200000,24.19686139,18.42713861,154686368.53709999,94153569.14602000
2023-04-15,24.72000000,24.80000000,23.81000000,24.05000000,69401166.77400000,-0.66000000,-2.67098341,4.00485437,23.99400000,22.22400000,21.74533333,21.46750000,21.39760000,21.47533333,21.27514286,20.92150000,20.95244444,21.11120000,21.59116667,21.19620000,22.58504161,21.81213081,0.77291080,0.31723885,0.45567195,71.59013557,65.86839287,58.28828573,76.09059185,68.91310952,90.44555650,21.46750000,24.59315530,18.34184470,161950150.18495995,95623729.78590001
2023-04-16,24.05000000,25.49000000,23.81000000,25.34000000,85696287.37580000,1.29000000,5.36382536,6.98544699,24.46600000,22.69600000,22.02933333,21.73900000,21.55440000,21.60000000,21.42200000,21.04875000,21.02666667,21.17060000,21.61583333,21.15680000,23.00888136,22.07345445,0.93542691,0.44087646,0.49455045,79.86814496,71.33380016,61.51300913,83.17386974,73.66669626,102.18821670,21.73900000,25.21833387,18.25966613,141525157.13949996,100731042.44338001
2023-04-17,25.34000000,26.00000000,24.28000000,24.58000000,141638685.59209999,-0.76000000,-2.99921073,6.78768745,24.62200000,23.11000000,22.30000000,21.94550000,21.65120000,21.71266667,21.54142857,21.20300000,21.09688889,21.19720000,21.65483333,21.11005000,23.25059192,22.25912449,0.99146743,0.55099465,0.44047277,66.22579824,64.67751996,58.72211473,81.06099201,76.13146151,90.92005300,21.94550000,25.58907531,18.30192469,120798217.56737998,112398657.90918000
2023-04-18,24.57000000,25.44000000,24.00000000,24.82000000,86340721.15760000,0.24000000,0.97640358,5.86080586,24.70000000,23.58800000,22.59133333,22.13150000,21.81760000,21.81133333,21.65457143,21.39025000,21.18222222,21.24000000,21.68283333,21.06790000,23.49203932,22.44881897,1.04322034,0.64943979,0.39378055,68.27904273,65.77762117,59.33015177,80.72985053,77.66425785,86.86103588,22.13150000,25.96803503,18.29496497,108412959.40013997,117771369.65987000
2023-04-19,24.82000000,24.98000000,21.71000000,22.66000000,154611702.94510001,-2.16000000,-8.70265915,13.17485898,24.29000000,23.82600000,22.70733333,22.23700000,21.90760000,21.82900000,21.75228571,21.50250000,21.21977778,21.25540000,21.66966667,21.01900000,23.36403327,22.46446201,0.89957126,0.69946609,0.20010517,41.21718316,50.37410511,52.12002166,65.66031219,73.66294263,49.65505132,22.23700000,26.00587028,18.46812972,107537712.76891999,131112040.65300998
2023-04-20,22.66000000,23.18000000,21.59000000,22.20000000,122984399.70620000,-0.46000000,-2.03000883,7.01676964,23.92000000,23.95700000,22.78933333,22.28900000,21.95800000,21.81800000,21.82457143,21.60575000,21.25466667,21.24920000,21.62566667,20.96970000,23.18495123,22.44487223,0.74007899,0.70758867,0.03249033,37.42636313,47.77493645,50.74949695,48.38427464,65.23671997,14.67938399,22.28900000,26.02384813,18.55415187,118254359.35535999,140102254.77016002
2023-04-21,22.19000000,22.41000000,21.00000000,21.25000000,91117869.26330000,-0.95000000,-4.27927928,6.35421361,23.10200000,23.78400000,22.83133333,22.29750000,22.01160000,21.81233333,21.81457143,21.63200000,21.27688889,21.23420000,21.54216667,20.91150000,22.88726642,22.35636318,0.53090324,0.67225158,-0.14134834,30.47922678,42.79961326,48.02789259,33.92284976,54.79876323,-7.82897718,22.29750000,26.02152089,18.57347911,119338675.73285997,130431916.43618000
2023-04-22,21.26000000,21.99000000,21.05000000,21.79000000,39509360.29290000,0.54000000,2.54117647,4.42144873,22.54400000,23.58300000,22.92133333,22.36100000,22.06520000,21.80000000,21.83142857,21.66675000,21.35200000,21.24160000,21.48900000,20.85000000,22.71845620,22.31441035,0.40404585,0.61861044,-0.21456458,38.29225308,46.26939101,49.63009701,27.88189984,45.82647544,-8.00725135,22.36100000,25.99973836,18.72226164,98912810.67301998,109855514.12020001
2023-04-23,21.79000000,22.25000000,20.91000000,21.47000000,59657685.96790000,-0.32000000,-1.46856356,6.14960991,21.87400000,23.28700000,23.01666667,22.41200000,22.08000000,21.82700000,21.82028571,21.68200000,21.44400000,21.25140000,21.44416667,20.78715000,22.52638602,22.25186144,0.27452458,0.54979327,-0.27526868,35.45849691,44.52342402,48.70170501,22.25525477,37.96940188,-9.17303944,22.41200000,25.96555774,18.85844226,93576203.63507998,100994581.51761000
2023-04-24,21.47000000,22.02000000,21.00000000,21.38000000,67118302.58100000,-0.09000000,-0.41918957,4.75081509,21.61800000,22.95400000,23.09000000,22.43500000,22.11320000,21.85933333,21.79885714,21.73550000,21.51533333,21.25960000,21.40200000,20.72725000,22.35001894,22.18727911,0.16273983,0.47238258,-0.30964275,34.59446078,44.01384372,48.43579869,17.91476710,31.28452362,-8.82474595,22.43500000,25.95368097,18.91631903,76077523.56225999,91807618.16559000
2023-04-25,21.39000000,21.97000000,20.73000000,21.93000000,70038971.46490000,0.55000000,2.57249766,5.79710145,21.56400000,22.74200000,23.15933333,22.48300000,22.14400000,21.89233333,21.78171429,21.79200000,21.60111111,21.28560000,21.38300000,20.67200000,22.28540064,22.16822140,0.11717924,0.40134191,-0.28416267,44.51022070,47.98282950,50.17069265,19.53331089,27.36745271,3.86502726,22.48300000,25.94324094,19.02275906,65488437.91399997,91871398.63468000
2023-04-26,21.94000000,22.97000000,20.36000000,21.28000000,145622482.24520001,-0.65000000,-2.96397629,11.89608022,21.57000000,22.33600000,23.04600000,22.51600000,22.15200000,21.93800000,21.77771429,21.78400000,21.62511111,21.30620000,21.36483333,20.61550000,22.13072362,22.10242722,0.02829640,0.32673281,-0.29843641,36.63385298,43.96454483,48.17196741,19.05895267,24.59795270,7.98095261,22.51600000,25.91345044,19.11854956,76389360.51037998,97864018.12162000
2023-04-27,21.28000000,22.52000000,21.18000000,22.33000000,103151347.53710000,1.05000000,4.93421053,6.29699248,21.67800000,22.11100000,22.94800000,22.61050000,22.22440000,22.00066667,21.78257143,21.81225000,21.66800000,21.38460000,21.34950000,20.56255000,22.16138152,22.11928446,0.04209706,0.26980566,-0.22770860,52.81827625,51.17064561,51.43334119,26.91953266,25.37181268,30.01497261,22.61050000,25.86703658,19.35396342,89117757.95921998,94015284.31612000
2023-04-28,22.34000000,23.50000000,22.16000000,23.34000000,101037207.01320000,1.01000000,4.52306314,5.99820949,22.05200000,21.96300000,22.87533333,22.77550000,22.34000000,22.07533333,21.85914286,21.84925000,21.72311111,21.50480000,21.36050000,20.51945000,22.34270744,22.20970783,0.13299961,0.24244445,-0.10944484,63.56110106,56.97647245,54.31863726,49.58117464,33.44160000,81.86032391,22.77550000,25.81052692,19.74047308,97393662.16827998,95484932.90168001
2023-04-29,23.34000000,23.89000000,22.90000000,23.19000000,74573317.02560000,-0.15000000,-0.64267352,4.24164524,22.41400000,22.01600000,22.77400000,22.92100000,22.43080000,22.16333333,21.93857143,21.87575000,21.81088889,21.60520000,21.38216667,20.48140000,22.47306014,22.28232207,0.19073808,0.23210317,-0.04136510,61.08246713,55.89963412,53.82310245,59.77744032,42.22021344,94.89189407,22.92100000,25.72231473,20.11968527,98884665.05719998,87481094.30973001
2023-04-30,23.18000000,23.99000000,22.69000000,22.74000000,72653365.18580000,-0.45000000,-1.94049159,5.60828300,22.57600000,22.07000000,22.68666667,23.01350000,22.50160000,22.21600000,21.99000000,21.88100000,21.87911111,21.69860000,21.38600000,20.43930000,22.51412781,22.31622414,0.19790368,0.22526328,-0.02735960,53.56298013,52.64344890,52.32869215,61.70653964,48.71565551,87.68830791,23.01350000,25.64975153,20.37724847,99407543.80137999,82447990.85769001
2023-05-01,22.73000000,22.88000000,21.54000000,21.96000000,83028090.56659999,-0.78000000,-3.43007916,5.89529256,22.71200000,22.14100000,22.46133333,22.96250000,22.55520000,22.24533333,22.04857143,21.89450000,21.88711111,21.73380000,21.38533333,20.39665000,22.42887738,22.28983716,0.13904022,0.20801866,-0.06897845,42.64378309,47.42027102,49.82646520,55.83007142,51.08712748,65.31595931,22.96250000,25.64061304,20.28438696,86888665.46565998,81639012.98802000
2023-05-02,21.95000000,22.38000000,21.75000000,22.25000000,56694549.29130000,0.29000000,1.32058288,2.87015945,22.69600000,22.18700000,22.30600000,22.88500000,22.62760000,22.30300000,22.10000000,21.89675000,21.91044444,21.77080000,21.39916667,20.35790000,22.40135778,22.28688626,0.11447152,0.18930923,-0.07483771,47.42551919,49.45434285,50.74029522,54.57541952,52.24989149,59.22647557,22.88500000,25.55074765,20.21925235,77597305.81649998,83357531.88786002
2023-05-03,22.25000000,22.30000000,21.23000000,22.24000000,90683868.53260000,-0.01000000,-0.04494382,4.80898876,22.47600000,22.26400000,22.13400000,22.77550000,22.71560000,22.36266667,22.13257143,21.93625000,21.91888889,21.79840000,21.42016667,20.32115000,22.37653351,22.28341321,0.09312030,0.17007145,-0.07695115,47.26247520,49.38247885,50.70706413,53.64715755,52.71564684,55.51017895,22.77550000,25.35247068,20.19852932,75526638.12037997,86460150.14432999
2023-05-04,22.24000000,22.49000000,21.61000000,21.74000000,55794938.99500000,-0.50000000,-2.24820144,3.95683453,22.18600000,22.30000000,22.07266667,22.62700000,22.77400000,22.39000000,22.16657143,21.96950000,21.91022222,21.84840000,21.43300000,20.27900000,22.27860528,22.24316038,0.03544490,0.14314614,-0.10770124,39.18055501,45.75578007,49.03165242,48.43694801,51.28941390,42.73201622,22.62700000,25.07359247,20.18040753,71770962.51425996,85327813.78573000
2023-05-05,21.74000000,23.07000000,21.56000000,22.82000000,81078034.57099999,1.08000000,4.96780129,6.94572217,22.20200000,22.38900000,22.11400000,22.56550000,22.85120000,22.45166667,22.21400000,22.01650000,21.91666667,21.91140000,21.46950000,20.23705000,22.36189677,22.28588924,0.07600754,0.12971842,-0.05371088,57.85891689,53.75811055,52.56426395,51.74562845,51.44148541,52.35391451,22.56550000,24.92164739,20.20935261,73455896.39129996,86431720.09634000
2023-05-06,22.82000000,23.23000000,21.56000000,21.91000000,63556974.24930000,-0.91000000,-3.98773006,7.31814198,22.19200000,22.45200000,22.15800000,22.39400000,22.80840000,22.49466667,22.23771429,22.06650000,21.92755556,21.91760000,21.49716667,20.19585000,22.29237419,22.25804559,0.03432860,0.11064045,-0.07631185,44.14945130,47.33882511,49.54503196,42.70964602,48.53087228,31.06719349,22.39400000,24.36819564,20.41980436,69561673.12783997,78225169.29674999
2023-05-07,21.91000000,22.78000000,21.63000000,21.66000000,65622089.62940000,-0.25000000,-1.14103149,5.24874487,22.07400000,22.38500000,22.14933333,22.24800000,22.72280000,22.53533333,22.27028571,22.09675000,21.91644444,21.92680000,21.55133333,20.15985000,22.19508586,22.21374592,-0.01866006,0.08478035,-0.10344041,40.95062524,45.70322651,48.74243932,33.66633406,43.57602621,13.84694976,22.24800000,23.95536608,20.54063392,71347181.19545998,74472243.50598000
2023-05-08,21.65000000,21.81000000,20.00000000,20.62000000,110323115.84600000,-1.04000000,-4.80147738,8.36027714,21.75000000,22.11300000,22.09266667,22.03800000,22.57040000,22.55466667,22.27514286,22.08475000,21.91555556,21.90200000,21.60616667,20.12290000,21.95276495,22.09569066,-0.14292571,0.03923914,-0.18216485,30.07332089,39.50838225,45.54011079,27.62383841,38.25863028,6.35425469,22.03800000,23.41448829,20.66151171,75275030.65813997,75400834.38926001
2023-05-09,20.63000000,21.00000000,20.40000000,20.65000000,49074673.71800000,0.03000000,0.14548982,2.90838585,21.53200000,21.85900000,22.04400000,21.93750000,22.40800000,22.56700000,22.26742857,22.08725000,21.92088889,21.87240000,21.64750000,20.08565000,21.75233958,21.98860247,-0.23626289,-0.01586127,-0.22040162,30.71040668,39.76530745,45.64759600,25.12383861,33.88036639,7.61078306,21.93750000,23.41273950,20.46226050,73930977.60273997,72850970.05850001
2023-05-10,20.66000000,21.31000000,19.74000000,20.91000000,105186175.67839999,0.26000000,1.25907990,7.59922556,21.15000000,21.67600000,21.97600000,21.87300000,22.28240000,22.56766667,22.26571429,22.08100000,21.92022222,21.84000000,21.69483333,20.05015000,21.62274887,21.90870599,-0.28595711,-0.06988044,-0.21607668,36.70749743,42.09072162,46.60070587,27.92401084,31.89491454,19.98220345,21.87300000,23.41136687,20.33463313,78752605.82421999,76104251.10776000
2023-05-11,20.92000000,20.93000000,19.69000000,20.17000000,75301830.78030001,-0.74000000,-3.53897657,5.92734226,20.80200000,21.49700000,21.90200000,21.81900000,22.07560000,22.47400000,22.25285714,22.05825000,21.92600000,21.81500000,21.69433333,20.00460000,21.39924905,21.77991295,-0.38066391,-0.13203713,-0.24862678,28.33231481,37.58545626,44.29390576,23.13578124,28.97520344,11.45693684,21.81900000,23.51698518,20.12101482,81101577.13041998,75331625.12913001
2023-05-12,20.17000000,20.95000000,19.80000000,20.90000000,62576189.08040000,0.73000000,3.61923649,5.70153694,20.65000000,21.36200000,21.80666667,21.77450000,21.92840000,22.37733333,22.26600000,22.06775000,21.93600000,21.78980000,21.70266667,19.96760000,21.32244150,21.71473421,-0.39229271,-0.18408825,-0.20820447,43.57284426,44.03235353,46.99481723,26.81745115,28.25595267,23.94044809,21.77450000,23.52162365,20.02737635,80492397.02061997,75919789.10804000
2023-05-13,20.91000000,21.29000000,20.77000000,20.84000000,38541774.64900000,-0.06000000,-0.28708134,2.48684840,20.69400000,21.22200000,21.64000000,21.74300000,21.76920000,22.25766667,22.28885714,22.07750000,21.93022222,21.79340000,21.70233333,19.91750000,21.24821973,21.64993909,-0.40171936,-0.22761447,-0.17410489,42.67771153,43.62828960,46.80020632,28.70692600,28.40627712,29.30822377,21.74300000,23.53537097,19.95062903,66136128.78121998,70705579.71968000
2023-05-14,20.83000000,21.28000000,20.62000000,20.93000000,32524042.80070000,0.09000000,0.43186180,3.16850696,20.75000000,21.14100000,21.48933333,21.72050000,21.70000000,22.13166667,22.30742857,22.07775000,21.93866667,21.80380000,21.73050000,19.86570000,21.19926285,21.59661027,-0.39734742,-0.26156106,-0.13578636,44.72179200,44.46225163,47.14281309,30.81403353,29.20886259,34.02437541,21.72050000,23.54310051,19.89789949,62826002.59775998,68378490.10025001
2023-05-15,20.93000000,21.52000000,20.60000000,20.99000000,60589521.07320000,0.06000000,0.28666985,4.39560440,20.76600000,20.95800000,21.37266667,21.67350000,21.65160000,22.02966667,22.31028571,22.07825000,21.93488889,21.80480000,21.75250000,19.81775000,21.16706857,21.55167617,-0.38460761,-0.28617037,-0.09843724,46.25500496,45.05343595,47.37855723,34.56642149,30.99471555,41.70983336,21.67350000,23.52165441,19.82534559,53906671.67671998,66329638.75047000
2023-05-16,20.98000000,21.13000000,20.43000000,20.67000000,56488107.12770000,-0.32000000,-1.52453549,3.33651096,20.86600000,20.83400000,21.28666667,21.64300000,21.62840000,21.87400000,22.24428571,22.07950000,21.92577778,21.82000000,21.73700000,19.76075000,21.09059648,21.48636683,-0.39577035,-0.30809036,-0.08767998,39.28197113,42.42587536,46.23105693,38.45308602,33.48083904,48.39757998,21.64300000,23.53803618,19.74796382,50143926.94619997,65622752.03831001
2023-05-17,20.68000000,21.23000000,20.42000000,21.06000000,54381219.57400000,0.39000000,1.88679245,3.91682785,20.89800000,20.77400000,21.20733333,21.57950000,21.59920000,21.75666667,22.16600000,22.09500000,21.93777778,21.83220000,21.73466667,19.70170000,21.08588933,21.45478410,-0.36889477,-0.32025125,-0.04864353,50.25048453,46.56894081,47.83772275,50.58985334,39.18384381,73.40187241,21.57950000,23.46268292,19.69631708,48504933.04491998,64498665.03277000
2023-05-18,21.06000000,21.09000000,20.07000000,20.34000000,54122873.64920000,-0.72000000,-3.41880342,4.84330484,20.79800000,20.74600000,21.08066667,21.42950000,21.55400000,21.60733333,22.04914286,22.10250000,21.93533333,21.81700000,21.70933333,19.63870000,20.97113712,21.37220750,-0.40107038,-0.33641507,-0.06465530,35.88802542,40.67413827,45.23391152,45.56627746,41.31132169,54.07618898,21.42950000,23.19658472,19.66241528,51621152.84495997,58878640.81309000
2023-05-19,20.35000000,20.59000000,20.21000000,20.36000000,24774397.64720000,0.02000000,0.09832842,1.86732187,20.68400000,20.71700000,20.98866667,21.28800000,21.51320000,21.53066667,21.92485714,22.10450000,21.92288889,21.81320000,21.67983333,19.57770000,20.87711603,21.29722917,-0.42011314,-0.35315468,-0.06695845,36.49307144,40.90083243,45.32017898,42.58152559,41.73472299,44.27513079,21.28800000,22.90867692,19.66732308,50071223.81425998,56448613.20601000
2023-05-20,20.35000000,20.37000000,20.08000000,20.28000000,17331516.04120000,-0.08000000,-0.39292731,1.42506143,20.54200000,20.65400000,20.81933333,21.16500000,21.44720000,21.46666667,21.81714286,22.08925000,21.90755556,21.79560000,21.64233333,19.51810000,20.78525202,21.22187886,-0.43662683,-0.36984911,-0.06677772,34.91160386,40.23002916,45.02415680,37.69000931,40.38648510,32.29705773,21.16500000,22.69239889,19.63760111,41419622.80785998,47663147.24229001
2023-05-21,20.28000000,20.39000000,19.33000000,19.61000000,39399092.88940000,-0.67000000,-3.30374753,5.22682446,20.33000000,20.59800000,20.66600000,21.04750000,21.38040000,21.41200000,21.65342857,22.00500000,21.88511111,21.76620000,21.61216667,19.46215000,20.60444402,21.10248042,-0.49803640,-0.39548657,-0.10254983,24.31969798,34.98741122,42.59286171,29.38846891,36.72047970,14.72444734,21.04750000,22.67563261,19.41936739,38001819.96019997,44072873.45320000
2023-05-22,19.61000000,20.03000000,19.28000000,19.53000000,40435124.86650000,-0.08000000,-0.40795512,3.82457930,20.02400000,20.46100000,20.52400000,20.91150000,21.26840000,21.33666667,21.50914286,21.89825000,21.86488889,21.74640000,21.56833333,19.40555000,20.43914494,20.98600039,-0.54685545,-0.42576035,-0.12109510,23.30653692,34.40342409,42.30820900,23.31255070,32.25117004,5.43531204,20.91150000,22.57081216,19.25218784,35212601.01869998,41858767.03181000
2023-05-23,19.52000000,20.18000000,19.42000000,20.02000000,49125104.39960000,0.49000000,2.50896057,3.89344262,19.96000000,20.37900000,20.48400000,20.80050000,21.13560000,21.28833333,21.37200000,21.78800000,21.86444444,21.73780000,21.55766667,19.33695000,20.37466110,20.91444481,-0.53978370,-0.44856502,-0.09121868,41.28513166,40.98525411,44.67149839,26.55360523,30.35198177,18.95685216,20.80050000,22.38075281,19.22024719,34213047.16877998,42917100.00687000
2023-05-24,20.02000000,20.07000000,18.66000000,19.22000000,53714029.78220000,-0.80000000,-3.99600400,7.04295704,19.73200000,20.20800000,20.38866667,20.67450000,20.97680000,21.21633333,21.27371429,21.65075000,21.84088889,21.70380000,21.53783333,19.24855000,20.19702093,20.78893038,-0.59190944,-0.47723390,-0.11467554,28.29154162,34.77128973,41.75734083,24.96569791,28.55655382,17.78398610,20.67450000,22.33895787,19.01004213,40000973.59577998,45036098.70502000
2023-05-25,19.22000000,19.58000000,18.77000000,19.25000000,32636649.66440000,0.03000000,0.15608741,4.21436004,19.52600000,20.03400000,20.27800000,20.49600000,20.83720000,21.12700000,21.18942857,21.53075000,21.80444444,21.66940000,21.50966667,19.18170000,20.05132540,20.67493553,-0.62361013,-0.50650915,-0.11710098,29.29294885,35.17337151,41.90563742,24.29619809,27.13643524,18.61572378,20.49600000,21.94319547,19.04880453,43062000.32041997,42240811.56414000
2023-05-26,19.25000000,19.56000000,19.08000000,19.35000000,19995752.48310000,0.10000000,0.51948052,2.49350649,19.47400000,19.90200000,20.22333333,20.36800000,20.73280000,21.06266667,21.13514286,21.38100000,21.72377778,21.64400000,21.50033333,19.13035000,19.94342919,20.57679216,-0.63336297,-0.53187991,-0.10148306,33.03368219,36.59461679,42.41562172,25.66248597,26.64511882,23.69722027,20.36800000,21.73947788,18.99652212,39181332.23915998,38591576.09968000
2023-05-27,19.35000000,20.54000000,19.33000000,20.43000000,31175014.05420000,1.08000000,5.58139535,6.25322997,19.65400000,19.83900000,20.19200000,20.30650000,20.66000000,20.99933333,21.09628571,21.27725000,21.64888889,21.64380000,21.50000000,19.11060000,20.01828624,20.56591867,-0.54763243,-0.53503042,-0.01260201,60.27257472,49.61036483,47.59961533,47.67827217,33.65616993,75.72247663,20.30650000,21.53711431,19.07588569,37329310.07669998,36270955.54770000
2023-05-28,20.42000000,21.19000000,20.29000000,20.81000000,59442842.86560000,0.38000000,1.86000979,4.40744368,19.81200000,19.88600000,20.19000000,20.31600000,20.60280000,20.91500000,21.07742857,21.17700000,21.56844444,21.65920000,21.49516667,19.14425000,20.14008835,20.58399877,-0.44391041,-0.51680642,0.07289600,66.09538833,53.29075805,49.27616006,60.11226050,42.47486679,95.38704791,20.31600000,21.55966860,19.07233140,39392857.76989998,36802952.46934000
2023-05-29,20.81000000,20.98000000,20.26000000,20.57000000,45832375.19580000,-0.24000000,-1.15329169,3.45987506,20.08200000,19.90700000,20.16600000,20.31200000,20.55600000,20.82766667,21.05428571,21.12475000,21.47644444,21.66500000,21.49550000,19.15880000,20.20622861,20.58296182,-0.37673321,-0.48879178,0.11205856,59.48730304,50.73748002,48.25858534,65.23953071,50.06308810,95.59241595,20.31200000,21.55165360,19.07234640,37816526.85261998,38908750.22420000
2023-05-30,20.57000000,21.40000000,20.46000000,21.25000000,67259618.84890001,0.68000000,3.30578512,4.56976179,20.48200000,20.00400000,20.18333333,20.32900000,20.49320000,20.77800000,21.03485714,21.10100000,21.41422222,21.67220000,21.49700000,19.18280000,20.36680882,20.63237206,-0.26556323,-0.44414607,0.17858283,69.76495695,57.09184661,51.23580958,75.00153629,58.37590416,108.25280055,20.32900000,21.61175854,19.04624146,44741120.68951998,43901560.50497000
2023-05-31,21.25000000,21.33000000,20.37000000,20.81000000,42487752.86810000,-0.44000000,-2.07058824,4.51764706,20.77400000,20.12400000,20.19266667,20.36100000,20.44920000,20.73966667,21.02142857,21.09000000,21.31355556,21.62880000,21.49250000,19.21395000,20.43499208,20.64552968,-0.21053760,-0.39742437,0.18688677,58.28401977,52.32735316,49.31969787,76.15674195,64.30285009,99.86452568,20.36100000,21.65889952,19.06310048,49239520.76651998,44210426.50284000
2023-06-01,20.82000000,20.98000000,20.41000000,20.49000000,35827115.89200000,-0.32000000,-1.53772225,2.73775216,20.78600000,20.22000000,20.15466667,20.34050000,20.40240000,20.68100000,20.96885714,21.05750000,21.22266667,21.56260000,21.49200000,19.25050000,20.44345484,20.63400896,-0.19055413,-0.35605033,0.16549620,50.96444492,49.07787055,47.95858455,73.03393503,67.21321174,84.67538160,20.34050000,21.61529988,19.06570012,50169941.13407998,43749625.60539000
2023-06-02,20.49000000,21.37000000,20.30000000,21.26000000,43533850.45290000,0.77000000,3.75793070,5.22205954,20.87600000,20.34400000,20.21600000,20.36150000,20.42800000,20.64833333,20.90942857,21.05225000,21.14355556,21.49920000,21.50550000,19.28680000,20.56907717,20.68037867,-0.11130150,-0.30710056,0.19579906,64.01391672,56.21523369,51.33106814,80.24822538,71.55821628,97.62824357,20.36150000,21.68389456,19.03910544,46988142.65153997,43190500.21072000
2023-06-03,21.26000000,21.35000000,20.95000000,21.19000000,23911838.32160000,-0.07000000,-0.32925682,1.88146754,21.00000000,20.54100000,20.27133333,20.37450000,20.44960000,20.63000000,20.85228571,21.04750000,21.11088889,21.42880000,21.51000000,19.32115000,20.66460376,20.71812840,-0.05352464,-0.25638538,0.20286074,62.20792355,55.44453283,51.01744351,83.81490887,75.64378048,100.15716566,20.37450000,21.72523430,19.02376570,42604035.27669998,40210281.06466000
2023-06-04,21.19000000,22.30000000,21.03000000,21.82000000,61235931.70120000,0.63000000,2.97310052,5.99339311,21.11400000,20.79800000,20.37400000,20.41600000,20.48600000,20.59666667,20.82600000,21.04475000,21.10244444,21.38420000,21.52416667,19.35890000,20.84235703,20.79974852,0.04260851,-0.19658660,0.23919511,71.03378660,60.73043350,53.67551334,83.82273386,78.37009827,94.72800504,20.41600000,21.89158945,18.94041055,41399297.84715997,43070209.26834001
2023-06-05,21.83000000,22.06000000,19.03000000,20.00000000,128314404.54970001,-1.82000000,-8.34097159,13.87998168,20.95200000,20.86300000,20.40000000,20.38250000,20.47920000,20.53300000,20.77000000,21.01275000,21.07466667,21.27740000,21.51383333,19.39065000,20.71276364,20.74050789,-0.02774425,-0.16281813,0.13507388,39.25394113,44.20345086,46.12949460,65.76969210,74.16996288,48.96915052,20.38250000,21.86421842,18.90078158,58564628.18347998,53902074.47500000
2023-06-06,20.01000000,20.70000000,19.23000000,20.38000000,87570026.46160001,0.38000000,1.90000000,7.34632684,20.93000000,20.85800000,20.45666667,20.34850000,20.45840000,20.49033333,20.71657143,20.96400000,21.04333333,21.19340000,21.51283333,19.42620000,20.66156923,20.71380360,-0.05223437,-0.14070138,0.08846701,45.37684005,47.46014399,47.73047438,57.60792929,68.64928502,35.52521783,20.34850000,21.79556272,18.90143728,68913210.29739997,59541575.71574000
2023-06-07,20.38000000,20.53000000,18.50000000,18.64000000,74564492.27949999,-1.74000000,-8.53778214,9.96074583,20.40600000,20.64100000,20.36466667,20.26350000,20.37040000,20.42433333,20.61371429,20.84650000,20.98044444,21.06980000,21.48950000,19.45520000,20.35055858,20.56018852,-0.20962994,-0.15448709,-0.05514285,29.20299507,36.74645264,41.79556546,39.63335637,58.97730880,0.94545150,20.26350000,21.89998243,18.62701757,75119338.66271998,61053740.65713000
2023-06-08,18.64000000,19.11000000,18.23000000,18.89000000,49983556.28390000,0.25000000,1.34120172,4.72103004,19.94600000,20.47300000,20.34266667,20.19000000,20.28880000,20.36566667,20.53228571,20.73900000,20.92511111,20.99440000,21.46633333,19.48830000,20.12585726,20.43647085,-0.31061359,-0.18571239,-0.12490120,33.30187022,38.90804321,42.86075519,31.82764298,49.92742019,-4.37191144,20.19000000,21.93657560,18.44342440,80333682.25517997,61468858.76594000
2023-06-09,18.88000000,19.37000000,17.11000000,17.40000000,86834563.32930000,-1.49000000,-7.88777131,11.97033898,19.06200000,20.08800000,20.21933333,20.04600000,20.14520000,20.24866667,20.37742857,20.60550000,20.82444444,20.89840000,21.40816667,19.51615000,19.70649461,20.21154708,-0.50505248,-0.24958041,-0.25547207,23.55031267,31.83470798,38.48102649,23.08098485,40.97860841,-12.71426227,20.04600000,22.19082388,17.90117612,85453408.58079997,63426353.21398000
2023-06-10,17.40000000,17.43000000,12.80000000,15.61000000,257899669.92410001,-1.79000000,-10.28735632,26.60919540,18.18400000,19.56800000,19.97000000,19.84600000,19.94280000,20.09666667,20.19742857,20.44675000,20.69844444,20.78560000,21.28533333,19.53200000,19.07626467,19.87069174,-0.79442708,-0.35854974,-0.43587734,16.55980642,25.70935232,34.11146433,25.24697236,35.73472973,4.27145762,19.84600000,22.76740125,16.92459875,111370461.65567999,84967544.91958000
2023-06-11,15.61000000,16.18000000,15.11000000,15.55000000,94450259.47820000,-0.06000000,-0.38436899,6.85458040,17.21800000,19.07400000,19.64466667,19.64700000,19.72240000,19.91833333,20.02285714,20.27925000,20.54777778,20.66080000,21.14783333,19.53795000,18.53376241,19.55064050,-1.01687809,-0.49021541,-0.52666268,16.36442104,25.52972871,33.97652088,26.48043771,32.64996572,14.14138169,19.64700000,23.14445833,16.14954167,112746508.25899999,90829859.27820000
2023-06-12,15.55000000,15.69000000,14.74000000,15.19000000,79018834.58210000,-0.36000000,-2.31511254,6.10932476,16.52800000,18.46700000,19.27000000,19.40550000,19.51640000,19.73000000,19.86771429,20.10300000,20.36666667,20.53520000,20.99383333,19.54095000,18.01933742,19.22763010,-1.20829267,-0.63383086,-0.57446181,15.08309469,24.41328135,33.15533861,26.03959005,30.44650717,17.22575583,19.40550000,23.42289101,15.38810899,113637376.71951997,94378357.69112000
2023-06-13,15.19000000,16.00000000,14.76000000,15.04000000,73501068.09739999,-0.15000000,-0.98749177,8.16326531,15.75800000,17.85200000,18.90133333,19.19650000,19.30360000,19.53366667,19.70742857,19.93550000,20.18555556,20.40840000,20.83266667,19.54600000,17.56097782,18.91743527,-1.35645745,-0.77835618,-0.57810127,14.51484208,23.93745622,32.81055516,25.42308163,28.77203199,18.72518092,19.19650000,23.66420529,14.72879471,118340879.08221999,99337280.66870001
2023-06-14,15.03000000,15.37000000,14.06000000,14.48000000,59168861.05780000,-0.56000000,-3.72340426,8.71590153,15.17400000,17.11800000,18.45000000,18.95800000,19.07160000,19.31666667,19.52371429,19.72700000,20.00200000,20.25940000,20.67316667,19.54755000,17.08698123,18.58873636,-1.50175513,-0.92303597,-0.57871916,12.41876438,22.17705968,31.53311665,24.03732868,27.19379755,17.72439094,18.95800000,23.89799190,14.01800810,112807738.62791999,99130573.60436000
2023-06-15,14.49000000,15.08000000,14.18000000,14.77000000,68956600.10540000,0.29000000,2.00276243,6.21118012,15.00600000,16.59500000,18.04733333,18.72900000,18.87800000,19.12000000,19.36942857,19.54850000,19.84222222,20.12920000,20.49700000,19.55080000,16.73052258,18.30586700,-1.57534442,-1.05349766,-0.52184676,19.63107525,25.28133440,32.94389290,24.51992676,26.30250729,20.95476569,18.72900000,24.00563330,13.45236670,75019124.66417997,93194793.15992999
2023-06-16,14.78000000,15.47000000,14.38000000,15.31000000,42032019.36080000,0.54000000,3.65605958,7.37483085,14.95800000,16.08800000,17.70200000,18.47300000,18.70920000,18.92833333,19.20971429,19.38975000,19.68800000,19.98880000,20.34250000,19.56075000,16.51198065,18.08395093,-1.57197028,-1.15719219,-0.41477810,32.12138843,30.88186110,35.52524044,29.08127030,27.22876162,32.78628764,18.47300000,23.89690459,13.04909541,64535476.64069998,88640992.44984999
2023-06-17,15.32000000,16.12000000,15.16000000,15.64000000,39363071.32670000,0.33000000,2.15545395,6.26631854,15.04800000,15.78800000,17.32733333,18.21450000,18.53400000,18.77166667,19.06114286,19.26525000,19.54133333,19.83480000,20.18950000,19.57225000,16.37782978,17.90291753,-1.52508775,-1.23077130,-0.29431645,39.06597595,34.17131413,37.07002975,33.79644301,29.41798875,42.55335152,18.21450000,23.66218217,12.76681783,56604323.98961997,85120850.35457000
2023-06-18,15.65000000,15.84000000,15.28000000,15.45000000,24988841.24910000,-0.19000000,-1.21483376,3.57827476,15.13000000,15.44400000,16.94466667,17.95850000,18.38320000,18.60800000,18.90457143,19.13525000,19.40155556,19.68000000,20.06933333,19.57870000,16.23508673,17.72121993,-1.48613320,-1.28184368,-0.20428952,36.48685981,33.17950128,36.54399001,41.60943573,33.48180441,57.86469836,17.95850000,23.42129772,12.49570228,46901878.61995997,82621378.85109000
2023-06-19,15.45000000,16.14000000,15.34000000,16.10000000,29630700.91550000,0.65000000,4.20711974,5.17799353,15.45400000,15.31400000,16.56333333,17.70100000,18.25720000,18.46866667,18.76485714,19.01500000,19.25222222,19.54720000,19.96766667,19.59165000,16.21430416,17.60112957,-1.38682541,-1.30284002,-0.08398538,50.03007849,39.71020761,39.60349113,59.81509552,42.25956811,94.92615032,17.70100000,22.99338142,12.40861858,40994246.59149997,76900992.60971001
2023-06-20,16.10000000,16.69000000,15.73000000,16.64000000,48599821.65090000,0.54000000,3.35403727,5.96273292,15.82800000,15.41700000,16.33933333,17.49250000,18.14880000,18.36966667,18.64971429,18.92675000,19.13511111,19.44080000,19.89083333,19.60630000,16.27979583,17.52993478,-1.25013896,-1.29229981,0.04216085,58.79037186,44.61594355,42.02658666,72.57635012,52.36516211,112.99872612,17.49250000,22.59429690,12.39070310,36922890.90059997,55971007.78239000
2023-06-21,16.65000000,17.40000000,16.54000000,17.23000000,70174971.85780001,0.59000000,3.54567308,5.16516517,16.21200000,15.58500000,16.12933333,17.32950000,18.02080000,18.29300000,18.54028571,18.83500000,19.03666667,19.34040000,19.81483333,19.62600000,16.42598108,17.50771739,-1.08173631,-1.25018711,0.16845080,66.49222267,49.51250300,44.56233019,80.02095996,61.58376140,116.89535708,17.32950000,22.23249790,12.42650210,42551481.39999998,53543479.02035000
2023-06-22,17.23000000,17.75000000,16.57000000,16.62000000,60681208.26930000,-0.61000000,-3.54033662,6.84852002,16.40800000,15.72800000,15.99466667,17.09750000,17.85320000,18.17966667,18.43400000,18.72950000,18.94777778,19.22800000,19.73400000,19.64055000,16.45583015,17.44196055,-0.98613040,-1.19737577,0.21124537,53.97640024,45.02291710,42.55425189,76.47287123,66.54679801,96.32501767,17.09750000,21.64352603,12.55147397,46815108.78851998,51709716.38907000
2023-06-23,16.62000000,17.53000000,16.16000000,17.13000000,81683374.92060000,0.51000000,3.06859206,8.24308063,16.74400000,15.93700000,15.87733333,16.89450000,17.71560000,18.11000000,18.34171429,18.63450000,18.86955556,19.13580000,19.66316667,19.65710000,16.55954859,17.41885236,-0.85930377,-1.12976137,0.27045760,61.28719751,49.22237016,44.72719329,78.52626523,70.53995375,94.49888818,16.89450000,21.01360810,12.77539190,58154015.52281997,52527947.07139000
2023-06-24,17.14000000,17.53000000,16.37000000,16.64000000,49434893.85460000,-0.49000000,-2.86047869,6.76779463,16.85200000,16.15300000,15.82666667,16.63550000,17.53120000,18.02300000,18.23771429,18.52575000,18.77466667,19.01220000,19.57500000,19.66880000,16.57192573,17.36115959,-0.78923387,-1.06165587,0.27242200,51.80031157,45.57365965,43.09299006,74.70494833,71.92828527,80.25827444,16.63550000,20.04002006,13.23097994,62114854.11063997,51554550.35107000
2023-06-25,16.64000000,17.38000000,16.57000000,16.96000000,46423157.94870000,0.32000000,1.92307692,4.86778846,16.91600000,16.37200000,15.91666667,16.48350000,17.37720000,17.94333333,18.16200000,18.43300000,18.70333333,18.91320000,19.50300000,19.68615000,16.63162946,17.33144407,-0.69981461,-0.98928762,0.28947301,57.01476043,48.30375815,44.47546309,72.96932205,72.27529753,74.35737109,16.48350000,19.50550543,13.46149457,61679521.37019998,49301206.13540000
2023-06-26,16.96000000,17.12000000,15.89000000,16.27000000,50708531.87590000,-0.69000000,-4.06839623,7.25235849,16.72400000,16.46800000,15.96466667,16.27800000,17.20840000,17.80466667,18.06885714,18.31325000,18.60044444,18.80540000,19.40200000,19.69905000,16.57599416,17.25281858,-0.67682442,-0.92679498,0.24997056,44.54532767,43.20577226,42.17040844,62.00653859,68.85237789,48.31486000,16.27800000,18.67965382,13.87634618,57786233.37381997,50168857.38691000
2023-06-27,16.27000000,16.93000000,16.13000000,16.63000000,48945681.09790000,0.36000000,2.21266134,4.91702520,16.72600000,16.56700000,16.06066667,16.17750000,17.02320000,17.66533333,17.97200000,18.22050000,18.50688889,18.72560000,19.29016667,19.71425000,16.58430275,17.20668387,-0.62238112,-0.86591221,0.24353109,51.22413655,46.42409221,43.75735855,59.18001604,65.62825727,46.28353359,16.17750000,18.31688383,14.03811617,55439127.93953998,51127118.36403000
2023-06-28,16.63000000,16.65000000,15.60000000,15.97000000,65244690.96150000,-0.66000000,-3.96873121,6.31389056,16.49400000,16.61900000,16.12266667,16.03150000,16.81440000,17.51200000,17.87914286,18.11075000,18.39666667,18.63200000,19.16983333,19.72620000,16.48979464,17.11507766,-0.62528302,-0.81778637,0.19250335,40.49460580,41.69831229,41.57478924,45.18977814,58.81543089,17.93847263,16.03150000,17.74826900,14.31473100,52151391.14771998,55152703.33527000
2023-06-29,15.98000000,18.28000000,15.87000000,17.99000000,138922032.38260001,2.02000000,12.64871634,15.08135169,16.76400000,16.80800000,16.35666667,16.06100000,16.66120000,17.40333333,17.84314286,18.05350000,18.33000000,18.57360000,19.09066667,19.74905000,16.72059546,17.17988672,-0.45929126,-0.74608735,0.28679609,66.36779970,56.48739281,49.60289964,59.85288692,59.16124957,61.23616162,16.06100000,17.89317903,14.22882097,70048818.85331997,66081836.48198000
2023-06-30,18.00000000,20.03000000,17.01000000,18.86000000,213782011.50990000,0.87000000,4.83602001,16.77777778,17.14400000,17.03000000,16.62933333,16.22350000,16.61560000,17.33833333,17.82914286,18.03475000,18.28977778,18.54740000,19.03900000,19.77680000,17.04973462,17.30433956,-0.25460494,-0.64779087,0.39318593,72.53887866,61.12111785,52.53410350,64.43164621,60.91804845,71.45884173,16.22350000,18.42627600,14.02072400,103520589.56555998,82600055.46788000
2023-07-01,18.85000000,19.00000000,17.90000000,18.70000000,64576714.60400000,-0.16000000,-0.84835631,5.83554377,17.63000000,17.17700000,16.85533333,16.38100000,16.54840000,17.27866667,17.77971429,18.01400000,18.23733333,18.50340000,18.97983333,19.80085000,17.30362160,17.40772181,-0.10410021,-0.53905273,0.43495252,69.71582477,59.84257664,51.95421381,66.28023968,62.70544553,73.42982800,16.38100000,18.81891887,13.94308113,106294226.11117998,82040229.74249999
2023-07-02,18.70000000,19.74000000,18.53000000,19.45000000,93143280.63980000,0.75000000,4.01069519,6.47058824,18.19400000,17.46000000,17.10933333,16.59400000,16.58080000,17.21833333,17.74085714,17.99975000,18.21755556,18.47560000,18.93333333,19.82750000,17.63383366,17.55900168,0.07483199,-0.41627579,0.49110778,75.15476171,63.72304470,54.41541306,73.15597619,66.18895575,87.09001708,16.59400000,19.32102962,13.86697038,115133746.01955998,85286436.97955000
2023-07-03,19.46000000,19.66000000,18.87000000,19.26000000,59024387.90900000,-0.19000000,-0.97686375,4.05960946,18.85200000,17.67300000,17.36333333,16.80500000,16.59560000,17.15400000,17.70342857,18.00075000,18.19311111,18.44220000,18.89200000,19.85360000,17.88401310,17.68500155,0.19901155,-0.29321832,0.49222987,71.26393698,62.06555880,53.68839098,76.31015418,69.56268856,89.80508542,16.80500000,19.67504493,13.93495507,113889685.40905997,83020538.27839001
2023-07-04,19.25000000,19.94000000,19.06000000,19.13000000,60240000.17870000,-0.13000000,-0.67497404,4.57142857,19.08000000,17.92200000,17.56533333,17.03750000,16.66480000,17.06433333,17.64285714,17.99775000,18.16755556,18.40500000,18.83050000,19.88800000,18.07570339,17.79203848,0.28366492,-0.17784167,0.46150659,68.35826109,60.88352092,53.18110115,77.43476042,72.18671251,87.93085625,17.03750000,19.86761530,14.20738470,98153278.96827999,84101048.91080001
2023-07-05,19.14000000,19.53000000,18.32000000,19.00000000,45542827.12180000,-0.13000000,-0.67956090,6.32183908,19.10800000,18.12600000,17.72266667,17.24900000,16.80040000,17.03100000,17.59114286,17.98900000,18.15400000,18.37160000,18.78200000,19.92045000,18.21790287,17.88151711,0.33638576,-0.07499619,0.41138195,65.16963291,59.64432936,52.66187627,77.20631884,73.85991462,83.89912727,17.24900000,19.99665278,14.50134722,64505442.09065998,84013015.82811001
2023-07-06,18.99000000,21.00000000,18.82000000,19.61000000,191792798.08700001,0.61000000,3.21052632,11.47972617,19.29000000,18.46000000,17.88133333,17.46400000,16.96280000,17.00533333,17.56600000,17.96850000,18.15577778,18.34260000,18.74783333,19.95660000,18.43207166,18.00955288,0.42251878,0.02450681,0.39801198,72.41491010,63.45214270,54.82160335,76.22396565,74.64793163,79.37603368,17.46400000,20.24554368,14.68245632,89948658.78725998,98121442.44922000
2023-07-07,19.61000000,21.90000000,19.26000000,21.50000000,201924527.84720001,1.89000000,9.63793983,13.46251912,19.70000000,18.94700000,18.20666667,17.75700000,17.21520000,17.10066667,17.57285714,17.98575000,18.18866667,18.36580000,18.76250000,20.00440000,18.90406063,18.26810452,0.63595612,0.14679667,0.48915945,84.44517668,72.28970920,60.62897863,81.93814404,77.07800243,91.65842725,17.75700000,20.93574586,14.57825414,111704908.22873998,113419327.12414999
2023-07-08,21.51000000,22.50000000,21.32000000,21.81000000,141295328.47560000,0.31000000,1.44186047,5.48582055,20.21000000,19.53100000,18.51866667,18.07500000,17.48600000,17.19800000,17.59057143,18.01675000,18.24622222,18.39480000,18.78183333,20.05215000,19.35112823,18.53046714,0.82066109,0.28156955,0.53909153,85.67482760,73.43893334,61.47651423,83.76932736,79.30844407,92.69109392,18.07500000,21.54147402,14.60852598,128159096.34206000,121024390.87556000
2023-07-09,21.82000000,22.38000000,20.99000000,21.32000000,83516230.06460001,-0.49000000,-2.24667584,6.37030247,20.64800000,19.86400000,18.83066667,18.33600000,17.75960000,17.32866667,17.57628571,18.01850000,18.29222222,18.41560000,18.78866667,20.09805000,19.65403158,18.73709921,0.91693237,0.40864212,0.50829026,74.50340432,68.53758680,59.36858626,80.62882693,79.74857169,82.38933741,18.33600000,21.95888283,14.71311717,132814342.31924000,115483810.64376000
2023-07-10,21.32000000,21.81000000,20.47000000,21.30000000,119669352.04420000,-0.02000000,-0.09380863,6.28517824,21.10800000,20.10800000,19.12000000,18.56900000,18.02080000,17.51833333,17.61342857,18.03075000,18.33555556,18.44940000,18.80750000,20.14545000,19.90725749,18.92694371,0.98031378,0.52297645,0.45733733,74.03059971,68.33451405,59.28201240,77.51650663,79.00455001,74.54041988,18.56900000,22.32940815,14.80859185,147639647.30371997,106072544.69719000
2023-07-11,21.30000000,22.37000000,21.20000000,22.07000000,101337891.11350000,0.77000000,3.61502347,5.49295775,21.60000000,20.44500000,19.50666667,18.81100000,18.29120000,17.73566667,17.66171429,18.07025000,18.37200000,18.50020000,18.82700000,20.19690000,20.23998711,19.15976269,1.08022441,0.63442604,0.44579837,79.91832449,71.83897034,61.53539774,81.58197731,79.86369244,85.01854704,18.81100000,22.82311271,14.79888729,129548665.90901998,109748662.34814000
2023-07-12,22.06000000,22.80000000,21.74000000,21.94000000,135359662.47270000,-0.13000000,-0.58903489,4.80507706,21.68800000,20.69400000,19.86066667,19.07700000,18.54320000,17.96066667,17.75600000,18.08725000,18.39711111,18.53860000,18.84533333,20.24935000,20.50152755,19.36570620,1.13582135,0.73470510,0.40111625,76.40868754,70.40390257,60.94124715,81.32250868,80.34996452,83.26759700,19.07700000,23.18183720,14.97216280,116235692.83411999,113970300.53143001
2023-07-13,21.93000000,26.82000000,21.42000000,26.01000000,395883099.33319998,4.07000000,18.55059253,24.62380301,22.52800000,21.36900000,20.53000000,19.52100000,18.96560000,18.32633333,17.95942857,18.20775000,18.51800000,18.67440000,18.93000000,20.32250000,21.34898485,19.85787611,1.49110874,0.88598583,0.60512291,91.09716078,82.40697539,70.30728472,84.37186853,81.69059919,89.73440722,19.52100000,24.55496840,14.48703160,167153247.00563997,147656171.67385000
2023-07-14,26.01000000,32.13000000,25.23000000,26.67000000,548113747.13870001,0.66000000,2.53748558,26.52825836,23.59800000,22.12300000,21.10866667,20.02250000,19.38840000,18.73266667,18.22428571,18.32900000,18.63844444,18.82280000,19.02466667,20.39925000,22.16760257,20.36247788,1.80512469,1.06981360,0.73531108,92.05925297,83.58470291,71.46511930,75.90731631,79.76283823,68.19627247,20.02250000,25.79260399,14.25239601,260072750.42045999,196443546.36985001
2023-07-15,26.67000000,29.12000000,26.45000000,27.46000000,308185912.93300003,0.79000000,2.96212973,10.01124859,24.83000000,22.96900000,21.68200000,20.54750000,19.82120000,19.15566667,18.56285714,18.51550000,18.78622222,18.98500000,19.13783333,20.48110000,22.98181756,20.88822026,2.09359730,1.27457034,0.81902696,93.12621402,84.90426631,72.79033437,71.84289878,77.12285841,61.28297951,20.54750000,27.01314972,14.08185028,297776062.59821999,222707854.95097002
2023-07-16,27.47000000,28.70000000,26.46000000,27.42000000,185949789.30680001,-0.04000000,-0.14566642,8.15435020,25.90000000,23.75000000,22.26333333,21.10500000,20.22880000,19.55933333,18.90200000,18.69150000,18.94022222,19.12480000,19.24383333,20.56940000,23.66461486,21.37205580,2.29255906,1.47816809,0.81439097,92.37209112,84.52894052,72.61216380,67.76376214,74.00315965,55.28496710,21.10500000,27.93049555,14.27950445,314698442.23687994,222123554.07295004
2023-07-17,27.41000000,28.49000000,25.55000000,26.80000000,233808383.08530000,-0.62000000,-2.26112327,10.72601240,26.87200000,24.28000000,22.75333333,21.61350000,20.63600000,19.93133333,19.23371429,18.89550000,19.06333333,19.24460000,19.35150000,20.65520000,24.14698180,21.77412574,2.37285606,1.65710568,0.71575038,80.28026437,78.65001506,69.84697381,63.27189631,70.42607187,48.96354519,21.61350000,28.54969120,14.67730880,334388186.35939997,225311939.59676003
2023-07-18,26.80000000,27.09000000,24.76000000,25.54000000,162539120.38299999,-1.26000000,-4.70149254,8.69402985,26.77800000,24.65300000,23.17200000,22.09200000,20.97240000,20.26766667,19.53371429,19.06175000,19.16000000,19.34400000,19.43783333,20.73340000,24.36129229,22.05307939,2.30821291,1.78732713,0.52088578,60.85362438,68.14296144,64.62785036,56.67526078,65.84246818,38.34084598,22.09200000,28.70164399,15.48235601,287719390.56936002,227436318.78749999
2023-07-19,25.54000000,26.99000000,25.35000000,26.31000000,130869739.93050000,0.77000000,3.01487862,6.42129992,26.70600000,25.15200000,23.65066667,22.50800000,21.35920000,20.60800000,19.87171429,19.28450000,19.25977778,19.44520000,19.53833333,20.81510000,24.66109348,22.36840684,2.29268664,1.88839903,0.40428761,66.75342386,70.74817784,66.23663985,53.36752670,61.68415435,36.73427141,22.50800000,29.07777321,15.93822679,204270589.12772000,232171669.77408999
2023-07-20,26.31000000,27.38000000,25.03000000,25.38000000,130841441.19320001,-0.93000000,-3.53477765,8.93196503,26.29000000,25.56000000,24.07600000,22.83400000,21.69600000,20.89933333,20.17485714,19.52875000,19.37933333,19.53660000,19.63450000,20.89205000,24.77169448,22.59148781,2.18020667,1.94676056,0.23344611,54.78626955,63.86652910,62.64572712,47.90328111,57.09052994,29.52878345,22.83400000,29.28762534,16.38037466,168801694.77976000,233288878.68899003
2023-07-21,25.38000000,26.00000000,25.06000000,25.50000000,83937045.07009999,0.12000000,0.47281324,3.70370370,25.90600000,25.90300000,24.46866667,23.17400000,22.06520000,21.17500000,20.46600000,19.77750000,19.49311111,19.63680000,19.73400000,20.96315000,24.88374148,22.80693316,2.07680832,1.97277011,0.10403821,56.00743955,64.35458301,62.91641572,44.63393344,52.93833110,28.02513810,23.17400000,29.42387882,16.92412118,148399145.93242002,231548794.08464998
2023-07-22,25.51000000,25.97000000,24.00000000,24.52000000,60174223.55340000,-0.98000000,-3.84313725,7.72246178,25.45000000,26.16100000,24.67000000,23.42750000,22.38080000,21.43833333,20.71971429,20.01075000,19.62377778,19.70200000,19.80900000,21.01890000,24.82778126,22.93382700,1.89395426,1.95700694,-0.06305268,44.28562938,57.44227415,59.25711249,31.88797694,45.92154638,3.82083807,23.42750000,29.44848042,17.40651958,113672314.02603999,224030250.19272000
2023-07-23,24.52000000,25.26000000,24.15000000,24.76000000,57939891.74060000,0.24000000,0.97879282,4.52691680,25.29400000,26.03600000,24.86666667,23.70250000,22.73240000,21.69266667,20.98571429,20.25375000,19.75422222,19.77340000,19.90133333,21.07555000,24.81735337,23.06909907,1.74825430,1.91525641,-0.16700211,47.51382820,58.62943305,59.85380066,26.20656796,39.34988691,-0.08006993,23.70250000,29.41661871,17.98838129,92752468.29756001,190235929.43346000
2023-07-24,24.76000000,24.83000000,22.89000000,23.37000000,95589118.35349999,-1.39000000,-5.61389338,7.83521809,24.70600000,25.70600000,25.00333333,23.91450000,22.94760000,21.91700000,21.19342857,20.47600000,19.88688889,19.80440000,19.97000000,21.12525000,24.59468362,23.09138803,1.50329559,1.83286425,-0.32956866,33.87320660,49.84447681,54.98700967,20.22491794,32.97489725,-5.27504068,23.91450000,29.21389212,18.61510788,85696343.98216000,144983466.55494002
2023-07-25,23.36000000,23.60000000,22.73000000,23.27000000,58601388.88230000,-0.10000000,-0.42789902,3.72431507,24.28400000,25.28700000,25.13466667,24.12800000,23.12400000,22.12733333,21.38285714,20.68850000,20.05711111,19.86980000,20.03533333,21.17410000,24.39088614,23.10461855,1.28626759,1.72354492,-0.43727732,33.05397945,49.26513173,54.65340143,16.60827863,27.51935771,-5.21387954,24.12800000,28.91280754,19.34319246,71248333.51997998,120025014.14986999
2023-07-26,23.28000000,25.68000000,23.17000000,25.17000000,148145864.38150001,1.90000000,8.16501934,10.78178694,24.21800000,25.06200000,25.34133333,24.40600000,23.38280000,22.42400000,21.60971429,20.93500000,20.27088889,19.96560000,20.11433333,21.23445000,24.51074981,23.25760977,1.25314004,1.62946394,-0.37632390,56.84856398,59.11492721,59.52228768,28.56322518,27.86731353,29.95504847,24.40600000,28.70718906,20.10481094,84090097.38225999,116244621.65734001
2023-07-27,25.18000000,25.65000000,24.66000000,25.10000000,105905173.14770000,-0.07000000,-0.27810886,3.93169182,24.33400000,24.89200000,25.55200000,24.58600000,23.60880000,22.70633333,21.85200000,21.17150000,20.49111111,20.09480000,20.18583333,21.28770000,24.60140369,23.39408312,1.20732057,1.54503527,-0.33771470,55.96908143,58.65723318,59.27760490,36.03139743,30.58867483,46.91684263,24.58600000,28.67101446,20.50098554,93236287.30112000,103454300.66358000
2023-07-28,25.10000000,25.56000000,24.54000000,24.82000000,68413824.77130000,-0.28000000,-1.11553785,4.06374502,24.34600000,24.82000000,25.47266667,24.73650000,23.83120000,23.00133333,22.07171429,21.40575000,20.70844444,20.21340000,20.25666667,21.33055000,24.63503389,23.49970659,1.13532730,1.46309367,-0.32776637,52.10017568,56.74025177,58.27767534,39.00301047,33.39345338,50.22212466,24.73650000,28.60704885,20.86595115,95331073.90726000,94041771.10240999
2023-07-29,24.82000000,25.39000000,24.75000000,25.17000000,44445373.71900000,0.35000000,1.41015310,2.57856567,24.70600000,24.70600000,25.37266667,24.92900000,24.07280000,23.24066667,22.31542857,21.63250000,20.94600000,20.36880000,20.32200000,21.37540000,24.71733637,23.62343203,1.09390434,1.38925581,-0.29535147,56.60023847,58.58587640,59.17590774,50.87458598,39.22049758,74.18276279,24.92900000,28.45140289,21.40659711,85102324.98036000,85399334.48126000
2023-07-30,25.17000000,25.21000000,23.47000000,24.25000000,67970555.18279999,-0.92000000,-3.65514501,6.91299166,24.90200000,24.59300000,25.15866667,25.07650000,24.28280000,23.42033333,22.52371429,21.82275000,21.15666667,20.54160000,20.37933333,21.41485000,24.64543846,23.66984447,0.97559399,1.30652344,-0.33092945,43.66167468,52.19976774,55.87638084,49.55425074,42.66508197,63.33258828,25.07650000,28.18137071,21.97162929,86976158.24046001,79112245.88022001
2023-07-31,24.25000000,24.79000000,23.52000000,23.73000000,76731579.08720000,-0.52000000,-2.14432990,5.23711340,24.61400000,24.41600000,24.91266667,25.15950000,24.44760000,23.58800000,22.73685714,21.98525000,21.34377778,20.70520000,20.43333333,21.45055000,24.50460178,23.67430044,0.83030134,1.21127902,-0.38097768,37.80076344,48.91227138,54.09735721,44.33560219,43.22192204,46.56296248,25.15950000,28.00378494,22.31521506,72693301.18160000,78391699.28193000
2023-08-01,23.72000000,24.07000000,22.84000000,24.05000000,84313016.42710000,0.32000000,1.34850400,5.18549747,24.40400000,24.36900000,24.72933333,25.26500000,24.54960000,23.74133333,22.94885714,22.17100000,21.53066667,20.88240000,20.47983333,21.47935000,24.43466304,23.70213003,0.73253301,1.11552982,-0.38299681,43.41033578,50.98462670,55.01702642,44.47232236,43.63872215,46.13952279,25.26500000,27.73888465,22.79111535,68374869.83747999,80805578.56930001
2023-08-02,24.06000000,24.29000000,22.82000000,23.15000000,77670104.67780000,-0.90000000,-3.74220374,6.10972569,24.07000000,24.20800000,24.57000000,25.12200000,24.60320000,23.87100000,23.15400000,22.32150000,21.70177778,21.04460000,20.51250000,21.47390000,24.23702257,23.66123151,0.57579106,1.00758207,-0.43179101,33.28039426,45.34144453,51.96172903,34.39397762,40.55714064,22.06765158,25.12200000,27.74094796,22.50305204,70226125.81877999,82778599.86301999
2023-08-03,23.14000000,23.38000000,22.44000000,22.65000000,68128726.64139999,-0.50000000,-2.15982721,4.06222990,23.56600000,24.13600000,24.32600000,24.92100000,24.65640000,23.98833333,23.28714286,22.47175000,21.84733333,21.20800000,20.52633333,21.47270000,23.99286526,23.58632547,0.40653978,0.88737361,-0.48083383,28.80001081,42.49109078,50.34107700,25.08981224,35.40136451,4.46670771,24.92100000,27.65427180,22.18772820,74962796.40326001,80032560.69181000
2023-08-04,22.65000000,23.57000000,22.48000000,22.80000000,74192665.66630000,0.15000000,0.66225166,4.81236203,23.27600000,24.08900000,24.15400000,24.68800000,24.71640000,24.11500000,23.39971429,22.61775000,21.98422222,21.36860000,20.57300000,21.46880000,23.80934752,23.52807914,0.28126838,0.76615257,-0.48488418,32.09121757,43.65041249,50.82123970,20.46485925,30.42252942,0.54951891,24.68800000,27.30183042,22.07416958,76207218.49996001,81591688.37021001
2023-08-05,22.80000000,22.94000000,22.23000000,22.65000000,40302201.42200000,-0.15000000,-0.65789474,3.11403509,23.06000000,23.83700000,23.96400000,24.44950000,24.73960000,24.21633333,23.51257143,22.77725000,22.10466667,21.51540000,20.61083333,21.46775000,23.63098637,23.46303624,0.16795012,0.64651208,-0.47856195,30.40467668,42.71112527,50.31359497,17.84744370,26.23083418,1.08066275,24.44950000,26.87760279,22.02139721,68921342.96692000,70807322.07426000
2023-08-06,22.66000000,23.48000000,22.58000000,23.20000000,61527018.54380000,0.55000000,2.42825607,3.97175640,22.89000000,23.64700000,23.87600000,24.26950000,24.79000000,24.27300000,23.61971429,22.94150000,22.25088889,21.66660000,20.68683333,21.47980000,23.56468077,23.44355208,0.12112869,0.54143540,-0.42030671,43.47543012,47.25138898,52.14261486,22.13036331,24.86401056,16.66306882,24.26950000,26.48869355,22.05030645,64364143.39026000,66369506.61386999
2023-08-07,23.20000000,23.67000000,22.27000000,23.12000000,75746901.17990001,-0.08000000,-0.34482759,6.03448276,22.88400000,23.47700000,23.76666667,24.14850000,24.67440000,24.31666667,23.73000000,23.12025000,22.38400000,21.82000000,20.75733333,21.48840000,23.49626835,23.41958526,0.07668309,0.44848494,-0.37180185,42.09547635,46.66455698,51.85290409,24.70883281,24.81228464,24.50192915,24.14850000,26.33973877,21.95726123,63979502.69068000,67102814.25473000
2023-08-08,23.11000000,24.79000000,23.02000000,24.22000000,111090298.36430000,1.10000000,4.75778547,7.65902207,23.19800000,23.38200000,23.82333333,24.04400000,24.57640000,24.41333333,23.87542857,23.27600000,22.55244444,21.98240000,20.87100000,21.48195000,23.60761168,23.47887524,0.12873644,0.38453524,-0.25579880,61.99808720,55.04014608,55.40772380,42.38401354,30.66952761,65.81298541,24.04400000,25.98642821,22.10157179,72571817.03525999,73767306.71926001
2023-08-09,24.22000000,24.99000000,24.10000000,24.38000000,94808230.42010000,0.16000000,0.66061107,3.67464905,23.51400000,23.39500000,23.89733333,23.99400000,24.45320000,24.51600000,24.02914286,23.41400000,22.71733333,22.13720000,21.01716667,21.48100000,23.72644065,23.54562522,0.18081543,0.34379128,-0.16297585,64.14892791,56.13322378,55.90189576,54.22219260,38.52041594,85.62574593,23.99400000,25.84075419,22.14724581,76694929.98602000,76451074.24298999
2023-08-10,24.39000000,24.89000000,24.13000000,24.62000000,62687048.17360000,0.24000000,0.98441345,3.11603116,23.90800000,23.48400000,23.86066667,23.95000000,24.34120000,24.60100000,24.17228571,23.56200000,22.90288889,22.28500000,21.16833333,21.48305000,23.86391132,23.62520854,0.23870278,0.32277358,-0.08407080,67.46362926,57.81163605,56.65376873,65.01286270,47.35123153,100.33612505,23.95000000,25.68417658,22.21582342,81171899.33634000,75046621.15163000
2023-08-11,24.63000000,24.93000000,24.34000000,24.62000000,59437169.25510000,0.00000000,0.00000000,2.39545270,24.19200000,23.54100000,23.82866667,23.95500000,24.25400000,24.69033333,24.26142857,23.69125000,23.08044444,22.44500000,21.32550000,21.48450000,23.98023265,23.69889679,0.28133586,0.31448603,-0.03315017,67.46362926,57.81163605,56.65376873,72.20664277,55.63636861,105.34719109,23.95500000,25.69665680,22.21334320,80753929.47860000,72559036.43442999
2023-08-12,24.63000000,25.24000000,24.40000000,24.91000000,44812274.94330000,0.29000000,1.17790414,3.41047503,24.55000000,23.71700000,23.83466667,23.96250000,24.22880000,24.65366667,24.35000000,23.83250000,23.27911111,22.60060000,21.49000000,21.49515000,24.12327378,23.78860814,0.33466564,0.31852196,0.01614369,71.97257228,60.01181736,57.60480003,77.81661013,63.02978245,107.39026549,23.96250000,25.71997277,22.20502723,74567004.23128000,69273253.46098000
2023-08-13,24.91000000,24.95000000,24.21000000,24.23000000,49547712.21620000,-0.68000000,-2.72982738,2.97069450,24.55200000,23.87500000,23.77200000,24.00550000,24.14560000,24.57233333,24.43314286,23.96000000,23.41777778,22.75240000,21.65250000,21.49370000,24.13969320,23.82130384,0.31838937,0.31849544,-0.00010607,51.78106371,52.94835356,54.66994649,74.02613433,66.69523307,88.68793683,24.00550000,25.74391398,22.26708602,62258487.00166000,67415152.01846001
2023-08-14,24.22000000,25.30000000,24.06000000,25.18000000,72516463.88370000,0.95000000,3.92075939,5.11973576,24.71200000,24.11300000,23.83400000,24.10100000,24.13760000,24.49633333,24.54400000,24.11450000,23.55822222,22.91680000,21.82600000,21.49795000,24.29974040,23.92194800,0.37779241,0.33035483,0.04743757,67.20524383,60.10490367,57.80393776,81.36395754,71.58480790,100.92225682,24.10100000,25.87869691,22.32330309,57800133.69438000,67247531.84019999
2023-08-15,25.19000000,25.42000000,23.74000000,23.90000000,94605194.47310001,-1.28000000,-5.08339952,6.66931322,24.56800000,24.23800000,23.84533333,24.03750000,24.07360000,24.37900000,24.59628571,24.22175000,23.67377778,23.06940000,21.96916667,21.49530000,24.23824188,23.92032222,0.31791966,0.32786780,-0.00994814,44.29579734,49.12277124,52.68297505,71.49131561,71.55364380,71.36665922,24.03750000,25.74371002,22.33128998,64183762.95428000,72677831.14531001
2023-08-16,23.91000000,24.03000000,22.36000000,22.82000000,100697586.35940000,-1.08000000,-4.51882845,6.98452530,24.20800000,24.20000000,23.76333333,23.92350000,24.00560000,24.24633333,24.62142857,24.25475000,23.74866667,23.19320000,22.08883333,21.48940000,24.02005082,23.83881687,0.18123395,0.29854103,-0.11730708,32.93003327,42.05062026,48.87106061,52.67177032,65.25968597,27.49593901,23.92350000,25.63546747,22.21153253,72435846.37514000,76594887.92687002
2023-08-17,22.82000000,23.43000000,20.00000000,21.66000000,140793386.63880000,-1.16000000,-5.08326030,15.03067485,23.55800000,24.05400000,23.66400000,23.76550000,23.88160000,24.11700000,24.49714286,24.25100000,23.80200000,23.30700000,22.19233333,21.46735000,23.65696608,23.67742303,-0.02045695,0.23474143,-0.25519838,24.74615272,35.98096212,45.20517705,45.32361564,58.61432919,18.74218852,23.76550000,25.69814994,21.83285006,91632068.71424000,83099536.47275999
2023-08-18,21.67000000,22.20000000,20.90000000,21.34000000,84162797.66689999,-0.32000000,-1.47737765,5.99907707,22.98000000,23.76600000,23.57666667,23.57400000,23.80040000,23.95133333,24.34485714,24.25150000,23.85111111,23.37400000,22.27966667,21.45425000,23.30050976,23.50428058,-0.20377082,0.14703898,-0.35080980,22.86505004,34.48307740,44.24971644,38.45682617,51.89516152,11.58015547,23.57400000,25.67256492,21.47543508,98555085.80438000,80406786.40301999
2023-08-19,21.34000000,22.18000000,21.29000000,21.90000000,36834078.27590000,0.56000000,2.62417994,4.17057170,22.32400000,23.51800000,23.51666667,23.45650000,23.74560000,23.83533333,24.18600000,24.26650000,23.91555556,23.43480000,22.36733333,21.44415000,23.08504672,23.38544498,-0.30039826,0.05755153,-0.35794980,33.48333921,39.30669650,46.32150945,37.32300096,47.03777467,17.89345356,23.45650000,25.65640694,21.25659306,91418608.68282001,74609371.18860000
2023-08-20,21.89000000,22.04000000,21.57000000,21.77000000,22975768.05990000,-0.13000000,-0.59360731,2.14709913,21.89800000,23.23300000,23.45800000,23.35850000,23.60960000,23.71100000,24.02457143,24.25900000,23.96355556,23.49620000,22.44300000,21.42800000,22.88273184,23.26578239,-0.38305055,-0.03056888,-0.35248167,32.24674886,38.58723580,45.90824438,35.76760950,43.28105294,20.74072261,23.35850000,25.67845712,21.03854288,77092723.40018000,70638243.17722999
2023-08-21,21.78000000,21.79000000,20.30000000,21.20000000,55880117.16290000,-0.57000000,-2.61828204,6.84113866,21.57400000,22.89100000,23.32466667,23.21600000,23.45360000,23.60033333,23.86457143,24.24050000,23.95688889,23.53120000,22.51933333,21.41240000,22.62385002,23.11276147,-0.48891145,-0.12223740,-0.36667406,27.00016865,35.48085518,44.10781358,31.22514680,39.26241756,15.15060527,23.21600000,25.70133721,20.73066279,68129229.56087999,70282537.96801001
2023-08-22,21.20000000,21.26000000,19.35000000,20.59000000,74265939.70450000,-0.61000000,-2.87735849,9.00943396,21.36000000,22.45900000,23.15600000,23.08800000,23.28440000,23.46133333,23.72314286,24.10500000,23.92977778,23.55780000,22.57700000,21.39190000,22.31095002,22.92589025,-0.61494024,-0.22077797,-0.39416227,22.33370949,32.43269633,42.25716282,27.62620989,35.38368167,12.11126633,23.08800000,25.83732030,20.33867970,54823740.17402001,73227904.44413000
2023-08-23,20.59000000,21.82000000,20.33000000,21.74000000,78082936.82940000,1.15000000,5.58523555,7.23652258,21.44000000,22.21000000,22.99066667,23.04250000,23.14720000,23.40700000,23.59257143,23.98175000,23.93911111,23.61000000,22.66200000,21.37890000,22.22311155,22.83804653,-0.61493498,-0.29960937,-0.31532561,44.16490443,42.57826498,46.65981960,31.54213004,34.10316446,26.42006121,23.04250000,25.85180690,20.23319310,53607768.00652000,76081426.90545002
2023-08-24,21.74000000,22.02000000,20.67000000,21.06000000,58030701.12280000,-0.68000000,-3.12787489,6.20975161,21.27200000,21.79800000,22.76933333,22.95550000,23.01960000,23.33333333,23.46914286,23.82175000,23.93377778,23.65120000,22.73033333,21.36685000,22.04417131,22.70633938,-0.66216807,-0.37212111,-0.29004696,36.82091787,38.81836195,44.56334792,33.20757388,33.80463427,32.01345309,22.95550000,25.90090123,20.01009877,57847092.57590000,74632850.62936001
2023-08-25,21.05000000,21.06000000,20.09000000,20.42000000,47660754.94630000,-0.64000000,-3.03893637,4.60807601,21.00200000,21.45000000,22.48933333,22.84400000,22.88720000,23.17500000,23.32400000,23.64675000,23.89711111,23.66740000,22.79950000,21.35565000,21.79429880,22.53698091,-0.74268210,-0.44623331,-0.29644880,30.99912984,35.59140319,42.68002381,30.88021265,32.82982706,26.98098382,22.84400000,25.99944242,19.68855758,62784089.95318000,69938406.67668000
2023-08-26,20.42000000,20.44000000,20.19000000,20.29000000,15106443.23970000,-0.13000000,-0.63663075,1.22428991,20.82000000,21.19700000,22.20066667,22.69850000,22.73680000,23.01466667,23.20314286,23.48400000,23.86044444,23.64320000,22.86050000,21.33800000,21.56286822,22.37053788,-0.80766966,-0.51852058,-0.28914908,29.84877221,34.94764020,42.30110536,31.58096048,32.41353820,29.91580504,22.69850000,26.04726741,19.34973259,54629355.16854000,61379292.36471000
2023-08-27,20.28000000,20.92000000,20.24000000,20.79000000,22767336.91630000,0.50000000,2.46426811,3.35305720,20.86000000,21.11000000,21.92600000,22.58200000,22.64240000,22.88033333,23.08971429,23.36525000,23.74444444,23.62280000,22.94083333,21.32585000,21.44396542,22.25346100,-0.80949558,-0.57671558,-0.23278000,40.10689914,39.53634878,44.28625616,38.01510439,34.28072693,45.48385932,22.58200000,26.02968175,19.13431825,44329634.61090000,49576687.39246000
2023-08-28,20.79000000,20.80000000,20.03000000,20.56000000,33203550.06000000,-0.23000000,-1.10630111,3.70370370,20.62400000,21.03200000,21.68133333,22.39900000,22.55880000,22.72666667,23.00942857,23.22150000,23.60866667,23.60760000,22.98366667,21.32625000,21.30797074,22.12801944,-0.82004871,-0.62538220,-0.19466650,37.11133612,38.18470198,43.56676973,40.33720714,36.29955367,48.41251409,22.39900000,25.86906992,18.92893008,35353757.25702000,44480762.63177000
2023-08-29,20.57000000,22.05000000,20.12000000,21.79000000,112370312.91339999,1.23000000,5.98249027,9.38259601,20.77000000,21.02100000,21.45533333,22.26950000,22.51840000,22.64466667,22.96714286,23.13175000,23.48266667,23.61740000,23.03250000,21.33465000,21.38212908,22.10298096,-0.72085188,-0.64447614,-0.07637574,57.48788427,48.46360036,48.25771062,57.01492822,43.20467852,84.63542762,22.26950000,25.61952577,18.91947423,46221679.61514000,52034386.09552000
2023-08-30,21.79000000,21.99000000,20.60000000,20.82000000,52276975.24410000,-0.97000000,-4.45158330,6.37907297,20.85000000,20.92600000,21.25000000,22.07950000,22.44520000,22.54766667,22.84285714,23.01475000,23.33600000,23.59240000,23.06783333,21.33470000,21.29564769,22.00794534,-0.71229765,-0.65804044,-0.05425721,43.99726713,42.39827654,45.16807901,56.15810029,47.52248578,73.42932933,22.07950000,25.29662179,18.86237821,47144923.67470000,54964506.81394000
2023-08-31,20.82000000,21.07000000,19.43000000,19.74000000,67332480.33670001,-1.08000000,-5.18731988,7.87704131,20.74000000,20.78000000,21.04466667,21.83550000,22.30680000,22.40400000,22.68971429,22.89525000,23.17911111,23.54840000,23.07266667,21.32595000,21.05631727,21.83994939,-0.78363211,-0.68315878,-0.10047334,33.49526362,36.80366465,42.04093570,41.38275389,45.47590848,33.19644470,21.83550000,24.98076528,18.69023472,57590131.09410000,56109743.13132000
2023-09-01,19.74000000,19.93000000,19.02000000,19.33000000,49096752.30590000,-0.41000000,-2.07700101,4.60992908,20.44800000,20.65400000,20.88933333,21.55650000,22.15520000,22.27666667,22.53285714,22.75950000,23.04111111,23.41480000,23.07383333,21.31875000,20.79073000,21.65402721,-0.86329721,-0.71918646,-0.14411075,30.21021623,34.89664945,40.91870649,30.99884362,40.65022019,11.69609048,21.55650000,24.53920294,18.57379706,62856014.17202000,53592824.39146000
2023-09-02,19.33000000,19.69000000,19.13000000,19.50000000,27635764.66980000,0.17000000,0.87946198,2.89705122,20.23600000,20.43000000,20.76666667,21.32000000,21.96640000,22.17166667,22.37085714,22.66275000,22.88977778,23.27140000,23.08000000,21.30705000,20.59215615,21.49446964,-0.90231348,-0.75581187,-0.14650162,33.45738180,36.38758409,41.59326649,25.94642380,35.74895473,6.34136195,21.32000000,24.15665481,18.48334519,61742457.09398000,48548107.17550000
2023-09-03,19.50000000,19.67000000,19.23000000,19.57000000,20100346.65460000,0.07000000,0.35897436,2.25641026,19.79200000,20.28100000,20.61133333,21.03950000,21.77400000,22.06400000,22.23714286,22.57025000,22.76066667,23.11360000,23.08950000,21.28560000,20.43490136,21.35191633,-0.91701497,-0.78805249,-0.12896248,34.95282993,37.03530815,41.87839504,23.34822093,31.61537680,6.81390919,21.03950000,23.32495492,18.75404508,43288463.84221999,44755071.72868000
2023-09-04,19.57000000,20.05000000,19.15000000,19.52000000,43282188.03480000,-0.05000000,-0.25549310,4.59887583,19.53200000,20.19100000,20.46133333,20.82050000,21.57000000,21.95966667,22.11685714,22.42900000,22.62777778,22.95560000,23.08800000,21.27200000,20.29414731,21.21621883,-0.92207152,-0.81485629,-0.10721523,34.29225703,36.74377201,41.72656915,21.06603067,28.09892809,7.00023584,20.82050000,22.76596138,18.87503862,41489506.40036000,44317215.03753000
2023-09-05,19.52000000,20.60000000,19.03000000,20.26000000,83331680.19580001,0.74000000,3.79098361,8.04303279,19.63600000,20.18800000,20.39866667,20.69250000,21.39560000,21.86166667,22.00857143,22.30800000,22.53311111,22.82480000,23.06733333,21.25760000,20.28889387,21.14538780,-0.85649393,-0.82318382,-0.03331011,50.80451922,43.87673020,44.81624003,27.68538459,27.96108025,27.13399325,20.69250000,22.40722723,18.97777277,44689346.37218000,51139738.73314001
2023-09-06,20.26000000,20.39000000,19.14000000,19.64000000,67450770.12989999,-0.62000000,-3.06021718,6.16979269,19.69800000,20.07300000,20.33533333,20.59150000,21.18480000,21.74566667,21.90828571,22.17850000,22.41933333,22.70680000,23.03116667,21.23855000,20.18906405,21.03387759,-0.84481355,-0.82750977,-0.01730378,40.55740831,39.77707132,42.83086807,25.27760513,27.06658855,21.69963829,20.59150000,22.30424203,18.87875797,48360149.93697999,55608082.05450001
2023-09-07,19.63000000,20.00000000,19.32000000,19.92000000,46704804.41220000,0.28000000,1.42566191,3.46408558,19.78200000,20.00900000,20.21400000,20.52050000,21.01240000,21.60233333,21.83028571,22.04725000,22.34266667,22.57900000,23.00783333,21.21395000,20.14766958,20.95136814,-0.80369856,-0.82274753,0.01904896,46.41464520,42.42730943,43.99994916,26.95274685,27.02864131,26.80095793,20.52050000,22.22027677,18.82072323,52173957.88546000,56958207.48972000
2023-09-08,19.92000000,20.28000000,19.37000000,19.61000000,38871204.33140000,-0.31000000,-1.55622490,4.56827309,19.79000000,19.79100000,20.11733333,20.40600000,20.78960000,21.44333333,21.73914286,21.93125000,22.26133333,22.46360000,22.97966667,21.18070000,20.06495118,20.85200754,-0.78705636,-0.81560929,0.02855293,41.04177776,40.28604698,42.98444563,27.56199384,27.20642549,28.27313053,20.40600000,22.02090948,18.79109052,55928129.42082000,49608296.63152000
2023-09-09,19.60000000,19.61000000,19.38000000,19.44000000,12603416.14730000,-0.17000000,-0.86690464,1.17346939,19.77400000,19.65300000,20.05200000,20.28950000,20.61120000,21.27066667,21.64742857,21.82400000,22.13400000,22.34240000,22.93583333,21.15300000,19.96880485,20.74741439,-0.77860954,-0.80820934,0.02959980,38.13666946,39.10535548,42.42415534,27.23542205,27.21609101,27.27408414,20.28950000,21.82428234,18.75471766,49792375.04332000,45640940.72184000
2023-09-10,19.43000000,19.44000000,17.78000000,18.24000000,103500551.95310000,-1.20000000,-6.17283951,8.54348945,19.37000000,19.50300000,19.91533333,20.14150000,20.42800000,21.05800000,21.50571429,21.67875000,21.98155556,22.21680000,22.87416667,21.12340000,19.70283487,20.56167999,-0.85884512,-0.81833650,-0.04050862,23.84162343,31.90489883,38.70780972,23.59430028,26.00882743,18.76524597,20.14150000,21.86576979,18.41723021,53826149.39478000,49257747.88348000
2023-09-11,18.23000000,18.46000000,17.33000000,17.72000000,84740705.28260000,-0.52000000,-2.85087719,6.19857378,18.98600000,19.34200000,19.71066667,19.99800000,20.27040000,20.81833333,21.35142857,21.54300000,21.82377778,22.07600000,22.73600000,21.09245000,19.39778335,20.35118518,-0.95340182,-0.84534956,-0.10805226,19.95256197,29.35016853,37.23299859,19.70506869,23.90757452,11.30005703,19.99800000,22.01753199,17.97846801,57284136.42532001,52822143.18115000
2023-09-12,17.72000000,18.80000000,17.57000000,17.92000000,87276943.03810000,0.20000000,1.12866817,6.94130926,18.58600000,19.18400000,19.53466667,19.80700000,20.13360000,20.60800000,21.17142857,21.42475000,21.66266667,21.96700000,22.59016667,21.06670000,19.17043207,20.17109738,-1.00066532,-0.87641271,-0.12425260,25.55710412,31.64664877,38.17833967,19.15098361,22.32204422,12.80886240,19.80700000,21.85519921,17.75880079,65398564.15050000,58786261.01798000
2023-09-13,17.91000000,18.56000000,17.69000000,18.40000000,73823254.11750001,0.48000000,2.67857143,4.85762144,18.34400000,19.06700000,19.30866667,19.67400000,19.99360000,20.38200000,21.00057143,21.31475000,21.53266667,21.86960000,22.43916667,21.04685000,19.05190406,20.03990499,-0.98800093,-0.89873036,-0.08927057,38.04912344,37.00757365,40.42539104,23.67455992,22.77288278,25.47791419,19.67400000,21.72506801,17.62293199,72388974.10772000,64158551.76426999
2023-09-14,18.40000000,19.33000000,18.38000000,18.85000000,83152569.96699999,0.45000000,2.44565217,5.16304348,18.22600000,19.00000000,19.17733333,19.59550000,19.87680000,20.21366667,20.83571429,21.21975000,21.42422222,21.74320000,22.29633333,21.02485000,19.02084189,19.95176388,-0.93092198,-0.90516868,-0.02575330,47.88712608,41.68513031,42.47096009,32.34077415,25.96217991,45.09796264,19.59550000,21.64652773,17.54447227,86498804.87166001,68145589.95749000
2023-09-15,18.85000000,19.50000000,18.55000000,19.14000000,39672434.63320000,0.29000000,1.53846154,5.03978780,18.40600000,18.88800000,19.13733333,19.53800000,19.79440000,20.09100000,20.67914286,21.11825000,21.31511111,21.62400000,22.16866667,21.00715000,19.03917391,19.89163322,-0.85245931,-0.89462681,0.04216750,53.58700702,44.57836775,43.76932021,42.01249350,31.31228444,63.41291163,19.53800000,21.57145286,17.50454714,73733181.40768000,63779665.40123000
2023-09-16,19.15000000,19.46000000,18.86000000,19.12000000,27107934.46850000,-0.02000000,-0.10449321,3.13315927,18.68600000,18.83600000,19.12333333,19.45450000,19.73560000,20.00633333,20.51371429,21.01825000,21.22555556,21.51000000,22.06166667,20.99330000,19.05160869,19.83447520,-0.78286651,-0.87227475,0.08940824,53.10630045,44.41258803,43.69834797,48.23431770,36.95296219,70.79702872,19.45450000,21.40702576,17.50197424,62206627.24486001,59745381.83509000
2023-09-17,19.12000000,19.14000000,18.63000000,18.81000000,20277133.88300000,-0.31000000,-1.62133891,2.66736402,18.86400000,18.72500000,19.07733333,19.36700000,19.61840000,19.92200000,20.35885714,20.88300000,21.14022222,21.38280000,21.93666667,20.97480000,19.01443813,19.75858815,-0.74415003,-0.84664980,0.10249978,45.51242498,41.78505330,42.58159858,53.79363870,42.56652103,76.24787405,19.36700000,21.26707313,17.46692687,48806665.41384000,57102614.78217000
2023-09-18,18.81000000,20.15000000,18.58000000,19.64000000,72857443.46930000,0.83000000,4.41254652,8.34662414,19.11200000,18.72800000,19.08200000,19.25950000,19.56160000,19.84666667,20.20057143,20.76450000,21.07000000,21.29060000,21.84100000,20.96300000,19.11067841,19.74980384,-0.63912543,-0.80514493,0.16601950,62.66505130,50.36248677,46.40799957,63.16739034,49.43347747,90.63521609,19.25950000,20.78963897,17.72936103,48613503.28420000,60501238.69596000
2023-09-19,19.65000000,20.42000000,19.58000000,20.03000000,62239325.07480000,0.39000000,1.98574338,4.27480916,19.34800000,18.78700000,19.11600000,19.22000000,19.54600000,19.78866667,20.09000000,20.64975000,21.01177778,21.21660000,21.74983333,20.95605000,19.25211250,19.77055911,-0.51844661,-0.74780526,0.22935865,68.29306526,53.84816208,48.10368703,71.23780715,56.70158736,100.31024673,19.22000000,20.61537582,17.82462418,44430854.30576000,65464829.58871000
2023-09-20,20.02000000,20.54000000,19.80000000,20.29000000,52138246.83470000,0.26000000,1.29805292,3.69630370,19.57800000,18.99200000,19.11800000,19.24750000,19.54600000,19.75833333,20.01771429,20.54150000,20.94711111,21.14140000,21.67933333,20.95260000,19.41178750,19.80903622,-0.39724871,-0.67769395,0.28044524,71.70527047,56.09065547,49.22137083,78.01936863,63.80751445,106.44307699,19.24750000,20.70626480,17.78873520,46924016.74606000,60328599.07687000
2023-09-21,20.29000000,20.29000000,19.29000000,19.46000000,58335226.10910000,-0.83000000,-4.09068507,4.92853622,19.64600000,19.16600000,19.10600000,19.25400000,19.49280000,19.72066667,19.95485714,20.40525000,20.86577778,21.06760000,21.59100000,20.94505000,19.41920481,19.78318168,-0.36397687,-0.61495054,0.25097367,50.77356788,47.97297221,45.92653143,72.71466681,66.77656524,84.59086994,19.25400000,20.71546862,17.79253138,53169475.07418000,57688051.15951999
2023-09-22,19.45000000,19.81000000,19.15000000,19.43000000,36258735.79430000,-0.03000000,-0.15416238,3.39331620,19.77000000,19.31700000,19.07333333,19.25050000,19.44760000,19.64366667,19.90028571,20.28525000,20.75933333,21.00320000,21.52533333,20.93905000,19.42086561,19.75702008,-0.33615447,-0.55919132,0.22303686,50.13874677,47.70076561,45.81087342,64.68014824,66.07775957,61.88492558,19.25050000,20.70982176,17.79117824,56365795.45643999,52586230.43514000
2023-09-23,19.42000000,19.57000000,19.29000000,19.49000000,17455702.88110000,0.06000000,0.30880082,1.44181256,19.74000000,19.42600000,19.06533333,19.24650000,19.35560000,19.59133333,19.83142857,20.14300000,20.65066667,20.93700000,21.46233333,20.93525000,19.43150167,19.73724081,-0.30573914,-0.50850089,0.20276175,51.59135288,48.34031246,46.09418288,58.86549246,63.67367053,49.24913632,19.24650000,20.70256933,17.79043067,45285447.33880000,46949475.31150000
2023-09-24,19.48000000,19.68000000,19.20000000,19.36000000,21286773.36580000,-0.13000000,-0.66700872,2.46406571,19.60600000,19.47700000,19.06000000,19.23850000,19.29720000,19.55600000,19.76257143,20.02950000,20.53377778,20.87120000,21.36550000,20.94000000,19.42050141,19.70929705,-0.28879563,-0.46455984,0.17576420,47.95868815,46.98233581,45.55570582,52.50896776,59.95210294,37.62269740,19.23850000,20.68999324,17.78700676,37094936.99700000,40762895.65138000
2023-09-25,19.36000000,19.74000000,19.07000000,19.39000000,33180641.15870000,0.03000000,0.15495868,3.46074380,19.42600000,19.50200000,19.13666667,19.19500000,19.28320000,19.52600000,19.71085714,19.94375000,20.41755556,20.79500000,21.27033333,20.95030000,19.41580889,19.68564541,-0.26983653,-0.42561517,0.15577865,48.95402268,47.35464978,45.70843245,48.78148871,56.22856487,33.88733641,19.19500000,20.56759646,17.82240354,33303415.86180000,40113716.30393000
2023-09-26,19.39000000,19.53000000,18.84000000,19.03000000,38045923.25880000,-0.36000000,-1.85662713,3.55853533,19.34000000,19.49300000,19.22400000,19.16450000,19.27120000,19.46733333,19.66628571,19.87800000,20.28688889,20.71320000,21.17383333,20.95460000,19.35645367,19.63707909,-0.28062541,-0.39661722,0.11599181,38.38289999,43.36783308,44.15736664,40.17405370,50.87706114,18.76803881,19.16450000,20.52249349,17.80650651,29245555.29174000,41207515.18296000
2023-09-27,19.03000000,19.48000000,18.73000000,19.14000000,46717096.30490000,0.11000000,0.57803468,3.94114556,19.28200000,19.52600000,19.30533333,19.12550000,19.25680000,19.42000000,19.59200000,19.82300000,20.17377778,20.61160000,21.07333333,20.95995000,19.32315311,19.60025841,-0.27710531,-0.37271484,0.09560953,42.90366942,44.91374807,44.75508936,34.33334703,45.36248977,12.27506155,19.12550000,20.43611215,17.81488785,31337227.39386000,43851511.42515000
2023-09-28,19.13000000,19.98000000,19.10000000,19.96000000,54608721.00760000,0.82000000,4.28422153,4.60010455,19.37600000,19.55800000,19.40933333,19.14300000,19.27240000,19.35900000,19.56057143,19.77450000,20.05777778,20.52320000,21.00183333,20.95875000,19.42112955,19.62690594,-0.20577639,-0.33932715,0.13355076,65.52813396,54.92084158,49.00126406,45.54083172,45.42193709,45.77862099,19.14300000,20.48970123,17.79629877,38767831.01916000,42026639.17898001
2023-09-29,19.97000000,20.46000000,19.85000000,20.28000000,55001555.00160000,0.32000000,1.60320641,3.05458187,19.56000000,19.58300000,19.50466667,19.18500000,19.30280000,19.34100000,19.55657143,19.73725000,19.97733333,20.43640000,20.94433333,20.95815000,19.55326347,19.67528328,-0.12201981,-0.29586568,0.17384587,70.92359114,58.15687870,50.54901149,60.22567972,50.35651797,79.96400323,19.18500000,20.62018933,17.74981067,45510787.34632000,41302862.17166000
2023-09-30,20.28000000,21.81000000,20.07000000,21.37000000,75104202.50300001,1.09000000,5.37475345,8.57988166,19.95600000,19.69100000,19.65333333,19.34150000,19.34720000,19.39533333,19.58742857,19.74150000,19.94511111,20.37140000,20.89966667,20.96070000,19.83276140,19.80081785,0.03194355,-0.23030383,0.26224738,82.26795340,66.96810354,55.36390612,68.72188172,56.47830589,93.20903339,19.34150000,21.00695426,17.67604574,53895499.61518000,43599457.73849000
2023-10-01,21.37000000,24.50000000,21.13000000,23.87000000,147394194.94490001,2.50000000,11.69864296,15.76977071,20.92400000,20.13200000,19.97000000,19.64900000,19.51640000,19.54666667,19.67542857,19.82350000,19.99422222,20.35060000,20.91166667,20.98385000,20.45387503,20.10223875,0.35163628,-0.11391581,0.46555209,91.44959934,78.36645378,63.79962023,75.50840642,62.82167273,100.88187379,19.64900000,22.12678254,17.17121746,75765153.95240000,52505354.62207000
2023-10-02,23.88000000,24.80000000,22.90000000,23.37000000,151138394.87270001,-0.50000000,-2.09467951,7.95644891,21.77000000,20.52600000,20.27400000,19.92150000,19.65440000,19.67566667,19.75571429,19.86425000,20.03933333,20.33340000,20.92366667,21.00235000,20.90250964,20.34429514,0.55821450,0.02051025,0.53770425,81.34117715,72.87948675,61.37877359,75.81944283,67.15426276,93.14980296,19.92150000,22.76971107,17.07328893,96649413.66596000,63993320.52991001
2023-10-03,23.38000000,24.77000000,23.21000000,23.60000000,141345651.81999999,0.23000000,0.98416774,6.67236955,22.49800000,20.93700000,20.53800000,20.18150000,19.81400000,19.81000000,19.80742857,19.92775000,20.07711111,20.30180000,20.93700000,21.01235000,21.31750816,20.58545846,0.73204969,0.16281814,0.56923156,82.41418557,73.80004053,62.06961392,77.28984272,70.53278941,90.80394933,20.18150000,23.37352477,16.98947523,113996799.82844000,76382315.42379999
2023-10-04,23.61000000,23.86000000,22.58000000,23.13000000,91358908.53650001,-0.47000000,-1.99152542,5.42143160,23.06800000,21.31400000,20.74466667,20.39550000,19.96160000,19.93033333,19.87342857,19.99550000,20.10733333,20.28640000,20.94500000,21.02200000,21.59635305,20.77394302,0.82241004,0.29473652,0.52767352,72.22873666,68.60859421,59.78912863,75.68910986,72.25156290,82.56420380,20.39550000,23.77975752,17.01124248,121268270.53541999,83389528.94087000
2023-10-05,23.13000000,23.76000000,22.53000000,22.70000000,75895759.51380000,-0.43000000,-1.85905750,5.31776913,23.33400000,21.64500000,20.90533333,20.57350000,20.14000000,20.01166667,19.95800000,20.05575000,20.14066667,20.28400000,20.93666667,21.02620000,21.76614489,20.91661391,0.84953099,0.40569541,0.44383557,63.59930110,64.10767757,57.76306777,72.26061470,72.25458017,72.27268378,20.57350000,24.05286640,17.09413360,121426581.93758002,87661040.77638000
2023-10-06,22.70000000,23.76000000,22.66000000,23.41000000,101516273.26600000,0.71000000,3.12775330,4.84581498,23.24200000,22.08300000,21.16866667,20.78800000,20.36760000,20.13733333,20.07457143,20.12125000,20.20333333,20.31900000,20.94150000,21.03260000,22.01904568,21.10130917,0.91773651,0.50810363,0.40963287,70.56685297,67.90078634,60.09304741,73.37842150,72.62919394,74.87687661,20.78800000,24.41585481,17.16014519,112250997.60179999,94008075.77710000
2023-10-07,23.41000000,24.21000000,23.08000000,23.30000000,69543092.16859999,-0.11000000,-0.46988466,4.82699701,23.22800000,22.49900000,21.42666667,21.01250000,20.58280000,20.25000000,20.18314286,20.18975000,20.23800000,20.35820000,20.92616667,21.03645000,22.21611557,21.26417516,0.95194041,0.59687099,0.35506943,68.14191623,66.70926240,59.56186245,72.15127090,72.46988626,71.51404017,21.01250000,24.68045440,17.34454560,95931937.06097999,96290675.36346999
2023-10-08,23.29000000,23.64000000,23.06000000,23.22000000,45188043.05300000,-0.08000000,-0.34334764,2.49033920,23.15200000,22.82500000,21.67533333,21.19150000,20.77560000,20.37033333,20.28742857,20.22550000,20.28600000,20.38460000,20.90683333,21.04545000,22.37055933,21.40905107,0.96150826,0.66979844,0.29170982,66.15783479,65.79326286,59.16497539,70.29957877,71.74645043,67.40583544,21.19150000,24.92624314,17.45675686,76700415.30757999,95348607.56801000
2023-10-09,23.21000000,23.37000000,21.59000000,22.10000000,93745879.43449999,-1.12000000,-4.82342808,7.66910814,22.94600000,23.00700000,21.85800000,21.29500000,20.90560000,20.45900000,20.36114286,20.25750000,20.32333333,20.39120000,20.86483333,21.04515000,22.32893482,21.46023248,0.86870234,0.70957922,0.15912312,44.42615957,54.38748975,53.91651501,55.67655841,66.38981976,34.25003573,21.29500000,25.00888575,17.58111425,77177809.48717999,99223040.01130000
2023-10-10,22.09000000,22.48000000,21.69000000,22.11000000,51580637.17730000,0.01000000,0.04524887,3.57627886,22.82800000,23.08100000,22.03933333,21.38600000,21.02440000,20.58800000,20.41400000,20.31675000,20.36377778,20.40940000,20.82300000,21.05240000,22.29525254,21.50836340,0.78688914,0.72504120,0.06184793,44.62106313,54.46437890,53.95457066,42.51749793,58.43237915,10.68773548,21.38600000,25.08536211,17.68663789,72314785.01987998,96870683.47872999
2023-10-11,22.11000000,22.43000000,21.62000000,22.01000000,60337421.98160000,-0.10000000,-0.45228403,3.66350068,22.54800000,22.89500000,22.23800000,21.51350000,21.14000000,20.73100000,20.48171429,20.38375000,20.39088889,20.43780000,20.77466667,21.06040000,22.25136753,21.54552167,0.70584586,0.72120214,-0.01535627,42.81901148,53.48089255,53.49361496,32.74751434,49.87075754,-1.49897207,21.51350000,25.10764304,17.91935696,64079014.76299999,88165006.18240000
2023-10-12,22.01000000,22.05000000,20.93000000,21.28000000,62502282.29770000,-0.73000000,-3.31667424,5.08859609,22.14400000,22.68600000,22.38066667,21.60600000,21.23880000,20.84300000,20.52057143,20.42825000,20.40688889,20.42860000,20.72550000,21.06210000,22.10192637,21.52585340,0.57607298,0.69217630,-0.11610333,31.62925969,46.75709368,50.22504671,25.38858680,41.71003396,-7.25430754,21.60600000,25.06713094,18.14486906,62670852.78881999,79301394.92490000
2023-10-13,21.29000000,22.23000000,21.11000000,21.84000000,51985427.70560000,0.56000000,2.63157895,5.26068577,21.86800000,22.51000000,22.50600000,21.72350000,21.32680000,20.95766667,20.58428571,20.48500000,20.40800000,20.44420000,20.66983333,21.07175000,22.06163001,21.54912352,0.51250649,0.65624234,-0.14373585,44.88736354,51.82566459,52.54605405,26.17369201,36.53125331,5.45856941,21.72350000,25.03864721,18.40835279,64030329.71933999,70365372.51346001
2023-10-14,21.85000000,22.31000000,21.80000000,22.00000000,28705566.01710000,0.16000000,0.73260073,2.33409611,21.84800000,22.39700000,22.62066667,21.85550000,21.40560000,21.06266667,20.65742857,20.54700000,20.43422222,20.47580000,20.63816667,21.07950000,22.05214847,21.58252178,0.46962669,0.61891921,-0.14929252,48.32310701,53.21389384,53.19671886,28.32311175,33.79520612,17.37892299,21.85550000,24.97910436,18.73189564,51022267.03585999,64100038.26151999
2023-10-15,22.00000000,22.17000000,21.66000000,21.93000000,31890986.61250000,-0.07000000,-0.31818182,2.31818182,21.81200000,22.32000000,22.65800000,21.98250000,21.47120000,21.15566667,20.76285714,20.58875000,20.48288889,20.50860000,20.62333333,21.08365000,22.03335640,21.60826090,0.42509549,0.58015447,-0.15505897,46.79167596,52.49194776,52.86580020,29.04467612,32.21169612,22.71063612,21.98250000,24.88257532,19.08242468,47084336.92290000,59699560.97138999
2023-10-16,21.93000000,24.75000000,21.89000000,23.95000000,163524930.97620001,2.02000000,9.21112631,13.04149567,22.20000000,22.37400000,22.66333333,22.22850000,21.65080000,21.31666667,20.94085714,20.69650000,20.58555556,20.57180000,20.66150000,21.10065000,22.32822464,21.78172306,0.54650159,0.57342389,-0.02692231,74.63166734,66.70989233,60.30186622,45.71564796,36.71301340,63.72091707,22.22850000,24.89971321,19.55728679,67721838.72182000,65900426.74241000
2023-10-17,23.95000000,24.56000000,23.46000000,23.93000000,107191830.76719999,-0.02000000,-0.08350731,4.59290188,22.73000000,22.43700000,22.70066667,22.46800000,21.83080000,21.48733333,21.11257143,20.79675000,20.68400000,20.63920000,20.70466667,21.11450000,22.57465162,21.94085468,0.63379694,0.58549850,0.04829844,74.17058225,66.49494828,60.20373830,56.65510911,43.36037864,83.24457005,22.46800000,24.81218070,20.12381930,76659748.41572000,69665300.60227001
2023-10-18,23.94000000,24.43000000,23.36000000,23.42000000,71109877.91280000,-0.51000000,-2.13121605,4.46950710,23.04600000,22.45700000,22.68866667,22.64100000,21.98800000,21.61333333,21.25600000,20.89200000,20.76955556,20.67180000,20.73000000,21.12620000,22.70470522,22.05042100,0.65428422,0.59925564,0.05502857,62.37795681,61.02513292,57.70512080,59.49782143,48.73952623,81.01441182,22.64100000,24.69909212,20.58290788,80484638.45716000,72257484.08825001
2023-10-19,23.41000000,25.77000000,23.11000000,24.93000000,144450495.71309999,1.51000000,6.44748079,11.36266553,23.63200000,22.74000000,22.80866667,22.87350000,22.21080000,21.77666667,21.42971429,21.02925000,20.88977778,20.75400000,20.78266667,21.14825000,23.04705826,22.26372315,0.78333511,0.63607154,0.14726357,75.95872487,69.20668636,62.51195642,67.21342365,54.89749204,91.84528688,22.87350000,24.85785221,20.88914779,103633624.39636000,77327945.71610999
2023-10-20,24.92000000,27.50000000,24.73000000,27.03000000,192705209.55610001,2.10000000,8.42358604,11.11556982,24.65200000,23.23200000,23.09733333,23.15650000,22.51640000,22.00133333,21.65514286,21.24900000,21.04022222,20.89980000,20.87983333,21.18115000,23.65981853,22.61678070,1.04303783,0.71746480,0.32557304,84.99697533,76.64483662,67.81946280,75.75770608,61.85089672,103.57132479,23.15650000,25.75682609,20.55617391,135796468.98508000,91440402.95399001
2023-10-21,27.02000000,30.31000000,26.65000000,29.32000000,275425425.77359998,2.29000000,8.47206807,13.54552184,25.72600000,23.96300000,23.49133333,23.42900000,22.92800000,22.33000000,21.94657143,21.53900000,21.25533333,21.09960000,21.02533333,21.22315000,24.53061568,23.11331546,1.41730022,0.85743188,0.55986834,89.94404195,81.85797293,72.28445554,80.25151420,67.98443588,104.78567083,23.42900000,27.21575198,19.64224802,158176567.94455999,112949203.33319001
2023-10-22,29.33000000,30.01000000,28.09000000,29.05000000,161191207.25130001,-0.27000000,-0.92087312,6.54619843,26.75000000,24.74000000,23.87466667,23.71300000,23.32440000,22.65066667,22.23914286,21.81725000,21.45822222,21.29060000,21.14716667,21.26355000,25.22590557,23.55306987,1.67283570,1.02051265,0.65232306,85.93492993,79.57342095,71.07125350,81.97885147,72.64924108,100.63807225,23.71300000,28.25732254,19.16867746,168976443.24138001,122818095.82855001
2023-10-23,29.06000000,32.81000000,28.74000000,31.88000000,368359321.65219998,2.83000000,9.74182444,14.00550585,28.44200000,25.74400000,24.45200000,24.12700000,23.80120000,23.06366667,22.58885714,22.15425000,21.73088889,21.53680000,21.32750000,21.31985000,26.24961241,24.16987951,2.07973290,1.23235670,0.84737620,90.98759424,84.51497199,75.55799564,85.20563192,76.83470469,101.94748638,24.12700000,29.95525820,18.29874180,228426331.98926002,154455485.22321001
2023-10-24,31.88000000,32.61000000,29.50000000,30.17000000,348657613.80559999,-1.71000000,-5.36386449,9.75533250,29.49000000,26.56100000,24.99000000,24.47900000,24.19680000,23.42400000,22.87857143,22.43725000,21.96933333,21.74980000,21.49000000,21.36850000,26.85274896,24.61433288,2.23841608,1.43356857,0.80484751,72.18504628,72.89134082,68.82736556,82.07847989,78.58262976,89.07018015,24.47900000,30.87631161,18.08168839,269267755.60776001,186450690.00206000
2023-10-25,30.18000000,33.90000000,30.00000000,32.44000000,342328412.26150000,2.27000000,7.52403049,12.92246521,30.57200000,27.61200000,25.67866667,24.96600000,24.63960000,23.85900000,23.22571429,22.76975000,22.28488889,21.99340000,21.69250000,21.43050000,27.71232604,25.19401192,2.51831412,1.65051768,0.86779644,79.07374306,77.39383681,72.25133963,83.54197084,80.23574345,90.15442561,24.96600000,32.21881622,17.71318378,299192396.14883995,217494432.56696001
2023-10-26,32.43000000,33.28000000,30.73000000,32.77000000,222596123.34020001,0.33000000,1.01726264,7.86308973,31.26200000,28.49400000,26.39600000,25.43400000,24.99560000,24.31700000,23.60600000,23.11100000,22.61933333,22.25600000,21.89216667,21.49295000,28.49042973,25.75519623,2.73523350,1.86746085,0.86777266,79.94040594,77.97400964,72.70611178,85.53709393,82.00286028,92.60556125,25.43400000,33.43356157,17.43443843,288626535.66216004,223401551.80335999
2023-10-27,32.78000000,33.35000000,31.20000000,31.73000000,202864018.83500001,-1.04000000,-3.17363442,6.55887736,31.79800000,29.27400000,27.09266667,25.85550000,25.33000000,24.73666667,23.95742857,23.43400000,22.92622222,22.49220000,22.07833333,21.54715000,28.98882516,26.19777428,2.79105087,2.05217885,0.73887202,69.11527133,71.65184415,68.98795326,83.65432459,82.55334838,85.85627702,25.85550000,34.25974824,17.45125176,296961097.97889996,232968770.61014000
2023-10-28,31.73000000,32.51000000,31.35000000,31.63000000,82954765.45070000,-0.10000000,-0.31515916,3.65584620,31.74800000,30.09500000,27.74533333,26.27600000,25.65120000,25.12566667,24.30428571,23.73375000,23.22022222,22.73260000,22.24233333,21.59040000,29.39515975,26.60016137,2.79499837,2.20074276,0.59425562,68.05197191,71.04758872,68.63577899,80.85133817,81.98601165,78.58199122,26.27600000,34.96188304,17.59011696,239880186.73860002,234153259.36392999
2023-10-29,31.62000000,33.19000000,31.27000000,32.83000000,113025329.75749999,1.20000000,3.79386658,6.07210626,32.28000000,30.88500000,28.46733333,26.81250000,26.03920000,25.54400000,24.68914286,24.05375000,23.53088889,23.00040000,22.44250000,21.63555000,29.92359671,27.06163090,2.86196581,2.33298737,0.52897844,73.84601720,73.92610628,70.52018207,82.31468522,82.09556950,82.75291664,26.81250000,35.73463068,17.89036932,192753729.92897999,231010742.76836997
2023-10-30,32.83000000,35.35000000,32.28000000,34.94000000,260895757.81880000,2.11000000,6.42704843,9.35120317,32.78000000,31.67600000,29.33466667,27.45400000,26.52880000,25.99633333,25.13342857,24.42000000,23.88200000,23.33440000,22.69583333,21.68810000,30.69535106,27.64521380,3.05013726,2.47641735,0.57371992,81.08438624,78.10223361,73.44725375,86.32732917,83.50615606,91.96967540,27.45400000,36.78795928,18.12004072,176467199.04043999,237829797.59463996
2023-10-31,34.94000000,38.62000000,34.82000000,38.40000000,337465622.32929999,3.46000000,9.90269033,10.87578706,33.90600000,32.58400000,30.29800000,28.27350000,27.12840000,26.48066667,25.68685714,24.89350000,24.31044444,23.74800000,23.01366667,21.75655000,31.88068167,28.44186463,3.43881704,2.66889728,0.76991976,87.75371512,82.97902762,77.30334625,90.14264590,85.71831934,98.99129902,28.27350000,38.43617117,18.11082883,199441098.83825999,244033817.25020999
2023-11-01,38.41000000,46.90000000,37.81000000,41.15000000,804674930.00290000,2.75000000,7.16145833,23.66571205,35.79000000,33.79400000,31.44600000,29.26700000,27.84240000,27.07333333,26.31571429,25.43650000,24.80688889,24.21260000,23.37450000,21.84205000,33.30673064,29.38320799,3.92352265,2.91982236,1.00370029,90.83553183,85.73381243,79.74312501,82.41310493,84.61658120,78.00615238,29.26700000,40.39055320,18.14344680,319803281.07183999,308382189.52537000
2023-11-02,41.16000000,44.57000000,38.65000000,40.23000000,615193542.09570003,-0.92000000,-2.23572296,14.38289602,37.51000000,34.62900000,32.56666667,30.18650000,28.52280000,27.62766667,26.89485714,25.95500000,25.26444444,24.64920000,23.71883333,21.91650000,34.37184900,30.18667406,4.18517494,3.17289288,1.01228207,82.50070665,80.95218658,76.85895006,75.11958475,81.45091572,62.45692280,30.18650000,41.75643613,18.61656387,426251036.40083998,333065611.56971997
2023-11-03,40.24000000,40.26000000,37.98000000,39.45000000,402362618.13819999,-0.78000000,-1.93885160,5.66600398,38.83400000,35.55700000,33.53466667,31.05900000,29.21680000,28.17166667,27.44257143,26.45725000,25.69600000,25.06120000,24.05100000,21.99085000,35.15310300,30.87284635,4.28025665,3.39436563,0.88589102,75.45659906,76.98115611,74.47589401,68.05539828,76.98574324,50.19470837,31.05900000,42.66135711,19.45664289,484118494.07697999,338436112.00297999
2023-11-04,39.45000000,42.72000000,39.00000000,42.41000000,307758388.51080000,2.96000000,7.50316857,9.42965779,40.32800000,36.55400000,34.56000000,32.08300000,30.02880000,28.82866667,28.04371429,27.03275000,26.18755556,25.52660000,24.42016667,22.07880000,36.26954870,31.72745033,4.54209837,3.62391218,0.91818619,82.32785280,80.86668786,77.26700427,69.17069015,74.38072554,58.75061937,32.08300000,43.90585761,20.26014239,493491020.21538001,334979109.62791002
2023-11-05,42.41000000,42.85000000,40.10000000,41.15000000,170745448.07139999,-1.26000000,-2.97099741,6.48431974,40.87800000,37.39200000,35.34866667,32.94300000,30.79440000,29.42000000,28.53742857,27.58575000,26.66955556,25.96720000,24.77866667,22.17125000,37.02038736,32.42541697,4.59497039,3.81812382,0.77684657,72.02734301,74.98868131,73.68781730,67.18438418,71.98194509,57.58926236,32.94300000,44.77718438,21.10881562,460146985.36380005,329794042.10102999
2023-11-06,41.16000000,42.20000000,39.66000000,42.16000000,197526734.99149999,1.01000000,2.45443499,6.17103984,41.08000000,38.43500000,36.22266667,33.85450000,31.62960000,30.04866667,29.07428571,28.16125000,27.17466667,26.43420000,25.14933333,22.27105000,37.81109700,33.14649720,4.66459980,3.98741902,0.67718078,75.03220293,76.48344811,74.66927626,68.01415759,70.65934925,62.72377426,33.85450000,45.57339967,22.13560033,338717346.36151999,329260313.71667999
2023-11-07,42.16000000,44.78000000,40.08000000,42.93000000,372908004.03039998,0.77000000,1.82637571,11.14800759,41.62000000,39.56500000,36.95933333,34.83000000,32.47320000,30.70566667,29.62657143,28.73550000,27.69555556,26.90000000,25.53800000,22.37945000,38.59862053,33.87120111,4.72741943,4.13541910,0.59200033,77.26634307,77.59697676,75.39926491,69.62457747,70.31442533,68.24488176,34.83000000,46.13238727,23.52761273,290260238.74845999,358255637.57464999
2023-11-08,42.93000000,43.88000000,42.25000000,43.13000000,197444613.60900000,0.20000000,0.46587468,3.79687864,42.35600000,40.59500000,37.82333333,35.74000000,33.31840000,31.40666667,30.19800000,29.30675000,28.22377778,27.36200000,25.93283333,22.48615000,39.29575584,34.55703806,4.73871777,4.25607883,0.48263894,77.88318417,77.89357872,75.58992522,69.34684856,69.99189974,68.05674620,35.74000000,46.60861052,24.87138948,249276637.84261999,366697565.95980000
2023-11-09,43.12000000,48.88000000,41.36000000,45.29000000,572434384.90240002,2.16000000,5.00811500,17.43970315,42.93200000,41.63000000,38.68000000,36.65300000,34.25280000,32.17933333,30.84342857,29.90475000,28.79933333,27.86200000,26.38366667,22.60525000,40.21794725,35.35207228,4.86587497,4.37803806,0.48783691,83.63715660,80.87653149,77.55067702,68.75456872,69.57945606,67.10479402,36.65300000,47.50869286,25.79730714,302211837.12094003,397851428.66816002
2023-11-10,45.30000000,57.54000000,45.05000000,56.67000000,748150174.96560001,11.38000000,25.12695959,27.57174393,46.03600000,43.45700000,40.27333333,38.02050000,35.56160000,33.33466667,31.79371429,30.72475000,29.63577778,28.60620000,27.03283333,22.78170000,42.74903229,36.93117804,5.81785425,4.66600130,1.15185295,93.81321823,89.22950030,84.42745522,77.68709489,72.28200234,88.49727999,38.02050000,51.54844453,24.49255547,417692782.49978000,438919883.93178999
2023-11-11,56.67000000,63.95000000,53.55000000,56.34000000,802941068.37399995,-0.33000000,-0.58231869,18.35186166,48.87200000,44.97600000,41.91400000,39.38500000,36.85800000,34.50333333,32.73771429,31.54900000,30.46244444,29.34440000,27.67316667,22.95375000,44.83995040,38.36886855,6.47108184,5.02701741,1.44406444,91.82602695,88.01336178,83.65207703,75.35704927,73.30701798,79.45711184,39.38500000,54.51372555,24.25627445,538775649.17628002,438746497.76890004
2023-11-12,56.36000000,61.86000000,54.50000000,56.28000000,593063677.35000002,-0.06000000,-0.10649627,13.05890703,51.54200000,46.58100000,43.55733333,40.60500000,38.17240000,35.65133333,33.68228571,32.36600000,31.26955556,30.08020000,28.30450000,23.12875000,46.59995803,39.69561903,6.90433900,5.40248172,1.50185727,91.40359431,87.77607333,83.50657426,73.32420519,73.31274705,73.34712147,40.60500000,57.06240979,24.14759021,582806783.84020007,436533511.29432994
2023-11-13,56.27000000,59.86000000,51.28000000,51.60000000,619757525.55139995,-4.68000000,-8.31556503,15.24791185,53.23600000,47.79600000,44.80866667,41.67650000,39.23920000,36.63800000,34.52514286,33.07775000,31.96555556,30.72500000,28.85033333,23.27510000,47.36919525,40.57742503,6.79177023,5.68033942,1.11143080,63.89207759,71.39694501,73.15061095,65.26814722,70.63121378,54.54201412,41.67650000,58.06364936,25.28935064,667269366.22867990,458273002.03564996
2023-11-14,51.60000000,57.99000000,51.12000000,56.81000000,669746384.38610005,5.21000000,10.09689922,13.31395349,55.54000000,49.23600000,46.26666667,42.89500000,40.43040000,37.80066667,35.51657143,33.93050000,32.75311111,31.47340000,29.47816667,23.44245000,48.82162675,41.77983799,7.04178876,5.95262929,1.08915947,74.24709106,76.68137359,76.53149677,67.04716059,69.43652938,62.26842301,42.89500000,59.99885429,25.79114571,686731766.12541997,494471801.62318003
2023-11-15,56.81000000,67.12000000,56.15000000,65.43000000,793157487.20099998,8.62000000,15.17338497,19.30998064,57.29200000,51.66400000,48.06866667,44.52800000,41.87480000,39.18333333,36.75714286,34.98100000,33.67666667,32.40140000,30.25000000,23.65365000,51.37676110,43.53170184,7.84505926,6.33111529,1.51394397,83.59034849,82.51269117,80.72235541,75.94810706,71.60705527,84.63021063,44.52800000,63.67590366,25.38009634,695733228.57249999,556713005.53614008
2023-11-16,65.43000000,68.20000000,56.31000000,57.80000000,873421967.78289998,-7.63000000,-11.66131744,18.17209231,57.58400000,53.22800000,49.17866667,45.83150000,43.02480000,40.31233333,37.80057143,35.84350000,34.44177778,33.17460000,30.89983333,23.82895000,52.36495170,44.58861282,7.77633888,6.62016001,1.15617888,60.33820761,66.46351130,69.29331796,71.04935900,71.42115652,70.30576398,45.83150000,64.86015128,26.80284872,709829408.45427990,624302528.81528008
2023-11-17,57.81000000,60.57000000,54.10000000,58.51000000,691077611.19319999,0.71000000,1.22837370,11.19183532,58.03000000,54.78600000,50.39733333,47.17550000,44.09000000,41.48200000,38.84828571,36.72575000,35.21755556,33.94560000,31.54766667,24.01170000,53.31034375,45.61982668,7.69051706,6.83423142,0.85628565,61.53304733,67.11286381,69.70974222,68.66529547,70.50253617,64.99081408,47.17550000,65.77295594,28.57804406,729432195.22291994,656119489.53156006
2023-11-18,58.52000000,59.37000000,54.70000000,58.56000000,423498344.49159998,0.05000000,0.08545548,7.98017772,59.42200000,56.32900000,51.67133333,48.46200000,45.22560000,42.60300000,39.89285714,37.63725000,36.00488889,34.71120000,32.18983333,24.19325000,54.11798317,46.57835804,7.53962513,6.97531016,0.56431497,61.63072915,67.16171145,69.73989786,65.22970742,68.74492659,58.19926909,48.46200000,66.43023115,30.49376885,690180359.01095998,678724862.61982000
2023-11-19,58.56000000,62.10000000,56.61000000,61.10000000,420647369.44720000,2.54000000,4.33743169,9.37500000,60.28000000,57.91000000,52.91733333,49.77000000,46.37200000,43.73866667,41.01200000,38.61200000,36.85822222,35.50580000,32.87000000,24.38755000,55.19213960,47.65403522,7.53810438,7.08786900,0.45023538,66.77409846,69.65916494,71.25676774,62.96344273,66.81776530,55.25479759,49.77000000,67.39910034,32.14089966,640360556.02318001,663546161.07430005
2023-11-20,61.10000000,61.33000000,56.00000000,56.57000000,419235822.36549997,-4.53000000,-7.41407529,8.72340426,58.50800000,57.90000000,53.94533333,50.67850000,47.32400000,44.64700000,41.94400000,39.47600000,37.59511111,36.15980000,33.48850000,24.56170000,55.40411813,48.31447706,7.08964107,7.08822342,0.00141765,51.88810817,60.68036807,65.17657478,52.61185019,62.08246026,33.67063004,50.67850000,67.70284947,33.65415053,565576223.05608010,630654725.81428993
2023-11-21,56.57000000,57.40000000,51.23000000,51.65000000,586407080.00820005,-4.92000000,-8.69718932,10.90684108,57.27800000,57.43100000,54.57800000,51.20350000,48.12080000,45.40033333,42.73600000,40.23525000,38.22511111,36.72540000,34.02550000,24.70585000,54.82656149,48.56155283,6.26500866,6.92358047,-0.65857180,40.20626074,52.64103915,59.42953887,36.10891496,53.42461183,1.47752122,51.20350000,67.62764304,34.77935696,508173245.50114000,609001326.97771001
2023-11-22,51.65000000,58.94000000,51.43000000,57.56000000,437326650.28530002,5.91000000,11.44240077,14.54017425,57.08800000,57.55900000,55.55333333,52.07000000,49.15800000,46.25633333,43.71142857,41.12825000,38.98822222,37.40460000,34.66000000,24.88410000,55.24709049,49.22810447,6.01898602,6.74266158,-0.72367556,54.85644466,59.64687150,63.46729421,36.64091598,47.83004655,14.26265486,52.07000000,67.87336540,36.26663460,457423053.31955993,593427624.27124000
2023-11-23,57.55000000,59.63000000,56.14000000,56.51000000,284148025.19510001,-1.05000000,-1.82418346,6.06429192,56.67800000,58.05000000,56.44533333,52.92300000,50.10520000,47.13433333,44.61371429,41.99100000,39.75288889,38.07220000,35.27916667,25.05835000,55.44138426,49.76750414,5.67388012,6.52890529,-0.85502516,52.13321102,57.98438172,62.31748652,34.79852069,43.48620459,17.42315289,52.92300000,67.66422197,38.18177803,429552989.46026003,559866674.23561001
2023-11-24,56.52000000,58.79000000,56.20000000,56.86000000,224921680.87430000,0.35000000,0.61935941,4.58244869,55.83000000,58.05500000,57.21666667,53.64550000,50.98200000,47.94833333,45.46600000,42.86425000,40.52511111,38.75540000,35.90366667,25.23955000,55.65963284,50.29287420,5.36675863,6.29647596,-0.92971732,53.06520301,58.40595183,62.55345237,34.25774489,40.41005136,21.95313195,53.64550000,67.61334951,39.67765049,390407851.74567997,515384203.88443005
2023-11-25,56.86000000,59.82000000,55.70000000,58.82000000,239441357.65410000,1.96000000,3.44706296,7.24586704,56.28000000,57.39400000,57.36000000,54.52900000,51.79880000,48.81666667,46.30885714,43.73600000,41.34311111,39.46360000,36.56683333,25.43040000,56.14584317,50.92451315,5.22133002,6.08144677,-0.86011675,58.49570747,60.80826765,63.87531052,46.11356559,42.31122277,53.71825123,54.52900000,67.35787680,41.70012320,354448958.80340004,460012590.92973995
2023-11-26,58.81000000,59.04000000,56.12000000,57.57000000,178464407.28270000,-1.25000000,-2.12512751,4.96514198,57.46400000,57.37100000,57.44200000,55.29950000,52.45560000,49.67800000,47.12371429,44.57700000,42.14955556,40.14900000,37.20733333,25.61370000,56.36494422,51.41677144,4.94817278,5.85479197,-0.90661919,53.73735404,58.45920646,62.40922533,50.18426605,44.93557053,60.68165709,55.29950000,66.78072032,43.81827968,272860424.25829995,390516834.87971997
2023-11-27,57.57000000,58.09000000,53.47000000,55.06000000,255149638.21610001,-2.51000000,-4.35990968,8.02501303,56.96400000,57.02600000,57.36066667,55.90600000,53.04880000,50.45900000,47.78600000,45.36800000,42.88777778,40.78580000,37.79233333,25.78815000,56.16418357,51.68664022,4.47754335,5.57934225,-1.10179890,44.93053210,53.89822379,59.54555736,45.20104091,45.02406066,45.55500141,55.90600000,65.80904026,46.00295974,236425021.84446001,346924037.58201003
2023-11-28,55.06000000,58.65000000,53.94000000,58.18000000,318405563.22790003,3.12000000,5.66654559,8.55430440,57.29800000,56.98800000,57.79933333,56.65850000,53.79800000,51.30400000,48.58628571,46.19925000,43.69177778,41.50740000,38.42400000,25.97455000,56.47430918,52.16762983,4.30667934,5.32480967,-1.01813032,55.74824707,58.30902047,61.81801922,53.07132100,47.70648077,63.80100146,56.65850000,64.55857668,48.75842332,243276529.45102000,336414759.45564002
2023-11-29,58.18000000,61.78000000,57.72000000,59.31000000,452934119.58929998,1.13000000,1.94224820,6.97834307,57.78800000,56.80900000,57.96600000,57.35950000,54.47400000,52.11633333,49.35400000,47.00625000,44.52244444,42.25140000,39.05633333,26.16690000,56.91056930,52.69669429,4.21387501,5.10262274,-0.88874772,59.22905846,59.82760683,62.61174920,60.91010658,52.10768937,78.51494098,57.35950000,63.24280188,51.47619812,288879017.19401997,339643434.46985000
2023-11-30,59.31000000,61.70000000,58.75000000,59.30000000,275587046.65799999,-0.01000000,-0.01686056,4.97386613,57.88400000,57.08200000,57.55733333,57.49100000,55.20000000,52.81300000,50.11200000,47.75575000,45.30800000,42.99720000,39.64683333,26.35875000,57.27817403,53.18582805,4.09234598,4.90056738,-0.80822141,59.17962454,59.80657600,62.59973232,65.95295350,56.72277741,84.41330567,57.49100000,63.42674684,51.55525316,296108154.99479997,325278556.89910001
2023-12-01,59.30000000,61.90000000,58.60000000,59.75000000,328236649.12860000,0.45000000,0.75885329,5.56492411,58.32000000,57.89200000,57.68733333,57.66150000,55.90360000,53.43300000,50.91257143,48.52325000,46.10400000,43.76660000,40.25316667,26.55255000,57.65845494,53.67206301,3.98639194,4.71773230,-0.73134036,60.94004222,60.48841270,62.93378129,68.80058505,60.74871329,84.90432857,57.66150000,63.65367130,51.66932870,326062603.36398000,299461513.81114000
2023-12-02,59.74000000,63.90000000,59.67000000,63.66000000,303922362.68540001,3.91000000,6.54393305,7.08068296,60.04000000,58.50200000,58.03066667,58.03050000,56.73280000,54.21400000,51.82771429,49.31775000,46.99822222,44.60300000,40.92083333,26.76750000,58.58176957,54.41191019,4.16985938,4.60815771,-0.43829833,73.05577934,65.96167600,65.71057297,78.43337182,66.64359947,102.01291652,58.03050000,64.55017540,51.51082460,335817148.25784004,286121085.05114996
2023-12-03,63.66000000,65.53000000,62.22000000,62.98000000,297939228.06199998,-0.68000000,-1.06817468,5.19949733,61.00000000,59.14900000,58.32533333,58.59950000,57.52680000,54.99833333,52.68914286,50.13800000,47.84377778,45.42260000,41.58500000,26.97710000,59.25842040,55.04658351,4.21183689,4.52889355,-0.31705665,68.61412264,64.27252702,64.82921700,78.57415501,70.62045132,94.48156240,58.59950000,64.73095977,52.46804023,331723881.22466004,287500205.33783996
2023-12-04,62.99000000,65.25000000,59.75000000,61.64000000,480297269.40670002,-1.34000000,-2.12765957,8.73154469,61.46600000,59.62700000,58.36133333,58.84100000,58.18080000,55.63933333,53.45200000,50.86800000,48.61288889,46.21680000,42.23400000,27.18360000,59.62481727,55.53498473,4.08983253,4.44108135,-0.35124881,59.98945344,60.91891454,63.08921201,74.96430677,72.06840313,80.75611404,58.84100000,65.05560385,52.62639615,337196511.18814003,313037764.19107997
2023-12-05,61.63000000,62.60000000,59.11000000,61.03000000,365959805.86309999,-0.61000000,-0.98961713,5.66282655,61.81200000,59.84800000,58.65866667,58.62100000,58.35520000,56.30200000,54.09857143,51.57450000,49.31755556,46.95840000,42.86100000,27.38695000,59.84099922,55.94202290,3.89897633,4.33266034,-0.43368402,56.13494902,59.38025285,62.29499115,70.87172690,71.66951105,69.27615859,58.62100000,64.12430006,53.11769994,355271063.02916002,325689609.01198000
2023-12-06,61.04000000,66.68000000,61.03000000,61.85000000,708229617.18340003,0.82000000,1.34360151,9.25622543,62.23200000,60.27600000,59.33866667,58.82350000,58.57560000,56.95833333,54.69000000,52.32750000,50.04644444,47.71680000,43.50350000,27.59480000,60.15007627,56.37965083,3.77042543,4.22021336,-0.44978793,60.25447413,60.83104613,62.94925149,67.94378863,70.42760358,62.97615873,58.82350000,64.49507743,53.15192257,431269656.64011991,378666130.00205004
2023-12-07,61.85000000,69.37000000,61.64000000,67.74000000,693832168.86710000,5.89000000,9.52303961,12.49797898,63.04800000,61.54400000,60.01733333,59.28500000,59.03400000,57.78533333,55.47600000,53.23025000,50.84333333,48.60320000,44.24550000,27.83545000,61.31775684,57.22115818,4.09659866,4.19549042,-0.09889176,78.03495044,69.39617703,67.21340396,73.96538698,71.60686471,78.68243152,59.28500000,66.21226573,52.35773427,509251617.87645996,422534383.06715000
2023-12-08,67.74000000,75.30000000,67.74000000,74.94000000,813635345.24784613,7.20000000,10.62887511,11.16031887,65.44000000,63.22000000,61.24600000,60.10400000,59.96760000,58.84566667,56.49000000,54.28300000,51.83822222,49.60340000,45.12616667,28.11250000,63.41348656,58.53366498,4.87982158,4.33235665,0.54746493,86.73789302,76.30562132,71.41044944,81.92502845,75.04625263,95.68258009,60.10400000,69.93495519,50.27304481,612390841.31362927,472057361.26914465
2023-12-09,74.93000000,77.78000000,71.50000000,72.30000000,661734151.01189995,-2.64000000,-3.52281825,8.38115575,67.57200000,64.51900000,62.27533333,60.66400000,60.58720000,59.74600000,57.34400000,55.21700000,52.72400000,50.50880000,45.96266667,28.37390000,64.78064247,59.55339350,5.22724897,4.51133512,0.71591386,73.86123474,69.98536540,68.07620439,78.42620944,76.17290490,82.93281853,60.66400000,71.90822547,49.41977453,648678217.63466918,492937364.41140461
2023-12-10,72.31000000,74.89000000,70.67000000,74.87000000,429356414.64880002,2.57000000,3.55463347,5.83598396,70.34000000,66.07600000,63.34533333,61.57900000,60.96480000,60.35266667,58.30742857,56.12875000,53.65955556,51.41980000,46.84366667,28.65215000,66.33285132,60.68795694,5.64489438,4.73804697,0.90684741,77.72433078,72.41206019,69.52177091,80.42197216,77.58926065,86.08739517,61.57900000,74.30162783,48.85637217,661357539.39180923,508314301.21048462
2023-12-11,74.88000000,75.00000000,64.18000000,70.25000000,901955694.28180003,-4.62000000,-6.17069587,14.44978632,72.02000000,67.12600000,64.19066667,62.50900000,61.46280000,60.81633333,59.11000000,56.85625000,54.51555556,52.24380000,47.65983333,28.90715000,66.93548958,61.39625643,5.53923315,4.89828420,0.64094895,58.93491764,62.50205646,64.07886731,73.50395359,76.22749163,68.05687750,62.50900000,74.89033723,50.12766277,700102754.81148934,565686205.72580457
2023-12-12,70.24000000,72.42000000,65.75000000,68.60000000,541671172.22829998,-1.65000000,-2.34875445,9.49601367,72.19200000,67.62000000,65.09333333,63.06100000,61.86640000,61.22700000,59.84342857,57.56550000,55.33711111,52.97820000,48.43916667,29.15340000,67.19156811,61.92986706,5.26170104,4.97096757,0.29073347,53.40219906,59.33812365,62.26226401,65.94603869,72.80034065,52.23743477,63.06100000,75.49759100,50.62440900,669670555.48372912,589461086.68009460
2023-12-13,68.60000000,72.60000000,63.67000000,70.62000000,559579173.07340002,2.02000000,2.94460641,13.01749271,71.32800000,68.38400000,65.92266667,63.76650000,62.34880000,61.86100000,60.62885714,58.34475000,56.17688889,53.78720000,49.24950000,29.40435000,67.71901917,62.57358062,5.14543855,5.00586177,0.13957678,59.04987538,61.91305176,63.58119418,64.51392760,70.03820296,53.46537686,63.76650000,76.23916531,51.29383469,618859321.04883993,615625081.18123460
2023-12-14,70.62000000,76.24000000,68.18000000,75.68000000,543474285.62419999,5.06000000,7.16510903,11.41319739,72.00400000,69.78800000,67.01400000,64.70750000,62.93200000,62.49000000,61.49714286,59.17650000,57.08222222,54.65200000,50.14533333,29.67870000,68.94378545,63.54442650,5.39935895,5.08456121,0.31479775,69.98498858,67.53162398,66.62971028,72.16351392,70.74663995,74.99726186,64.70750000,77.81006845,51.60493155,595207347.97130001,621942782.80298460
2023-12-15,75.68000000,79.50000000,72.13000000,72.51000000,673033918.09969997,-3.17000000,-4.18868922,9.73837209,71.53200000,70.93600000,67.89466667,65.39200000,63.56960000,62.72600000,61.94971429,59.96050000,57.84022222,55.44680000,50.95466667,29.93840000,69.49243384,64.20854305,5.28389079,5.12442712,0.15946367,58.28434014,61.34664905,63.17282293,68.39642996,69.96323662,65.26281664,65.39200000,78.62921007,52.15478993,643942848.66148007,652650194.02664459
2023-12-16,72.51000000,77.22000000,71.18000000,73.72000000,410808269.58639997,1.21000000,1.66873535,8.32988553,72.22600000,72.12300000,68.82600000,66.19950000,64.45240000,63.25666667,62.44628571,60.74950000,58.56400000,56.28660000,51.78450000,30.20075000,70.14282864,64.91309542,5.22973322,5.14548834,0.08424488,61.25166715,62.76661503,63.91843375,66.75996994,68.89548106,62.48894770,66.19950000,79.39793288,53.00106712,545713363.72239995,622908059.26694465
2023-12-17,73.71000000,75.05000000,70.36000000,70.87000000,372478234.03439999,-2.85000000,-3.86597938,6.36277303,72.68000000,72.43600000,69.30666667,66.99000000,64.98480000,63.66866667,62.86314286,61.44800000,59.24488889,57.07140000,52.57533333,30.45105000,70.25470115,65.35434761,4.90035354,5.09646138,-0.19610784,50.99837432,57.35291331,60.88857439,59.66773317,65.81956510,47.36406932,66.99000000,79.23891660,54.74108340,511874776.08362007,590772665.78367460
2023-12-18,70.85000000,75.46000000,67.00000000,74.42000000,509564447.46179998,3.55000000,5.00917172,11.94071983,73.44000000,72.38400000,70.06933333,67.80200000,65.70120000,64.19733333,63.51514286,62.23025000,60.02200000,57.90320000,53.40016667,30.72070000,70.89551636,66.02587742,4.86963894,5.05109689,-0.18145795,60.80538393,61.82690380,63.15844547,62.41483327,64.68465449,57.87519085,67.80200000,79.74107975,55.86292025,501871830.96130002,560365576.00506997
2023-12-19,74.41000000,76.37000000,71.78000000,73.00000000,452723595.90810001,-1.42000000,-1.90808922,6.16852574,72.90400000,72.45400000,70.82666667,68.48650000,66.34680000,64.59400000,63.97771429,62.92300000,60.70177778,58.66440000,54.16633333,30.97940000,71.21928307,66.54247909,4.67680398,4.97623831,-0.29943433,55.47605059,59.12050153,61.66469676,61.25613016,63.54181305,56.68476440,68.48650000,79.93530647,57.03769353,483721693.01808006,539464520.49469006
2023-12-20,73.00000000,84.14000000,72.96000000,82.21000000,844729188.45019996,9.21000000,12.61643836,15.31506849,74.84400000,73.18800000,72.23866667,69.63200000,67.28240000,65.44866667,64.45714286,63.56150000,61.61422222,59.54060000,55.04783333,31.28450000,72.91016260,67.70303619,5.20712641,5.02241593,0.18471048,73.53160898,68.78769720,66.95422293,71.02794283,66.03718964,81.00944920,69.63200000,81.77419541,57.48980459,518060747.08817995,581001797.87483001
2023-12-21,82.22000000,95.54000000,81.03000000,93.84000000,1071627249.96010005,11.63000000,14.14669748,17.64777426,78.86800000,75.54700000,74.37133333,71.33650000,68.73320000,66.85500000,65.48685714,64.49900000,62.76266667,60.59440000,56.12766667,31.64460000,76.13013759,69.63910759,6.49103000,5.31613874,1.17489125,83.60578019,76.45712672,72.03803061,78.90723853,70.32720594,96.06730371,71.33650000,86.76424845,55.90875155,650224543.16292000,597968953.44266009
2023-12-22,93.86000000,99.50000000,90.34000000,97.90000000,1142233209.19149995,4.06000000,4.32651321,9.75921585,84.27400000,78.47700000,76.38200000,73.04850000,70.44680000,68.19966667,66.61228571,65.53950000,63.98422222,61.74780000,57.22800000,32.03410000,79.47934719,71.73250702,7.74684016,5.80227903,1.94456113,85.86027981,78.47169489,73.52188062,84.29713338,74.98384842,102.92370330,73.04850000,92.07006812,54.02693188,804175538.19433999,658025157.13898003
2023-12-23,97.91000000,110.00000000,92.80000000,107.88000000,834085981.57200003,9.98000000,10.19407559,17.56715351,90.96600000,82.20300000,78.57800000,75.29350000,72.43480000,69.91200000,68.02142857,66.94650000,65.42311111,63.11640000,58.52316667,32.47160000,83.84867839,74.41009910,9.43857929,6.52953908,2.90904021,89.94075373,82.48969002,76.69418246,87.88801140,79.28523608,105.09356204,75.29350000,99.26586767,51.32113233,869079845.01637995,685475837.98884010
2023-12-24,107.88000000,118.10000000,107.30000000,112.45000000,1381818060.28290009,4.57000000,4.23618836,10.01112347,98.85600000,85.88000000,81.25466667,77.83400000,74.56040000,71.76500000,69.48857143,68.33750000,66.91555556,64.51720000,59.85666667,32.94065000,88.24888171,77.22786953,11.02101218,7.42783370,3.59317848,91.31757547,83.98301571,77.95613817,88.23975711,82.27007642,100.17911849,77.83400000,106.09894232,49.56905768,1054898737.89134002,769310215.45471001
2023-12-25,112.45000000,126.36000000,107.92000000,120.91000000,1304701622.32380009,8.46000000,7.52334371,16.39839929,106.59600000,90.72000000,84.32400000,80.82800000,77.02480000,73.83466667,71.32685714,69.72450000,68.34311111,66.11240000,61.32566667,33.45075000,93.27366914,80.46358290,12.81008624,8.50428421,4.30580203,93.34196383,86.33628774,80.04351731,89.09941579,84.54652288,98.20520162,80.82800000,113.87882122,47.77717878,1146893224.66605997,832476985.87712002
2023-12-26,120.91000000,121.36000000,102.09000000,112.49000000,1381917663.71650004,-8.42000000,-6.96385741,15.93747415,110.32600000,94.59700000,87.14000000,83.36000000,79.13440000,75.66533333,73.06514286,71.09175000,69.59088889,67.51900000,62.67166667,33.92620000,96.23002774,82.83591009,13.39411764,9.48225090,3.91186675,73.01077596,74.45849067,72.87668261,84.94430954,84.67911843,85.47469175,83.36000000,118.00949912,48.71050088,1208951307.41734004,929587925.29013002
2023-12-27,112.48000000,115.30000000,104.58000000,106.91000000,984653333.03840005,-5.58000000,-4.96044093,9.53058321,112.12800000,98.20100000,89.69400000,85.31850000,80.86440000,77.39366667,74.47514286,72.30175000,70.71600000,68.79860000,63.92633333,34.38270000,97.87310039,84.61917601,13.25392438,10.23658559,3.01733879,62.23129157,67.72271578,68.62750442,78.08428502,82.48084063,69.29117381,85.31850000,120.67144421,49.96555579,1177435332.18672013,990805435.19053006
2023-12-28,106.92000000,109.66000000,97.14000000,101.80000000,1043685011.56190002,-5.11000000,-4.77972126,11.70968949,110.91200000,100.93900000,91.77266667,86.66150000,82.41720000,78.84766667,75.76914286,73.38275000,71.83155556,69.97200000,65.07583333,34.81395000,98.47723879,85.89182964,12.58540915,10.70635030,1.87905885,53.54390732,62.10956053,65.00559810,70.05868689,78.34012272,53.49581525,86.66150000,122.39309962,50.92990038,1219355138.18470025,1044217491.60054016
2023-12-29,101.80000000,110.00000000,99.00000000,106.17000000,998024734.43060005,4.37000000,4.29273084,10.80550098,109.65600000,104.25600000,93.80533333,88.35500000,84.19840000,80.40966667,77.17800000,74.50950000,72.92844444,71.18960000,66.26300000,35.26885000,99.66074052,87.39391634,12.26682418,11.01844508,1.24837910,59.36520810,64.82915756,66.57956311,65.19244469,73.95756338,47.66220733,88.35500000,124.42954067,52.28045933,1142596473.01424003,1098747605.45279002
2023-12-30,106.17000000,107.47000000,100.62000000,101.90000000,432370368.80489999,-4.27000000,-4.02185175,6.45191674,105.85400000,106.22500000,95.76466667,89.70650000,85.83320000,81.82966667,78.40885714,75.64275000,73.73888889,72.09420000,67.32133333,35.70315000,100.00524198,88.46844105,11.53680093,11.12211625,0.41468468,51.76018002,60.22168441,63.66015999,54.15939030,67.35817235,27.76182620,89.70650000,125.67903354,53.73396646,968130222.31045985,1057511723.48826003
2023-12-31,101.90000000,105.21000000,99.54000000,101.72000000,393154901.34420002,-0.18000000,-0.17664377,5.56427870,103.70000000,107.01300000,97.63133333,91.28000000,87.42800000,83.22866667,79.67028571,76.89450000,74.71488889,73.00180000,68.33083333,36.13935000,100.26905090,89.45003801,10.81901289,11.06149558,-0.24248268,51.42691847,60.02550139,63.53761035,44.96601387,59.89411952,15.10980257,91.28000000,126.41241358,56.14758642,770377669.83600008,989664488.62667012
2024-01-01,101.72000000,109.93000000,101.44000000,109.91000000,464763783.10890001,8.19000000,8.05151396,8.34644121,104.30000000,108.21400000,100.23400000,93.34550000,89.11480000,84.77033333,81.23742857,78.20325000,75.85711111,74.07440000,69.49216667,36.61505000,101.75227384,90.96559075,10.78668309,11.00653308,-0.21984999,64.06109436,65.58963731,66.59113118,44.54499031,54.77774312,24.07948470,93.34550000,127.71264923,58.97835077,666399759.85009992,921917546.01841009
2024-01-02,109.93000000,116.95000000,106.02000000,106.73000000,872701826.11609995,-3.18000000,-2.89327632,9.94269080,105.28600000,108.09900000,102.38800000,95.15100000,90.38640000,86.22866667,82.62457143,79.45875000,76.92755556,75.17700000,70.61350000,37.07215000,102.51807787,92.13332477,10.38475310,10.88217708,-0.49742399,57.13657079,61.93787275,64.40584818,40.63665565,50.06404730,21.78187235,95.15100000,128.26238898,62.03961102,632203122.76093996,925779130.47281992
2024-01-03,106.72000000,109.90000000,85.00000000,98.52000000,1229680872.76489997,-8.21000000,-7.69230769,23.33208396,103.75600000,106.70600000,104.08933333,96.29300000,91.43520000,87.45800000,83.74485714,80.50025000,77.75911111,76.01120000,71.54866667,37.48655000,101.90298896,92.60641182,9.29657714,10.56505709,-1.26847995,42.80268745,53.54198528,59.17437042,39.48567655,46.53792371,25.38118223,96.29300000,128.12769283,64.45830717,678534350.42779994,910565411.72101998
2024-01-04,98.52000000,108.15000000,96.60000000,104.91000000,737464117.30159998,6.39000000,6.48599269,11.72350792,104.35800000,105.10600000,105.60266667,97.91300000,92.63680000,88.92066667,85.04800000,81.65250000,78.83333333,76.80080000,72.61133333,37.93385000,102.36560605,93.51778872,8.84781732,10.22160914,-1.37379182,53.66045230,58.33717010,61.70092384,47.09582401,46.72389048,47.83969108,97.91300000,127.89548619,67.93051381,739553100.12713993,853841661.21879995
2024-01-05,104.91000000,105.48000000,95.23000000,99.94000000,670654588.26400006,-4.97000000,-4.73739396,9.77027929,104.00200000,103.85100000,106.00933333,99.22400000,93.82440000,90.19033333,86.19628571,82.71175000,79.90644444,77.64360000,73.57433333,38.35305000,101.99243588,93.99350808,7.99892781,9.77707287,-1.77814507,45.58410451,53.63958950,58.75010093,46.98407047,46.81061714,47.33097712,99.22400000,126.96127524,71.48672476,795053037.51109993,782715353.67355001
2024-01-06,99.93000000,100.30000000,91.53000000,93.77000000,489617161.26859999,-6.17000000,-6.17370422,8.77614330,100.77400000,102.53700000,105.73400000,100.36900000,94.83120000,91.05800000,87.05657143,83.67950000,80.71111111,78.34880000,74.42166667,38.73870000,100.72744575,93.97695192,6.75049382,9.17175706,-2.42126324,37.23528006,48.36512325,55.32268426,40.47242674,44.69788701,32.02150620,100.36900000,124.88116403,75.85683597,800023713.14303994,733211736.49656999
2024-01-07,93.77000000,96.80000000,87.68000000,89.44000000,518106999.38830000,-4.33000000,-4.61768156,9.72592514,97.31600000,101.30100000,104.50466667,101.12000000,95.58400000,91.54133333,87.81257143,84.46100000,81.44288889,78.96640000,75.19350000,39.09975000,98.99091563,93.64088141,5.35003422,8.40741250,-3.05737827,32.25957607,44.97906236,53.05606055,31.61385570,40.33654324,14.16848062,101.12000000,123.07129441,79.16870559,729104747.79747987,680653935.27920997
2024-01-08,89.44000000,99.97000000,85.16000000,97.88000000,898941032.18470001,8.44000000,9.43649374,16.55858676,97.18800000,100.47200000,103.53333333,102.36400000,96.47200000,92.39400000,88.84800000,85.42525000,82.35444444,79.70200000,76.07000000,39.50605000,98.82000554,93.95489020,4.86511534,7.69895306,-2.83383772,48.39067307,52.10862490,56.66709739,34.51356681,38.39555110,26.74959825,102.36400000,120.00154536,84.72645464,662956779.68144000,670745565.05462003
2024-01-09,97.88000000,104.89000000,95.25000000,99.36000000,856996851.97270000,1.48000000,1.51205558,9.84879444,96.07800000,100.21800000,102.09666667,103.22150000,97.54600000,93.21033333,89.94314286,86.42675000,83.25533333,80.55780000,76.78150000,39.91720000,98.90308161,94.35526870,4.54781291,7.06872503,-2.52091213,50.85336613,53.26704469,57.26855175,37.99078685,38.26062968,37.45110118,103.22150000,118.20063254,88.24236746,686863326.61565995,713208213.37140012
2024-01-10,99.36000000,105.52000000,91.68000000,102.00000000,844272802.60539997,2.64000000,2.65700483,13.92914654,96.49000000,100.24600000,101.39733333,103.62950000,98.67720000,94.26866667,91.09028571,87.48300000,84.24266667,81.56480000,77.54250000,40.34400000,99.37953059,94.92154509,4.45798550,6.54657713,-2.08859163,55.40808590,55.36785665,58.34472095,43.06323714,39.86149883,49.46671375,103.62950000,117.96332966,89.29567034,721586969.48394001,758320003.49752009
2024-01-11,101.99000000,107.32000000,97.67000000,99.90000000,917867725.42330003,-2.10000000,-2.05882353,9.46171193,97.71600000,99.24500000,100.93000000,103.72950000,99.83840000,95.31200000,92.00914286,88.38900000,85.23911111,82.41160000,78.26950000,40.75870000,99.45960281,95.29031953,4.16928328,6.07111836,-1.90183508,50.90485988,53.28908803,57.15004991,48.65527723,42.79275830,60.38031510,103.72950000,117.92223865,89.53676135,807237082.31488001,803630397.72896004
2024-01-12,99.89000000,100.49000000,87.00000000,92.12000000,617727525.69659996,-7.78000000,-7.78778779,13.50485534,98.25200000,97.78400000,100.28466667,102.94150000,100.54640000,96.02866667,92.50000000,89.11750000,85.99333333,83.12380000,78.94483333,41.13795000,98.33043314,95.05548105,3.27495210,5.51188510,-2.23693301,37.39374680,46.26837041,52.95803931,42.52819555,42.70457072,42.17544522,102.94150000,117.89367397,87.98932603,827161187.57653999,778132967.68701005
2024-01-13,92.14000000,97.05000000,89.51000000,95.85000000,378014581.52990001,3.73000000,4.04906644,8.18319948,97.84600000,97.51700000,99.59666667,102.11150000,101.46040000,96.70100000,93.17285714,89.97275000,86.80533333,83.90360000,79.59550000,41.53405000,97.94882805,95.11433430,2.83449374,4.97640683,-2.14191309,45.68735171,49.73215802,54.62318563,44.43215444,43.28043196,46.73559939,102.11150000,116.67927594,87.54372406,722975897.44558001,692966338.56350994
2024-01-14,95.85000000,102.87000000,93.62000000,93.81000000,563898813.33969998,-2.04000000,-2.12832551,9.65049557,96.73600000,96.40700000,99.05733333,100.75650000,101.92440000,97.41100000,93.71400000,90.79225000,87.57222222,84.60340000,80.06850000,41.92325000,97.31208527,95.01771695,2.29436832,4.43999913,-2.14563081,42.03293609,47.89020792,53.54159472,42.63286830,43.06457740,41.76945009,100.75650000,112.78152877,88.73147123,664356289.71898007,675609808.16732001
2024-01-15,93.81000000,96.96000000,92.97000000,94.36000000,343222588.91549999,0.55000000,0.58629144,4.25327790,95.20800000,95.84900000,98.56666667,99.85000000,101.94520000,98.09900000,94.40285714,91.60500000,88.34133333,85.33920000,80.67783333,42.30510000,96.85791830,94.96899717,1.88892113,3.92978353,-2.04086240,43.49518459,48.45174138,53.79896219,42.26066070,42.79660517,41.18877175,99.85000000,110.83957975,88.86042025,564146246.98100007,642866608.23247004
2024-01-16,94.35000000,98.73000000,94.16000000,97.61000000,364626155.02710003,3.25000000,3.44425604,4.84366720,94.75000000,96.23300000,97.74666667,99.38500000,101.93360000,98.99033333,95.23171429,92.35175000,89.09577778,86.19020000,81.32950000,42.69885000,96.97362318,95.16462701,1.80899617,3.50562606,-1.69662989,52.06873469,51.79995367,55.32497524,46.90121062,44.16480699,52.37401789,99.38500000,109.89325340,88.87674660,453497932.90175998,630367507.60832000
2024-01-17,97.60000000,102.80000000,96.50000000,102.10000000,694509428.59280002,4.49000000,4.59993853,6.45491803,96.74600000,97.49900000,97.43800000,99.40000000,101.70240000,99.91300000,96.13114286,93.03075000,89.96511111,87.06860000,82.05516667,43.11585000,97.76229654,95.67835834,2.08393819,3.22128849,-1.13735029,61.70239044,56.09767317,57.35553409,56.03781495,48.12247631,71.86849225,99.40000000,109.92361355,88.87638645,468854313.48100007,648007750.52876997
2024-01-18,102.10000000,103.59000000,91.41000000,94.40000000,605242236.53429997,-7.70000000,-7.54162586,11.92948090,96.45600000,97.15100000,97.16333333,98.81150000,100.98040000,100.62633333,96.66600000,93.58325000,90.69311111,87.77040000,82.61016667,43.49060000,97.24502015,95.58366513,1.66135501,2.90930179,-1.24794678,43.64860644,48.07778983,53.04140085,49.49765091,48.58086784,51.33121706,98.81150000,109.05368372,88.56931628,514299844.48188001,618637870.96372998
2024-01-19,94.39000000,95.47000000,87.04000000,93.62000000,586831116.74000001,-0.78000000,-0.82627119,8.93103083,96.41800000,96.57700000,96.41066667,98.39750000,99.88880000,101.00666667,97.26914286,94.05200000,91.41733333,88.45680000,83.22766667,43.86240000,96.68732474,95.43820846,1.24911628,2.57726469,-1.32814841,42.14946222,47.33004646,52.62301094,43.85801400,47.00658323,37.56087553,98.39750000,108.78241796,88.01258204,518886305.16193998,591621297.44045997
2024-01-20,93.62000000,94.27000000,90.20000000,92.88000000,258219863.82510000,-0.74000000,-0.79042940,4.34736167,96.12200000,95.66500000,95.94000000,97.95550000,99.10440000,100.97466667,97.81657143,94.61775000,92.10688889,89.11940000,83.91483333,44.23115000,96.10158247,95.24871153,0.85287094,2.23238594,-1.37951500,40.56338059,46.58026328,52.21527005,41.05302199,45.02206281,33.11494034,97.95550000,108.49632285,87.41467715,501885760.14385998,533016003.56243002
2024-01-21,92.88000000,93.93000000,90.79000000,91.09000000,186423090.09209999,-1.79000000,-1.92721792,3.38070629,94.81800000,94.78400000,95.76133333,97.01450000,98.47160000,100.74766667,98.39428571,95.18000000,92.62577778,89.66800000,84.47366667,44.59160000,95.33056978,94.94065883,0.38991096,1.86389094,-1.47397999,36.56900250,44.71119605,51.21365902,35.52578102,41.85663555,22.86407197,97.01450000,106.35352841,87.67547159,466245147.15685999,459871540.02930993
2024-01-22,91.08000000,91.90000000,82.06000000,83.84000000,613926823.35880005,-7.25000000,-7.95916127,10.80368906,91.16600000,93.95600000,95.38800000,95.87000000,97.75320000,99.94633333,98.66342857,95.51050000,92.82355556,90.08520000,84.92916667,44.91275000,93.56278982,94.11838780,-0.55559799,1.37999316,-1.93559114,24.73202308,37.97790319,47.37304019,26.43969857,36.71765656,5.88378260,95.87000000,105.78821079,85.95178921,450128626.11005992,459491469.79552996
2024-01-23,83.84000000,86.00000000,79.00000000,84.35000000,677658028.81719995,0.51000000,0.60830153,8.34923664,89.15600000,92.80600000,94.48600000,95.16150000,96.88040000,99.00966667,98.98771429,95.72725000,93.09133333,90.53940000,85.38733333,45.22700000,92.14543754,93.39480352,-1.24936598,0.85412133,-2.10348731,26.73393094,38.68648204,47.66114809,24.87873629,32.77134980,9.09350926,95.16150000,106.23931334,84.08368666,464611784.56664002,489455814.52426004
2024-01-24,84.36000000,89.47000000,83.30000000,88.77000000,522038046.01899999,4.42000000,5.24007113,7.31389284,88.18600000,92.30200000,93.78000000,94.35450000,96.35520000,97.93833333,99.17514286,96.13375000,93.40022222,91.09420000,85.88650000,45.56180000,91.62613946,93.05222548,-1.42608603,0.39807986,-1.82416589,42.60886686,44.66361821,50.13014470,29.82969026,31.79079662,25.90747754,94.35450000,104.77415041,83.93484959,451653170.42243993,485269737.79219007
2024-01-25,88.77000000,89.64000000,85.09000000,86.91000000,350394786.47189999,-1.86000000,-2.09530247,5.12560550,86.99200000,91.55700000,92.77400000,93.70300000,95.76280000,97.08566667,98.97714286,96.46350000,93.77044444,91.59540000,86.37550000,45.88975000,90.90057954,92.59724582,-1.69666628,-0.02086937,-1.67579691,38.40657170,42.75043446,49.11280700,30.60897610,31.39685645,29.03321541,93.70300000,104.28040412,83.12559588,470088154.95179999,485986957.54782999
2024-01-26,86.90000000,93.72000000,85.96000000,92.28000000,425941268.20700002,5.37000000,6.17880566,8.92980437,87.23000000,91.02400000,92.26600000,93.62850000,95.05760000,96.59800000,98.81657143,96.99875000,94.29666667,92.08620000,86.99583333,46.24465000,91.11279807,92.57374613,-1.46094806,-0.30888511,-1.15206295,54.09256927,49.55597211,52.04469633,38.40788186,33.73386492,47.75591574,93.62850000,104.22488921,83.03211079,517991790.57477999,492118468.86582005
2024-01-27,92.29000000,94.50000000,90.68000000,94.28000000,253216534.31180000,2.00000000,2.16731686,4.13912667,89.31800000,90.24200000,92.41000000,93.87050000,94.55960000,96.34733333,98.42800000,97.49525000,94.82244444,92.47300000,87.59750000,46.60570000,91.60005991,92.70013530,-1.10007540,-0.46712317,-0.63295223,58.78376002,51.88009597,53.09495849,56.53016856,41.33263280,86.92524008,93.87050000,104.28361011,83.45738989,445849732.76538002,447989179.43772000
2024-01-28,94.27000000,99.44000000,93.31000000,95.98000000,541703113.86269999,1.70000000,1.80313958,6.50259892,91.64400000,90.40000000,92.41866667,93.77550000,94.45800000,96.00766667,97.95742857,98.06975000,95.27355556,92.94660000,88.20866667,46.97590000,92.27389684,92.94308824,-0.66919140,-0.50753681,-0.16165459,62.67428665,53.85166956,53.98873225,65.37758139,49.34761566,97.43751284,93.77550000,104.06856864,83.48243136,418658749.77447999,441635267.17056006
2024-01-29,95.99000000,101.98000000,95.06000000,101.68000000,569954869.72520006,5.70000000,5.93873724,7.20908428,94.22600000,91.20600000,92.94333333,93.89150000,94.32880000,96.00033333,97.40800000,98.55650000,95.92177778,93.48280000,88.91500000,47.35425000,93.72098964,93.59026689,0.13072274,-0.37988490,0.51060765,72.94832811,59.86633598,56.86449036,76.48322658,58.39281930,112.66404114,93.89150000,104.49710780,83.28589220,428242114.51572001,439947642.46907997
2024-01-30,101.67000000,106.49000000,100.95000000,101.40000000,726848061.36780000,-0.28000000,-0.27537372,5.44900167,97.12400000,92.05800000,93.41266667,93.86150000,94.38720000,95.98966667,97.09114286,98.74550000,96.53688889,94.10580000,89.60916667,47.72790000,94.90237585,94.16876564,0.73361021,-0.15718588,0.89079609,71.78360450,59.45110740,56.68289416,78.15020974,64.97861611,104.49339700,93.86150000,104.37351473,83.34948527,503532769.49490005,486810462.22335005
2024-01-31,101.40000000,102.73000000,95.90000000,96.96000000,859420024.33369994,-4.44000000,-4.37869822,6.73570020,98.06000000,92.64500000,93.36933333,93.71450000,94.51480000,95.55800000,96.80685714,98.72200000,97.11666667,94.67300000,90.16416667,48.07540000,95.21893341,94.37552374,0.84340967,0.04293323,0.80047644,55.05645414,53.08217332,53.83802023,73.87775593,67.94499605,85.74327569,93.71450000,103.94954501,83.47945499,590228520.72024000,554110155.64750993
2024-02-01,96.96000000,98.11000000,93.11000000,97.81000000,627562058.69939995,0.85000000,0.87665017,5.15676568,98.76600000,94.04200000,93.08333333,93.99900000,94.84960000,95.26066667,96.69285714,98.47025000,97.63644444,95.21680000,90.74466667,48.42735000,95.61755904,94.62992939,0.98762965,0.23187251,0.75575713,57.34012484,54.10891143,54.29624886,70.10852839,68.66617350,72.99323817,93.99900000,104.36294134,83.63505866,665097625.59775996,555473679.18156993
2024-02-02,97.81000000,102.57000000,97.39000000,100.58000000,548625813.66620004,2.77000000,2.83202127,5.29598201,99.68600000,95.66500000,93.49533333,94.23550000,94.95760000,95.32933333,96.53314286,98.17350000,98.24933333,95.71480000,91.39366667,48.79625000,96.38101149,95.07067536,1.31033613,0.44756524,0.86277090,64.41169074,57.42145794,55.78861756,70.86674478,69.39969726,73.80083983,94.23550000,104.98595453,83.48504547,666482165.55846000,542570457.66647005
2024-02-03,100.57000000,101.24000000,96.53000000,97.96000000,274762025.03280002,-2.62000000,-2.60489163,4.68330516,98.94200000,96.58400000,93.78466667,94.44300000,94.90160000,95.09766667,96.42057143,97.59975000,98.59933333,96.22380000,92.00916667,49.15835000,96.62393280,95.28469941,1.33923339,0.62589887,0.71333453,54.21185755,53.44112585,54.04681346,66.72817894,68.50919115,63.16615451,94.44300000,105.31835137,83.56764863,607443596.61997998,517842855.56784999
2024-02-04,97.95000000,98.59000000,95.08000000,95.49000000,282911440.80330002,-2.47000000,-2.52143732,3.58346095,97.76000000,97.44200000,93.95866667,94.49950000,94.64120000,94.94933333,96.24257143,97.17475000,98.63600000,96.65920000,92.56983333,49.50425000,96.44948160,95.29990686,1.14957474,0.73063404,0.41894070,45.97555553,49.88483054,52.43629835,54.62671343,63.88169858,36.11674313,94.49950000,105.38477247,83.61422753,518656272.50707996,511094521.00099003
2024-02-05,95.48000000,98.70000000,94.11000000,95.66000000,375072768.13810003,0.17000000,0.17802911,4.80728948,97.50000000,97.78000000,94.26333333,94.40200000,94.47160000,95.01233333,95.83542857,96.89350000,98.58622222,97.15500000,93.03516667,49.85565000,96.32802289,95.32658043,1.00144247,0.78479573,0.21664674,46.64504834,50.13398429,52.53787112,42.77057428,56.84465714,14.62240854,94.40200000,105.20458176,83.59941824,421786821.26795995,506007670.99410009
2024-02-06,95.66000000,97.88000000,92.88000000,96.88000000,408309176.20139998,1.22000000,1.27535020,5.22684508,97.31400000,98.04000000,95.13266667,94.14100000,94.66200000,95.26033333,95.55400000,96.77050000,98.34177778,97.60420000,93.40083333,50.21255000,96.41294245,95.44164854,0.97129391,0.82209536,0.14919854,51.79003852,52.00216685,53.28492685,38.31043428,50.66658286,13.59813713,94.14100000,104.39897538,83.88302462,377936244.76836002,521516935.18306005
2024-02-07,96.87000000,101.58000000,94.62000000,101.14000000,446039059.91970003,4.26000000,4.39719240,7.18488696,97.42600000,98.55600000,96.25200000,94.47800000,94.87360000,95.36900000,95.62885714,96.64475000,98.09044444,98.16700000,93.88150000,50.59565000,97.14018207,95.86374865,1.27643342,0.91296298,0.36347045,65.66377361,57.99647076,55.81875363,45.77051240,49.03455937,39.24241845,94.47800000,105.20397752,83.75202248,357418894.01906002,511950529.78876001
2024-02-08,101.14000000,104.98000000,100.51000000,102.76000000,521415121.73229998,1.62000000,1.60174016,4.41961637,98.38600000,98.66400000,97.18466667,94.93500000,95.23160000,95.48233333,95.56742857,96.66625000,97.68711111,98.57800000,94.34633333,50.98565000,98.00476945,96.37458208,1.63018736,1.05640785,0.57377951,69.64951332,60.06546705,56.74964371,57.73130579,51.93347484,69.32696767,94.93500000,106.26869174,83.60130826,406749513.35896003,507096554.98947001
2024-02-09,102.77000000,109.13000000,102.76000000,106.94000000,705846559.51409996,4.18000000,4.06773063,6.19830690,100.67600000,99.21800000,98.52000000,95.63800000,95.73480000,95.64700000,95.76742857,96.79675000,97.56377778,98.84000000,94.95783333,51.40350000,99.37942030,97.15720563,2.22221467,1.28956922,0.93264545,77.67389866,64.92821370,59.07147775,67.32856283,57.06517084,87.85534682,95.63800000,108.12093589,83.15506411,491336537.10112000,504996404.80409992
2024-02-10,106.94000000,110.86000000,106.86000000,109.01000000,429171975.24339998,2.07000000,1.93566486,3.74041519,103.34600000,100.42300000,99.63533333,96.53400000,96.19080000,95.95066667,96.20285714,96.77425000,97.61044444,99.06220000,95.63133333,51.83220000,100.86104795,98.03519040,2.82585755,1.59682688,1.22903066,80.70539662,67.09294817,60.17622116,74.78930514,62.97321561,98.42148422,96.53400000,110.16239358,82.90560642,502156378.52217996,461971599.89506996
2024-02-11,109.01000000,110.67000000,107.24000000,107.46000000,300070898.86570001,-1.55000000,-1.42188790,3.14650032,105.46200000,101.38800000,100.51400000,97.71500000,96.40520000,96.46200000,96.71771429,96.79250000,97.73622222,99.05380000,96.24533333,52.24365000,101.87627134,98.73332445,3.14294689,1.90605088,1.23689601,71.92945442,63.87254051,58.93330759,76.88957013,67.61200045,95.44470950,97.71500000,110.79432800,84.63567200,480508723.05504000,429222483.91170001
2024-02-12,107.46000000,112.22000000,103.40000000,111.64000000,665452212.16849995,4.18000000,3.88981947,8.20770519,107.56200000,102.49400000,101.55800000,99.07950000,97.09480000,96.98833333,97.11085714,97.12050000,97.85777778,99.03760000,96.84466667,52.67635000,103.37838344,99.68937449,3.68900895,2.26264250,1.42636646,79.23619825,68.34286211,61.18909308,83.59339146,72.93913079,104.90191282,99.07950000,111.98092461,86.17807539,524391353.50479996,440905123.76192999
2024-02-13,111.65000000,115.15000000,108.25000000,112.48000000,631903077.79330003,0.84000000,0.75241849,6.18002687,109.50600000,103.94600000,102.27800000,100.26500000,97.84920000,97.61066667,97.48571429,97.30975000,98.09288889,98.86900000,97.51083333,53.11465000,104.77863214,100.63682823,4.14180391,2.63847478,1.50332913,80.46257684,69.17892827,61.63104443,85.06585325,76.98137161,101.23481654,100.26500000,113.52992407,87.00007593,546488944.71700001,476619229.03797996
2024-02-14,112.49000000,118.69000000,110.61000000,116.97000000,563977441.67390001,4.49000000,3.99182077,7.18286070,111.51200000,106.09400000,103.31600000,101.76800000,98.81280000,98.36433333,97.91342857,97.73550000,98.43177778,98.95860000,98.23166667,53.57365000,106.65422720,101.84669280,4.80753439,3.07228670,1.73524769,85.83062750,73.29199753,63.92248078,87.82254094,80.59509472,102.27743338,101.76800000,115.46642342,88.06957658,518115121.14895999,504725829.12504005
2024-02-15,116.97000000,118.39000000,111.51000000,113.50000000,567749563.97490001,-3.47000000,-2.96657263,5.88185005,112.41000000,107.87800000,104.41866667,102.82900000,99.70920000,98.89400000,98.30200000,98.22875000,98.51155556,99.09040000,98.94216667,54.01990000,107.70742301,102.70990074,4.99752227,3.45733382,1.54018845,68.40138226,65.87987259,60.98537196,84.69432379,81.96150441,90.15996255,102.82900000,116.71898564,88.93901436,545830638.89525998,523993508.70871991
2024-02-16,113.50000000,114.25000000,107.94000000,110.33000000,438070793.20230001,-3.17000000,-2.79295154,5.55947137,112.98400000,109.22300000,105.25333333,103.63150000,100.76880000,99.16833333,98.82228571,98.75100000,98.59155556,99.26100000,99.54066667,54.45290000,108.11089640,103.27435254,4.83654385,3.73317582,1.10336803,55.94695451,59.84797472,58.42626898,74.46801637,79.46367506,64.47669899,103.63150000,117.29455087,89.96844913,573430617.76258004,526969670.40880996
2024-02-17,110.32000000,111.08000000,105.00000000,108.92000000,314210779.89929998,-1.41000000,-1.27798423,5.51124003,112.44000000,110.00100000,105.80933333,104.27850000,101.75160000,99.65233333,99.19571429,99.02700000,98.82266667,99.31600000,100.13933333,54.87725000,108.23537387,103.69254865,4.54282522,3.89510570,0.64771952,50.99135139,57.30219457,57.31008347,62.53507013,73.82080675,39.96359689,104.27850000,117.63810648,90.91889352,503182331.30874002,513786842.40677005
2024-02-18,108.92000000,114.04000000,107.51000000,112.24000000,343205223.46569997,3.32000000,3.04810870,5.99522585,112.39200000,110.94900000,106.76133333,104.80650000,102.69040000,100.27300000,99.72228571,99.34900000,98.98555556,99.52280000,100.63983333,55.32270000,108.85147020,104.32569319,4.52577701,4.02123996,0.50453704,60.80175559,61.50800235,59.22405149,60.96190200,69.53450517,43.81669566,104.80650000,118.56251882,91.05048118,445442760.44321996,495965852.58010995
2024-02-19,112.25000000,114.87000000,110.75000000,111.53000000,422129836.04570001,-0.71000000,-0.63257306,3.67037862,111.30400000,111.40800000,107.83066667,105.31300000,103.67520000,100.89466667,100.21285714,99.58725000,99.24311111,99.71900000,100.93466667,55.76710000,109.26355171,104.85934555,4.40420616,4.09783320,0.30637295,57.83093842,60.12629168,58.63738987,58.36527061,65.81142698,43.47295788,105.31300000,119.28518003,91.34081997,417073239.31757998,467594180.23326999
2024-02-20,111.53000000,112.11000000,103.00000000,108.31000000,614703000.80990005,-3.22000000,-2.88711557,8.16820586,110.26600000,111.33800000,108.67400000,105.88050000,104.31640000,101.46866667,100.51857143,99.79750000,99.56622222,99.68700000,101.10816667,56.19465000,109.11685145,105.11494958,4.00190186,4.07864694,-0.07674507,45.68320751,54.11224088,56.01166643,50.19125116,60.60470171,29.36435005,105.88050000,119.33664237,92.42435763,426463926.68457997,486147282.78992003
2024-02-21,108.32000000,108.40000000,100.23000000,105.03000000,493622986.47060001,-3.28000000,-3.02834457,7.54246677,109.20600000,111.09500000,109.21733333,106.24150000,104.74640000,102.17500000,100.60228571,100.12025000,99.91266667,99.65300000,101.06066667,56.60655000,108.48810507,105.10865702,3.37944805,3.93880716,-0.55935911,36.34986944,48.69931525,53.46682837,42.12822305,54.44587549,17.49291818,106.24150000,119.16276648,93.32023352,437574365.33824003,505502491.55041009
2024-02-22,105.04000000,107.10000000,101.53000000,101.76000000,408028903.11970001,-3.27000000,-3.11339617,5.30274181,107.77400000,110.10700000,109.25866667,106.30050000,104.97760000,102.75533333,100.81257143,100.26800000,99.99888889,99.71780000,100.88250000,56.99935000,107.45301198,104.86060835,2.59240363,3.66952645,-1.07712282,29.21030584,43.92103541,51.05377550,30.84821226,46.57998775,-0.61533871,106.30050000,119.12332090,93.47767910,456337989.98232001,479760160.64553005
2024-02-23,101.75000000,103.10000000,98.64000000,99.90000000,359325149.93839997,-1.86000000,-1.82783019,4.38329238,105.30600000,108.84900000,109.06800000,106.39750000,104.90640000,103.12633333,100.99200000,100.42025000,100.01088889,99.61760000,100.53233333,57.38325000,106.29101014,104.49315588,1.79785426,3.29519201,-1.49733776,25.75717189,41.40041651,49.72185491,22.69205712,38.61734420,-9.15851705,106.39750000,118.98179911,93.81320089,459561975.27686006,452502367.86004001
2024-02-24,99.91000000,104.85000000,98.48000000,104.01000000,237972991.02250001,4.11000000,4.11411411,6.37573816,103.80200000,107.55300000,108.87266667,106.82350000,105.01080000,103.69633333,101.31000000,100.66150000,100.05555556,99.69900000,100.39100000,57.78220000,105.94008550,104.45736656,1.48271894,2.93269740,-1.44997846,43.47554456,48.52195899,52.57466685,26.37473322,34.53647388,10.05125191,106.82350000,118.38868237,95.25831763,422730606.27222002,419901922.79490006
2024-02-25,104.02000000,104.43000000,102.00000000,103.47000000,202983222.20780000,-0.54000000,-0.51918085,2.33608921,102.83400000,106.55000000,108.50333333,107.21400000,105.27120000,104.06933333,101.66371429,100.80800000,100.13488889,99.89300000,100.33366667,58.17765000,105.56007235,104.38422829,1.17584405,2.58132673,-1.40548268,41.89900029,47.69123151,52.16884033,27.73161999,32.26818925,18.65848148,107.21400000,117.66590771,96.76209229,340386650.55180001,383425288.61818999
2024-02-26,103.47000000,110.89000000,100.29000000,109.90000000,570413289.46480000,6.43000000,6.21436165,10.24451532,103.80800000,106.50700000,108.66600000,107.86500000,105.75480000,104.59000000,102.40828571,101.00300000,100.53000000,100.30220000,100.46866667,58.60405000,106.22775352,104.79280398,1.43494955,2.35205129,-0.91710174,61.72920154,57.20798393,56.35485242,41.71329069,35.41655640,54.30675928,107.86500000,117.16523542,98.56476458,355744711.15064001,396659538.24443996
2024-02-27,109.90000000,112.30000000,105.29000000,108.36000000,679932921.20060003,-1.54000000,-1.40127389,6.37852593,105.12800000,106.45100000,108.44733333,108.22600000,106.06600000,105.00266667,103.09428571,101.35200000,100.80800000,100.51180000,100.50516667,59.02275000,106.55579144,105.05704072,1.49875073,2.18139118,-0.68264045,56.21495270,54.61200761,55.14865703,47.90241344,39.57850874,64.55022283,108.22600000,116.97105912,99.48094088,410125514.76681995,433231752.37457001
2024-02-28,108.35000000,119.06000000,106.85000000,119.03000000,1332835060.49580002,10.67000000,9.84680694,11.26903553,108.95400000,107.13000000,108.88400000,109.03950000,106.90880000,105.58100000,103.95885714,101.98725000,101.36844444,100.90520000,100.79066667,59.49335000,108.47490045,106.09207474,2.38282571,2.22167809,0.16114763,74.87534457,66.20367321,61.15905510,65.21968476,48.12556742,99.40791945,109.03950000,118.62978999,99.44921001,604827496.87829995,532194736.07758009
2024-02-29,119.03000000,134.65000000,117.15000000,125.68000000,1758043857.42169976,6.65000000,5.58682685,14.70217592,113.28800000,108.54500000,109.46466667,109.97650000,108.11640000,106.39033333,105.06657143,102.80725000,102.06444444,101.37880000,101.19000000,60.00060000,111.12183884,107.54303217,3.57880668,2.49310380,1.08570287,80.94795061,71.20384730,64.27269692,68.54660396,54.93257960,95.77465268,109.97650000,122.04484794,97.90815206,908841670.15813994,665786138.21518004
2024-03-01,125.68000000,137.80000000,125.61000000,129.43000000,1112504025.33270001,3.75000000,2.98376830,9.69923616,118.48000000,110.65700000,110.52666667,110.99750000,109.46720000,107.47266667,106.12800000,103.76575000,102.77155556,101.96940000,101.51533333,60.52185000,113.93847902,109.16428904,4.77418998,2.94932104,1.82486894,83.62601095,73.60609333,65.88206233,71.93544367,60.60020096,94.60592910,110.99750000,125.85449959,96.14050041,1090745830.78311992,715566240.66745996
2024-03-02,129.43000000,131.69000000,127.20000000,130.02000000,605833422.17760003,0.59000000,0.45584486,3.46905663,122.50400000,113.15600000,111.83933333,112.12550000,110.79280000,108.54633333,107.14914286,104.92025000,103.39200000,102.72740000,101.90350000,61.05245000,116.41255917,110.70915652,5.70340265,3.50013736,2.20326529,84.04932218,73.97867521,66.13252408,74.69483969,65.29841387,93.48769134,112.12550000,129.12310661,95.12789339,1097829857.32568002,726787284.23815989
2024-03-03,130.03000000,132.11000000,124.17000000,130.16000000,674383368.58000004,0.14000000,0.10767574,6.10628317,126.86400000,115.99600000,113.25533333,113.05150000,111.95360000,109.53233333,108.12571429,106.06550000,104.18666667,103.41360000,102.43083333,61.58915000,118.52755007,112.14995974,6.37759033,4.07562796,2.30196237,84.16588401,74.07341403,66.19397271,76.65312134,69.08331636,91.79273131,113.05150000,131.85923332,94.24376668,1096719946.80155993,753422730.78418994
2024-03-04,130.16000000,134.95000000,127.35000000,133.27000000,1054037091.22049999,3.11000000,2.38936693,5.83896742,129.71200000,119.33300000,114.65733333,114.09100000,113.17400000,110.70933333,109.02828571,107.17800000,105.06777778,104.20280000,102.90350000,62.14720000,120.79561929,113.71440717,7.08121212,4.67674479,2.40446733,86.74748515,76.17546796,67.55839096,80.40982105,72.85881792,95.51182731,114.09100000,134.95179869,93.23020131,1040960352.94650006,822893924.91240001
2024-03-05,133.26000000,142.72000000,105.00000000,125.31000000,2212988765.09509993,-7.96000000,-5.97283710,28.30556806,129.63800000,121.46300000,115.57600000,114.50800000,113.90880000,111.70333333,109.71142857,108.13800000,105.78844444,104.82180000,103.32633333,62.66705000,121.49013940,114.57333997,6.91679943,5.12475572,1.79204371,57.80238730,62.11403700,60.98468531,73.26245121,72.99336235,73.80062893,114.50800000,135.93680953,93.07919047,1131949334.48117995,1020395502.31965995
2024-03-06,125.31000000,134.95000000,120.00000000,130.79000000,1233993440.98009992,5.48000000,4.37315458,11.93041258,129.91000000,124.19500000,117.07466667,115.37250000,114.78000000,112.87433333,110.67800000,109.10075000,106.67066667,105.48540000,103.94333333,63.21150000,122.92088718,115.77457405,7.14631314,5.52906720,1.61724594,66.92084311,66.72683609,63.53370666,71.63237292,72.53969921,69.81772034,115.37250000,137.99205919,92.75294081,1156247217.61066008,1123496524.19689012
2024-03-07,130.80000000,149.30000000,130.52000000,143.82000000,1553231320.47470021,13.03000000,9.96253536,14.35779817,132.67000000,127.58700000,119.66066667,117.04700000,116.23440000,114.43900000,111.99257143,110.33925000,108.00355556,106.31980000,104.84966667,63.82175000,126.13613531,117.85201301,8.28412230,6.08007822,2.20404408,79.53737275,74.71296807,68.62037450,76.96484756,74.01474866,82.86504536,117.04700000,142.83180017,91.26219983,1345726797.27007985,1221778327.29787993
2024-03-08,143.82000000,152.64000000,142.00000000,144.79000000,1186459433.42289996,0.97000000,0.67445418,7.39813656,135.59600000,131.23000000,122.52933333,118.84050000,117.56040000,115.89400000,113.25571429,111.55950000,109.34666667,107.32760000,105.63150000,64.43970000,129.00596065,119.84741945,9.15854120,6.69577082,2.46277038,80.21159763,75.19644111,68.95674641,79.15064844,75.72671525,85.99851482,118.84050000,147.11493962,90.56606038,1448142010.23865986,1272430978.52011013
2024-03-09,144.79000000,149.15000000,143.54000000,144.29000000,539026432.73399997,-0.50000000,-0.34532772,3.87457697,137.80000000,133.75600000,125.48866667,120.44300000,118.83280000,117.27833333,114.57942857,112.62475000,110.58044444,108.34100000,106.38033333,65.05820000,131.35735132,121.65798097,9.69937034,7.29649072,2.40287962,78.60946762,74.39658068,68.56144026,80.25800296,77.23714449,86.29971991,120.44300000,150.70539292,90.18060708,1345139878.54135990,1193050115.74393010
2024-03-10,144.30000000,148.50000000,140.43000000,144.39000000,651013489.98280001,0.10000000,0.06930487,5.59251559,141.61600000,135.62700000,128.18066667,122.08600000,119.92960000,118.52666667,115.97657143,113.69950000,111.85777778,109.37120000,107.08683333,65.67145000,133.36237419,123.34183423,10.02053996,7.84130057,2.17923939,78.71151844,74.45586321,68.59900787,81.06620852,78.51349917,86.17162724,122.08600000,153.84210105,90.32989895,1032744823.51889992,1082347079.00004005
2024-03-11,144.39000000,150.20000000,136.49000000,148.83000000,1126194337.66580009,4.44000000,3.07500519,9.49511739,145.22400000,137.56700000,131.20466667,124.11200000,121.34280000,119.85400000,117.49571429,114.99625000,113.11444444,110.52600000,107.90233333,66.31030000,135.74200893,125.22984651,10.51216242,8.37547294,2.13668948,83.02611660,77.03175752,70.24625568,84.71164531,80.57954788,92.97584017,124.11200000,157.30523685,90.91876315,1011185002.85604024,1083716110.23335004
2024-03-12,148.83000000,155.00000000,141.50000000,151.05000000,1337735992.29900002,2.22000000,1.49163475,9.07075186,146.67000000,139.67000000,133.94800000,126.41300000,122.97160000,121.30700000,119.04342857,116.32725000,114.37600000,111.87020000,108.88450000,66.96345000,138.09708448,127.14245047,10.95463400,8.89130515,2.06332885,84.86641685,78.22923947,71.03891008,87.17443021,82.77784199,95.96760664,126.41300000,160.40726645,92.41873355,968085937.22089994,1156906367.24548984
2024-03-13,151.06000000,166.73000000,148.71000000,163.90000000,1188025236.90350008,12.85000000,8.50711685,11.92903482,150.49200000,143.04400000,137.65066667,129.52000000,125.17080000,123.04900000,120.83657143,117.91025000,115.88533333,113.46120000,110.01866667,67.68150000,142.06676379,129.86523192,12.20153187,9.55335050,2.64818137,91.36741236,83.62134290,75.05305606,89.92145987,85.15904795,99.44628371,129.52000000,165.33703211,93.70296789,968399097.91702008,1208270554.07784009
2024-03-14,163.90000000,178.50000000,159.20000000,176.65000000,1755161226.80100012,12.75000000,7.77913362,11.77547285,156.96400000,147.38200000,141.49200000,133.35750000,127.74720000,125.18800000,122.94771429,119.87750000,117.55133333,115.21880000,111.39933333,68.46080000,147.38726167,133.33077030,14.05649137,10.45397867,3.60251270,94.28864239,87.08399234,78.18380177,92.22684219,87.51497937,101.65056785,133.35750000,172.13608436,94.57891564,1211626056.73042011,1278382967.63589001
2024-03-15,176.65000000,188.98000000,164.50000000,183.95000000,3111253071.41390038,7.30000000,4.13246533,13.85791112,164.87600000,153.24600000,145.37666667,137.35450000,130.64400000,127.42066667,125.14800000,122.08900000,119.38577778,117.15960000,112.89250000,69.27775000,153.01229834,137.08034287,15.93195547,11.54957403,4.38238144,95.36602984,88.59058194,79.70542290,91.94983686,88.99326520,97.86298020,137.35450000,179.71076716,94.99823284,1703673973.01664019,1368209398.26777005
2024-03-16,183.95000000,197.95000000,176.78000000,182.05000000,2445058679.46210003,-1.90000000,-1.03288937,11.50856211,171.52000000,158.37200000,148.88466667,141.28350000,133.59360000,129.70566667,127.23485714,124.24875000,121.27666667,118.95500000,114.29983333,70.07905000,157.47963705,140.41142858,17.06820847,12.65330092,4.41490755,90.05992153,85.75055214,78.22365658,86.00972962,87.99875334,82.03168218,141.28350000,184.96305334,97.60394666,1967446841.37590027,1489315922.11597013
2024-03-17,182.05000000,205.20000000,178.55000000,201.86000000,2004364577.51839995,19.81000000,10.88162593,14.63883548,181.68200000,164.17600000,153.67400000,145.88150000,137.46680000,132.75666667,129.93200000,126.87325000,123.58888889,121.10660000,115.96250000,70.98425000,164.30738520,144.96317461,19.34421059,13.99148285,5.35272773,94.13957702,89.55802893,81.88713248,89.05281640,88.35010769,90.45823381,145.88150000,194.70836330,97.05463670,2100772558.41978002,1534429247.82034016
2024-03-18,201.85000000,210.18000000,193.80000000,195.92000000,2344955653.17510033,-5.94000000,-2.94263351,8.11493683,188.08600000,169.28900000,158.05800000,150.25950000,141.23320000,135.65666667,132.34000000,129.24275000,125.70755556,123.10540000,117.65450000,71.86515000,169.17086440,148.73775427,20.43311013,15.27980831,5.15330182,82.02609668,82.35950449,77.79235169,86.25143204,87.65054914,83.45319784,150.25950000,200.59928879,99.91971121,2332158641.67410040,1650278869.79556012
2024-03-19,195.92000000,198.68000000,166.00000000,169.82000000,3057454424.49430037,-26.10000000,-13.32176399,16.68027766,186.72000000,171.84200000,160.49466667,152.79900000,144.03000000,137.57600000,133.97828571,130.91925000,127.30444444,124.46820000,118.92450000,72.61760000,169.27073141,150.29940210,18.97132931,16.01811251,2.95321680,48.86950209,59.45313202,63.28323062,72.57762724,82.62624184,52.48039804,152.79900000,201.60645927,103.99154073,2592617281.21275997,1902121668.97159004
2024-03-20,169.82000000,193.19000000,162.45000000,191.77000000,2168361320.83780003,21.95000000,12.92545048,18.10151926,188.28400000,176.58000000,164.92533333,156.10350000,147.54040000,140.25066667,136.11542857,133.04000000,129.44400000,126.27560000,120.57266667,73.47895000,172.73215735,153.37129824,19.36085911,16.68666183,2.67419728,63.68410193,67.69604731,68.44756657,72.78325994,79.34524787,59.65928407,156.10350000,206.11445176,106.09254824,2404038931.09754038,2053856452.05709028
2024-03-21,191.76000000,195.68000000,175.84000000,179.46000000,1503728905.92720008,-12.31000000,-6.41914794,10.34626617,187.76600000,179.64300000,168.17000000,158.60500000,150.58000000,142.62233333,138.00000000,134.80125000,131.30622222,127.92560000,122.04550000,74.27840000,173.76721007,155.30379467,18.46341540,17.04201254,1.42140285,53.29253465,60.20767437,63.24206036,65.19697401,74.62915658,46.33260885,158.60500000,207.99944482,109.21055518,2215772976.39056015,2091609908.88323021
2024-03-22,179.46000000,181.95000000,167.57000000,175.21000000,1071851931.73559999,-4.25000000,-2.36821576,8.01292767,182.43600000,182.05900000,170.26266667,160.86450000,153.19240000,144.96166667,139.85371429,136.49500000,133.04688889,129.47360000,123.56833333,75.05685000,173.98917775,156.77832840,17.21084935,17.07577990,0.13506945,49.91796046,57.79960783,61.55555967,53.93280679,67.73037332,26.33767372,160.86450000,208.86805271,112.86094729,2029270447.23400044,2065021502.82689023
2024-03-23,175.21000000,179.00000000,170.38000000,172.65000000,614080772.87989998,-2.56000000,-1.46110382,4.91981051,177.78200000,182.93400000,172.12000000,162.98900000,155.76400000,147.32466667,141.67457143,138.02025000,134.63600000,130.91500000,125.04000000,75.81880000,173.78315040,157.95400778,15.82914263,16.82645245,-0.99730982,47.73319226,56.31942806,60.54080021,43.07860700,59.51311788,10.20958523,162.98900000,208.99010246,116.98789754,1683095471.17496014,2007627056.42453003
2024-03-24,172.65000000,186.78000000,171.25000000,183.88000000,633069986.07299995,11.23000000,6.50448885,8.99507674,180.59400000,183.65700000,174.75933333,165.51950000,158.35800000,150.12400000,143.72142857,139.80525000,136.43866667,132.63340000,126.62516667,76.64000000,175.33651188,159.87445164,15.46206023,16.55357401,-1.09151377,57.52023849,61.08812851,63.30948094,43.68520025,54.23714534,22.58131008,165.51950000,210.18581392,120.85318608,1198218583.49070024,1895417932.35173035
2024-03-25,183.87000000,194.60000000,180.92000000,188.99000000,990571953.49720001,5.11000000,2.77898630,7.44003916,180.03800000,184.16100000,177.73266667,168.70350000,160.89040000,152.95666667,145.93457143,141.60575000,138.26200000,134.50340000,128.32650000,77.48535000,177.43704851,162.03115893,15.40588958,16.32403712,-0.91814754,61.46073940,63.08846710,64.49244071,47.65828072,52.04419046,38.88646123,168.70350000,210.27254581,127.13445419,962660710.02257991,1683349820.56006002
2024-03-26,188.98000000,196.57000000,186.00000000,190.46000000,855869951.72650003,1.47000000,0.77781893,5.59318446,182.23800000,185.00200000,180.50800000,171.68700000,163.33160000,155.85633333,148.28171429,143.52975000,140.07200000,136.39940000,129.96283333,78.33960000,179.44057951,164.13699901,15.30358050,16.11994580,-0.81636530,62.65654755,63.67449467,64.83279701,51.33360903,51.80732999,50.38616712,171.68700000,210.25564781,133.11835219,833088919.18244004,1524430947.78650022
2024-03-27,190.46000000,192.74000000,180.00000000,186.33000000,963119325.23710001,-4.13000000,-2.16843432,6.68906857,184.46200000,183.44900000,182.86000000,173.81250000,165.58400000,158.40400000,150.60457143,145.42975000,141.82466667,138.18840000,131.49700000,79.17405000,180.50049036,165.78092501,14.71956535,15.83986971,-1.12030436,56.72279147,60.71983261,63.06069847,56.19314850,53.26926949,62.04090652,173.81250000,210.55716828,137.06783172,811342397.88274002,1420306422.55837011
2024-03-28,186.34000000,190.93000000,180.92000000,189.63000000,670716258.48360002,3.30000000,1.77105136,5.37190083,187.85800000,182.82000000,184.57533333,176.05450000,167.96280000,161.11300000,153.11514286,147.44750000,143.55777778,139.95820000,133.05783333,80.03100000,181.90503030,167.54752316,14.35750714,15.54339719,-1.18589005,60.32542926,62.24686341,63.88377970,64.01544015,56.85132638,78.34366769,176.05450000,210.75826013,141.35073987,822669495.00348008,1252882483.08922005
2024-03-29,189.64000000,193.00000000,183.39000000,192.01000000,671638567.42550004,2.38000000,1.25507567,5.06749631,189.48400000,185.03900000,185.59933333,178.44050000,170.31240000,163.54566667,155.74685714,149.44175000,145.32511111,141.74320000,134.56333333,80.90245000,183.45964102,169.35955848,14.10008255,15.25473426,-1.15465172,62.99170293,63.36731926,64.47941516,70.76891412,61.49052229,89.32569778,178.44050000,210.40232491,146.47867509,830383211.27397990,1014300897.38234007
2024-03-30,192.02000000,200.00000000,190.71000000,194.20000000,684129474.87230003,2.19000000,1.14056560,4.83803770,190.52600000,185.28200000,186.28266667,180.93100000,173.06800000,165.82966667,158.32371429,151.50850000,147.04133333,143.48840000,136.11000000,81.78385000,185.11200394,171.19959118,13.91241276,14.98626996,-1.07385720,65.54824115,64.42710160,65.03312926,74.55105119,65.84403192,91.96508971,180.93100000,209.27948991,152.58251009,769094715.54900002,865877712.78579009
2024-03-31,194.19000000,203.17000000,193.69000000,202.45000000,474008544.46399999,8.25000000,4.24819773,4.88181678,192.92400000,187.58100000,187.64266667,183.61200000,175.93440000,168.26366667,161.15171429,153.86200000,149.01800000,145.35720000,137.86816667,82.70410000,187.77938795,173.51443628,14.26495167,14.84200631,-0.57705463,73.74664172,68.20698253,67.05208437,82.30210366,71.33005583,104.24619930,183.61200000,209.18383121,158.04016879,692722434.09650004,762905676.63946998
2024-04-01,202.45000000,204.46000000,186.87000000,192.24000000,898620905.57710004,-10.21000000,-5.04322055,8.68856508,194.10600000,189.28400000,187.00133333,185.67150000,177.87120000,170.33766667,163.50428571,156.04225000,150.83822222,147.05280000,139.44200000,83.57105000,188.46563596,174.90151507,13.56412088,14.58642922,-1.02230834,54.48976960,59.64984449,62.39938091,75.93602053,72.86537740,82.07730678,185.67150000,206.37207642,164.97092358,679822750.16450000,745582574.02362001
2024-04-02,192.24000000,192.24000000,175.92000000,181.53000000,1054470061.65030003,-10.71000000,-5.57116105,8.48938826,192.48600000,190.17200000,186.04200000,186.55300000,179.34080000,172.05000000,165.59485714,158.03650000,152.45177778,148.45060000,140.79116667,84.38300000,187.39861504,175.39251396,12.00610108,14.07036359,-2.06426251,41.01009874,52.16125502,57.99456727,57.17622111,67.63565864,36.25734606,186.55300000,204.69312023,168.41287977,756573510.79784000,789621502.90065992
2024-04-03,181.53000000,192.00000000,176.92000000,185.05000000,936613348.87619996,3.52000000,1.93907343,8.30716686,191.09400000,190.28900000,187.05733333,186.97300000,180.97120000,173.77600000,167.48114286,160.16525000,154.06977778,149.90200000,142.24266667,85.21265000,187.03728965,176.10788329,10.92940636,13.44217215,-2.51276579,46.25389436,54.22184119,58.98745597,48.78087714,61.35073147,23.64116849,186.97300000,204.52721929,169.41878071,809568467.08798003,819975839.18097997
2024-04-04,185.05000000,190.13000000,180.02000000,184.00000000,698792503.64499998,-1.05000000,-0.56741421,5.46338827,189.05400000,189.79000000,186.53933333,186.97550000,182.55560000,175.73233333,169.14742857,162.16500000,155.68022222,151.24260000,143.71783333,86.03860000,186.57001432,176.69248453,9.87752979,12.72924367,-2.85171389,44.82749722,53.47233479,58.55663064,41.95763218,54.88636504,16.10016646,186.97550000,204.52792071,169.42307929,812501072.84252000,790797894.19576001
2024-04-05,184.00000000,185.07000000,167.84000000,174.37000000,873276254.34070003,-9.63000000,-5.23369565,9.36413043,183.43800000,188.18100000,186.20000000,186.59150000,183.57720000,177.18500000,170.43142857,163.93750000,157.14822222,152.46000000,145.02966667,86.81225000,184.69308904,176.52044864,8.17264040,11.81792302,-3.64528262,33.46837021,46.97554962,54.73106343,33.91568342,47.89613784,5.95477460,186.59150000,204.91665932,168.26634068,892354614.81786001,792538524.45718002
2024-04-06,174.37000000,179.89000000,173.54000000,178.68000000,467410701.06989998,4.31000000,2.47175546,3.64168148,180.72600000,187.41600000,186.43133333,185.43250000,184.68240000,178.34700000,171.82171429,165.65700000,158.78488889,153.82700000,146.39300000,87.60550000,183.76799842,176.68041541,7.08758301,10.87185502,-3.78427201,41.43816871,49.94487282,56.07136299,32.47755920,42.75661162,11.91945436,185.43250000,202.58631544,168.27868456,806112573.91641998,742967662.04045999
2024-04-07,178.69000000,182.71000000,176.85000000,179.52000000,402864467.69639999,0.84000000,0.47011417,3.27942246,180.32400000,186.40500000,186.88933333,184.61250000,185.30720000,179.50466667,173.23200000,167.43600000,160.51288889,155.23900000,147.69933333,88.40165000,183.11446020,176.89075501,6.22370519,9.94222505,-3.71851986,43.03411149,50.53382523,56.33428538,32.28341922,39.26554749,18.31916269,184.61250000,201.21450099,168.01049901,675791455.12564003,716182482.96174002
2024-04-08,179.51000000,184.68000000,175.25000000,180.68000000,666300708.13329995,1.16000000,0.64616756,5.25318924,179.45000000,185.27200000,186.67600000,185.15550000,185.46840000,180.71766667,174.58657143,168.97725000,162.30800000,156.60780000,148.99800000,89.20775000,182.73992786,177.17143982,5.56848804,9.06747765,-3.49898961,45.49558030,51.39536744,56.70766701,33.20988189,37.24699229,25.13566108,185.15550000,200.37304593,169.93795407,621728926.97705996,715648697.03252006
2024-04-09,180.68000000,180.90000000,169.11000000,172.42000000,595711370.24349999,-8.26000000,-4.57161833,6.52534868,177.13400000,183.09400000,185.57133333,184.18800000,185.00720000,181.65200000,175.93257143,170.14575000,163.82822222,157.82560000,150.08933333,89.97270000,181.15224665,176.81948132,4.33276534,8.12053519,-3.78776985,33.22742115,45.27053169,53.31994672,26.30886355,33.60094938,11.72469189,184.18800000,200.08037036,168.29562964,601112700.29675996,706806886.56963992
2024-04-10,172.41000000,175.50000000,162.28000000,173.31000000,789367464.63010001,0.89000000,0.51618142,7.66776869,176.92200000,180.18000000,184.42800000,183.88050000,184.65760000,182.46800000,177.14742857,171.24275000,165.38022222,159.12560000,151.16100000,90.74180000,179.94574717,176.55951974,3.38622743,7.17367364,-3.78744621,35.47707372,46.02657894,53.63139302,29.81116048,32.33768641,24.75810861,183.88050000,200.38428646,167.37671354,584330942.35464001,738342778.58625007
2024-04-11,173.30000000,176.32000000,170.07000000,172.37000000,651891318.36899996,-0.94000000,-0.54238071,3.60646278,175.66000000,178.19300000,183.49733333,183.73850000,183.47800000,183.17866667,177.96314286,172.30150000,166.76844444,160.47240000,152.24283333,91.50685000,178.78024760,176.24918494,2.53106266,6.24515144,-3.71408878,34.02421139,45.30546366,53.23991227,31.19084095,31.95540459,29.66171366,183.73850000,200.60136393,166.87563607,621227065.81446004,713669819.86544001
2024-04-12,172.37000000,175.98000000,141.00000000,153.16000000,1093302149.24219990,-19.21000000,-11.14463074,20.29355456,170.38800000,175.35600000,181.06600000,182.76400000,181.76760000,182.82066667,178.20228571,172.87650000,167.76400000,161.50040000,152.93483333,92.17570000,174.83867105,174.53887495,0.29979610,5.05608037,-4.75628427,16.97572626,33.57730349,46.06887662,29.04411447,30.98497455,25.16239431,182.76400000,204.00838591,161.51961409,759314602.12361991,717553028.62462997
2024-04-13,153.16000000,155.00000000,116.00000000,138.47000000,2156725925.99700022,-14.69000000,-9.59127710,25.46356751,161.94600000,170.69800000,177.49666667,180.49350000,180.51360000,181.54800000,178.03600000,173.00650000,168.19600000,162.27180000,153.36800000,92.77290000,169.24349089,171.86710643,-2.62361554,3.52014119,-6.14375673,11.62876533,27.61394682,41.59798000,30.20681421,30.72558777,29.16926709,180.49350000,209.51762157,151.46937843,1057399645.69635999,839564286.33670998
2024-04-14,138.47000000,152.84000000,130.45000000,151.25000000,1742133326.17799997,12.78000000,9.22943598,16.16956742,157.71200000,167.42300000,174.63333333,178.60650000,178.89280000,180.45800000,178.23200000,173.65500000,168.76422222,163.21660000,153.93933333,93.43345000,166.47526152,170.33991336,-3.86465184,2.04318258,-5.90783443,33.49686596,38.05509335,46.32664165,37.24620462,32.89912672,45.94036042,178.60650000,210.10645708,147.10654292,1286684036.88326001,943898368.59001005
2024-04-15,151.26000000,156.06000000,133.56000000,138.51000000,1359049188.77209997,-12.74000000,-8.42314050,14.87504958,150.75200000,163.83700000,170.37066667,176.00900000,177.25480000,179.00666667,177.93714286,173.84800000,168.96600000,163.91740000,154.35616667,94.02620000,162.17291359,167.98214200,-5.80922841,0.47270038,-6.28192879,25.84596319,32.89507435,42.72795174,35.75586617,33.85137320,39.56485212,176.00900000,211.68431471,140.33368529,1400620381.71165991,992475662.03315008
2024-04-16,138.51000000,140.57000000,126.40000000,136.22000000,1308017674.43109989,-2.29000000,-1.65331023,10.23030828,143.52200000,159.59100000,166.63600000,173.50350000,175.69520000,176.81866667,177.51342857,173.65800000,169.10377778,164.44380000,154.78766667,94.60590000,158.18015766,165.62939074,-7.44923309,-1.11168631,-6.33754678,24.63239963,32.04309785,42.11434083,33.65087254,33.78453965,33.38353832,173.50350000,212.96447140,134.04252860,1531845652.92408013,1076536359.36926985
2024-04-17,136.21000000,142.77000000,126.87000000,131.84000000,1287664513.07999992,-4.38000000,-3.21538687,11.67315175,139.25800000,154.82300000,163.32333333,170.61400000,174.06280000,174.68266667,176.59742857,173.33425000,169.14111111,164.91340000,155.16966667,95.15825000,154.12782571,163.12647291,-8.99864720,-2.68907849,-6.30956871,22.23606424,30.40023654,40.94090204,30.56950825,32.71286251,26.28279971,170.61400000,213.42410279,127.80389721,1570718125.69164014,1165016363.90762997
2024-04-18,131.84000000,144.25000000,127.62000000,142.07000000,1057713479.81529999,10.23000000,7.75940534,12.61377427,139.97800000,150.96200000,160.45800000,168.11700000,172.39040000,173.75766667,175.60942857,173.27875000,169.33666667,165.37420000,155.66683333,95.74925000,152.27277560,161.56673418,-9.29395858,-4.01005451,-5.28390407,38.89660190,38.44183123,44.69641000,34.78617084,33.40396529,37.55058193,168.11700000,211.49446012,124.73953988,1350915636.45529985,1204157641.07582998
2024-04-19,142.08000000,147.49000000,128.50000000,142.50000000,1564359376.95300007,0.43000000,0.30266770,13.36570946,138.22800000,147.97000000,157.69133333,165.53200000,170.53080000,172.11533333,174.42514286,173.23150000,169.71866667,165.71060000,156.18300000,96.34490000,150.76927166,160.15438350,-9.38511183,-5.08506597,-4.30004586,39.54985606,38.76625051,44.85022612,37.83490081,34.88094379,43.74281483,165.53200000,208.52497989,122.53902011,1315360846.61029983,1301022441.74677992
2024-04-20,142.50000000,152.39000000,139.66000000,151.22000000,705680673.94509995,8.72000000,6.11929825,8.93333333,140.77000000,145.76100000,156.14800000,162.97050000,168.96120000,171.17400000,173.54428571,173.29125000,170.17266667,166.14640000,156.89816667,96.98300000,150.83861448,159.49257731,-8.65396283,-5.79884534,-2.85511749,52.02991388,45.15999182,47.91562776,44.79645827,38.18611529,58.01714423,162.97050000,202.68143312,123.25956688,1184687143.64489985,1292653762.67827988
2024-04-21,151.21000000,153.50000000,146.68000000,148.80000000,546975842.84480000,-2.42000000,-1.60031742,4.51028371,143.28600000,143.40400000,154.15600000,160.79850000,167.46000000,170.29366667,172.02828571,173.23500000,170.28333333,166.52200000,157.62766667,97.61135000,150.52498149,158.70053455,-8.17555306,-6.27418689,-1.90136618,48.68276795,43.77614147,47.15658149,57.15670025,44.50964361,82.45081354,160.79850000,198.46825404,123.12874596,1032478777.32763994,1282162215.12585998
2024-04-22,148.81000000,158.50000000,146.63000000,156.95000000,760453706.31630003,8.15000000,5.47715054,7.97661447,148.30800000,143.78300000,152.65133333,159.56950000,166.15280000,169.77033333,170.91485714,173.06125000,170.55355556,167.05780000,158.54750000,98.28260000,151.51344587,158.57086532,-7.05741945,-6.43083340,-0.62658605,59.27149007,49.46539107,49.94321387,69.82824669,52.94917797,103.58638413,159.56950000,195.97397137,123.16502863,927036615.97490001,1248877370.83327007
2024-04-23,156.94000000,160.00000000,153.04000000,154.75000000,641853097.13329995,-2.20000000,-1.40172029,4.43481585,150.84400000,145.41100000,150.92266667,158.05450000,164.66240000,168.79933333,170.48428571,172.51375000,170.78600000,167.48740000,159.46166667,98.93930000,152.01137728,158.28783826,-6.27646098,-6.39995892,0.12349793,55.55807227,48.03406905,49.21222585,74.67716446,60.19184013,103.64781311,158.05450000,192.46127257,123.64772743,843864539.43850005,1097390087.94689989
2024-04-24,154.75000000,159.80000000,145.58000000,147.78000000,1000742354.25039995,-6.97000000,-4.50403877,9.18901454,151.90000000,145.06400000,149.28000000,156.24350000,162.80560000,167.42566667,169.22742857,171.60950000,170.86133333,167.93680000,160.19116667,99.56170000,151.36039616,157.50947987,-6.14908371,-6.34978388,0.20070016,44.87047701,43.66701956,46.94090376,70.99509377,63.79292468,85.39943195,156.24350000,188.65524399,123.83175601,731141134.89797997,1023250990.75413990
2024-04-25,147.79000000,149.60000000,142.09000000,144.84000000,792818208.05239999,-2.94000000,-1.98944377,5.08153461,150.62400000,145.69700000,147.38200000,154.76700000,160.50120000,165.90500000,168.23828571,170.67925000,170.77266667,168.21780000,160.88066667,100.16980000,150.35725829,156.57099988,-6.21374159,-6.32257542,0.10883383,40.88907597,41.91355751,46.00631380,65.41035228,64.33206721,67.56692241,154.76700000,186.38259981,123.15140019,748568641.71943998,966627892.68216991
2024-04-26,144.83000000,146.19000000,138.74000000,139.23000000,536537208.98170000,-5.61000000,-3.87323944,5.14396189,148.71000000,145.99800000,145.17266667,152.79450000,158.38080000,164.33500000,167.21028571,169.11350000,170.51000000,168.12600000,161.36950000,100.75545000,148.64537240,155.28648137,-6.64110897,-6.38628213,-0.25482684,33.98429006,38.68032437,44.25202244,55.55872363,61.40761935,43.86093219,152.79450000,183.02030248,122.56869752,746480914.94682002,889479846.13722992
2024-04-27,139.23000000,143.04000000,132.88000000,141.31000000,527111064.54100001,2.08000000,1.49393091,7.29727789,145.58200000,146.94500000,144.38266667,150.88400000,156.77200000,162.72433333,166.31485714,167.74825000,170.00800000,168.05640000,161.91866667,101.35145000,147.51685357,154.25118645,-6.73433289,-6.45589228,-0.27844061,38.59757386,40.53568341,45.06249276,50.59470464,57.80331445,36.17748503,150.88400000,178.73411416,123.03388584,699812386.59176004,813424501.28332996
2024-04-28,141.31000000,144.82000000,137.03000000,137.99000000,420263449.81819999,-3.32000000,-2.34944448,5.51270257,142.23000000,146.53700000,144.35066667,148.74950000,154.88960000,160.92366667,165.00371429,166.95250000,169.14888889,167.93040000,162.23466667,101.93135000,146.05118379,153.04665412,-6.99547034,-6.56380789,-0.43166244,34.04115949,38.50692530,43.99714679,40.01053073,51.87238654,16.28681910,148.74950000,173.33691182,124.16208818,655494457.12873995,749679498.28362000
2024-04-29,137.99000000,138.93000000,133.38000000,137.77000000,578946009.02876997,-0.22000000,-0.15943184,4.02203058,140.22800000,146.06400000,143.45200000,147.01700000,153.04040000,159.04266667,163.54028571,165.60250000,168.12266667,167.79800000,162.43616667,102.51380000,144.77715551,151.91505012,-7.13789460,-6.67862524,-0.45926937,33.72458518,38.36811032,43.92534114,32.68401163,45.47626157,7.09951176,147.01700000,169.36258532,124.67141468,571135188.08441412,651138161.49119699
2024-04-30,137.79000000,139.77000000,121.21000000,126.77000000,780739771.36254001,-11.00000000,-7.98432170,13.46977284,136.61400000,143.61900000,142.66933333,144.69000000,151.13640000,156.52000000,161.72057143,164.28525000,166.89422222,167.35680000,162.39183333,103.03845000,142.00682389,150.05245381,-8.04562992,-6.95202617,-1.09360374,21.64628276,32.06339400,40.47856845,26.56720480,39.17324265,1.35512910,144.69000000,165.11761392,124.26238608,568719500.74644208,658644071.23294103
2024-05-01,126.76000000,135.97000000,118.47000000,134.64000000,1008351786.04677999,7.87000000,6.20809340,13.80561691,135.69600000,142.20300000,142.56400000,142.80350000,149.37480000,154.60000000,160.24371429,163.27100000,165.40044444,167.02860000,162.46883333,103.60165000,140.87346637,148.91079057,-8.03732419,-7.16908578,-0.86823842,40.07290724,39.78598973,43.77247963,30.69003958,36.34550829,19.37910215,142.80350000,158.99809075,126.60890925,663082416.15945804,704781665.55313897
2024-05-02,134.64000000,140.90000000,128.19000000,137.58000000,775239966.24235010,2.94000000,2.18360071,9.43998812,134.95000000,140.26600000,142.94666667,142.02450000,147.69720000,153.13500000,158.75657143,162.39425000,164.10400000,166.50220000,162.59250000,104.17990000,140.36677924,148.07147275,-7.70469351,-7.27620732,-0.42848619,45.78814489,42.45193564,44.95981768,35.87255965,36.18785874,35.24196147,142.02450000,157.60889635,126.44010365,712708196.49972796,706260291.54574394
2024-05-03,137.58000000,145.00000000,135.88000000,143.69000000,636701248.97451997,6.11000000,4.44105248,6.62887048,136.09000000,139.16000000,143.05466667,142.28550000,146.21760000,151.75633333,157.37600000,161.38950000,163.52333333,165.84300000,162.76616667,104.77860000,140.87804397,147.74691921,-6.86887524,-7.19474091,0.32586567,56.20449848,47.70152406,47.36992683,50.92007243,41.09859664,70.56302400,142.28550000,157.79390651,126.77709349,755995756.33099198,705745106.72986603
2024-05-04,143.70000000,149.14000000,142.22000000,146.05000000,409395252.13994002,2.36000000,1.64242466,4.81558803,137.74600000,138.98700000,143.29133333,142.02550000,145.16280000,150.49133333,156.00028571,160.31600000,162.50733333,165.08500000,163.11183333,105.38920000,141.67372951,147.62122149,-5.94749198,-6.94529112,0.99779914,59.78589109,49.63733351,48.28266701,63.92171767,48.70630365,94.35254571,142.02550000,157.06847629,126.98252371,722085604.95322609,646610396.51882005
2024-05-05,146.05000000,148.00000000,143.10000000,145.73000000,310504070.39614999,-0.32000000,-0.21910305,3.35501541,141.53800000,139.07600000,142.92533333,142.38650000,144.05960000,149.53666667,154.37971429,159.19775000,161.75777778,164.35860000,163.36083333,106.00075000,142.29777113,147.48113101,-5.18335988,-6.59290487,1.40954499,59.00083657,49.36703902,48.16448225,72.24169288,56.55143339,103.62221185,142.38650000,157.42078401,127.35221599,628038464.75994802,598378982.75319505
2024-05-06,145.74000000,156.89000000,145.40000000,152.82000000,729944626.53060997,7.09000000,4.86516160,7.88390284,145.17400000,140.43500000,143.19333333,143.21650000,143.27760000,148.67466667,153.25342857,158.36000000,161.26022222,163.37780000,163.51083333,106.64020000,143.91657557,147.87660279,-3.96002722,-6.06632934,2.10630212,69.61051022,55.25611613,50.94080711,77.96331495,63.68872724,106.51249035,143.21650000,158.64508083,127.78791917,572357032.85671401,617719724.50808597
2024-05-07,152.81000000,159.19000000,147.76000000,148.03000000,692683918.35023999,-4.79000000,-3.13440649,7.47987697,147.26400000,141.10700000,142.59866667,144.02600000,143.07240000,147.62500000,152.29628571,157.32000000,160.71311111,162.42000000,163.56483333,107.24520000,144.54941010,147.88796554,-3.33855545,-5.52077456,2.18221912,57.53904003,50.89343456,49.08733942,76.17331671,67.85025707,92.81943600,144.02600000,158.61752227,129.43447773,555845823.27829194,634277009.88901007
2024-05-08,148.03000000,152.00000000,140.00000000,142.18000000,661888498.59382999,-5.85000000,-3.95190164,8.10646491,146.96200000,141.52600000,141.76066667,144.03150000,143.22080000,146.34166667,151.07142857,156.07425000,159.78644444,161.86720000,163.52966667,107.80950000,144.18488547,147.46515328,-3.28026781,-5.07267321,1.79240540,45.87898180,46.04941196,46.91209635,70.19118298,68.63056570,73.31241753,144.03150000,158.62000055,129.44299945,560883273.20215392,658439514.76657307
2024-05-09,142.17000000,153.39000000,140.61000000,152.57000000,571152033.41234004,10.39000000,7.30763821,8.98923824,148.26600000,143.00600000,142.08000000,144.53500000,143.27360000,145.68000000,150.17342857,155.03350000,158.97711111,161.08320000,163.66600000,108.42710000,145.47490309,147.84329007,-2.36838699,-4.53181597,2.16342898,62.20324400,54.44953190,50.94111315,74.70833286,70.65648809,82.81202240,144.53500000,159.58862974,129.48137026,593234629.45663393,657660117.20493007
2024-05-10,152.56000000,155.75000000,144.49000000,146.01000000,618548257.76221001,-6.56000000,-4.29966573,7.38070267,148.32200000,144.93000000,142.15800000,144.27450000,143.57360000,144.77000000,149.36314286,153.62250000,157.98933333,160.41420000,163.61900000,108.99775000,145.55722569,147.70749081,-2.15026512,-4.05550580,1.90524068,50.63238664,49.17580501,48.51531822,68.96684556,70.09327391,66.71398886,144.27450000,159.01817015,129.53082985,654843466.92984605,641440965.84489703
2024-05-11,146.02000000,147.70000000,143.12000000,145.42000000,292868240.91001999,-0.59000000,-0.40408191,3.13655664,146.84200000,146.00800000,142.57066667,144.10550000,143.94160000,143.87166667,148.41285714,152.45200000,157.08022222,159.81840000,163.52516667,109.57400000,145.53611404,147.53804705,-2.00193300,-3.64479124,1.64285824,49.63588572,48.71288699,48.29946449,59.62011068,66.60221950,45.65589304,144.10550000,158.70756110,129.50343890,567428189.80572808,569892611.33122098
2024-05-12,145.42000000,147.80000000,142.50000000,143.43000000,206518187.54229999,-1.99000000,-1.36845001,3.64461560,145.92200000,146.59300000,142.71200000,143.42950000,144.40520000,143.54733333,147.38171429,151.49950000,156.05355556,159.23400000,163.18400000,110.12895000,145.21209650,147.23374726,-2.02165077,-3.32016314,1.29851238,45.97369450,47.08209702,47.55480195,45.70470467,59.63638123,17.84135157,143.42950000,156.72082281,130.13817719,470195043.64413995,513020433.46121609
2024-05-13,143.42000000,150.88000000,137.78000000,147.54000000,636617019.96036005,4.11000000,2.86550931,9.13401199,146.99400000,146.97800000,143.34866667,143.06900000,144.62400000,143.84966667,146.43485714,150.56175000,155.06533333,158.50720000,162.69883333,110.70280000,145.57023550,147.25643265,-1.68619715,-2.99336995,1.30717279,54.32564084,50.79362582,49.24135259,45.66519468,54.97931904,27.03694594,143.06900000,155.42575634,130.71224366,465140747.91744602,513012010.55979997
2024-05-14,147.53000000,149.09000000,141.82000000,142.03000000,491650914.90056002,-5.51000000,-3.73458045,4.92781129,144.88600000,146.57600000,143.63266667,142.78150000,144.60520000,143.54233333,145.56657143,149.51250000,153.90600000,157.56800000,162.00016667,111.25430000,145.02558388,146.86928949,-1.84370561,-2.76343708,0.91973147,43.50580529,46.06811275,47.12149867,37.06030883,49.00631564,13.16829521,142.78150000,154.94276426,130.62023574,449240524.21508998,521237576.83586204
2024-05-15,142.03000000,158.88000000,141.21000000,158.52000000,734214270.26840997,16.49000000,11.61022319,12.44103358,147.38800000,147.85500000,145.74933333,143.46550000,144.89720000,144.20933333,145.14400000,149.11625000,152.92977778,156.92920000,161.60800000,111.88875000,147.10164790,147.73230509,-0.63065718,-2.33688110,1.70622392,67.06384036,58.63284025,53.38801303,56.99707962,51.66990363,67.65143160,143.46550000,157.50764330,129.42335670,472373726.71632993,563608596.82308793
2024-05-16,158.52000000,164.79000000,156.46000000,159.37000000,675510074.16726995,0.85000000,0.53620994,5.25485743,150.17800000,148.51000000,147.39800000,144.47250000,145.32000000,144.98100000,144.77257143,148.63350000,152.19933333,156.39000000,160.89983333,112.52145000,148.98908669,148.59435656,0.39473012,-1.79055885,2.18528898,67.89202593,59.16777077,53.68324724,64.64250575,55.99410434,81.93930858,144.47250000,160.04133645,128.90366355,548902093.36777997,558165141.58675396
2024-05-17,159.36000000,174.00000000,159.32000000,169.44000000,682669638.66178000,10.07000000,6.31862960,9.21184739,155.38000000,150.65100000,149.52200000,145.87900000,145.81960000,146.23433333,145.23771429,148.38150000,151.93066667,155.98620000,160.45850000,113.19395000,152.13538104,150.13847830,1.99690274,-1.03306653,3.02996928,76.34729322,65.01468322,57.04651483,72.23176069,61.40665646,93.88196916,145.87900000,164.93656366,126.82143634,644132383.59167600,557163713.61790800
2024-05-18,169.43000000,176.06000000,168.65000000,172.40000000,496940232.56437999,2.96000000,1.74693107,4.37348758,160.35200000,153.67300000,151.43600000,147.59950000,146.52560000,147.24533333,146.20714286,148.17450000,151.64955556,155.59400000,160.50150000,113.86395000,155.25301473,151.78747991,3.46553482,-0.13334626,3.59888109,78.35760426,66.55058291,57.98235287,78.30079762,67.03803684,100.82631917,147.59950000,169.63812970,125.56087030,616197026.11247993,540668887.01496291
2024-05-19,172.40000000,175.50000000,165.96000000,169.93000000,460508285.32582003,-2.47000000,-1.43271462,5.53364269,165.93200000,155.40900000,153.02800000,149.20750000,147.41160000,148.15966667,146.74085714,148.11225000,151.33688889,155.10860000,160.13750000,114.50785000,157.51101246,153.13137028,4.37964218,0.76925143,3.61039075,72.21182159,63.99314952,56.90284719,80.19600371,71.42402580,97.73995952,149.20750000,172.86024914,125.55475086,609968500.19753194,529604512.20631093
2024-05-20,169.93000000,188.32000000,167.47000000,186.70000000,1022051849.66919994,16.77000000,9.86876949,12.26975814,171.56800000,159.47800000,155.75933333,152.20400000,149.08600000,149.34233333,148.11771429,148.44700000,151.61088889,154.79360000,160.25816667,115.24020000,162.00162593,155.61793545,6.38369048,1.89213924,4.49155125,83.04584172,71.97098355,61.92498571,85.72887518,76.19230893,104.80200769,152.20400000,178.87969554,125.52830446,667536016.07768989,569954871.39700997
2024-05-21,186.69000000,188.89000000,174.37000000,178.15000000,854999395.09576988,-8.55000000,-4.57953937,7.77759923,175.32400000,162.75100000,157.44800000,154.37950000,150.64280000,150.32066667,149.31571429,148.59150000,151.59911111,154.51180000,160.30716667,115.93370000,164.48599117,157.28697727,7.19901391,2.95351417,4.24549974,67.05191673,64.07493760,58.31005469,83.48141669,78.62201151,93.20022704,154.37950000,182.10032742,126.65867258,703433880.26338995,626167986.81558490
2024-05-22,178.15000000,185.00000000,174.96000000,176.95000000,766148690.37293994,-1.20000000,-0.67358967,5.63570025,176.82600000,166.10300000,159.37600000,156.34800000,152.06840000,150.98733333,150.60457143,149.18625000,151.54200000,154.42020000,160.37883333,116.60640000,166.40353099,158.74349747,7.66003352,3.89481804,3.76521548,64.94532002,63.01639228,57.81576798,80.64029569,79.29477291,83.33134126,156.34800000,184.63158170,128.06441830,720129690.60562205,682131037.09864891
2024-05-23,176.96000000,181.04000000,165.35000000,176.16000000,977277434.41104996,-0.79000000,-0.44645380,8.86641049,177.57800000,168.96500000,161.64133333,157.97150000,153.59520000,151.70100000,151.57857143,150.12850000,151.44155556,154.24240000,160.25016667,117.28145000,167.90452622,160.03360877,7.87091746,4.69003792,3.18087953,63.37243247,62.27749039,57.48104204,78.19392196,78.92782259,76.72612070,157.97150000,186.91569333,129.02730667,816197130.97495592,716197078.54371798
2024-05-24,176.15000000,176.15000000,162.50000000,167.70000000,810028558.31071007,-8.46000000,-4.80245232,7.74907749,177.13200000,171.53200000,162.65000000,159.05400000,154.79240000,152.36500000,152.29857143,150.53975000,151.33666667,153.91640000,159.89533333,117.90915000,167.87306065,160.60148960,7.27157105,5.20634455,2.06522650,48.33071174,54.77436168,53.98827818,63.68237001,73.84600506,43.35509990,159.05400000,187.73913453,130.36886547,886101185.57193398,748034842.88473296
2024-05-25,167.70000000,170.55000000,165.90000000,168.35000000,321691312.78368998,0.65000000,0.38759690,2.77280859,173.46200000,172.51500000,164.13933333,160.18500000,156.45560000,153.14866667,152.78800000,151.28575000,151.22644444,153.79600000,159.52683333,118.53625000,167.94643593,161.17545333,6.77098260,5.51927216,1.25171044,49.43721418,55.22649234,54.21134188,52.63414905,66.77538639,24.35167437,160.18500000,188.43865892,131.93134108,746029078.19483197,706782547.13626099
2024-05-26,168.35000000,168.40000000,161.00000000,163.41000000,512894771.41766000,-4.94000000,-2.93436293,4.39560440,170.51400000,172.91900000,165.33866667,160.71450000,157.60640000,153.95466667,153.20542857,151.96550000,151.02733333,153.49060000,159.14483333,119.13765000,167.24852271,161.34097531,5.90754741,5.59692721,0.31062020,41.35947613,50.99935734,52.20426768,37.96979603,57.17352294,-0.43765778,160.71450000,188.78332104,132.64567896,677608153.45921004,690521016.86129999
2024-05-27,163.42000000,172.28000000,163.26000000,170.15000000,547344142.94860005,6.74000000,4.12459458,5.51952025,169.15400000,172.99000000,167.12000000,161.82050000,158.90920000,154.91600000,153.58257143,152.92325000,151.40488889,153.30320000,158.82016667,119.76195000,167.69490384,161.99349566,5.70140818,5.61782340,0.08358478,53.73587555,56.01083589,54.59741903,36.24901665,50.19868751,8.34967492,161.82050000,189.52570109,134.11529891,633847243.97434199,676988467.28998196
2024-05-28,170.15000000,173.24000000,164.92000000,168.68000000,637522900.01294994,-1.47000000,-0.86394358,4.88980311,167.65800000,172.61800000,168.52933333,163.14550000,159.90880000,155.93900000,153.98057143,153.58850000,152.07622222,153.06320000,158.43133333,120.32200000,167.84645709,162.48879227,5.35766482,5.56579169,-0.20812687,50.92300846,54.68025695,53.98228024,33.34492827,44.58076776,10.87324929,163.14550000,189.39205284,136.89894716,565896337.09472203,691046734.03483891
2024-05-29,168.68000000,173.93000000,167.00000000,168.32000000,500443628.71600002,-0.36000000,-0.21342186,4.10837088,167.78200000,172.45700000,170.28200000,163.93300000,160.79960000,156.95733333,154.56742857,154.23400000,152.45555556,152.98120000,158.00000000,120.88190000,167.91930985,162.92073359,4.99857626,5.45234860,-0.45377234,50.15150957,54.33541089,53.82730148,30.97860761,40.04671438,12.84239408,163.93300000,189.78569372,138.08030628,503979351.17578000,695040268.37385702
2024-05-30,168.32000000,173.00000000,163.55000000,166.88000000,555770168.75021005,-1.44000000,-0.85551331,5.61430608,167.48800000,170.47500000,170.83933333,164.97650000,161.64560000,158.29433333,155.19714286,154.62550000,153.08600000,152.85260000,157.40716667,121.43490000,167.75941602,163.21401258,4.54540344,5.27095957,-0.72555613,46.75166128,52.88016597,53.18992834,28.81907174,36.30416683,13.84888156,164.97650000,189.43007128,140.52292872,550795122.36908400,648412100.28195798
2024-05-31,166.88000000,170.94000000,163.67000000,165.65000000,432816352.94655001,-1.23000000,-0.73705657,4.35642378,167.93600000,169.22500000,171.25800000,165.98800000,162.15880000,159.32800000,155.95200000,155.04675000,153.74000000,152.71820000,156.96400000,122.00515000,167.43489048,163.39445609,4.04043439,5.02485453,-0.98442014,43.71412691,51.59259353,52.63442451,26.94724543,33.18519303,14.47135023,165.98800000,188.64296678,143.33303322,534779438.67486203,606193796.06703603
2024-06-01,165.65000000,167.95000000,165.64000000,166.14000000,178824432.11781001,0.49000000,0.29580441,1.39450649,167.13400000,168.14400000,171.03800000,167.12350000,162.88320000,160.28000000,156.66142857,155.27650000,154.50222222,152.97780000,156.70750000,122.55180000,167.23567656,163.59782972,3.63784685,4.74745300,-1.10960615,45.40968233,52.09946605,52.83916959,29.27396120,31.88144909,24.05898543,167.12350000,187.14085171,147.10614829,461075496.50870401,547461370.24152303
2024-06-02,166.14000000,167.10000000,161.32000000,163.15000000,274722936.49485999,-2.99000000,-1.79968701,3.47899362,166.02800000,166.84300000,170.42133333,167.90400000,163.72200000,160.92866667,157.38028571,155.48650000,154.97066667,153.47140000,156.34250000,123.04040000,166.60711094,163.56465714,3.04245379,4.40645316,-1.36399936,37.20332082,48.70461505,51.42378900,25.05863977,29.60717932,15.96156068,167.90400000,185.81248008,149.99551992,388515503.80508602,477205920.44990408
2024-06-03,163.14000000,167.21000000,161.79000000,164.89000000,392561788.00562000,1.74000000,1.06650322,3.32229987,165.34200000,166.56200000,170.08533333,169.04700000,164.21480000,161.55666667,158.15514286,155.91425000,155.46822222,153.74420000,156.02400000,123.57585000,166.34294002,163.66283069,2.68010933,4.06118439,-1.38107506,44.24023741,50.74226016,52.20127932,26.73411767,28.64949210,22.90336881,169.04700000,182.32048937,155.77351063,366939135.66301000,435459243.41939497
2024-06-04,164.90000000,171.87000000,164.31000000,171.78000000,356126382.83239001,6.89000000,4.17854327,4.58459673,166.32200000,166.90500000,169.09066667,169.71000000,165.24560000,162.42500000,159.44114286,156.58775000,155.92511111,154.40960000,155.98083333,124.14220000,167.17941079,164.26410249,2.91530830,3.83200917,-0.91670087,63.61450320,57.95674209,55.16631017,45.47275833,34.25724751,67.90377997,169.71000000,182.06221182,157.35778818,327010378.47944605,438902750.42426503
2024-06-05,171.78000000,175.60000000,170.00000000,173.54000000,443704811.36119998,1.76000000,1.02456631,3.25998370,167.90000000,167.91800000,168.78333333,170.41850000,166.37040000,163.11566667,160.55257143,157.44550000,156.47488889,155.15600000,155.89516667,124.71710000,168.15796298,164.95120601,3.20675697,3.70695873,-0.50020177,67.11680114,59.60541984,55.89555302,58.83991545,42.45147016,91.61680604,170.41850000,181.86591069,158.97108931,329188070.16237605,431983754.41861898
2024-06-06,173.55000000,174.40000000,167.51000000,170.15000000,363765530.70853001,-3.39000000,-1.95344013,3.97003745,168.70200000,167.91800000,168.33000000,170.45400000,167.43920000,163.85300000,161.48314286,158.16650000,156.76822222,155.92220000,155.73900000,125.26235000,168.46443021,165.33630186,3.12812835,3.59119266,-0.46306431,54.90211917,55.06794843,54.12607700,59.83818827,48.24704286,83.02047908,170.45400000,181.89303456,159.01496544,366176289.88051999,413625893.19461197
2024-06-07,170.15000000,172.85000000,152.92000000,162.50000000,584574048.04206002,-7.65000000,-4.49603291,11.71319424,168.57200000,167.30000000,167.41933333,169.95900000,168.03760000,164.53033333,162.02057143,158.77925000,156.94044444,156.33080000,155.43600000,125.79200000,167.54682556,165.12620543,2.42062014,3.35707815,-0.93645802,36.77729839,46.37676528,50.37120685,53.97207848,50.15538807,61.60545930,169.95900000,181.88970678,158.02829322,428146512.18996000,408331007.99752301
2024-06-08,162.51000000,163.78000000,157.37000000,157.83000000,287653524.77526999,-4.67000000,-2.87384615,3.94437265,167.16000000,166.25100000,166.76133333,169.35400000,168.66960000,164.70566667,162.35714286,159.28075000,157.16377778,156.63740000,155.19283333,126.32290000,166.05192932,164.58574576,1.46618356,2.97889923,-1.51271568,29.61525722,41.96592978,48.23948807,43.19772898,47.83616837,33.92085020,169.35400000,182.46016311,156.24783689,407164859.54389000,387051997.60345000
2024-06-09,157.83000000,163.04000000,156.52000000,162.12000000,231109362.89601001,4.29000000,2.71811443,4.13102705,165.22800000,165.77500000,166.34600000,168.12500000,168.81360000,165.24266667,162.82542857,160.16450000,157.54777778,156.85540000,155.00633333,126.84570000,165.44701712,164.40309793,1.04391919,2.59190322,-1.54798404,42.05460418,47.01596502,50.25738949,42.31994395,45.99742690,34.96497806,168.12500000,178.75913471,157.49086529,382161455.55661404,354585917.01803005
2024-06-10,162.12000000,163.18000000,157.46000000,159.05000000,281863612.18112999,-3.07000000,-1.89365902,3.52825068,162.33000000,165.11500000,166.05533333,167.17000000,168.80080000,165.69700000,163.00342857,160.77475000,157.98822222,157.06040000,154.78433333,127.35840000,164.46286064,164.00657216,0.45628848,2.16478028,-1.70849179,36.51307314,44.02519957,48.83570466,37.22270220,43.07251867,25.52306927,167.17000000,177.43765386,156.90234614,349793215.72060001,339490642.94148803
2024-06-11,159.04000000,159.75000000,145.20000000,149.31000000,554100633.37647998,-9.74000000,-6.12386042,9.14864185,158.16200000,163.43200000,164.66600000,165.78800000,167.99560000,165.89300000,163.04000000,161.06800000,158.16600000,156.90760000,154.72016667,127.82065000,162.13165131,162.91793718,-0.78628587,1.57456705,-2.36085292,24.31497964,36.08138134,44.65387318,29.32171375,38.48891703,10.98730719,165.78800000,177.80465616,153.77134384,387860236.25419003,377018263.06735498
2024-06-12,149.31000000,161.84000000,145.44000000,155.22000000,598161585.14138997,5.91000000,3.95820776,10.98385909,156.70600000,162.63900000,163.76866667,164.74100000,167.30840000,166.14900000,163.41257143,161.35625000,158.54888889,156.91700000,154.99933333,128.30265000,161.06832034,162.34771961,-1.27939928,1.00377378,-2.28317306,39.12326275,42.90118883,47.50028630,30.53465127,35.83749511,19.92896360,164.74100000,176.60053030,152.88146970,390577743.67405593,409362127.93200803
2024-06-13,155.21000000,155.21000000,146.03000000,147.29000000,385605225.31535000,-7.93000000,-5.10887772,5.91456736,154.59800000,160.87900000,162.36666667,163.72050000,166.40280000,166.32433333,163.26171429,161.38725000,158.76044444,156.90720000,154.93333333,128.75125000,158.94857875,161.23233298,-2.28375423,0.34626818,-2.63002241,29.75069079,37.10605135,44.30964432,22.64810085,31.44103035,5.06224183,163.72050000,177.81068692,149.63031308,410168083.78207195,408666471.66298103
2024-06-14,147.29000000,149.00000000,139.67000000,143.05000000,460357684.10747999,-4.24000000,-2.87867472,6.33444226,150.78400000,158.00600000,160.77800000,162.45550000,164.65680000,165.80866667,163.17714286,161.32025000,159.12222222,156.87140000,155.00900000,129.19120000,156.50264356,159.88549350,-3.38284994,-0.39955544,-2.98329450,25.78701040,34.39596491,42.70906221,18.34280723,27.07495598,0.87850972,162.45550000,179.10587566,145.80512434,456017748.02436602,419089601.79048997
2024-06-15,143.04000000,145.78000000,142.92000000,145.52000000,194646238.58695000,2.47000000,1.72666900,1.99944072,148.07800000,155.20400000,159.43600000,161.56100000,163.35160000,165.34700000,163.18000000,161.13775000,159.36400000,156.99720000,155.16400000,129.62790000,154.81300609,158.82138287,-4.00837678,-1.12131971,-2.88705707,32.10996348,37.30590916,43.94003102,18.10557251,24.08516149,6.14639455,161.56100000,179.83818612,143.28381388,438574273.30552995,394183744.51306498
2024-06-16,145.52000000,151.35000000,143.08000000,151.30000000,206570978.08947000,5.78000000,3.97196262,5.68306762,148.47600000,153.31900000,158.44666667,160.61850000,162.32560000,164.74233333,163.40485714,161.21950000,159.66888889,157.19700000,155.48833333,130.08785000,154.27254361,158.26424340,-3.99169978,-1.69539573,-2.29630406,45.21684084,43.68287431,46.73463527,28.14946366,25.43992888,33.56853322,160.61850000,178.97471137,142.26228863,369068342.24812800,378464289.25115901
2024-06-17,151.30000000,151.79000000,139.85000000,143.27000000,494336447.73763001,-8.03000000,-5.30733642,7.89160608,146.08600000,151.39600000,157.12133333,159.34800000,161.01000000,163.77133333,163.28285714,161.24675000,159.65955556,157.30260000,155.50833333,130.50770000,152.57984459,157.15355870,-4.57371411,-2.27105940,-2.30265470,34.20707492,37.84828947,43.58489612,23.87052008,24.91679261,21.77797501,159.34800000,178.83734457,139.85865543,348303314.76737595,369440529.22071600
2024-06-18,143.28000000,143.82000000,127.95000000,137.41000000,888291180.97423005,-5.86000000,-4.09017938,11.07621441,144.11000000,149.35400000,155.28933333,157.80250000,159.79840000,162.68733333,163.15085714,160.86775000,159.46755556,157.29540000,155.42350000,130.89600000,150.24602235,155.69107287,-5.44505052,-2.90585763,-2.53919290,28.19512665,34.21056629,41.45723926,24.86438494,24.89932339,24.79450805,157.80250000,179.11334120,136.49165880,448840505.89915198,429504294.84061193
2024-06-19,137.41000000,141.90000000,134.47000000,135.62000000,488039592.77287000,-1.79000000,-1.30267084,5.40717561,142.62400000,146.70400000,152.87866667,156.23950000,158.48920000,160.98466667,162.49657143,160.60800000,159.24288889,157.47240000,155.16350000,131.25580000,147.99586506,154.20432673,-6.20846167,-3.56637843,-2.64208323,26.48866686,33.14887996,40.82205569,24.12027158,24.63963945,23.08153583,156.23950000,179.26362783,133.21537217,454376887.63222998,455197317.82829797
2024-06-20,135.62000000,141.29000000,131.90000000,133.55000000,475840535.65982997,-2.07000000,-1.52632355,6.92375756,140.23000000,144.15400000,150.21266667,154.63450000,157.29480000,159.49800000,161.75885714,160.31125000,158.81466667,157.45060000,154.90933333,131.60865000,145.77342429,152.67437660,-6.90095232,-4.23329321,-2.66765911,24.43629553,31.89996728,40.08102126,21.58819718,23.62249203,17.51960749,154.63450000,179.31246842,129.95653158,510615747.04680598,474595010.17616796
2024-06-21,133.55000000,135.38000000,128.76000000,134.60000000,426673566.80229998,1.05000000,0.78622239,4.95694496,136.89000000,142.68300000,147.84266667,153.05750000,155.87280000,158.08633333,160.76342857,160.09050000,158.51622222,157.39100000,154.53683333,131.97345000,144.05443593,151.33553389,-7.28109796,-4.84285416,-2.43824380,27.83955633,33.29074217,40.65126085,22.52370397,23.25622934,21.05865322,153.05750000,178.65365997,127.46134003,554636264.78937197,461852303.51875001
2024-06-22,134.61000000,136.74000000,133.00000000,133.69000000,188365519.28270000,-0.91000000,-0.67607727,2.77839685,134.97400000,140.53000000,145.92200000,151.58450000,154.47320000,156.67066667,159.65742857,159.74425000,158.32755556,157.19100000,154.18583333,132.33675000,142.45990733,150.02845731,-7.56854998,-5.38799332,-2.18055665,26.59390241,32.66012183,40.30437970,23.04152971,23.18466280,22.75526354,151.58450000,178.10905901,125.05994099,493442079.09838599,420872696.93288100
2024-06-23,133.70000000,135.09000000,128.22000000,128.69000000,197001384.22396001,-5.00000000,-3.73999551,5.13836948,133.23000000,138.67000000,143.97933333,149.77450000,152.88800000,155.37033333,158.47914286,159.41075000,157.79688889,156.84380000,153.86766667,132.67095000,140.34146005,148.44783084,-8.10637079,-5.93166882,-2.17470198,20.53558495,29.32990628,38.42451291,16.39569542,20.92167367,7.34373892,149.77450000,177.39399310,122.15500690,355184119.74833196,402012312.82374197
2024-06-24,128.68000000,132.66000000,122.00000000,132.33000000,709427098.28488004,3.64000000,2.82850260,8.28411564,132.57200000,137.59800000,141.99333333,147.80200000,151.50600000,154.16966667,156.92571429,158.75600000,157.49288889,156.57580000,153.65916667,132.99390000,139.10892773,147.25391744,-8.14498971,-6.37433300,-1.77065672,33.72517181,34.62401358,40.53156901,22.48915221,21.44416652,24.57912360,147.80200000,174.42105261,121.18294739,399461620.85073406,426919254.24148202
2024-06-25,132.34000000,139.90000000,131.20000000,136.58000000,541175887.65102005,4.25000000,3.21166780,6.57397612,133.17800000,136.70400000,140.49533333,145.95400000,150.34320000,153.27533333,155.73800000,158.18625000,157.29644444,156.25100000,153.61500000,133.30210000,138.71986193,146.46325689,-7.74339497,-6.64814539,-1.09524958,46.22975708,40.31871962,42.91162343,31.30696754,24.73176686,44.45736890,145.95400000,170.06301941,121.84498059,412528691.24897206,461572219.14788902
2024-06-26,136.57000000,140.41000000,134.85000000,136.81000000,343612682.12807000,0.23000000,0.16839947,4.07117229,133.62000000,135.25500000,139.66200000,144.28700000,149.17000000,152.16400000,154.59114286,157.37050000,157.14933333,156.02660000,153.54000000,133.62465000,138.42603702,145.74820083,-7.32216381,-6.78294907,-0.53921474,46.88062637,40.62406474,43.04035646,43.49581521,30.98644964,68.51454633,144.28700000,165.82522267,122.74877733,395916514.31412601,475276389.55174905
2024-06-27,136.81000000,151.21000000,135.20000000,149.71000000,646251166.23057997,12.90000000,9.42913530,11.70236094,136.82400000,135.89900000,139.29466667,143.64750000,148.63240000,151.53166667,153.83542857,156.80325000,157.19755556,156.17720000,153.73533333,133.99885000,140.16203132,146.04166743,-5.87963611,-6.60228648,0.72265037,70.72820399,54.77988283,49.68112700,60.61880092,40.86390007,100.12860262,143.64750000,163.61071762,123.68428238,487493643.70370197,490467861.40104401
2024-06-28,149.71000000,150.84000000,139.01000000,140.03000000,481073901.27222002,-9.68000000,-6.46583395,7.90194376,139.09200000,136.16100000,138.81066667,142.75750000,147.63800000,150.58866667,153.04485714,156.05575000,157.15311111,155.92640000,153.77300000,134.34775000,140.14171881,145.59635873,-5.45463992,-6.37275717,0.91811725,50.36697170,45.83463298,45.52516303,60.98767944,47.57182653,87.81938528,142.75750000,161.61496411,123.90003589,544308147.11335397,449746133.43084300
2024-06-29,140.03000000,143.26000000,139.67000000,140.28000000,208157309.84296000,0.25000000,0.17853317,2.56373634,140.68200000,136.62700000,138.62600000,141.66550000,146.37800000,149.70200000,152.24285714,154.89525000,156.74777778,155.81180000,153.99816667,134.70615000,140.16299284,145.20255438,-5.03956154,-6.10611804,1.06655650,50.80587672,46.08269073,45.64769414,61.51888889,52.22084731,80.11497203,141.66550000,158.18662584,125.14437416,444054189.42496997,421757905.13785201
2024-06-30,140.28000000,147.62000000,137.09000000,146.61000000,296853184.38976002,6.33000000,4.51240376,7.50641574,142.68800000,137.93300000,138.69866667,141.04350000,145.30080000,149.06733333,151.76285714,154.10675000,156.46422222,155.83560000,154.19766667,135.08610000,141.15484009,145.30680961,-4.15196952,-5.71528834,1.56331882,61.22434487,52.13723124,48.69659779,69.09658209,57.84609224,91.59756180,141.04350000,155.63254171,126.45445829,395189648.77271795,403859170.01084507
2024-07-01,146.61000000,149.36000000,145.87000000,146.67000000,336552447.23334998,0.06000000,0.04092490,2.38046518,144.66000000,139.14000000,138.39000000,140.91150000,144.36160000,148.41833333,151.09200000,153.34975000,155.95822222,155.90040000,154.34916667,135.44105000,142.00332623,145.40778668,-3.40446045,-5.25312276,1.84866232,61.31752722,52.19274273,48.72504646,74.21684726,63.30301058,96.04452063,140.91150000,155.23089910,126.59210090,393777601.79377401,394847058.05395001
2024-07-02,146.68000000,155.00000000,146.14000000,154.03000000,417015417.22148001,7.36000000,5.01806777,6.04035997,145.52400000,141.17400000,139.10733333,140.85200000,144.02280000,148.11433333,150.67342857,152.79650000,155.55000000,156.03020000,154.52150000,135.84865000,143.85358374,146.04646915,-2.19288541,-4.64107529,2.44818988,71.42544671,58.61571020,52.12325748,81.83143353,69.47915156,106.53599746,140.85200000,154.92889948,126.77510052,347930451.99195397,417712047.84782803
2024-07-03,154.03000000,154.50000000,139.01000000,140.84000000,607418245.77144003,-13.19000000,-8.56326690,10.05648250,145.68600000,142.38900000,139.33600000,140.52950000,143.34320000,147.31266667,149.88828571,152.12500000,154.90355556,156.00640000,154.43466667,136.18425000,143.38995547,145.66080477,-2.27084930,-4.16703009,1.89618080,45.72845437,46.42232434,46.37566926,68.05568958,69.00466424,66.15774027,140.52950000,154.27705783,126.78194217,373199320.89179802,458753734.00257605
2024-07-04,140.84000000,142.75000000,127.20000000,127.86000000,702763141.49908996,-12.98000000,-9.21613178,11.04089747,143.20200000,141.94200000,138.81866667,139.77000000,141.97280000,145.84866667,148.77342857,151.11275000,153.59600000,155.39320000,154.13683333,136.46920000,141.00073155,144.34222664,-3.34149508,-4.00192309,0.66042801,32.09341481,37.94779976,41.65860178,46.16182663,61.39038503,15.70470981,139.77000000,154.56939117,124.97060883,472120487.22302401,458087338.32399702
2024-07-05,127.85000000,136.58000000,121.00000000,134.32000000,983389317.89722002,6.46000000,5.05240106,12.18615565,140.74400000,141.71600000,138.87000000,139.21000000,140.98360000,144.54133333,147.87828571,150.38550000,152.62200000,154.89220000,153.82850000,136.76870000,139.97292670,143.59983948,-3.62691278,-3.92692103,0.30000825,42.35813220,43.54343386,44.58574921,43.83337461,55.53804823,20.42402739,139.21000000,153.94072264,124.47927736,609427713.92451596,502308681.34861696
2024-07-06,134.32000000,144.35000000,132.33000000,143.05000000,398979042.90841001,8.73000000,6.49940441,8.94877904,140.02000000,142.34000000,139.43333333,138.79750000,140.73320000,143.63800000,147.21857143,149.70800000,151.86866667,154.36440000,153.74550000,137.11895000,140.44632259,143.55911063,-3.11278804,-3.76409443,0.65130639,53.70617871,50.16817889,48.24730664,50.83989680,53.97199775,44.57569490,138.79750000,152.53103004,125.06396996,621913033.05952799,507845317.42665100
2024-07-07,143.05000000,143.33000000,131.23000000,131.64000000,357932288.79140002,-11.41000000,-7.97623209,8.45858092,135.54200000,140.53300000,139.29666667,138.21600000,139.79000000,142.60933333,146.31828571,148.78200000,150.87933333,153.54920000,153.56983333,137.36610000,139.09150373,142.67621354,-3.58470981,-3.72821751,0.14350769,41.03559898,42.97769965,44.25889683,44.32463708,50.75621086,31.46148953,138.21600000,152.13577374,124.29622626,610096407.37351203,479013429.68273294
2024-07-08,131.64000000,142.00000000,127.77000000,139.81000000,778233609.89991999,8.17000000,6.20632027,10.80978426,135.33600000,140.51100000,140.03800000,138.33600000,139.49080000,142.00866667,145.60171429,148.06925000,150.25955556,152.94680000,153.35716667,137.59595000,139.20204162,142.46390143,-3.26185981,-3.63494597,0.37308616,50.97399687,48.71900823,47.50149727,47.99093453,49.83445208,44.30389941,138.33600000,152.26789208,124.40410792,644259480.19920802,508729400.54550302
2024-07-09,139.81000000,144.33000000,136.45000000,141.42000000,474835006.13946998,1.61000000,1.15156284,5.63622059,138.04800000,140.62500000,140.64400000,138.62600000,139.42560000,141.31866667,144.73428571,147.43275000,149.66111111,152.04120000,153.28066667,137.81355000,139.54326598,142.38657540,-2.84330941,-3.47661866,0.63330924,52.85315860,49.80547117,48.12206301,52.01356419,50.56082279,54.91904701,138.62600000,152.56130979,124.69069021,598673853.12728405,535397170.17515403
2024-07-10,141.43000000,146.20000000,138.60000000,141.98000000,384433518.86052001,0.56000000,0.39598359,5.37368309,139.58000000,140.16200000,141.00400000,139.04750000,139.28400000,140.74966667,143.83257143,146.84100000,149.18488889,151.31780000,153.22333333,137.98405000,139.91814814,142.35645870,-2.43831056,-3.26895704,0.83064648,53.59556306,50.20577358,48.34368348,55.24433691,52.12199416,61.48902242,139.04750000,152.84564156,125.24935844,478882693.31994402,544155203.62222993
2024-07-11,141.99000000,146.10000000,135.64000000,135.73000000,472185792.21612000,-6.25000000,-4.40202845,7.36671597,138.11600000,139.06800000,140.93200000,139.10400000,138.66120000,140.29700000,142.84914286,146.08075000,148.42000000,150.49340000,153.09500000,138.10045000,139.27381766,141.86560991,-2.59179225,-3.13352408,0.54173183,44.26120528,45.76232224,46.05252054,51.48627436,51.91008756,50.63864796,139.10400000,152.83455049,125.37344951,493524043.18148601,557718538.12050700
2024-07-12,135.73000000,140.55000000,133.92000000,139.46000000,400570824.13591999,3.73000000,2.74810285,4.88469756,139.68000000,137.61100000,140.24866667,139.39250000,138.50880000,139.77166667,142.19085714,145.48850000,147.77066667,149.75940000,152.96033333,138.19320000,139.30246109,141.68741658,-2.38495549,-2.98381036,0.59885487,50.44244438,48.71730519,47.59908259,58.74217232,54.18744915,67.85161868,139.39250000,152.88447637,125.90052363,502051750.25039005,556074078.81195092
2024-07-13,139.47000000,143.60000000,137.94000000,141.90000000,190214241.69670001,2.44000000,1.74960562,4.05822041,140.09800000,137.71700000,140.37333333,140.05300000,138.68840000,139.59200000,141.73571429,144.91375000,147.18355556,149.24340000,152.95816667,138.34025000,139.70208246,141.70316350,-2.00108104,-2.78726450,0.78618346,54.41106560,50.63654395,48.60481632,66.80695086,58.39394972,83.63295315,140.05300000,152.59914741,127.50685259,384447876.60974604,514353678.40447700
2024-07-14,141.89000000,148.56000000,141.87000000,147.66000000,435942051.37289000,5.76000000,4.05919662,4.71492001,141.34600000,139.69700000,140.86533333,140.81950000,139.17000000,139.74566667,141.32257143,144.31075000,146.75644444,148.82960000,152.77716667,138.54400000,140.92637747,142.14441065,-1.21803318,-2.47341823,1.25538505,62.84073895,54.97589216,50.92499044,76.42829913,64.40539952,100.47409835,140.81950000,153.25162219,128.38737781,376669285.65643001,487671569.39185697
2024-07-15,147.66000000,159.95000000,147.00000000,159.38000000,526088294.36737001,11.72000000,7.93715292,8.77014764,144.82600000,142.20300000,141.71666667,141.95950000,140.20320000,140.20766667,141.33200000,143.95675000,146.61711111,148.74900000,152.77733333,138.83190000,143.76539632,143.42112097,0.34427535,-1.90987952,2.25415487,74.39903868,62.32685900,55.21735348,83.69510392,70.83530099,109.41470977,141.95950000,156.71844516,127.20055484,405000240.75779998,441941467.03887194
2024-07-16,159.37000000,162.49000000,152.57000000,160.62000000,629159430.00224996,1.24000000,0.77801481,6.22450900,149.80400000,143.96000000,142.64666667,143.15000000,141.24400000,140.51833333,141.65514286,143.71850000,146.49444444,148.55840000,152.63033333,139.10415000,146.35841227,144.69511201,1.66330026,-1.19524356,2.85854382,75.37164613,63.02365550,55.64565509,87.33475438,76.33511878,109.33402556,143.15000000,159.87078316,126.42921684,436394968.31502599,464959505.74825603
2024-07-17,160.62000000,163.80000000,154.68000000,155.50000000,453684708.72589999,-5.12000000,-3.18764786,5.67799776,153.01200000,146.34600000,142.74466667,143.43950000,142.11640000,140.92600000,141.66314286,143.54350000,146.32444444,148.29480000,152.34866667,139.37215000,147.76481038,145.49547408,2.26933630,-0.50232759,2.77166389,63.43135709,58.17679259,53.44340932,82.29724366,78.32249374,90.24674349,143.43950000,160.82575891,126.05324109,447017745.23302203,474534747.74170601
2024-07-18,155.50000000,161.60000000,155.07000000,159.22000000,409279722.45087999,3.72000000,2.39228296,4.19935691,156.47600000,148.28700000,143.97000000,144.39900000,143.33760000,141.65300000,142.00400000,143.57825000,146.19844444,148.11280000,152.17016667,139.65965000,149.52714725,146.51210563,3.01504161,0.20114625,2.81389536,67.86929587,60.57970821,54.79963769,83.08883625,79.91127458,89.44395958,144.39900000,163.06405984,125.73394016,490830841.38385803,437639358.99680197
2024-07-19,159.22000000,172.42000000,156.07000000,169.13000000,774783060.77819014,9.91000000,6.22409245,10.26881045,160.77000000,151.05800000,146.72133333,145.84150000,144.80960000,142.77000000,142.74914286,143.75350000,146.13955556,148.15780000,151.87733333,139.95575000,152.54297075,148.18750522,4.35546553,1.03201011,3.32345542,76.85037294,66.21998368,58.18566870,85.87740598,81.89998505,93.83224786,145.84150000,167.40104425,124.28195575,558599043.26491809,467634164.46067399
2024-07-20,169.12000000,175.10000000,167.27000000,173.60000000,350329363.85492998,4.47000000,2.64293739,4.62984863,163.61400000,154.22000000,149.34000000,147.19100000,146.29040000,144.10500000,143.55142857,144.11725000,146.14088889,148.31680000,151.80150000,140.29010000,155.78251371,150.06991224,5.71260147,1.96812838,3.74447309,79.89252448,68.44183338,59.60977549,89.37075568,84.39024192,99.33178319,147.19100000,172.07552057,122.30647943,523447257.16242999,464223748.96011496
2024-07-21,173.60000000,185.17000000,170.27000000,184.49000000,651749302.14181006,10.89000000,6.27304147,8.58294931,168.38800000,159.09600000,152.10266667,149.08200000,148.19760000,145.76800000,144.49971429,144.99675000,146.45955556,148.68380000,151.92716667,140.71995000,160.19905006,152.61954837,7.57950169,3.09040304,4.48909865,85.47340083,73.13761882,62.82814154,92.43391617,87.07146667,103.15881516,149.08200000,179.03218081,119.13181919,527965231.59034204,482180099.95268404
2024-07-22,184.49000000,185.00000000,176.71000000,178.90000000,602525041.98769999,-5.59000000,-3.02997452,4.49346848,173.06800000,163.04000000,155.25333333,150.32550000,149.36520000,147.27500000,145.51771429,145.58875000,146.82400000,148.99880000,151.97283333,141.08990000,163.07611928,154.56624849,8.50987079,4.17429659,4.33557420,72.99391521,67.51224343,60.25638656,90.12915427,88.09069587,94.20607107,150.32550000,183.07500508,117.57599492,557733298.24270201,502375521.73786199
2024-07-23,178.90000000,180.54000000,169.72000000,173.03000000,682470078.60841000,-5.87000000,-3.28116266,6.04807155,175.83000000,166.15300000,157.46800000,151.93500000,150.68520000,148.75300000,146.53542857,146.23225000,147.16177778,149.16160000,152.06166667,141.45535000,164.60748555,155.93393379,8.67355176,5.07414763,3.59940413,61.65124972,62.04541735,57.66976293,82.81774201,86.33304458,75.78713685,151.93500000,185.86442427,118.00557573,612371369.47420800,551601105.42903304
2024-07-24,173.03000000,182.50000000,170.90000000,178.06000000,682705655.25174999,5.03000000,2.90701035,6.70403976,177.61600000,169.19300000,159.91066667,154.44500000,152.19640000,150.27733333,147.74800000,147.10750000,147.51600000,149.28720000,152.22350000,141.87680000,166.67710316,157.57290165,9.10420150,5.88015840,3.22404310,66.93464166,64.71624555,59.23448212,81.27522269,84.64710395,74.53146016,154.44500000,188.30270751,120.58729249,593955888.36891997,576277465.81691909
2024-07-25,178.07000000,179.59000000,165.42000000,171.85000000,829732654.80752003,-6.21000000,-3.48758845,7.95754479,177.26600000,170.44000000,161.90200000,156.32150000,153.20600000,151.45300000,148.84228571,147.76575000,147.80044444,149.25340000,152.36416667,142.28885000,167.47293344,158.63046449,8.84246895,6.47262051,2.36984843,55.58842995,59.11373940,56.54193450,72.95466360,80.74962383,57.36474313,156.32150000,189.63857024,123.00442976,689836546.55943799,606641901.86093402
2024-07-26,171.86000000,185.01000000,171.69000000,183.06000000,541455609.23512006,11.21000000,6.52313064,7.75049459,176.98000000,172.68400000,165.05733333,158.32200000,154.66160000,152.99466667,150.22685714,148.55975000,148.55044444,149.51160000,152.57933333,142.71475000,169.87094368,160.44005972,9.43088396,7.06427320,2.36661076,67.51625561,65.06878736,59.96943797,79.63312014,80.37745594,78.14444855,158.32200000,193.05831111,123.58568889,667777807.97810006,597871519.78422093
2024-07-27,183.07000000,188.33000000,178.11000000,183.92000000,647090166.85253000,0.86000000,0.46979133,5.58256405,177.98400000,175.52600000,168.02133333,160.93600000,155.85720000,154.13500000,151.66200000,149.57600000,149.18822222,149.94000000,152.83333333,143.13755000,172.03233696,162.17931455,9.85302241,7.62202304,2.23099936,68.30004237,65.48945690,60.22059310,81.86535350,80.87342179,83.84921691,160.93600000,195.08142361,126.79057639,676690832.95106602,617212065.59688401
2024-07-28,183.92000000,186.77000000,181.16000000,184.90000000,350662180.92843002,0.98000000,0.53284037,3.05023923,180.35800000,178.09400000,170.88800000,163.19050000,157.61960000,155.63066667,153.26800000,150.76325000,150.02400000,150.48140000,153.10966667,143.55205000,174.01197743,163.86232829,10.14964914,8.12754826,2.02210088,69.31255724,65.99848511,60.51516528,82.91969296,81.55551218,85.64805452,163.19050000,197.41693575,128.96406425,610329253.41507006,611350311.44463897
2024-07-29,184.91000000,193.98000000,181.57000000,182.57000000,759977442.45995998,-2.33000000,-1.26014062,6.71137310,181.26000000,179.43800000,173.21533333,165.24800000,159.80800000,157.04033333,154.70342857,151.93700000,150.90222222,150.89040000,153.37116667,143.96540000,175.32859628,165.24808175,10.08051454,8.51814152,1.56237302,63.52373953,63.56663023,59.42346198,75.29613518,79.46905318,66.95029917,165.24800000,198.90674101,131.58925899,625783610.85671210,609869749.61281610
2024-07-30,182.57000000,184.95000000,175.39000000,179.16000000,555301399.55814004,-3.41000000,-1.86777674,5.23634770,182.72200000,179.99400000,174.53400000,167.10700000,161.60160000,158.12533333,155.92000000,153.07725000,151.64977778,151.29260000,153.59633333,144.40060000,175.91804301,166.27859421,9.63944880,8.74240297,0.89704583,55.39818201,60.03484642,57.83023653,66.23383802,75.05731479,48.58688447,167.10700000,199.43542263,134.77857737,570897359.80683589,630366953.18313706
2024-07-31,179.16000000,185.10000000,171.61000000,171.71000000,582939536.24755001,-7.45000000,-4.15829426,7.52958250,180.45200000,178.71600000,175.27333333,168.90600000,162.74800000,158.96000000,156.91714286,154.00500000,152.10333333,151.74060000,153.68916667,144.77990000,175.27065178,166.68092057,8.58973121,8.71186862,-0.12213741,41.48584252,53.01462128,54.49908930,51.49716185,67.20393048,20.08362460,168.90600000,197.69304489,140.11895511,579194145.20932198,623485976.59371102
2024-08-01,171.70000000,172.91000000,157.91000000,167.37000000,917091024.19326997,-4.34000000,-2.52751733,8.73616773,177.14200000,177.56300000,176.06466667,170.30150000,164.17720000,159.40466667,157.42171429,154.84700000,152.63888889,151.98360000,153.75950000,145.14770000,174.05516689,166.73196349,7.32320340,8.43413558,-1.11093218,35.29035625,49.34742505,52.65535528,43.07370165,59.16052087,10.90006322,170.30150000,195.56907962,145.03392038,633194316.67746997,654942574.81426787
2024-08-02,167.37000000,169.43000000,150.00000000,152.77000000,880989082.65711999,-14.60000000,-8.72318815,11.60900998,170.71600000,175.53700000,175.63466667,170.84500000,164.69560000,159.80233333,157.78571429,155.44900000,152.98022222,152.09320000,153.55750000,145.43975000,170.78052583,165.69774397,5.08278186,7.76386483,-2.68108297,22.01705246,39.35648272,47.06598699,30.81524024,49.71209399,-6.97846726,170.84500000,193.91213634,147.77786366,739259697.02320802,674794475.21913898
2024-08-03,152.78000000,154.05000000,140.00000000,142.52000000,803132863.99150002,-10.25000000,-6.70943248,9.19622987,162.70600000,171.98300000,173.86066667,170.58800000,164.73960000,160.29100000,157.84971429,155.70375000,153.13355556,152.08260000,153.06983333,145.66430000,166.43275262,163.98087405,2.45187858,6.70146758,-4.24958900,16.71928447,34.07308838,43.67005972,22.09962540,40.50793779,-14.71699940,170.58800000,194.82751155,146.34848845,747890781.32951605,686837196.09311402
2024-08-04,142.53000000,146.08000000,131.22000000,138.33000000,979026258.03255999,-4.19000000,-2.93993825,10.42587525,154.54000000,168.63100000,171.50933333,169.53550000,164.59360000,160.42466667,157.61314286,155.74750000,153.23977778,151.93880000,152.48300000,145.84545000,162.10925222,162.08080930,0.02844292,5.36686265,-5.33841973,14.95418963,32.14850702,42.36616093,18.50937423,33.17508327,-10.82204386,169.53550000,197.38352854,141.68747146,832635753.02440000,701766556.41561794
2024-08-05,138.32000000,139.37000000,110.00000000,129.78000000,3003271600.88403988,-8.55000000,-6.18087183,21.23337189,146.15400000,163.30300000,167.86200000,167.99350000,164.35560000,159.98233333,157.13057143,155.57175000,153.13266667,151.50840000,151.81016667,146.02235000,157.13552111,159.68815676,-2.55263565,3.78296299,-6.33559864,11.88242027,28.55772505,39.83368086,20.19065847,28.84694167,2.87809207,167.99350000,200.87972702,135.10727298,1316702165.95169783,947948155.58050990
2024-08-06,129.79000000,149.59000000,129.40000000,144.40000000,1184669504.90054989,14.62000000,11.26521806,15.55589799,141.56000000,159.35100000,165.56200000,167.43850000,164.55320000,160.40766667,156.85542857,155.43900000,153.37066667,151.53100000,151.50850000,146.27625000,155.17621017,158.55570071,-3.37949054,2.35047228,-5.72996282,38.01045198,40.87628075,45.63239609,27.11448359,28.26945565,24.80453949,167.43850000,201.56380734,133.31319266,1370217862.09315395,1001706089.38531208
2024-08-07,144.40000000,155.00000000,142.21000000,144.77000000,1249654524.57669997,0.37000000,0.25623269,8.85734072,139.96000000,155.33800000,163.67800000,166.71600000,164.66800000,160.57300000,156.96771429,155.55750000,153.72800000,151.67820000,151.29083333,146.53570000,153.57525476,157.53453769,-3.95928293,1.08852124,-5.04780417,38.56368096,41.15640239,45.77041936,33.50907872,30.01599667,40.49524282,166.71600000,202.16032515,131.27167485,1443950950.47707009,1091605323.75013900
2024-08-08,144.78000000,163.70000000,141.40000000,163.13000000,1137205545.63163996,18.36000000,12.68218554,15.40267993,144.08200000,153.39400000,162.68266667,166.41600000,165.28680000,161.29666667,157.97542857,156.12875000,154.41244444,152.22840000,151.30766667,146.89590000,155.04521557,157.94901638,-2.90380081,0.29005683,-3.19385764,59.88280022,53.16769940,52.07079870,45.92127663,35.31775666,67.12831657,166.41600000,201.87585983,130.95614017,1510765486.80509806,1129328134.06730700
2024-08-09,163.12000000,163.54000000,150.72000000,156.28000000,639908115.46544003,-6.85000000,-4.19910501,7.85924473,147.67200000,151.10600000,161.64466667,165.55000000,165.16280000,161.77333333,158.60285714,156.37050000,154.85022222,152.68300000,151.26150000,147.25810000,155.23518240,157.82538554,-2.59020314,-0.28599516,-2.30420797,51.83036114,49.08935003,49.81752524,55.13598805,41.92383379,81.56029658,165.55000000,201.11694918,129.98305082,1442941858.29167414,1137788805.65803671
2024-08-10,156.29000000,158.75000000,152.54000000,154.01000000,291664636.47096997,-2.27000000,-1.45252112,3.97338281,152.51800000,149.33600000,159.70800000,164.02600000,164.89840000,162.38266667,158.91600000,156.55400000,155.23244444,153.07120000,151.33983333,147.60640000,155.04669280,157.54276439,-2.49607158,-0.72801045,-1.76806114,49.19947331,47.76479999,49.08306210,61.44182814,48.42983191,87.46582062,164.02600000,198.77861105,129.27338895,900620465.40905988,1108661315.68037891
2024-08-11,154.01000000,158.00000000,141.20000000,141.57000000,517779240.96724999,-12.44000000,-8.07739757,10.90838257,151.95200000,146.75600000,156.88466667,162.15950000,164.34120000,162.45300000,159.19971429,156.24250000,155.05155556,153.22880000,151.11233333,147.87040000,152.97335545,156.35959665,-3.38624121,-1.25965660,-2.12658461,36.88653449,41.13006519,45.26674017,60.55774266,52.47246883,76.72829033,162.15950000,197.55246241,126.76653759,767242412.62240005,1068730137.35777700
2024-08-12,141.56000000,150.79000000,141.20000000,146.29000000,721770026.12753999,4.72000000,3.33403970,6.77451257,152.25600000,146.10800000,154.31066667,160.82250000,163.82400000,162.59933333,159.38485714,156.37875000,155.19066667,153.58080000,151.09566667,148.16730000,151.94514692,155.61370061,-3.66855369,-1.74143602,-1.92711767,43.34250451,44.33073777,46.90130528,62.89820957,55.94771574,76.79919723,160.82250000,196.50550605,125.13949395,661665512.93256795,1052808231.70481908
2024-08-13,146.29000000,149.82000000,142.92000000,146.65000000,418947930.81089002,0.36000000,0.24608654,4.71665869,148.96000000,146.52100000,151.91600000,159.25200000,162.92480000,162.56566667,159.53428571,156.84850000,155.33222222,153.86720000,151.15566667,148.43915000,151.13050893,154.94972278,-3.81921385,-2.15699158,-1.66222227,43.86802727,44.58143644,47.02721163,64.68198453,58.85913867,76.32767625,159.25200000,194.50287329,124.00112671,518013989.96841794,1014389738.38675809
2024-08-14,146.65000000,152.18000000,142.36000000,143.71000000,575678706.56273997,-2.94000000,-2.00477327,6.69621548,146.44600000,147.05900000,149.55266667,157.84500000,161.72920000,162.04333333,159.58371429,157.08325000,155.26777778,154.00980000,151.12550000,148.68630000,149.98889217,154.11715072,-4.12825855,-2.55124498,-1.57701358,40.21272159,42.86178586,46.09577532,57.02802856,58.24876863,54.58654841,157.84500000,193.22479054,122.46520946,505168108.18787801,974054983.23977590
2024-08-15,143.70000000,147.64000000,137.78000000,142.58000000,603098548.31330001,-1.13000000,-0.78630575,6.86151705,144.16000000,148.33900000,147.61066667,155.82100000,160.05280000,161.44200000,159.77942857,157.07150000,155.17688889,154.12520000,150.98016667,148.91930000,148.84906261,153.26254697,-4.41348436,-2.92369285,-1.48979151,38.72447963,42.17959139,45.73249377,44.19152521,53.56302083,25.44853398,155.82100000,189.72801831,121.91398169,567454890.55634391,734037677.98270202
2024-08-16,142.58000000,144.88000000,136.10000000,139.04000000,567440808.99247003,-3.54000000,-2.48281666,6.15794642,143.65400000,147.80300000,145.72200000,153.57700000,158.45840000,160.89333333,159.76742857,157.25650000,154.84377778,153.91180000,150.90966667,149.10610000,147.33997605,152.20902497,-4.86904892,-3.31276407,-1.55628485,33.99482954,40.00363225,44.58389475,33.01174145,46.71259437,5.61003561,153.57700000,185.53863957,121.61536043,577387204.16138804,672314808.39189398
2024-08-17,139.04000000,141.99000000,137.61000000,141.93000000,218485355.29023999,2.89000000,2.07853855,3.15017261,142.78200000,147.51900000,144.99933333,151.42850000,157.21440000,160.31700000,159.76828571,157.30950000,154.86800000,153.94980000,150.98500000,149.30875000,146.50767204,151.44761571,-4.93994367,-3.63819999,-1.30174368,41.04848465,42.63904060,45.74471138,29.08994619,40.83837831,5.59308196,151.42850000,180.13590471,122.72109529,476730269.99392807,569197891.46324801
2024-08-18,141.92000000,147.31000000,140.56000000,142.42000000,339317046.09327000,0.49000000,0.34524061,4.75620068,141.93600000,145.44800000,144.99266667,149.42100000,155.78880000,159.42666667,159.61857143,157.33450000,155.19155556,153.99260000,151.09833333,149.53605000,145.87879942,150.77890344,-4.90010402,-3.89058079,-1.00952322,42.30298021,43.10132782,45.94504084,28.69425405,36.79033689,12.50208837,149.42100000,174.32209099,124.51990901,460804093.05040395,489409041.50941098
2024-08-19,142.42000000,146.19000000,140.33000000,144.29000000,420454387.86404997,1.87000000,1.31301783,4.11459065,142.05200000,144.24900000,145.39000000,147.67750000,154.68640000,158.44966667,159.18742857,157.39225000,155.41311111,153.94620000,151.27733333,149.76845000,145.63436874,150.29824392,-4.66387518,-4.04523967,-0.61863551,47.42649356,44.94846439,46.72834042,31.59525612,35.05864330,24.66848177,147.67750000,168.33219884,127.02280116,429759229.31066597,467463668.74927199
2024-08-20,144.28000000,148.83000000,141.00000000,142.27000000,437968467.22535002,-2.02000000,-1.39995842,5.42694760,141.99000000,143.07500000,146.22266667,146.20550000,153.05480000,157.04233333,158.66314286,157.55575000,155.39577778,153.85820000,151.40516667,149.97690000,145.11677355,149.70355919,-4.58678564,-4.15354886,-0.43323677,42.53085231,43.29229112,45.97735841,33.85371967,34.65700209,32.24715483,146.20550000,163.58530131,128.82569869,396733213.09307599,482094051.82471001
2024-08-21,142.27000000,144.42000000,138.70000000,142.79000000,357577461.78615999,0.52000000,0.36550221,4.02052436,142.74000000,143.19700000,146.11533333,144.97650000,151.40960000,155.83866667,158.30000000,157.63900000,155.64355556,153.63340000,151.55683333,150.20105000,144.75880839,149.19144369,-4.43263530,-4.20936615,-0.22326915,44.30677539,43.87305931,46.20957302,36.43730565,35.25043661,38.81104373,144.97650000,159.25415169,130.69884831,354760543.65181398,466073873.90660095
2024-08-22,142.78000000,144.88000000,140.63000000,143.22000000,260990437.28999001,0.43000000,0.30114154,2.97660737,142.99800000,142.89000000,146.01200000,144.49900000,149.74240000,154.84500000,157.84285714,157.67200000,155.71933333,153.68100000,151.79900000,150.43970000,144.52206864,148.74911453,-4.22704589,-4.21290210,-0.01414379,45.96376890,44.38685662,46.40834694,39.05107276,36.51731533,44.11858762,144.49900000,158.31036359,130.68763641,363261560.05176401,419995915.02284604
2024-08-23,143.23000000,154.08000000,142.68000000,153.26000000,557770796.32282996,10.04000000,7.01019411,7.95922642,145.16600000,143.55100000,145.35400000,145.03600000,148.57000000,154.01833333,157.38942857,157.81200000,155.98244444,154.18900000,152.14783333,150.72770000,145.86636577,149.08325420,-3.21688843,-4.01369937,0.79681094,70.53020198,54.90232126,50.83484693,57.84717420,43.62726828,86.28698603,145.03600000,159.34942160,130.72257840,406952310.09767598,433878201.57404006
2024-08-24,153.27000000,162.30000000,151.97000000,160.67000000,588656966.40683997,7.41000000,4.83492105,6.73974033,148.44200000,145.24700000,145.64666667,146.15300000,147.83040000,153.64566667,157.02000000,157.84425000,156.39777778,154.71600000,152.54933333,151.04665000,148.14384796,149.94153166,-1.79768370,-3.57049623,1.77281253,78.98984519,60.86080750,53.77524312,69.82432478,52.35962045,104.75373345,146.15300000,161.69682206,130.60917794,440592825.80623400,435176027.55844992
2024-08-25,160.67000000,162.00000000,155.25000000,158.92000000,416869258.12242001,-1.75000000,-1.08918902,4.20115765,151.77200000,146.88100000,145.97400000,147.61000000,147.31880000,152.84100000,156.28942857,157.80175000,156.91311111,155.03340000,152.91783333,151.33555000,149.80171750,150.60660339,-0.80488589,-3.01737416,2.21248828,73.04720320,58.85730216,52.99419108,75.31963221,60.01295770,105.93298122,147.61000000,162.12034912,133.09965088,436372983.98564798,416553098.53936201
2024-08-26,158.92000000,162.00000000,155.53000000,157.12000000,526697469.93656999,-1.80000000,-1.13264536,4.07123081,154.63800000,148.68900000,147.01066667,148.24600000,146.90880000,151.94766667,155.66714286,157.84225000,157.30555556,155.54300000,153.04133333,151.60735000,150.92760712,151.08907721,-0.16147010,-2.44619335,2.28472325,66.84046445,56.76066496,52.18075062,76.23003729,65.41865090,97.85281008,148.24600000,163.26990853,133.22209147,470196985.61572999,412478764.63377202
2024-08-27,157.12000000,159.69000000,145.03000000,146.79000000,559434487.43673003,-10.33000000,-6.57459267,9.33044807,155.35200000,149.17500000,147.04400000,148.34700000,146.66960000,150.67733333,154.91742857,157.53150000,157.41422222,155.68260000,153.15400000,151.80660000,150.29105218,150.77062705,-0.47957487,-2.05286965,1.57329478,42.16658763,46.41033847,47.78808307,62.24657853,64.36129344,58.01714871,148.34700000,163.29950741,133.39449259,529885795.64507800,446573677.84842098
2024-08-28,146.78000000,149.30000000,140.53000000,143.95000000,619453816.72578001,-2.84000000,-1.93473670,5.97492846,153.49000000,149.32800000,146.86400000,147.38800000,146.72680000,149.39000000,153.94285714,156.90200000,157.33177778,155.73320000,153.21516667,151.98130000,149.31550569,150.26539542,-0.94988973,-1.83227367,0.88238394,37.58879983,44.00374469,46.66120890,48.91297326,59.21185338,28.31521301,147.38800000,160.72095024,134.05504976,542222399.72566795,474587354.91167200
2024-08-29,143.96000000,147.36000000,138.05000000,140.00000000,418889238.56371999,-3.95000000,-2.74400834,6.46707419,149.35600000,148.89900000,146.61666667,146.57400000,146.79360000,148.08466667,153.03285714,156.06200000,156.90111111,155.69360000,153.10500000,152.14400000,147.88235097,149.50499576,-1.62264479,-1.79034789,0.16770310,31.82267673,40.79412899,45.11716454,35.28906121,51.23758933,3.39200498,146.57400000,159.60561241,133.54238759,508268854.15704405,474430839.98163903
2024-08-30,140.01000000,141.11000000,132.04000000,137.99000000,552772623.16570997,-2.01000000,-1.43571429,6.47810871,145.17000000,148.47100000,146.31066667,145.77300000,147.12200000,146.96066667,151.74514286,154.89950000,156.39822222,155.73880000,152.96033333,152.27575000,146.36045082,148.65203311,-2.29158229,-1.89059477,-0.40098752,29.09711750,39.20664062,44.33811799,30.08034792,44.18517553,1.87069272,145.77300000,158.84943779,132.69656221,535449527.16570204,485911255.57567501
2024-08-31,137.99000000,139.23000000,134.49000000,135.35000000,168333087.14831001,-2.64000000,-1.91318211,3.43503152,140.81600000,147.72700000,146.06466667,145.46200000,146.76000000,145.89333333,150.35742857,153.81075000,155.95044444,155.65660000,152.64900000,152.39010000,144.66653531,147.66669732,-3.00016201,-2.11250822,-0.88765379,25.63640755,37.13600129,43.31309847,23.69974285,37.35669797,-3.61416737,145.46200000,159.23655411,131.68744589,463776650.60804999,466986818.11189002
2024-09-01,135.35000000,136.15000000,127.66000000,128.50000000,386814972.37560999,-6.85000000,-5.06095308,6.27262652,137.15800000,146.25500000,145.16933333,144.57250000,146.10920000,145.08433333,148.74600000,152.69750000,155.26777778,155.38860000,152.44333333,152.44775000,142.17937603,146.24694196,-4.06756593,-2.50351976,-1.56404617,18.70826707,32.30642595,40.76170590,16.60814266,30.44051286,-11.05659776,144.57250000,160.28341994,128.86158006,429252747.59582603,479569271.62045205
2024-09-02,128.50000000,135.39000000,126.80000000,134.94000000,411715340.55511999,6.44000000,5.01167315,6.68482490,135.35600000,144.42300000,144.67066667,143.98700000,144.98160000,144.83166667,147.38514286,151.61950000,154.50800000,155.13420000,152.56133333,152.55495000,141.06562587,145.40939071,-4.34376484,-2.87156878,-1.47219606,37.70199454,40.27294770,43.99794569,18.78042844,26.55381806,3.23364920,143.98700000,160.23552784,127.73847216,387705052.36169398,464963726.04368103
2024-09-03,134.95000000,138.13000000,127.15000000,127.54000000,347419442.89269000,-7.40000000,-5.48391878,8.13634680,132.86400000,141.11000000,143.55400000,143.17850000,143.83200000,144.47200000,145.91028571,150.51175000,153.48444444,154.49740000,152.44833333,152.64100000,138.98476035,144.08573214,-5.10097178,-3.31744938,-1.78352240,28.51514661,35.09558904,41.29308596,13.22104320,22.10955977,-4.55598994,143.17850000,161.01650352,125.34049648,373411093.22748798,440839973.69226599
2024-09-04,127.54000000,134.98000000,122.60000000,133.64000000,493863453.34694999,6.10000000,4.78281324,9.70675866,131.99400000,138.58200000,142.97866667,142.73150000,143.01720000,144.60066667,144.82257143,149.27625000,152.35444444,153.95780000,152.29150000,152.76460000,138.16248953,143.31197420,-5.14948467,-3.68385644,-1.46562823,42.39904037,41.82140165,44.24160627,18.73584061,20.98498672,14.23754840,142.73150000,161.07358193,124.38941807,361629259.26373601,448539393.21471900
2024-09-05,133.64000000,135.58000000,127.85000000,129.41000000,363814655.91648000,-4.23000000,-3.16521999,5.78419635,130.80600000,135.81100000,142.08666667,142.25000000,142.53080000,144.10100000,143.73800000,147.91350000,151.25466667,153.43600000,152.25433333,152.85045000,136.81595268,142.28219833,-5.46624566,-4.04033428,-1.42591137,36.49999385,38.78127468,42.69016051,20.99243307,20.98746883,21.00236153,142.25000000,161.48401701,123.01598299,400725573.01737005,432251111.81270999
2024-09-06,129.40000000,134.29000000,120.00000000,125.05000000,698281647.27321005,-4.36000000,-3.36913685,11.04327666,130.11600000,133.63700000,140.87533333,141.40600000,141.68120000,143.44366667,142.94600000,146.41725000,150.18844444,152.75260000,152.00833333,152.91805000,135.00580611,141.00573920,-5.99993309,-4.43225404,-1.56767904,31.14097413,35.85087049,41.13854481,20.14748949,20.70747572,19.02751703,141.40600000,162.12335139,120.68864861,463018907.99688995,446135827.79635799
2024-09-07,125.05000000,129.50000000,124.13000000,127.71000000,268366867.55258000,2.66000000,2.12714914,4.29428229,128.67000000,132.01300000,139.17200000,140.67050000,140.92360000,142.26300000,142.52285714,145.04575000,149.06955556,151.92420000,151.77983333,153.01505000,133.88337440,140.02086963,-6.13749523,-4.77330228,-1.36419295,37.82425836,38.92251061,42.46970863,25.60598462,22.34031202,32.13732983,140.67050000,162.26228253,119.07871747,434349213.39638197,411027132.87903798
2024-09-08,127.72000000,131.70000000,126.61000000,130.15000000,254464239.08089000,2.44000000,1.91057865,3.98528030,129.19200000,131.02800000,137.13733333,139.96350000,140.38120000,141.39200000,142.28914286,143.82050000,148.14288889,151.05520000,151.58266667,153.14065000,133.30900911,139.28969410,-5.98068499,-5.01477882,-0.96590617,43.82570718,41.71525517,43.68866435,34.66469351,26.44843918,51.09720216,139.96350000,161.97812315,117.94887685,415758172.63402200,394584632.93075502
2024-09-09,130.15000000,137.09000000,126.96000000,135.08000000,481085523.61760998,4.93000000,3.78793700,7.78332693,129.48000000,130.73700000,135.54800000,139.60400000,140.08120000,140.76100000,142.44057143,142.90475000,147.07666667,150.06700000,151.57183333,153.30725000,133.58146925,138.97786491,-5.39639566,-5.09110219,-0.30529347,54.47902785,47.05165188,46.09661667,50.83548054,34.57745297,83.35153569,139.60400000,161.69472718,117.51327282,413202586.68815398,387415922.97594500
2024-09-10,135.07000000,138.00000000,132.50000000,135.63000000,311229293.36815000,0.55000000,0.40716612,4.07196269,130.72400000,130.76500000,134.11533333,139.24600000,139.94480000,140.56300000,142.19000000,142.11125000,146.00355556,149.20160000,151.50800000,153.48590000,133.89662782,138.72987491,-4.83324709,-5.03953117,0.20628408,55.60614045,47.63514727,46.36361634,62.62722053,43.92737549,100.02691060,139.24600000,161.35139291,117.14060709,402685514.17848802,401705543.59792900
2024-09-11,135.64000000,135.91000000,128.20000000,132.42000000,414398406.21866000,-3.21000000,-2.36673302,5.68416396,132.19800000,131.15700000,133.15733333,138.70600000,139.56440000,140.10066667,141.83714286,141.60250000,144.83733333,148.38940000,151.35000000,153.62795000,133.66945431,138.26247677,-4.59302246,-4.95022943,0.35720697,47.38841626,44.51199624,45.00595812,64.58656033,50.81377044,92.13214012,138.70600000,160.92997700,116.48202300,345908865.96757799,404463886.98223400
2024-09-12,132.43000000,136.78000000,132.38000000,136.05000000,306779738.70621002,3.63000000,2.74127775,3.32251001,133.86600000,131.26800000,132.63066667,137.84550000,139.30960000,139.74733333,141.06342857,141.44075000,143.80355556,147.54920000,151.15650000,153.79085000,134.03569211,138.09858960,-4.06289749,-4.77276304,0.70986555,56.17691331,48.66417615,46.84275287,72.77992911,58.13582333,102.06814067,137.84550000,159.00392843,116.68707157,353591440.19830400,393970326.79734302
2024-09-13,136.06000000,139.80000000,131.70000000,139.02000000,368359528.65679002,2.97000000,2.18302095,5.95325592,135.64000000,132.41600000,132.56533333,136.76300000,139.09880000,139.59100000,140.57028571,141.45800000,142.91155556,146.89260000,150.81716667,153.93645000,134.80250871,138.16684223,-3.36433352,-4.49107714,1.12674362,62.35154998,51.87825700,48.31652364,80.54015476,65.60393380,110.41259667,136.76300000,155.02115590,118.50484410,376370498.11348403,396064335.37375301
2024-09-14,139.02000000,139.80000000,135.60000000,137.14000000,192268912.45152000,-1.88000000,-1.35232341,3.02114804,136.05200000,132.76600000,132.50866667,135.67400000,138.89360000,139.40966667,140.08828571,141.64200000,142.14333333,145.97420000,150.42583333,154.08035000,135.16212275,138.09077984,-2.92865708,-4.17859313,1.24993604,56.32345136,49.72829971,47.44762967,82.54865536,71.25217432,105.14161744,135.67400000,150.67541944,120.67258056,318607175.88026601,365904881.28421003
2024-09-15,137.15000000,137.95000000,130.43000000,131.37000000,248848021.94444001,-5.77000000,-4.20737932,5.48304776,135.20000000,132.96200000,132.24333333,134.38650000,138.43680000,139.15400000,139.79685714,141.31625000,141.34333333,144.92320000,150.02366667,154.14205000,134.57871925,137.59294430,-3.01422504,-3.94571951,0.93149447,41.53440178,43.66897804,44.86377385,70.43341542,70.97925469,69.34173689,134.38650000,145.57288886,123.20011114,306130921.59552401,354408217.88700598
2024-09-16,131.38000000,132.40000000,128.91000000,131.47000000,279606319.67364001,0.10000000,0.07612088,2.65641650,135.01000000,133.60400000,132.44133333,133.62050000,137.96680000,138.80533333,139.37342857,140.98375000,140.87000000,143.85460000,149.56116667,154.17100000,134.10045475,137.13939287,-3.03893811,-3.76436323,0.72542512,41.85193685,43.79845170,44.91802024,59.23764212,67.06538383,43.58215870,133.62050000,143.21563797,124.02536203,279172504.28652000,312540685.12704897
2024-09-17,131.47000000,135.55000000,130.12000000,131.54000000,310574750.11515999,0.07000000,0.05324409,4.13021982,134.10800000,133.98700000,132.21466667,133.00000000,137.09800000,138.44266667,138.94171429,140.19400000,140.62600000,142.83400000,148.93466667,154.18155000,133.70653864,136.72462302,-3.01808439,-3.61510746,0.59702307,42.11601290,43.89692241,44.95757629,51.38168873,61.83748547,30.47009525,133.00000000,141.30023716,124.69976284,279931506.56831002,316761473.38330698
2024-09-18,131.54000000,134.45000000,127.07000000,134.34000000,430929910.80921000,2.80000000,2.12863007,5.61046070,133.17200000,134.40600000,132.66800000,132.71700000,136.04480000,138.11100000,138.67400000,139.64550000,140.53733333,141.93760000,148.28033333,154.20315000,133.80399423,136.54798428,-2.74399005,-3.44088398,0.69689393,52.47578015,47.88164468,46.55941185,53.29085611,58.98860901,41.89535031,132.71700000,140.37330143,125.06069857,292445582.99879402,334408040.55613899
2024-09-19,134.34000000,144.04000000,134.27000000,142.89000000,577699422.06202996,8.55000000,6.36444841,7.27259193,134.32200000,135.18700000,133.28466667,132.96200000,135.40360000,138.13166667,138.68285714,139.36750000,140.82866667,141.36120000,147.58700000,154.26680000,135.20184127,137.01776322,-1.81592195,-3.11589157,1.29996962,71.29858129,57.85338046,51.09434559,66.60168251,61.52630018,76.75244717,132.96200000,141.58174380,124.34225620,369531684.92089599,344069430.40058100
2024-09-20,142.88000000,152.50000000,141.18000000,146.66000000,664077947.16974998,3.77000000,2.63839317,7.92273236,137.38000000,136.29000000,134.43466667,133.52750000,134.98520000,138.26066667,138.90057143,139.49475000,140.87888889,140.94700000,147.04966667,154.33375000,136.96463492,137.73200298,-0.76736806,-2.64618687,1.87881881,76.27135482,61.40536296,52.93208252,70.07945435,64.37735157,81.48365991,133.52750000,144.07525381,122.97974619,452577669.96595800,379354295.78074104
2024-09-21,146.67000000,150.25000000,144.61000000,149.41000000,282626113.20775998,2.75000000,1.87508523,3.84536715,140.96800000,137.98900000,136.05866667,134.57300000,135.09000000,138.46700000,139.11428571,139.57275000,140.98200000,140.87980000,146.65600000,154.45425000,138.87930647,138.59703980,0.28226667,-2.06049616,2.34276283,79.39611708,63.83099299,54.24089239,76.00263532,68.25244615,91.50301364,134.57300000,147.00029102,122.14570898,453181628.67278194,366177066.47965103
2024-09-22,149.42000000,149.92000000,141.12000000,144.63000000,314113730.48354000,-4.78000000,-3.19925038,5.88943916,143.58600000,138.84700000,137.18666667,135.05750000,135.11720000,138.17933333,139.17742857,139.52225000,140.57088889,140.92200000,146.09883333,154.52345000,139.76402855,139.04392574,0.72010281,-1.50437637,2.22447918,62.28729971,57.03402275,51.63661094,73.68585702,70.06358311,80.93040485,135.05750000,148.27544773,121.83955227,453889424.74645793,366910465.65738404
2024-09-23,144.64000000,149.07000000,142.13000000,144.79000000,467054364.81910998,0.16000000,0.11062712,4.79811947,145.67600000,139.42400000,138.16266667,135.92000000,135.30880000,137.65000000,139.19171429,139.54925000,140.31555556,141.05120000,145.64783333,154.52830000,140.53725493,139.46956087,1.06769406,-0.98996228,2.05765634,62.61092229,57.20044206,51.71758121,72.35106420,70.82607681,75.40103900,135.92000000,149.32245696,122.51754304,461114315.54843795,376779949.27361596
2024-09-24,144.79000000,154.00000000,143.09000000,152.73000000,592206584.36052001,7.94000000,5.48380413,7.53505076,147.64400000,140.98300000,139.33933333,136.87450000,135.89840000,137.44366667,139.49057143,139.80300000,140.28711111,141.51020000,145.14233333,154.56800000,142.41306186,140.45181562,1.96124624,-0.39972058,2.36096682,75.25564067,64.61926399,55.56947453,79.99539941,73.88251767,92.22116287,136.87450000,152.17760663,121.57139337,464015748.00813597,416773716.46451598
2024-09-25,152.74000000,153.93000000,147.28000000,147.98000000,411459401.65578997,-4.75000000,-3.11006351,4.35380385,147.90800000,142.64400000,140.16266667,137.80300000,136.40360000,137.13900000,139.63885714,140.02650000,140.42955556,141.58180000,144.54333333,154.58645000,143.26951389,141.00945891,2.26005498,0.13223453,2.12782044,60.55411454,58.05213525,52.93331992,79.21218235,75.65907257,86.31840192,137.80300000,153.44875086,122.15724914,413492038.90534401,433034854.43565100
2024-09-26,147.97000000,158.05000000,146.57000000,155.55000000,653415043.08503997,7.57000000,5.11555616,7.75832939,149.13600000,145.05200000,141.70466667,139.32800000,137.48560000,137.43100000,139.99114286,140.36700000,140.63533333,141.79740000,144.05416667,154.64225000,145.15881944,142.08653603,3.07228341,0.72024431,2.35203910,71.28284422,64.35086963,56.37489133,83.45154743,78.25656419,93.84151392,139.32800000,155.67009753,122.98590247,487649824.88080007,470415726.77679098
2024-09-27,155.54000000,161.43000000,153.89000000,157.64000000,588310567.93939996,2.09000000,1.34361941,4.84762762,151.73800000,147.66200000,143.14400000,140.82450000,138.39360000,137.88733333,140.11628571,140.74750000,140.87955556,141.68760000,143.63866667,154.68630000,147.07900107,143.23864447,3.84035660,1.34426677,2.49608983,73.65667038,65.89335619,57.27492725,84.31625008,80.27645949,92.39583127,140.82450000,158.13963421,123.50936579,542489192.37197196,498189308.55921495
2024-09-28,157.63000000,159.43000000,155.00000000,156.75000000,248277861.32032001,-0.89000000,-0.56457752,2.81037874,154.13000000,149.90300000,144.32600000,142.15450000,139.56200000,138.44566667,140.00428571,141.05900000,141.16933333,141.69700000,143.26516667,154.71480000,148.56684706,144.23948562,4.32736144,1.94088570,2.38647574,70.67144961,64.59497133,56.75462975,81.86322137,80.80538011,83.97890389,142.15450000,160.09248965,124.21651035,498733891.67221403,479924103.61032599
2024-09-29,156.75000000,161.78000000,155.09000000,158.46000000,371044350.37015003,1.71000000,1.09090909,4.26794258,155.27600000,151.46000000,145.74733333,143.32350000,140.55480000,139.12800000,139.99114286,141.46375000,141.52222222,141.78600000,143.04433333,154.68760000,150.08887059,145.29285706,4.79601353,2.51191127,2.28410226,73.17782287,65.99922415,57.52816084,82.55224761,81.38766928,84.88140428,143.32350000,162.33543008,124.31156992,454501444.87413996,459258596.44113797
2024-09-30,158.47000000,159.77000000,151.73000000,152.49000000,505193825.22014999,-5.97000000,-3.76751231,5.07351549,156.17800000,152.04300000,147.15533333,144.16650000,141.47800000,139.69933333,139.85885714,141.70625000,141.82111111,142.00440000,142.79633333,154.56680000,150.45827511,145.82597876,4.63229636,2.93598828,1.69630807,53.88543418,57.33781987,54.00879611,73.37945904,78.71826587,62.70184539,144.16650000,163.23714901,125.09585099,473248329.58701199,443370184.24617797
2024-10-01,152.51000000,157.34000000,142.29000000,145.13000000,745512858.98241997,-7.36000000,-4.82654600,9.86820536,154.09400000,151.61500000,148.06600000,144.80200000,142.28120000,140.25366667,139.81142857,141.75400000,141.89222222,141.98120000,142.66900000,154.37270000,149.63854048,145.77442477,3.86411571,3.12161377,0.74250194,38.76583218,48.73598212,50.06844621,54.00869789,70.48174321,21.06260724,144.80200000,163.05401774,126.54998226,491667892.76648796,489658858.82364398
2024-10-02,145.12000000,148.96000000,138.61000000,140.18000000,550570685.31102002,-4.95000000,-3.41073520,7.13202867,150.60200000,151.17000000,148.64200000,145.00850000,142.78000000,140.42833333,139.70371429,141.42700000,141.84244444,141.85180000,142.63000000,154.16335000,148.18338040,145.36002294,2.82335747,3.06196251,-0.23860504,31.60809262,43.90355108,47.62974101,38.26446641,59.74265094,-4.69190266,145.00850000,162.93413149,127.08286851,484119916.24081200,513304554.30639201
2024-10-03,140.18000000,142.96000000,133.11000000,136.82000000,514812941.95152998,-3.36000000,-2.39691825,7.02667998,146.61600000,150.37300000,148.80733333,144.89850000,143.04680000,140.73766667,139.61285714,140.83075000,141.67644444,141.71400000,142.60483333,153.83815000,146.43516803,144.72742865,1.70773939,2.79111788,-1.08337850,27.47578855,40.90047114,46.04133833,29.82309620,49.76946603,-10.06964346,144.89850000,163.00494930,126.79205070,537426932.36705399,518080412.01963407
2024-10-04,136.81000000,144.55000000,135.95000000,143.24000000,439091983.66734999,6.42000000,4.69229645,6.28609020,143.57200000,149.42400000,148.83066667,145.20350000,143.37320000,141.05766667,139.76285714,140.43875000,141.69800000,141.72720000,142.82916667,153.57475000,145.94360372,144.61724875,1.32635498,2.49816530,-1.17181033,44.20176379,48.27526418,49.40541283,31.65976440,43.73289882,7.51349556,145.20350000,162.96183358,127.44516642,551036459.02649391,502768951.95031703
2024-10-05,143.24000000,144.93000000,141.06000000,142.59000000,211080413.77507001,-0.65000000,-0.45378386,2.70175929,141.59200000,148.88500000,148.55933333,145.76450000,143.65160000,141.49700000,139.96971429,140.07550000,141.69355556,141.79820000,142.79900000,153.43860000,145.42766469,144.46708217,0.96058251,2.19064874,-1.23006623,42.99698851,47.61894890,49.08212487,32.12848379,39.86476047,16.65593042,145.76450000,162.35316255,129.17583745,492213776.73747796,482731053.16224498
2024-10-06,142.59000000,146.75000000,142.00000000,146.48000000,203954747.24911001,3.89000000,2.72810155,3.33122940,141.86200000,147.97800000,148.36400000,146.51500000,144.21400000,142.21133333,140.48342857,140.06775000,141.76600000,141.88920000,142.82750000,153.21215000,145.58956243,144.61618720,0.97337523,1.94719404,-0.97381881,52.32833399,51.88921647,51.08111741,36.96369330,38.89773808,33.09560373,146.51500000,161.67753624,131.35246376,383902154.39081603,437785023.57865202
2024-10-07,146.47000000,152.40000000,143.50000000,143.96000000,535056906.39550000,-2.52000000,-1.72037138,6.07632962,142.61800000,146.61000000,148.31933333,147.13600000,144.53040000,142.75300000,140.74114286,140.06800000,141.55933333,141.92000000,142.50800000,153.03465000,145.33886052,144.56758074,0.77127978,1.71201119,-0.94073141,46.42098045,49.06257505,49.76055047,37.25727443,38.35091686,35.06998956,147.13600000,160.64312467,133.62887533,380799398.60771203,432459657.42426205
2024-10-08,143.97000000,145.60000000,141.17000000,143.49000000,309326890.82457000,-0.47000000,-0.32647958,3.07702994,143.95200000,145.28400000,148.23266667,147.59350000,144.70920000,143.19766667,141.19685714,140.15525000,141.17755556,141.90400000,142.29483333,152.87605000,145.05442044,144.48775994,0.56666049,1.48294105,-0.91628056,45.27701629,48.52474784,49.51144323,37.81642751,38.17275375,37.10377505,147.59350000,159.83640175,135.35059825,339702188.38231999,438564560.37468702
2024-10-09,143.50000000,145.34000000,138.66000000,139.33000000,293977143.09486002,-4.16000000,-2.89915674,4.65505226,143.17000000,143.37100000,147.33933333,147.41550000,144.79680000,143.33933333,141.35942857,140.18875000,140.74222222,141.84520000,142.05016667,152.70945000,144.17374037,144.10570365,0.06803672,1.19996018,-1.13192347,35.88450395,43.88018430,47.32339959,33.76783708,36.70444819,27.89461486,147.41550000,160.04378817,134.78721183,310679220.26782203,430857839.64715803
2024-10-10,139.33000000,140.92000000,135.52000000,139.03000000,316766669.27985001,-0.30000000,-0.21531616,3.87569081,142.45800000,142.02500000,146.74266667,147.03400000,145.10320000,143.45266667,141.63428571,140.28075000,140.34022222,141.77000000,142.00783333,152.48520000,143.38239570,143.72972560,-0.34732991,0.89050217,-1.23783207,35.25166560,43.55223362,47.16654552,32.74171686,35.38353775,27.45807508,147.03400000,160.20761702,133.86038298,331816471.36877805,412015124.05312800
2024-10-11,139.04000000,146.62000000,138.68000000,145.53000000,325024798.54017001,6.50000000,4.67524995,5.71058688,142.26800000,142.06500000,146.07466667,146.84000000,145.66560000,143.88966667,142.21942857,140.70650000,140.31222222,141.81620000,141.99516667,152.26790000,143.71279636,143.86307926,-0.15028290,0.68234515,-0.83262805,55.60685350,52.02683254,50.84971265,43.28970859,38.01892803,53.83126972,146.84000000,159.98052631,133.69947369,356030481.62698996,369966318.00890303
2024-10-12,145.52000000,147.32000000,144.71000000,146.40000000,197164215.71221000,0.87000000,0.59781488,1.79356789,142.75600000,142.68700000,145.32533333,146.92850000,146.26000000,144.23466667,142.75342857,140.99300000,140.36666667,141.67900000,141.99100000,152.04760000,144.12621230,144.05099932,0.07521299,0.56091872,-0.48570573,57.74066624,53.05590932,51.32364869,50.34479783,42.12755130,66.77929090,146.92850000,160.03014036,133.82685964,288451943.49033201,334625671.04902202
2024-10-13,146.39000000,148.86000000,144.45000000,147.74000000,234391884.38395000,1.34000000,0.91530055,3.01250085,143.60600000,143.77900000,144.72466667,147.07600000,146.79600000,144.52533333,143.25600000,141.49800000,140.53866667,141.42040000,142.05816667,151.85465000,144.68217964,144.32425863,0.35792102,0.52031918,-0.16239816,61.18865513,54.68906112,52.06649979,57.69432020,47.31647426,78.45001206,147.07600000,160.14264601,134.00935399,273464942.20220804,306583565.29226404
2024-10-14,147.74000000,158.10000000,146.80000000,157.59000000,612698964.45626998,9.85000000,6.66711791,7.64857182,147.25800000,145.21400000,144.66666667,147.31900000,147.38400000,145.20700000,143.89914286,142.09675000,140.97422222,141.39380000,142.30833333,151.69445000,146.66799816,145.30690614,1.36109202,0.68847375,0.67261828,77.43142364,64.57246515,57.08948934,71.04333481,55.22542778,102.67914887,147.31900000,160.99492876,133.64307124,337209306.47448999,323944263.37115598
2024-10-15,157.59000000,159.73000000,150.30000000,154.76000000,692975854.02435994,-2.83000000,-1.79579923,5.98388223,150.40400000,146.43100000,144.81800000,147.65800000,147.70800000,145.98666667,144.44571429,142.73050000,141.40555556,141.34660000,142.57033333,151.50820000,147.91292152,146.00713531,1.90578621,0.93193624,0.97384997,67.66772454,60.44037842,55.35057232,73.85265416,61.43450324,98.68895600,147.65800000,161.73321540,133.58278460,412451143.42339200,372133807.39608502
2024-10-16,154.76000000,158.41000000,153.00000000,154.28000000,442239613.53750002,-0.48000000,-0.31015766,3.49573533,152.15400000,147.21100000,145.42800000,147.59450000,147.90280000,146.74700000,145.07028571,143.46125000,141.97844444,141.49640000,142.77616667,151.30860000,148.89247205,146.61994010,2.27253195,1.20005538,1.07247657,65.97451998,59.73311598,55.05378314,75.06464979,65.97788542,93.23817853,147.59450000,161.53057281,133.65842719,435894106.42285806,395962294.02492398
2024-10-17,154.28000000,155.73000000,147.66000000,150.50000000,404740607.93776000,-3.78000000,-2.45009074,5.23074929,152.97400000,147.86500000,146.11600000,147.23750000,148.13760000,147.37900000,145.48314286,144.03100000,142.32422222,141.62740000,142.91083333,151.04885000,149.13978405,146.90735195,2.23243210,1.40653073,0.82590137,53.35753883,54.27671704,52.73039918,70.66818591,67.54131892,76.92191990,147.23750000,160.43636738,134.03863262,477409384.86796796,382930664.17914999
2024-10-18,150.50000000,156.65000000,149.56000000,154.94000000,281306391.09424001,4.44000000,2.95016611,4.71096346,154.41400000,149.01000000,147.32400000,147.14700000,148.54360000,148.06566667,145.93800000,144.65075000,142.93311111,141.92620000,143.08833333,150.86235000,150.03212496,147.50236291,2.52976205,1.63117699,0.89858506,63.26085558,59.06782047,55.05521067,73.85038637,69.64434140,82.26247630,147.14700000,160.09365183,134.20034817,486792286.21002597,380128614.20611703
2024-10-19,154.93000000,159.85000000,153.45000000,159.79000000,269205539.47737002,4.85000000,3.13024397,4.13089782,154.85400000,151.05600000,148.42733333,147.21350000,148.82600000,148.62900000,146.58514286,145.26850000,143.51422222,142.36220000,143.38033333,150.75365000,151.53333651,148.41255825,3.12077825,1.92909724,1.19168101,71.25974716,63.61151797,57.44103800,82.47245093,73.92037791,99.57659698,147.21350000,160.41595635,134.01104365,418093601.21424598,377651453.84436798
2024-10-20,159.79000000,167.94000000,157.58000000,167.40000000,499091756.88121998,7.61000000,4.76250078,6.48350961,157.38200000,153.89300000,150.08133333,147.95900000,149.60280000,149.32033333,147.61457143,146.06275000,144.35844444,143.00320000,143.79050000,150.66540000,153.97436166,149.81903542,4.15532624,2.37434304,1.78098320,79.61603786,69.42169569,60.84419613,87.54868376,78.46314653,105.71975823,147.95900000,163.83009906,132.08790094,379316781.78561801,395883962.60450500
2024-10-21,167.40000000,171.76000000,160.99000000,166.17000000,802248688.37831998,-1.23000000,-0.73476703,6.43369176,159.76000000,155.95700000,151.39400000,149.01100000,150.02760000,149.87900000,148.60600000,146.90650000,145.27222222,143.75660000,144.17300000,150.57625000,155.85061371,151.03021798,4.82039573,2.86355358,1.95684215,75.36593216,67.52074131,60.03454820,84.87622491,80.60083933,93.42699609,149.01100000,166.76955127,131.25244873,451318596.75378197,443606351.58831996
2024-10-22,166.16000000,170.99000000,162.99000000,167.59000000,688160680.55921996,1.42000000,0.85454655,4.81463649,163.17800000,158.07600000,152.96933333,150.38150000,150.42560000,150.64433333,149.63600000,147.69500000,146.15844444,144.40960000,144.41183333,150.54235000,157.65667314,152.25686850,5.39980464,3.37080379,2.02900085,77.06227631,68.60349477,60.66510139,84.34857302,81.85008389,89.34555128,150.38150000,169.45264908,131.31035092,508002611.27807397,492705998.07302105
2024-10-23,167.60000000,174.30000000,164.13000000,170.85000000,757152123.98220992,3.26000000,1.94522346,6.06801909,166.36000000,160.38700000,154.79333333,152.08300000,150.98960000,151.51300000,150.67914286,148.49075000,147.06288889,145.27580000,144.58150000,150.50320000,159.68641573,153.63413750,6.05227823,3.90709868,2.14517955,80.71989006,71.02283621,62.09767044,85.24889853,82.98302210,89.78065138,152.08300000,172.10803496,132.05796504,603171757.85566795,544982022.03284693
2024-10-24,170.86000000,179.30000000,170.50000000,177.19000000,680676981.90357995,6.34000000,3.71085748,5.15041554,169.84000000,162.34700000,157.31733333,153.78050000,151.73880000,152.32833333,151.65914286,149.49200000,147.99866667,146.14680000,144.88600000,150.49155000,162.37927485,155.37901620,7.00025865,4.52573067,2.47452797,85.94882353,75.09449540,64.70617343,87.94300779,84.63635066,94.55632203,153.78050000,176.25524510,131.30575490,685466046.34090996,551779823.77757800
2024-10-25,177.19000000,177.60000000,159.12000000,164.90000000,975203392.12616003,-12.29000000,-6.93605734,10.42948248,169.34000000,163.36100000,159.04200000,154.89600000,152.23520000,152.89233333,152.18028571,150.33025000,148.64911111,146.85660000,145.01566667,150.41265000,162.76707872,156.08427426,6.68280446,4.95714543,1.72565903,52.70085371,57.89218833,56.79914557,76.79133515,82.02134549,66.33131447,154.89600000,177.24642201,132.54557799,780688373.38989794,580002577.58775795
2024-10-26,164.91000000,173.25000000,162.43000000,170.88000000,505678400.81292999,5.98000000,3.62644027,6.56115457,170.28200000,165.02100000,160.73200000,156.11600000,153.26520000,153.40333333,152.79371429,151.31550000,149.50377778,147.77320000,145.41716667,150.40495000,164.01522046,157.18025395,6.83496651,5.33270965,1.50225686,61.41580864,62.45721145,59.32291722,75.09021088,79.71096729,65.84869807,156.11600000,179.18437744,133.04762256,721374315.87681997,586346456.31530106
2024-10-27,170.87000000,178.27000000,170.26000000,176.63000000,456430957.53051001,5.75000000,3.36493446,4.68777433,172.09000000,167.63400000,162.74733333,157.74950000,154.72320000,154.03633333,153.70800000,152.44275000,150.40555556,148.75160000,145.96183333,150.42155000,165.95595577,158.62097588,7.33497989,5.73316370,1.60181620,68.18056569,66.29062943,61.57518279,79.95053388,79.79082282,80.26995601,157.74950000,181.79945719,133.69954281,675028371.27107799,591515491.27457595
2024-10-28,176.63000000,179.80000000,172.45000000,178.29000000,682720697.42999995,1.66000000,0.93981770,4.16124101,173.57800000,169.96900000,164.78400000,159.48950000,156.38200000,154.75433333,154.66514286,153.54150000,151.27822222,149.71440000,146.60000000,150.45115000,167.85350104,160.07794063,7.77556041,6.14164304,1.63391737,70.00256581,67.34088001,62.20558978,84.36846273,81.31670279,90.47198261,159.48950000,184.22144778,134.75755222,660142085.96063590,631656921.90815198
2024-10-29,178.28000000,183.38000000,176.41000000,179.42000000,729686178.77882004,1.13000000,0.63379887,3.90958044,174.02400000,171.93200000,166.23933333,161.49400000,157.82920000,155.45300000,155.42771429,154.45475000,152.21777778,150.60120000,147.29050000,150.58245000,169.63296242,161.51068577,8.12227665,6.53776976,1.58450689,71.34297869,68.07941661,62.64095996,84.13791992,82.25710850,87.89954276,161.49400000,185.84186440,137.14613560,669943925.33568406,677704985.83829689
2024-10-30,179.43000000,181.36000000,173.01000000,174.87000000,510367902.92025000,-4.55000000,-2.53594917,4.65362537,176.01800000,172.67900000,167.58000000,163.28600000,159.12040000,156.19900000,156.19600000,155.16000000,153.18444444,151.38600000,147.94916667,150.76445000,170.43866051,162.50026460,7.93839591,6.81789499,1.12050092,58.67465316,61.92798747,59.74909000,77.73250721,80.74890807,71.69970548,163.28600000,185.88524861,140.68675139,576976827.49450195,678832600.44219995
2024-10-31,174.87000000,176.56000000,167.56000000,168.69000000,458128321.23974001,-6.18000000,-3.53405387,5.14668039,175.58000000,172.93100000,168.54066667,164.44400000,160.00880000,156.98433333,156.57142857,155.64200000,154.01155556,152.11140000,148.61900000,150.85165000,170.16963581,162.95876352,7.21087230,6.89649045,0.31438184,45.50473936,54.61584720,56.07975829,64.97088829,75.48956814,43.93352858,164.44400000,185.53556519,143.35243481,567466811.57986391,644420563.72834194
2024-11-01,168.69000000,174.00000000,163.43000000,166.10000000,557854086.52407002,-2.59000000,-1.53536072,6.26593159,173.47400000,172.78200000,169.58066667,165.42900000,160.89440000,157.84833333,156.81314286,156.17875000,154.77955556,152.71240000,149.13833333,150.98960000,169.54353800,163.19144770,6.35209029,6.78761042,-0.43552013,40.88909408,51.81852530,54.61303994,52.90447238,67.96120289,22.79101136,165.42900000,184.73707837,146.12092163,587751437.37857604,631389904.32482696
2024-11-02,166.11000000,168.61000000,162.11000000,166.17000000,264909940.27946001,0.07000000,0.04214329,3.91306965,171.05000000,172.31400000,170.32933333,166.35050000,161.80160000,158.82666667,157.08228571,156.71325000,155.48688889,153.25540000,149.78216667,151.13935000,169.02453215,163.41208120,5.61245095,6.55257852,-0.94012758,41.08291318,51.89117525,54.64649280,44.95637538,60.29292705,14.28327203,166.35050000,183.77083956,148.93016044,504189285.94846803,582165685.95455205
2024-11-03,166.16000000,166.61000000,157.82000000,162.53000000,443630725.97122002,-3.64000000,-2.19052777,5.29008185,167.67200000,170.84800000,170.51200000,166.59750000,162.72960000,159.46966667,157.19857143,156.95825000,155.92333333,153.76320000,150.26366667,151.29280000,168.02537336,163.34674186,4.67863150,6.17778912,-1.49915762,34.10491934,47.80236848,52.54503585,36.11332693,52.23306034,3.87386011,166.59750000,183.63061805,149.56438195,446978195.38694799,558461060.36131597
2024-11-04,162.52000000,165.04000000,155.11000000,157.95000000,486901138.20844001,-4.58000000,-2.81794130,6.11001723,164.28800000,170.15300000,169.88200000,166.75700000,163.48640000,159.98166667,157.35457143,157.20750000,156.17422222,154.29480000,150.73933333,151.37220000,166.47531592,162.94698320,3.52833272,5.64789784,-2.11956512,27.14372017,43.13680880,50.01954700,27.42421300,43.96344456,-5.65425012,166.75700000,183.37815215,150.13584785,442284842.44458598,509630834.96954405
2024-11-05,157.95000000,169.30000000,156.86000000,166.62000000,563101491.34140003,8.67000000,5.48907882,7.87591010,163.87400000,169.72700000,169.91200000,167.37400000,164.33000000,160.65300000,157.96857143,157.48425000,156.55666667,154.99780000,151.43216667,151.49280000,166.49757501,163.21905852,3.27851649,5.17402157,-1.89550508,50.22330369,52.67538592,54.35326372,31.85432146,39.92707020,15.70882399,167.37400000,182.92681176,151.82118824,463279476.46491802,515373144.02239102
2024-11-06,166.63000000,190.01000000,166.40000000,186.59000000,1909187913.25848961,19.97000000,11.98535590,14.16911721,167.97200000,170.72300000,171.17866667,169.17850000,165.93760000,162.07400000,159.29457143,158.20800000,157.48911111,156.09880000,152.41350000,151.66965000,169.58871731,164.95023937,4.63847795,5.06691284,-0.42843490,73.46079096,66.70802726,62.22554964,51.30307200,43.71907080,66.47107440,169.17850000,184.86205260,153.49494740,733546241.81180191,660648839.59518886
2024-11-07,186.59000000,197.84000000,185.84000000,196.35000000,805298768.52591014,9.76000000,5.23071976,6.43121282,174.00800000,172.52900000,172.87866667,171.24900000,167.88200000,163.83600000,160.99542857,159.19800000,158.63488889,157.33900000,153.51683333,151.90740000,173.70583773,167.27614756,6.42969016,5.33946831,1.09022185,79.16514608,71.25276419,65.27930793,66.37304418,51.27039526,96.57834201,171.24900000,189.70630082,152.79169918,841624007.46109200,672906646.70477986
2024-11-08,196.36000000,205.00000000,195.64000000,199.85000000,1026696176.73962998,3.50000000,1.78253119,4.76675494,181.47200000,174.57200000,174.38933333,173.25200000,169.57240000,165.85333333,162.61285714,160.23275000,159.68200000,158.47820000,154.59633333,152.12190000,177.72801654,169.68902552,8.03899102,5.87937285,2.15961817,80.92910745,72.71015834,66.29879920,74.14112613,58.89397221,104.63543396,173.25200000,194.89338394,151.61061606,958237097.61477399,702607646.50086093
2024-11-09,199.86000000,203.45000000,194.86000000,199.89000000,565544974.68204999,0.04000000,0.02001501,4.29800861,189.86000000,177.07400000,176.72200000,174.87650000,171.37760000,167.88200000,164.25000000,161.41775000,160.83555556,159.54280000,155.66733333,152.34760000,181.13755246,171.92613474,9.21141771,6.54578182,2.66563589,80.95122510,72.72739638,66.31059599,79.34657290,65.71150577,106.61670714,174.87650000,199.35943608,150.39356392,973965864.90949595,708125353.67704093
2024-11-10,199.89000000,215.27000000,198.68000000,210.07000000,1650287820.01630998,10.18000000,5.09280104,8.29956476,198.55000000,181.21200000,179.33466667,177.07150000,173.60920000,170.03333333,166.06685714,163.04125000,162.04711111,160.75600000,156.96150000,152.65905000,185.58869823,174.75160624,10.83709199,7.40404386,3.43304813,85.93345960,76.79664445,69.17595635,83.34984292,71.59095149,106.86762579,177.07150000,205.77556557,148.36743443,1191403130.64447808,827341303.55469799
2024-11-11,210.07000000,224.00000000,204.16000000,222.13000000,1923338631.62357998,12.06000000,5.74094350,9.44447089,205.65800000,186.81500000,182.36800000,179.79850000,176.47440000,172.55766667,168.30028571,165.09000000,163.48022222,162.30600000,158.39616667,153.04550000,191.21043697,178.26111689,12.94932007,8.51309910,4.43622097,89.74610719,80.54765018,72.10847704,87.99507117,77.05899138,109.86723073,179.79850000,214.45554168,145.14145832,1194233274.31749606,963889758.06464887
2024-11-12,222.12000000,225.21000000,204.71000000,211.64000000,1932232237.82399988,-10.49000000,-4.72245982,9.22924545,208.71600000,191.36200000,184.59133333,181.83800000,178.74240000,174.68766667,170.24742857,166.96050000,164.70000000,163.64300000,159.60650000,153.40755000,194.35344666,180.73362675,13.61981991,9.53444326,4.08537665,69.95509012,69.83521626,66.37682843,85.54402747,79.88733675,96.85740893,181.83800000,218.98887112,144.68712888,1419619968.17711401,1130621987.81910300
2024-11-13,211.63000000,220.44000000,200.67000000,215.13000000,2287313943.88454008,3.49000000,1.64902665,9.34177574,211.77200000,196.62200000,186.97200000,183.73500000,180.95600000,176.60566667,172.41314286,168.75775000,165.95933333,164.89100000,160.90633333,153.77665000,197.54983948,183.28150625,14.26833323,10.48122126,3.78711198,72.38622709,71.22421228,67.27973617,85.44681080,81.74049477,92.85944288,183.73500000,223.65774250,143.81225750,1671743521.60609603,1314990309.61043501
2024-11-14,215.14000000,222.80000000,206.78000000,209.57000000,1606845662.13136005,-5.56000000,-2.58448380,7.44631403,213.70800000,201.78400000,189.28533333,185.96850000,182.64280000,178.43266667,174.42857143,170.43225000,167.22777778,166.12280000,162.20966667,154.13455000,199.39909495,185.22880208,14.17029286,11.21903558,2.95125729,62.68875038,65.94667157,64.40462574,81.43316832,81.63805262,81.02339973,185.96850000,226.44874874,145.48825126,1880003659.09595799,1426984762.00272703
2024-11-15,209.57000000,220.50000000,204.48000000,218.45000000,1117551465.38710999,8.88000000,4.23724770,7.64422389,215.38400000,206.96700000,192.60266667,188.34700000,184.73400000,180.57166667,176.51200000,172.23150000,168.85711111,167.38080000,163.65933333,154.53795000,202.33000342,187.68963156,14.64037186,11.90330283,2.73706902,70.31148359,69.84032529,66.77113057,81.89863410,81.72491311,82.24607608,188.34700000,230.64377061,146.05022939,1773456388.17011833,1482429759.40729785
2024-11-16,218.44000000,221.99000000,213.35000000,215.71000000,915510373.45120001,-2.74000000,-1.25429160,3.95531954,214.10000000,209.87900000,195.91000000,190.30100000,186.65880000,182.74533333,178.49228571,174.02525000,170.53555556,168.54220000,165.06216667,154.98265000,204.38846443,189.76521441,14.62325002,12.44729227,2.17595775,65.36671016,67.25194109,65.37178437,77.49859517,80.31614046,71.86350457,190.30100000,233.90909481,146.69290519,1571890736.53564215,1383062005.42656898
2024-11-17,215.72000000,242.33000000,212.10000000,237.47000000,1960587171.68452001,21.76000000,10.08761763,14.01353607,219.26600000,213.99100000,200.66333333,193.26000000,189.32360000,185.49633333,181.05600000,176.37475000,172.77222222,170.15660000,166.78100000,155.49680000,209.47793144,193.29890223,16.17902921,13.19363966,2.98538955,79.26408772,75.21123117,70.49581584,81.58638175,80.73955423,83.28003680,193.26000000,241.24782740,145.27217260,1577561723.30774617,1498590845.74243021
2024-11-18,237.47000000,248.44000000,234.01000000,239.79000000,1804490953.93808007,2.32000000,0.97696551,6.07655704,224.19800000,217.98500000,205.81400000,196.27850000,191.82760000,188.16300000,183.40457143,178.88625000,174.91777778,171.78320000,168.39600000,156.00785000,214.14132660,196.74268725,17.39863935,14.03463960,3.36399976,80.27666859,75.89271374,70.97366018,81.92977433,81.13629426,83.51673447,196.27850000,248.04664394,144.51035606,1480997125.31845403,1576370323.46227503
2024-11-19,239.79000000,247.50000000,233.40000000,237.63000000,1350659078.09119010,-2.16000000,-0.90078819,5.88014513,229.81000000,221.75900000,211.12600000,199.41650000,194.73680000,190.50400000,185.77228571,181.35125000,177.02977778,173.48600000,169.91216667,156.47755000,217.75496866,199.77137708,17.98359158,14.82443000,3.15916159,76.12356553,73.83116392,69.87422653,80.41009448,80.89422767,79.44182810,199.41650000,253.28651950,145.54648050,1429759808.51042032,1654881733.80318904
2024-11-20,237.64000000,242.54000000,230.37000000,235.48000000,1289751835.31258011,-2.15000000,-0.90476792,5.12119172,233.21600000,224.30000000,215.71666667,202.75600000,197.32080000,192.81433333,188.09228571,183.60000000,179.00755556,175.29300000,171.34666667,156.92470000,220.48189656,202.41646026,18.06543630,15.47263126,2.59280504,71.69331791,71.71581525,68.76779377,77.89673035,79.89506189,73.90006726,202.75600000,256.88608363,148.62591637,1464199882.49551415,1618828135.33281589
2024-11-21,235.48000000,259.80000000,229.60000000,256.37000000,2120001679.01769996,20.89000000,8.87124172,12.82486835,241.34800000,227.72400000,220.36866667,207.26950000,200.51040000,195.77366667,191.11714286,186.34925000,181.50555556,177.61680000,173.20900000,157.47790000,226.00314325,206.41301876,19.59012448,16.29612990,3.29399458,83.13635894,78.30452005,73.08828198,83.33089425,81.04033935,87.91200406,207.26950000,263.54172984,150.99727016,1705098143.60881424,1638494440.07222795
2024-11-22,256.38000000,264.39000000,251.47000000,256.90000000,1326798359.45140982,0.53000000,0.20673246,5.03939465,245.23400000,232.25000000,224.40533333,211.80600000,203.65480000,198.64200000,194.03028571,189.07825000,184.02577778,180.01840000,175.07750000,157.99830000,230.75650582,210.15279515,20.60371067,17.15764606,3.44606462,83.34138546,78.44350269,73.18648047,84.71990068,82.26685979,89.62598246,211.80600000,268.75214128,154.85985872,1578340381.16219187,1577951052.23496890
2024-11-23,256.90000000,264.00000000,252.69000000,254.89000000,1248450578.22799993,-2.01000000,-0.78240561,4.40249124,248.25400000,236.22600000,228.07466667,216.42400000,206.67360000,201.23200000,196.74742857,191.51075000,186.59377778,182.25140000,176.78016667,158.53260000,234.46935108,213.46666217,21.00268891,17.92665463,3.07603428,78.97187698,76.41816856,72.14471133,84.52756078,83.02042679,87.54182877,216.42400000,271.49369303,161.35430697,1467132306.02017593,1474064715.66931486
2024-11-24,254.90000000,259.78000000,240.93000000,252.73000000,918826601.65278995,-2.16000000,-0.84742438,7.39505689,251.27400000,240.54200000,231.59733333,221.16300000,209.78800000,204.15966667,199.18542857,193.96000000,189.12044444,184.45420000,178.52600000,159.08535000,237.27868168,216.37505757,20.90362411,18.52204852,2.38157559,73.97071816,74.17308605,71.01124441,82.25213429,82.76432929,81.22774430,221.16300000,271.12075525,171.20524475,1380765810.73249578,1405262809.62145805
2024-11-25,252.74000000,256.70000000,231.21000000,234.18000000,1149248739.70009995,-18.55000000,-7.33984885,10.08546332,251.01400000,242.11500000,233.20466667,224.54100000,212.40760000,206.26966667,201.12857143,195.95750000,191.09044444,186.20820000,179.83650000,159.49340000,236.80196142,217.69394219,19.10801923,18.63924267,0.46877657,44.75929028,58.16393839,62.24732084,68.91010521,78.14625460,50.43780644,224.54100000,267.63509040,181.44690960,1352665191.60999990,1408432537.05275702
2024-11-26,234.18000000,239.66000000,221.80000000,230.69000000,1157330881.01868010,-3.49000000,-1.49030660,7.62661201,245.87800000,243.61300000,233.77533333,226.74600000,214.99120000,208.07166667,202.93142857,197.96225000,192.96355556,187.94280000,181.05400000,159.91680000,235.86165967,218.65661314,17.20504652,18.35240344,-1.14735691,41.09534994,55.69664404,60.77480508,52.89788496,69.73013139,19.23339212,226.74600000,266.00631686,187.48568314,1160131032.01019621,1432614587.80950499
2024-11-27,230.69000000,243.33000000,227.51000000,241.96000000,898274398.45495009,11.27000000,4.88534397,6.85768781,242.89000000,244.06200000,235.79666667,229.02650000,218.02280000,210.19400000,204.96314286,200.13775000,195.05733333,189.91220000,182.47416667,160.39950000,236.79986587,220.38278995,16.41707593,17.96533793,-1.54826201,55.28069692,61.45642770,63.67067167,51.04360837,63.50129038,26.12824435,229.02650000,266.08990131,191.96309869,1074426239.81090403,1326383310.48654795
2024-11-28,241.96000000,245.28000000,232.80000000,237.59000000,640996914.88985002,-4.37000000,-1.80608365,5.15787734,239.43000000,243.84200000,237.29400000,230.91350000,221.02520000,212.13300000,206.68885714,202.08275000,196.83511111,191.87740000,183.79300000,160.87030000,236.92142497,221.65739810,15.26402687,17.42507572,-2.16104885,49.71042235,58.25286717,61.82391007,46.38721578,57.79659885,23.56844966,230.91350000,265.48122043,196.34577957,952935507.14327407,1210033906.58172488
2024-11-29,237.58000000,246.77000000,236.55000000,243.33000000,699720103.91489995,5.74000000,2.41592660,4.30170890,237.55000000,244.41200000,239.54466667,233.08550000,224.44040000,214.41500000,208.92971429,203.98100000,198.80333333,193.96340000,185.30700000,161.34925000,237.90735959,223.26277602,14.64458357,16.86897729,-2.22439372,56.60290188,61.15439368,63.28355070,47.77540143,54.45619971,34.41380487,233.08550000,264.78562417,201.38537583,909114207.59569609,1144940009.16409588
2024-11-30,243.33000000,245.40000000,237.50000000,237.60000000,550410857.76520002,-5.73000000,-2.35482678,3.24661982,238.23400000,244.62400000,240.82133333,234.46200000,227.27960000,216.71200000,210.83600000,205.76675000,200.65488889,195.80480000,186.84816667,161.82710000,237.86007350,224.32479261,13.53528089,16.20223801,-2.66695712,48.62038468,56.85138494,60.85967545,44.21623772,51.04287905,30.56295507,234.46200000,264.28970637,204.63429363,789346631.20871615,1071005911.40935802
2024-12-01,237.60000000,239.89000000,234.10000000,236.80000000,577329157.83331001,-0.80000000,-0.33670034,2.43686869,239.45600000,242.66700000,242.22733333,235.19550000,229.28800000,219.06866667,212.55514286,207.49700000,202.57266667,197.61280000,188.45850000,162.21850000,237.69698527,225.24888205,12.44810322,15.45141105,-3.00330783,47.49812277,56.24857554,60.52195981,41.32583305,47.80386371,28.36977171,235.19550000,264.46256392,205.92843608,673346286.57164216,916738659.29091907
2024-12-02,236.79000000,238.20000000,220.00000000,225.72000000,1332640777.80381989,-11.08000000,-4.67905405,7.68613539,236.20800000,239.54900000,241.44400000,235.89950000,230.46280000,221.05366667,213.91028571,208.86875000,204.14555556,199.17240000,189.94016667,162.55025000,235.85437215,225.28377967,10.57059248,14.47524734,-3.90465486,34.32875546,48.48156439,56.02866417,32.34358369,42.65043704,11.72987699,235.89950000,263.40519738,208.39380262,760219562.44141603,917322901.12616003
2024-12-03,225.73000000,239.60000000,215.00000000,233.92000000,1569314471.01513982,8.20000000,3.63281942,10.89797546,235.47400000,237.45200000,241.05266667,236.83900000,231.82560000,223.43333333,215.46742857,210.28700000,205.79288889,200.69900000,191.45150000,162.87265000,235.55677643,225.92349970,9.63327674,13.50685322,-3.87357648,47.30414149,53.64888318,58.41299832,36.68629000,40.66238803,28.73409396,236.83900000,262.58500298,211.09299702,945883073.66647410,949409290.40487409
2024-12-04,233.92000000,241.00000000,224.67000000,229.15000000,1160635660.55353999,-4.77000000,-2.03915869,6.98101915,232.63800000,235.09400000,240.48733333,237.81800000,232.99600000,225.80666667,217.01828571,211.89325000,207.16511111,202.18680000,192.89416667,163.15640000,234.57111852,226.16249972,8.40861880,12.48720634,-4.07858753,41.57066791,50.43849327,56.55163746,39.30381772,40.20953126,37.49239064,237.81800000,260.50545408,215.13054592,1038066184.99420202,973590196.29494894
2024-12-05,229.15000000,244.77000000,222.95000000,235.84000000,1743320226.07372999,6.69000000,2.91948505,9.52214707,232.28600000,235.26000000,240.51133333,238.68750000,234.02680000,228.11400000,218.93685714,213.51725000,208.71333333,203.81800000,194.38350000,163.48595000,234.76633106,226.87935159,7.88697947,11.56716096,-3.68018150,51.47022782,54.59560142,58.48757068,48.06803670,42.82903307,58.54604396,238.68750000,259.50548400,217.86951600,1276648058.65590811,1032997344.93231201
2024-12-06,235.84000000,247.00000000,230.92000000,236.87000000,1225759651.15259004,1.03000000,0.43673677,6.81818182,232.30000000,235.87800000,239.21133333,239.74550000,234.61640000,229.79000000,220.95885714,215.02325000,210.25288889,205.54540000,195.93200000,163.73680000,235.08997243,227.61939962,7.47057281,10.74784333,-3.27727052,52.94321699,55.22636820,58.78261813,54.82660780,46.82822465,70.82337410,239.74550000,257.58422603,221.90677397,1406334157.31976390,1039840221.94570291
2024-12-07,236.87000000,243.61000000,234.12000000,238.14000000,701579666.62957001,1.27000000,0.53615907,4.00641702,234.78400000,235.49600000,237.96066667,239.77900000,235.67640000,231.18300000,223.01514286,216.51950000,211.74822222,207.20940000,197.50950000,164.03675000,235.55920744,228.39870335,7.16050409,10.03037548,-2.86987139,54.96568920,56.04767941,59.15611816,60.65523853,51.43722928,79.09125705,239.77900000,257.60224313,221.95575687,1280121935.08491397,1020170748.76316488
2024-12-08,238.14000000,241.51000000,233.22000000,237.02000000,526456056.82990998,-1.12000000,-0.47031158,3.48114554,235.40400000,235.43900000,236.76933333,239.64050000,236.55200000,232.42200000,225.14342857,217.95950000,213.07777778,208.75400000,199.13766667,164.33710000,235.78394476,229.03731792,6.74662684,9.37362575,-2.62699891,52.57441000,55.07571924,58.66690166,63.37432569,55.41626141,79.29045424,239.64050000,257.50638219,221.77461781,1071550252.24786818,1008716662.95717084
2024-12-09,237.02000000,237.28000000,203.00000000,216.63000000,1645628210.24900985,-20.39000000,-8.60264957,14.46291452,232.90000000,232.76900000,234.36266667,238.59050000,236.83440000,232.98000000,226.82000000,219.00350000,214.22733333,209.73860000,200.43100000,164.53945000,232.83718403,228.11825733,4.71892669,8.44268594,-3.72375925,26.95532457,40.96639183,50.70154497,52.57530804,54.46927695,48.78737020,238.59050000,259.21007320,217.97092680,1168548762.18696213,1103307473.59058189
2024-12-10,216.62000000,221.06000000,203.21000000,213.60000000,1494401948.21545982,-3.03000000,-1.39869824,8.24023636,228.45200000,230.36900000,232.99066667,237.49650000,236.64040000,233.09766667,228.16228571,220.12625000,215.17666667,210.68720000,201.56550000,164.76895000,229.87761725,227.04283086,2.83478639,7.32110603,-4.48631964,24.80029739,39.33290325,49.65611813,43.08050839,50.67302077,27.89548363,237.49650000,260.93940019,214.05359981,1118765106.61530805,1197706582.63560796
2024-12-11,213.60000000,230.65000000,211.51000000,227.29000000,1044765862.39521003,13.69000000,6.40917603,8.96067416,226.53600000,229.41800000,232.76400000,236.04250000,237.10360000,233.26966667,229.32514286,221.65600000,216.30244444,211.88120000,202.91366667,165.06365000,229.47952229,227.06113969,2.41838260,6.34056135,-3.92217874,47.53977198,49.29764215,54.11651102,47.12185408,49.48929854,42.38696516,236.04250000,258.12434191,213.96065809,1082566348.86383200,1244450253.09179807
2024-12-12,227.29000000,234.69000000,225.67000000,226.96000000,818643376.99027014,-0.33000000,-0.14518897,3.96849839,224.30000000,229.54200000,231.76400000,234.54550000,236.68320000,233.78033333,230.19971429,223.17575000,217.38400000,213.00340000,204.23400000,165.38140000,229.09190348,227.05364786,2.03825562,5.48010020,-3.44184458,47.12755023,49.08562739,53.99617841,49.56608454,49.51489387,49.66846587,234.54550000,254.64406290,214.44693710,1105979090.93597221,1193050513.01044321
2024-12-13,226.95000000,228.44000000,220.60000000,224.79000000,648285519.70337999,-2.17000000,-0.95611562,3.45450540,221.85400000,228.62900000,230.91066667,233.04050000,236.08320000,234.10233333,230.91228571,224.73225000,218.39222222,213.95540000,205.35400000,165.65460000,228.43007217,226.88597024,1.54410193,4.69290055,-3.14879861,44.10945757,47.61659079,53.18471382,49.55163211,49.52713995,49.60061644,233.04050000,251.13233413,214.94866587,1130344983.51066613,1100947617.87926698
2024-12-14,224.79000000,227.51000000,215.13000000,219.93000000,478317134.38287002,-4.86000000,-2.16201788,5.50736243,222.51400000,227.70700000,229.35066667,231.40050000,235.37520000,234.44766667,231.48485714,226.28175000,219.39355556,215.05600000,206.44016667,165.91085000,227.12236876,226.37071319,0.75165558,3.90465155,-3.15299598,37.63240453,44.37205264,51.38019169,45.86017899,48.30481963,40.97089770,231.40050000,247.84921132,214.95178868,896882768.33743799,1032715765.26220000
2024-12-15,219.94000000,225.50000000,215.68000000,224.27000000,469130131.65021998,4.34000000,1.97335516,4.46485405,224.64800000,226.55000000,228.46200000,230.90500000,234.92680000,234.64166667,231.89057143,227.72300000,220.62866667,216.12380000,207.60666667,166.19060000,226.68354280,226.21510480,0.46843800,3.21740884,-2.74897084,46.11195570,47.83477516,52.87026372,48.03220666,48.21394864,47.66872270,230.90500000,247.59643178,214.21356822,691828405.02439010,905296755.81984901
2024-12-16,224.26000000,227.56000000,213.26000000,216.19000000,847551475.44924986,-8.08000000,-3.60280020,6.37652725,222.42800000,224.48200000,227.08800000,230.18000000,233.31960000,234.65766667,231.72085714,228.46300000,221.74177778,216.91500000,208.70150000,166.43715000,225.06915160,225.47250445,-0.40335285,2.49325650,-2.89660935,35.36870139,42.46598916,49.89932479,43.43841908,46.62210545,37.07104635,230.18000000,248.12342571,212.23657429,652385527.63519812,867475938.24951494
2024-12-17,216.19000000,228.95000000,211.36000000,223.15000000,1148991395.56908011,6.96000000,3.21939035,8.13636153,221.66600000,222.98300000,226.91666667,229.23950000,231.96960000,234.18033333,232.04971429,229.13300000,223.00800000,217.81220000,209.83833333,166.72465000,224.77389751,225.30046708,-0.52656957,1.88929129,-2.41586086,47.91263687,47.95504254,52.30816274,48.55248942,47.26556678,51.12633472,229.23950000,246.54360779,211.93539221,718455131.35096014,912217111.14346600
2024-12-18,223.16000000,226.04000000,204.80000000,206.53000000,1191309782.42507005,-16.62000000,-7.44790500,9.51783474,218.01400000,219.93400000,225.09066667,227.68650000,230.03520000,233.07166667,231.80400000,229.30000000,223.98577778,218.35440000,210.61733333,166.92660000,221.96714404,223.91006211,-1.94291807,1.12284942,-3.06576748,30.78916394,38.40912713,46.71191578,35.88378583,43.47163980,20.70807791,227.68650000,247.26122621,208.11177379,827059983.89529824,978702483.70298195
2024-12-19,206.53000000,212.14000000,187.00000000,193.81000000,1481798971.45022988,-12.72000000,-6.15891154,12.17256573,212.79000000,217.65200000,222.73466667,225.21050000,227.67840000,231.61100000,231.35371429,229.14800000,224.78266667,218.73320000,211.05750000,167.07990000,217.63527573,221.68042788,-4.04515215,0.08924910,-4.13440125,23.18058556,32.93531621,43.03496079,28.68243163,38.54190374,8.96348740,225.21050000,248.60795238,201.81304762,1027756351.30876994,962319559.82310414
2024-12-20,193.82000000,199.81000000,175.26000000,194.48000000,1829760754.59579992,0.67000000,0.34569940,12.66639150,206.83200000,215.74000000,219.97733333,223.05450000,226.09040000,230.24433333,230.66885714,228.75825000,225.40177778,219.24900000,211.52933333,167.22785000,214.07292562,219.66558137,-5.59265575,-1.04713187,-4.54552389,24.36203301,33.48004901,43.28035552,29.90181066,35.66187271,18.38168656,223.05450000,249.40533498,196.70366502,1299882475.89788604,995855440.46113801
2024-12-21,194.48000000,201.98000000,178.30000000,181.45000000,988401321.05068004,-13.03000000,-6.69991773,12.17605923,199.88400000,211.15600000,216.28266667,220.28700000,224.12080000,227.74700000,229.69000000,227.74125000,225.28755556,219.55600000,211.76033333,167.27620000,209.05401398,216.83479757,-7.78078358,-2.39386221,-5.38692137,17.92753301,28.55867982,39.80096296,23.77759005,31.70044516,7.93187983,220.28700000,251.69955337,188.87444663,1328052445.01817203,990218986.32668495
2024-12-22,181.46000000,187.87000000,176.88000000,180.52000000,650666980.95564997,-0.93000000,-0.51253789,6.05643117,191.35800000,206.51200000,212.44133333,218.02700000,221.66320000,225.20100000,228.06285714,226.96325000,224.93577778,219.84300000,211.92150000,167.31110000,204.66416568,214.14481256,-9.48064688,-3.81121914,-5.66942774,17.53095679,28.23551604,39.56407903,19.11738759,27.50609264,2.33997750,218.02700000,253.97081645,182.08318355,1228387562.09548616,973421346.72322297
2024-12-23,180.53000000,193.48000000,176.48000000,190.11000000,778371475.46433997,9.59000000,5.31243076,9.41671744,188.07400000,203.04400000,209.31400000,215.83650000,219.76400000,223.04166667,226.64342857,226.33775000,224.71933333,220.39460000,212.13683333,167.41090000,202.42506327,212.36445607,-9.93939281,-5.03685388,-4.90253893,35.25392619,36.33917307,43.20153459,21.96451903,25.65890143,14.57575421,215.83650000,253.02055390,178.65244610,1145799900.70334005,986429942.29931903
2024-12-24,190.12000000,199.00000000,186.13000000,197.09000000,525181703.24730003,6.98000000,3.67155857,6.76940879,188.73000000,200.76000000,208.01133333,214.23350000,217.91440000,221.18700000,225.48514286,226.02575000,224.65711111,221.17740000,212.67333333,167.58385000,201.60428430,211.23301488,-9.62873058,-5.95522922,-3.67350136,45.48615827,41.57732732,45.68436816,28.19612624,26.50464303,31.57909264,214.23350000,251.76354594,176.70345406,954476447.06275403,991116399.18576205
2024-12-25,197.09000000,201.85000000,195.00000000,197.44000000,388541679.68554002,0.35000000,0.17758384,3.47556954,189.32200000,198.07700000,206.93400000,212.31350000,216.30800000,219.96233333,224.39828571,225.50050000,224.37644444,221.79380000,213.11600000,167.78190000,200.96362518,210.21131008,-9.24768490,-6.61372035,-2.63396454,45.99966632,41.83910839,45.80831620,32.56782787,28.52570465,40.65207432,212.31350000,249.11123579,175.51576421,666232632.08070207,983057553.98929405
2024-12-26,197.45000000,199.71000000,186.54000000,188.46000000,392011204.61470997,-8.98000000,-4.54821718,6.67004305,190.72400000,195.30400000,204.34533333,209.89300000,214.37440000,218.55466667,222.45800000,224.81925000,223.62822222,221.83120000,213.31316667,167.91360000,199.03999054,208.60010192,-9.56011139,-7.20299856,-2.35711283,35.65806526,37.17656451,43.17079140,30.37671392,29.14270774,32.84472629,209.89300000,246.25561765,173.53038235,546954608.79350805,937503526.90584016
2024-12-27,188.46000000,194.39000000,182.74000000,184.22000000,366402095.63853002,-4.24000000,-2.24981428,6.18168312,191.46400000,191.41100000,201.49600000,207.19700000,212.71440000,216.63000000,220.38142857,223.48800000,223.01888889,221.58860000,213.41200000,168.03945000,196.75999199,206.79416845,-10.03417646,-7.76923414,-2.26494232,31.62912324,35.15843898,41.97991496,28.34947956,28.87829835,27.29184199,207.19700000,242.72751000,171.66649000,490101631.73008412,859244596.91278493
2024-12-28,184.22000000,196.10000000,183.82000000,195.50000000,283725173.66562003,11.28000000,6.12311367,6.66594289,192.54200000,190.30800000,199.54333333,205.12100000,211.17760000,215.22700000,218.68457143,222.38075000,222.58266667,221.50160000,213.68000000,168.27040000,196.56614707,205.95756338,-9.39141631,-8.09367057,-1.29774573,49.75351429,43.98365763,46.10693189,44.14915404,33.96858358,64.51029496,205.12100000,238.07294070,172.16905930,391172371.37034011,768486136.03683996
2024-12-29,195.50000000,197.71000000,188.57000000,189.94000000,302551036.41535002,-5.56000000,-2.84398977,4.67519182,191.11200000,189.92100000,197.54400000,203.78650000,209.60920000,213.44733333,216.89057143,221.18850000,222.14644444,221.30260000,213.93116667,168.44400000,195.54673983,204.77107720,-9.22433737,-8.31980393,-0.90453344,43.00969968,40.98420003,44.47962992,47.02754060,38.32156925,64.43948330,203.78650000,236.93713627,170.63586373,346646238.00395012,650561342.53335202
2024-12-30,189.94000000,196.47000000,185.89000000,191.38000000,462392599.37737000,1.44000000,0.75813415,5.57018006,189.90000000,189.61100000,195.35133333,202.67550000,207.83080000,211.90666667,215.66771429,220.08600000,221.54488889,220.92880000,214.30933333,168.66445000,194.90570293,203.77914556,-8.87344263,-8.43053167,-0.44291095,45.31342926,42.09979802,45.00419885,50.92862186,42.52392012,67.73802535,202.67550000,235.93053459,169.42046541,361416421.94231611,513824527.01150906
2024-12-31,191.37000000,199.27000000,188.04000000,189.31000000,476451076.66597998,-2.07000000,-1.08161772,5.86821341,190.07000000,190.39700000,193.55933333,200.77650000,205.92840000,210.32366667,214.48542857,218.40950000,220.95822222,220.27240000,214.69616667,168.89575000,194.04482556,202.70735700,-8.66253144,-8.47693163,-0.18559981,42.35968828,40.88772499,44.37529718,50.80959497,45.28581174,61.85716144,200.77650000,232.41142825,169.14157175,378304396.35257012,462629502.57303894
2025-01-01,189.31000000,195.33000000,188.00000000,194.28000000,316558431.70699000,4.97000000,2.62532354,3.87195605,192.08200000,191.77300000,191.63466667,199.14250000,204.17400000,209.27566667,213.12314286,216.84400000,219.99844444,219.92520000,215.16466667,169.13955000,194.08100624,202.08310833,-8.00210209,-8.38196572,0.37986363,51.47335306,45.03275209,46.25687455,54.00214059,48.19125469,65.62391238,199.14250000,228.36715064,169.91784936,368335663.56626213,429218647.64817297
2025-01-02,194.28000000,210.48000000,193.43000000,208.31000000,660170412.59899998,14.03000000,7.22153593,8.77599341,194.64400000,193.59300000,191.75333333,198.31850000,203.02560000,208.42200000,212.28657143,215.67950000,219.29888889,219.78880000,215.92766667,169.42460000,196.27008220,202.54435957,-6.27427736,-7.96042805,1.68615069,68.39912198,54.79455974,51.12667283,66.72721413,54.36990784,91.44182672,198.31850000,225.34499871,171.29200129,443624711.35293806,417398541.36163902
2025-01-03,208.30000000,219.83000000,205.63000000,217.99000000,694370536.02235997,9.68000000,4.64692046,6.81709073,200.25400000,195.68300000,193.36533333,198.22150000,203.08000000,208.05000000,211.56257143,214.81100000,218.86244444,219.95720000,216.92833333,169.79820000,199.61160802,203.68848108,-4.07687306,-7.18371705,3.10684399,75.48000517,60.12467647,54.11973063,76.16450745,61.63477437,105.22397360,198.22150000,224.93350422,171.50949578,521988611.27434003,434317424.63914502
2025-01-04,218.00000000,218.18000000,213.54000000,216.67000000,420200326.94243002,-1.32000000,-0.60553236,2.12844037,205.31200000,197.60600000,194.84466667,197.84150000,203.20280000,207.41100000,210.96457143,214.37325000,218.44444444,219.92160000,217.76250000,170.19450000,202.23597602,204.65007507,-2.41409906,-6.22979345,3.81569439,72.81031412,59.08825989,53.65219718,81.26973275,68.17976050,107.44967724,197.84150000,223.17385026,172.50914974,513550156.78735209,437483289.36483401
2025-01-05,216.67000000,219.05000000,211.46000000,213.41000000,451130694.57664001,-3.26000000,-1.50459224,3.50302303,210.13200000,200.10100000,196.97533333,197.70250000,202.64760000,206.62900000,210.29628571,213.94125000,217.48977778,219.87560000,218.20950000,170.58345000,203.95505663,205.29895840,-1.34390177,-5.25261512,3.90871334,65.90228051,56.46585504,52.48375023,81.57036150,72.64329416,99.42449616,197.70250000,222.63834262,172.76665738,508486080.36948413,443395238.36102694
2025-01-06,213.41000000,223.18000000,211.56000000,218.22000000,621928433.92414999,4.81000000,2.25387751,5.44491823,214.92000000,203.50100000,199.48866667,197.45600000,202.29800000,205.96500000,210.08200000,213.34775000,216.63022222,219.49060000,218.57400000,171.00680000,206.14966330,206.25607259,-0.10640929,-4.22337395,4.11696466,70.80636973,59.36839716,54.02527844,83.27985662,76.18881498,97.46193990,197.45600000,221.41082362,173.50117638,569560080.81291604,468947872.18958890
2025-01-07,218.22000000,219.11000000,201.80000000,202.17000000,786521513.88120997,-16.05000000,-7.35496288,7.93236184,213.69200000,204.16800000,200.29266667,197.23800000,201.39320000,204.80333333,209.17485714,212.46225000,215.45866667,218.73820000,218.61266667,171.34465000,205.53740741,205.95340055,-0.41599314,-3.46189779,3.04590465,44.93085798,47.77377519,48.54199942,70.07251012,74.15004670,61.91743696,197.23800000,220.92296445,173.55303555,594830301.06935811,519227506.21114796
2025-01-08,202.17000000,203.28000000,188.34000000,197.48000000,873913213.74812996,-4.69000000,-2.31982985,7.38982045,209.59000000,204.92200000,200.31866667,197.42150000,200.49520000,204.16500000,208.27000000,211.31600000,214.23088889,217.93520000,218.57250000,171.66360000,204.29780627,205.32574125,-1.02793498,-2.97510523,1.94717025,39.82726371,44.97384226,47.08484464,55.69738310,67.99915883,31.09383163,197.42150000,221.05144200,173.79155800,630738836.61451209,576363723.94442594
2025-01-09,197.48000000,199.06000000,182.00000000,184.95000000,684344914.22428000,-12.53000000,-6.34494632,8.63884950,203.24600000,204.27900000,199.48600000,196.94500000,198.92240000,203.21000000,206.81600000,209.99975000,213.13688889,216.92460000,218.15383333,171.94490000,201.32122069,203.81642708,-2.49520639,-2.87912546,0.38391907,29.19547299,38.41243887,43.44881361,39.51947929,58.50593232,1.54657324,196.94500000,221.20075179,172.68924821,683567754.07088208,598558955.42911696
2025-01-10,184.96000000,193.02000000,183.51000000,187.68000000,687353802.31763005,2.73000000,1.47607461,5.14165225,198.10000000,204.11600000,199.43400000,197.25650000,197.78200000,201.88966667,205.41057143,208.77175000,212.18111111,215.55080000,217.57966667,172.22165000,199.22257135,202.62113619,-3.39856484,-2.98301334,-0.41555150,33.81480944,40.47651281,44.42453213,30.94402068,49.31862844,-5.80519484,197.25650000,220.82466164,173.68833836,730812375.61908007,619649227.99428201
2025-01-11,187.69000000,191.91000000,184.01000000,188.09000000,411533204.16096997,0.41000000,0.21845695,4.20906814,192.07400000,203.49700000,199.69200000,197.63500000,196.37960000,200.59400000,203.98057143,207.83100000,210.98400000,214.17460000,217.18716667,172.47920000,197.50986807,201.54475573,-4.03488766,-3.19338820,-0.84149946,34.58394935,40.80156436,44.57439632,25.55892458,41.39872715,-6.12068056,197.63500000,220.29716741,174.97283259,688733329.66644406,629146705.23967993
2025-01-12,188.09000000,191.00000000,185.17000000,188.51000000,250109405.58559000,0.42000000,0.22329736,3.09957999,189.34200000,201.51700000,199.22600000,197.55500000,195.65880000,199.38466667,202.59457143,206.69575000,209.89333333,212.84700000,216.74350000,172.73770000,196.12527298,200.57921827,-4.45394529,-3.44549962,-1.00844567,35.50527967,41.16063989,44.73369933,22.30883138,35.03542856,-3.14436298,197.55500000,220.33997982,174.77002018,581450908.00732005,588140604.53833902
2025-01-13,188.50000000,191.99000000,168.88000000,182.87000000,1015651889.57331002,-5.64000000,-2.99188372,12.25994695,186.42000000,198.00500000,198.75466667,196.84400000,195.22120000,198.14933333,201.63000000,205.53875000,208.54977778,211.44980000,216.29850000,172.90350000,194.08600021,199.26742432,-5.18142411,-3.79268452,-1.38873959,28.93769058,37.80167829,43.00183542,23.46064511,31.17716741,8.02760050,196.84400000,220.55857593,173.12942407,609798643.17235613,620268739.89343393
2025-01-14,182.86000000,190.11000000,181.88000000,187.57000000,510258589.71248001,4.70000000,2.57013179,4.50071093,186.94400000,195.09500000,198.50066667,196.35050000,194.94480000,196.92600000,200.88628571,204.33200000,207.43800000,210.51760000,215.78383333,173.14120000,193.08353864,198.40094845,-5.31740980,-4.09762957,-1.21978023,40.03054120,42.09732783,44.85819493,27.11372657,29.82268713,21.69580545,196.35050000,220.42097239,172.28002761,574981378.26999617,629274566.17043900
2025-01-15,187.57000000,206.04000000,185.84000000,205.86000000,735465044.82904005,18.29000000,9.75102628,10.76931279,190.58000000,194.34000000,199.60400000,197.22050000,195.92120000,196.58166667,200.27400000,203.55675000,206.75044444,210.02100000,215.61966667,173.46910000,195.04914808,198.95347078,-3.90432270,-4.05896820,0.15464550,65.31462884,55.22505742,51.29897632,42.61626499,34.08721308,59.67436880,197.22050000,221.34789825,173.09310175,584603626.77227807,657708001.19567895
2025-01-16,205.86000000,217.14000000,198.47000000,211.14000000,1196137559.83408999,5.28000000,2.56484990,9.06927038,195.19000000,193.63200000,200.72800000,198.56650000,197.14600000,196.18133333,199.82200000,202.88175000,206.42644444,209.40460000,215.18083333,173.79175000,197.52466376,199.85617665,-2.33151289,-3.71347714,1.38196425,69.73500500,58.20894931,52.95429341,57.59995785,41.92479467,88.95028419,198.56650000,222.64369627,174.48930373,741524497.90690207,715128913.78667307
2025-01-17,211.15000000,222.11000000,209.84000000,219.51000000,952526271.30061996,8.37000000,3.96419437,5.81103481,201.39000000,195.36600000,201.47466667,199.76700000,198.32200000,196.61400000,199.67114286,202.44400000,206.10622222,209.04300000,214.84283333,174.15595000,200.90702318,201.31201542,-0.40499224,-3.05178016,2.64678792,75.64047511,62.52752487,55.45856951,70.10515068,51.31824667,107.67895869,199.76700000,225.53532744,173.99867256,882007871.04990804,731729389.52861404
2025-01-18,219.52000000,270.67000000,217.29000000,261.97000000,4849480490.65198040,42.46000000,19.34308232,24.31669096,217.21000000,201.81500000,204.40666667,203.36850000,200.91720000,198.88600000,200.87228571,203.57750000,206.83555556,209.41580000,215.24850000,174.69565000,210.30132731,205.80519946,4.49612785,-1.54219856,6.03832640,88.86583224,76.16063631,65.25015507,77.22109760,59.95253032,111.75823218,203.36850000,240.83359689,165.90340311,1648773591.26564217,1129286117.21899915
2025-01-19,261.97000000,295.83000000,236.68000000,252.42000000,6733958631.98131084,-9.55000000,-3.64545559,22.57892125,230.18000000,208.56200000,206.79000000,206.42050000,203.11640000,200.81733333,201.67657143,204.54800000,207.20400000,209.71220000,215.53083333,175.25355000,216.78112311,209.25814765,7.52297546,0.27083625,7.25213921,77.50812994,69.91911484,62.04883371,73.41587681,64.44031248,91.36700546,206.42050000,249.32379516,163.51720484,2893513599.71940851,1734247488.99470210
2025-01-20,252.40000000,273.29000000,229.44000000,242.19000000,4215741222.97163010,-10.23000000,-4.05276919,17.37321712,237.44600000,214.01300000,208.70866667,209.06450000,205.26560000,202.84200000,202.41942857,204.92050000,207.32222222,209.82000000,215.29450000,175.82520000,220.69018109,211.69754412,8.99263697,2.01519639,6.97744058,66.57119714,63.80831570,58.82293954,68.19296605,65.69119700,73.19650415,209.06450000,253.99758169,164.13141831,3589568835.34792614,2087086231.06010199
2025-01-21,242.18000000,260.06000000,230.00000000,250.33000000,1907066376.77776003,8.14000000,3.36099756,12.41225535,245.28400000,220.23700000,210.84933333,211.86700000,207.91000000,205.16900000,203.19600000,205.50475000,207.59311111,210.31220000,215.18500000,176.40525000,225.25015323,214.55920752,10.69094571,3.75034626,6.94059946,70.54041492,66.36037392,60.52686386,66.84834996,66.07691466,68.39122056,211.86700000,259.80850739,163.92549261,3731754598.73666096,2236639548.32178116
2025-01-22,250.33000000,272.03000000,248.43000000,257.36000000,1612462526.67868996,7.03000000,2.80829305,9.42755563,252.85400000,227.12200000,214.52866667,214.31950000,210.38440000,207.41066667,204.64828571,206.31900000,208.04511111,210.78100000,215.22616667,176.97680000,230.19012966,217.72963659,12.46049307,5.49237562,6.96811745,73.76833072,68.45601916,61.94595446,66.64542623,66.26641851,67.40344165,214.31950000,266.33975778,162.29924222,3863741849.81227398,2372874860.43109131
2025-01-23,257.37000000,258.48000000,242.19000000,253.11000000,1698329260.27982020,-4.25000000,-1.65138328,6.32940902,251.08200000,234.14600000,218.23733333,216.07550000,212.91120000,209.27800000,206.34257143,207.14850000,208.85577778,211.26020000,215.23250000,177.58415000,233.71626356,220.35040425,13.36585930,7.06707236,6.29878695,68.33630386,65.75446296,60.57223175,64.81698597,65.78327433,62.88440925,216.07550000,270.91223163,161.23876837,3233511603.73784256,2441142597.50174236
2025-01-24,253.12000000,270.18000000,247.18000000,253.37000000,1357937147.07766008,0.26000000,0.10272214,9.08659924,251.27200000,240.72600000,222.79866667,217.91050000,215.39080000,211.14233333,208.02514286,207.87600000,209.73955556,211.61080000,215.55233333,178.15195000,236.73991532,222.79630023,13.94361508,8.44238090,5.50123418,68.50655023,65.84442039,60.62796852,62.00754419,64.52469762,56.97323735,217.91050000,275.23093026,160.59006974,2158307306.75711203,2525910453.23826027
2025-01-25,253.36000000,260.78000000,246.33000000,256.41000000,934052018.21903002,3.04000000,1.19982634,5.70334702,254.11600000,245.78100000,227.38066667,220.06050000,218.07480000,213.40733333,210.16685714,208.88150000,210.38666667,212.00160000,215.98100000,178.72690000,239.76608219,225.28620392,14.47987827,9.64988038,4.82999790,70.71573506,66.95173365,61.29551954,59.39084952,62.81341492,52.54571872,220.06050000,279.84301407,160.27798593,1501969465.80659223,2545769150.57725954
2025-01-26,256.40000000,260.16000000,240.32000000,240.50000000,766488890.38499010,-15.91000000,-6.20490620,7.73790952,252.15000000,248.71700000,230.87466667,221.17450000,219.92360000,215.28333333,211.88057143,209.31525000,210.68755556,212.04880000,215.95666667,179.21950000,239.87899262,226.41315178,13.46584085,10.41307247,3.05276838,49.08959166,56.49483815,56.10097965,49.44450659,58.35711214,31.61929548,221.17450000,281.63905855,160.70994145,1273853968.52803850,2502804283.63234901
2025-01-27,240.49000000,242.68000000,220.89000000,234.89000000,2058026956.44398999,-5.61000000,-2.33264033,9.06066780,247.65600000,250.25500000,233.96666667,222.81050000,220.98680000,216.59633333,213.16000000,210.02425000,210.91200000,212.00620000,215.91166667,179.71530000,239.11145530,227.04106646,12.07038884,10.74453574,1.32585309,43.46516477,53.29304884,54.40457345,39.19020838,51.96814422,13.63433669,222.81050000,282.87929827,162.74170173,1362966854.48109841,2613354352.14668608
2025-01-28,234.90000000,244.00000000,225.01000000,227.06000000,819684554.06420004,-7.83000000,-3.33347524,8.08429119,242.44600000,246.76400000,236.91266667,224.28950000,221.34960000,217.83366667,214.01628571,210.85550000,211.07044444,212.21480000,215.64050000,180.15330000,237.25738525,227.04246894,10.21491631,10.63861186,-0.42369555,36.46720445,49.05958986,52.10969218,30.05174197,44.66267680,0.82987231,224.28950000,283.17728391,165.40171609,1187237913.23797441,2210374758.48790789
2025-01-29,227.06000000,238.49000000,222.63000000,228.16000000,886979893.13736987,1.10000000,0.48445345,6.98493790,237.40400000,244.33800000,239.61866667,226.45000000,221.80920000,219.05966667,214.89400000,211.69750000,211.15688889,212.50600000,215.48316667,180.58460000,235.85778752,227.12524902,8.73253850,10.25739718,-1.52485869,38.14604627,49.67229483,52.40400525,24.77312064,38.03282475,-1.74628757,226.45000000,282.35582683,170.54417317,1093046462.44991612,1625676884.60351419
2025-01-30,228.16000000,244.70000000,226.84000000,238.31000000,799766743.70330000,10.15000000,4.44863254,7.82784011,233.78400000,243.95000000,241.78200000,228.98150000,222.80520000,220.69300000,216.31828571,213.11900000,211.64844444,212.72640000,215.50833333,181.03785000,236.23505098,227.95374910,8.28130188,9.86217812,-1.58087624,52.14744811,55.10759746,55.06303051,27.86986559,34.64517170,14.31925338,228.98150000,282.00645709,175.95654291,1066189407.54677033,1284079436.67668104
2025-01-31,238.30000000,241.82000000,228.24000000,231.77000000,694071690.64742994,-6.54000000,-2.74432462,5.69869912,232.03800000,242.09400000,243.15733333,231.16550000,223.34720000,221.94266667,217.67685714,214.40025000,211.84000000,212.82260000,215.60916667,181.39980000,235.54812006,228.23643435,7.31168571,9.35207964,-2.04039393,44.37990952,51.21937467,53.06963592,25.93772469,31.74268936,14.32779535,231.16550000,280.57375138,181.75724862,1051705967.59925807,1162779968.06364799
2025-02-01,231.77000000,236.46000000,212.74000000,213.03000000,640184468.98493004,-18.74000000,-8.08560211,10.23428399,227.66600000,237.66100000,242.72533333,232.39150000,223.78160000,222.10000000,218.17771429,214.97325000,211.98444444,212.58740000,215.26100000,181.66185000,232.08379390,227.11003180,4.97376209,8.47641613,-3.50265404,29.34827923,41.96394871,47.88618869,17.46010801,26.98182891,-1.58333379,232.39150000,278.44621770,186.33678230,768137470.10744619,1065552162.29427207
2025-02-02,213.03000000,218.90000000,192.31000000,203.51000000,1496343825.74038005,-9.52000000,-4.46885415,12.48181007,222.95600000,232.70100000,238.82800000,233.42350000,224.02280000,221.61733333,218.56542857,215.13375000,212.20000000,212.25900000,214.83366667,181.90190000,227.68782560,225.36188130,2.32594431,7.24632177,-4.92037746,24.32563452,38.14410583,45.52891174,17.09258162,23.68541315,3.90691857,233.42350000,275.56458498,191.28241502,903469324.44268227,1045353618.84032798
2025-02-03,203.52000000,218.70000000,175.89000000,216.28000000,2538322103.03743982,12.77000000,6.27487593,21.03478774,220.58000000,228.99200000,236.41866667,234.85900000,225.27600000,221.60433333,219.27685714,215.60475000,212.68444444,212.09920000,214.50766667,182.18720000,225.93277551,224.68914935,1.24362616,6.04578265,-4.80215648,40.66974313,45.41495795,49.04019185,27.37147940,24.91410190,32.28623440,234.85900000,272.09376129,197.62423871,1233737766.42269611,1163392114.43630600
2025-02-04,216.27000000,219.97000000,201.87000000,206.64000000,1265056545.46501994,-9.64000000,-4.45718513,8.36916817,214.24600000,224.01500000,234.04866667,234.89800000,226.03440000,221.37866667,219.77200000,216.05925000,213.24422222,211.90820000,214.00383333,182.37475000,222.96465620,223.35217533,-0.38751912,4.75912229,-5.14664141,34.01475633,41.40675152,46.67039850,33.14374362,27.65731580,44.11659924,234.89800000,272.00629080,197.78970920,1326795726.77504015,1196492567.16090512
2025-02-05,206.64000000,209.39000000,195.14000000,196.12000000,639424685.67491996,-10.52000000,-5.09097948,6.89605110,207.11600000,219.57700000,230.43466667,234.14700000,226.35560000,220.64200000,219.82457143,216.35675000,213.59088889,211.36760000,213.30350000,182.48735000,218.83470909,221.33497715,-2.50026806,3.30724422,-5.80751228,28.01212379,37.46980215,44.23618805,31.89576126,29.07013096,37.54702186,234.14700000,273.80044777,194.49355223,1315866325.78053808,1183786146.68989801
2025-02-06,196.12000000,203.98000000,187.39000000,189.54000000,674411227.22245002,-6.58000000,-3.35508872,8.45910667,202.41800000,215.04200000,225.91333333,232.64850000,226.39680000,220.22100000,219.28828571,216.20775000,213.57822222,211.02780000,212.51216667,182.51260000,214.32783077,218.97979366,-4.65196289,1.71540280,-6.36736569,24.73576710,35.18699332,42.77989140,27.87625183,28.67217125,26.28441299,232.64850000,276.65690411,188.64009589,1322711677.42804193,1045424573.76774406
2025-02-07,189.53000000,203.42000000,188.12000000,191.99000000,767993723.82559013,2.45000000,1.29260314,8.07260064,200.11400000,211.53500000,221.83866667,229.14950000,226.76160000,220.03800000,218.54542857,216.25900000,213.46488889,210.99140000,212.10150000,182.57805000,210.89124142,216.98054969,-6.08930826,0.15446059,-6.24376885,28.47370684,36.75216703,43.50253591,26.38342187,27.90925479,23.33175603,229.14950000,274.45086862,183.84813138,1177041657.04508400,1040255490.74388289
2025-02-08,192.00000000,200.88000000,189.81000000,199.32000000,382617624.43681002,7.33000000,3.81790718,5.76562500,196.72200000,208.65100000,218.23533333,226.49450000,227.23160000,220.51700000,218.04971429,216.45750000,213.50666667,211.08820000,211.86350000,182.70950000,209.11105043,215.67236082,-6.56131039,-1.18869361,-5.37261678,39.29728605,41.37304171,45.64558515,29.43484508,28.41778488,31.46896546,226.49450000,272.27502653,180.71397347,745900761.32495821,989819263.87382698
2025-02-09,199.32000000,207.37000000,193.53000000,200.47000000,578324813.09661996,1.15000000,0.57696167,6.94360827,195.48800000,204.86700000,214.50600000,224.40850000,227.01600000,220.94333333,217.68000000,216.73650000,213.77355556,211.46860000,211.41650000,182.82155000,207.78165806,214.54626002,-6.76460196,-2.30387528,-4.46072668,40.97875427,42.09707983,45.98103432,33.15027864,29.99528280,39.46027033,224.40850000,270.97303779,177.84396221,608554414.85127807,967675070.81315899
2025-02-10,200.47000000,209.05000000,195.85000000,200.47000000,819921205.01372993,0.00000000,0.00000000,6.58452636,196.35800000,201.73700000,211.83733333,221.91550000,226.58920000,221.35600000,217.17285714,216.89125000,214.13466667,211.86760000,210.97500000,182.96465000,206.65678759,213.50357409,-6.84678650,-3.21245752,-3.63432898,40.97875427,42.09707983,45.98103432,40.68760258,33.55938940,54.94402895,221.91550000,267.97277212,175.85822788,644653718.71904016,980260022.24978888
2025-02-11,200.47000000,206.18000000,195.12000000,197.96000000,792182733.69755995,-2.51000000,-1.25205766,5.51703497,198.04200000,200.23000000,209.37533333,218.94550000,225.72720000,221.67100000,217.05257143,216.63250000,214.18933333,212.02460000,210.52783333,183.03915000,205.31882027,212.35219823,-7.03337796,-3.97664161,-3.05673635,37.69686333,40.78863258,45.31638909,43.81442108,36.97773329,57.48779666,218.94550000,262.99613807,174.89486193,668208020.01406217,995459848.72105193
2025-02-12,197.95000000,198.56000000,188.48000000,196.78000000,756076037.68728995,-1.18000000,-0.59608002,5.09219500,199.00000000,199.55700000,207.35666667,216.12900000,223.11960000,222.13466667,217.03257143,216.10225000,214.34133333,212.01840000,210.14200000,183.10345000,204.00515561,211.19870207,-7.19354646,-4.62002258,-2.57352388,36.06730965,40.14864435,44.99731652,38.81673499,37.59073386,41.26873725,216.12900000,258.13807616,174.11992384,665824482.78640211,921433069.91574287
2025-02-13,196.78000000,198.47000000,188.78000000,194.25000000,468975077.17203999,-2.53000000,-1.28569977,4.92428092,197.98600000,197.35400000,205.09600000,213.17300000,220.79280000,222.35733333,217.29828571,215.54175000,214.40511111,211.95460000,209.64166667,183.15020000,202.50436244,209.94324265,-7.43888021,-5.18379411,-2.25508611,32.45739541,38.72737002,44.29947839,36.27176272,37.15107681,34.51313453,213.17300000,252.37466919,173.97133081,683095973.33344817,714498367.32920301
2025-02-14,194.24000000,205.34000000,194.11000000,199.39000000,744993253.44044006,5.14000000,2.64607465,5.78150741,197.77000000,196.62900000,202.50133333,210.32200000,219.08080000,222.14166667,217.63285714,215.19125000,214.62911111,212.17320000,209.36166667,183.23430000,202.02522976,209.16152098,-7.13629122,-5.57429353,-1.56199769,45.70572241,43.18497319,46.07246184,42.64839583,38.98351648,49.97815452,210.32200000,244.21853148,176.42546852,716429661.40221214,662492038.12674499
2025-02-15,199.40000000,200.27000000,192.61000000,194.48000000,319980278.83565998,-4.91000000,-2.46251066,3.84152457,196.57200000,196.46500000,200.01533333,208.02100000,216.84680000,221.58633333,217.81542857,214.59775000,214.63355556,212.37840000,208.88383333,183.31090000,200.86442518,208.07400090,-7.20957573,-5.90134997,-1.30822576,37.31552135,40.14172190,44.65561384,38.56126532,38.84276609,37.99826377,208.02100000,239.45010411,176.59189589,616441476.16659820,630547597.44281900
2025-02-16,194.47000000,196.24000000,186.30000000,188.27000000,383704847.67238998,-6.21000000,-3.19313040,5.11132823,194.63400000,196.33800000,198.36466667,205.69000000,214.08320000,220.54500000,217.80857143,214.25025000,214.18822222,212.23380000,208.57950000,183.39370000,198.92682131,206.60703787,-7.68021657,-6.25712329,-1.42309328,29.18449561,36.58457469,42.91391333,28.59395710,35.42649643,14.92887844,205.69000000,235.60737182,175.77262818,534745898.96156424,601476959.48781300
2025-02-17,188.26000000,189.72000000,174.63000000,177.53000000,779271190.58223999,-10.74000000,-5.70457322,8.01551046,190.78400000,194.89200000,196.63266667,203.21350000,211.06000000,217.73033333,217.65600000,213.75150000,213.28911111,211.98560000,208.30816667,183.44450000,195.63500264,204.45318322,-8.81818057,-6.76933475,-2.04884583,20.09647019,31.34418002,40.09195415,21.87108277,30.90802521,3.79719789,203.21350000,233.87336938,172.55363062,539384929.54055429,602604706.16347802
2025-02-18,177.53000000,179.09000000,160.88000000,169.32000000,1061518548.68994999,-8.21000000,-4.62457050,10.25742128,185.79800000,191.89200000,193.50200000,200.27150000,207.69800000,214.96033333,217.13457143,213.36075000,212.23688889,211.54440000,207.88883333,183.52725000,191.58654070,201.85072520,-10.26418450,-7.46830470,-2.79587981,15.63134363,27.99957483,38.09379914,20.42114811,27.41239951,6.43864532,200.27150000,232.12136245,168.42163755,657893623.84413624,670494798.58879209
2025-02-19,169.32000000,174.30000000,163.75000000,168.93000000,590112452.81957996,-0.39000000,-0.23033310,6.23080558,179.70600000,188.73800000,190.98800000,196.80250000,204.19880000,212.51833333,216.07942857,212.89200000,211.24844444,211.13680000,207.68016667,183.65930000,188.10091905,199.41215296,-11.31123391,-8.23689054,-3.07434337,15.43584350,27.84559831,37.99992207,19.53757188,24.78745697,9.03780172,196.80250000,226.22911944,167.37588056,626917463.71996415,671673562.56108797
2025-02-20,168.94000000,176.65000000,167.66000000,176.00000000,508528834.82322001,7.07000000,4.18516545,5.32141589,176.01000000,186.29100000,189.64666667,194.01400000,201.61880000,210.04066667,215.07542857,212.58975000,210.31022222,210.77120000,207.60483333,183.84765000,186.23923920,197.67791941,-11.43868021,-8.87724847,-2.56143174,33.52260421,34.92300177,40.76144039,24.36108031,24.64533142,23.79257810,194.01400000,219.83790357,168.19009643,664627174.91747618,640534325.54203689
2025-02-21,176.00000000,180.52000000,167.15000000,168.94000000,715436161.65542996,-7.06000000,-4.01136364,7.59659091,172.14400000,183.38900000,188.27333333,191.80950000,198.98080000,207.09333333,213.63057143,212.10050000,209.57177778,209.98380000,207.25200000,184.04345000,183.57781778,195.54918464,-11.97136686,-9.49607215,-2.47529471,26.68369332,31.55162911,38.95355266,22.28360520,23.85808934,19.13463691,191.80950000,218.31690629,165.30209371,730973437.71408415,632859668.33782411
2025-02-22,168.94000000,174.68000000,168.07000000,172.07000000,324983318.38902003,3.13000000,1.85272878,3.91263170,171.05200000,180.91800000,186.94533333,190.23750000,196.78120000,204.39200000,211.06200000,211.83050000,209.00711111,209.06540000,206.83500000,184.18180000,181.80738428,193.80998578,-12.00260150,-9.99737802,-2.00522348,33.86198699,34.60492191,40.18094809,23.24530045,23.65382638,22.42824860,190.23750000,217.54038119,162.93461881,640115863.27544022,589750396.40799701
2025-02-23,172.07000000,173.07000000,166.42000000,167.94000000,252136318.55605000,-4.13000000,-2.40018597,3.86470622,170.77600000,178.28700000,184.85333333,187.82050000,194.37240000,201.54433333,208.64828571,211.33975000,208.62911111,208.09080000,206.34333333,184.29765000,179.67394054,191.89369053,-12.21974999,-10.44185242,-1.77789758,29.31704996,32.51701883,39.09858186,21.47131057,22.92632111,18.56128948,187.82050000,213.94974836,161.69125164,478239417.24866021,568066520.54639792
2025-02-24,167.94000000,169.69000000,138.00000000,141.81000000,1226692646.03078008,-26.13000000,-15.55912826,18.86983446,165.35200000,172.52900000,180.94266667,184.57900000,190.51240000,197.72433333,205.78028571,209.73850000,207.60977778,206.65880000,205.56583333,184.19105000,173.84871892,188.18378753,-14.33506861,-11.22049565,-3.11457296,14.52037949,22.95689482,33.19518580,16.49483891,20.78249371,7.91952932,184.57900000,216.35336829,152.80463171,605555455.89090025,616236459.80543196
2025-02-25,141.81000000,147.09000000,131.91000000,144.33000000,1635111010.70032001,2.52000000,1.77702560,10.70446372,159.01800000,167.51400000,177.20000000,181.98950000,187.01480000,194.51866667,202.75171429,208.06825000,206.63733333,205.18100000,204.90100000,184.13130000,169.30737755,184.93535883,-15.62798128,-12.10199278,-3.52598850,19.23769390,25.26846146,34.19505680,18.15795004,19.90764582,14.65855847,181.98950000,217.96705702,146.01194298,830871891.06632018,747749532.99189794
2025-02-26,144.33000000,145.19000000,130.65000000,135.32000000,736842199.24000001,-9.01000000,-6.24263840,10.07413566,152.29400000,162.21900000,173.02400000,179.27850000,183.90640000,191.19966667,199.26485714,205.96350000,205.45533333,203.84400000,203.89800000,184.03785000,164.07855023,181.26014706,-17.18159683,-13.11791359,-4.06368324,15.55471115,22.62117679,32.38659572,15.22674913,18.34734692,8.98555354,179.27850000,220.63031191,137.92668809,835153098.58323419,783063268.14865899
2025-02-27,135.33000000,142.90000000,134.71000000,137.68000000,599160525.54252994,2.36000000,1.74401419,6.05187320,145.41600000,158.23400000,169.08400000,176.56300000,181.27320000,188.22033333,195.96685714,202.85625000,204.45111111,202.64800000,203.02700000,184.01840000,160.01723481,178.03198802,-18.01475321,-14.09728151,-3.91747169,20.34777323,24.87028002,33.35001757,14.85004985,17.18158123,10.18698708,176.56300000,221.38720122,131.73879878,889988540.01393628,765052201.64468789
2025-02-28,137.68000000,148.72000000,125.55000000,148.18000000,1368611824.73409009,10.50000000,7.62638001,16.82887856,141.46400000,156.12000000,166.01266667,174.00600000,178.54920000,185.55433333,192.96142857,200.25025000,203.57577778,201.91260000,202.30700000,184.02785000,158.19612176,175.82072965,-17.62460788,-14.80274679,-2.82186110,38.87187786,34.15888140,37.48549085,23.62266982,19.32861076,32.21078794,174.00600000,219.19726949,128.81473051,1113283641.24954414,795761529.24910200
2025-03-01,148.18000000,151.25000000,138.57000000,143.66000000,597723583.50179005,-4.52000000,-3.05034418,8.55716021,141.83400000,153.59300000,162.29733333,171.16550000,176.03000000,182.39933333,189.74000000,197.78700000,202.19355556,201.03220000,201.54616667,184.01290000,155.95979534,173.43845338,-17.47865804,-15.33792904,-2.14072900,34.70284973,32.28444962,36.46904986,26.73019417,21.79580523,36.59897204,171.16550000,216.49437797,125.83662203,987489828.74374616,796522642.31732297
2025-03-02,143.66000000,179.85000000,140.04000000,178.71000000,2212052717.47644997,35.05000000,24.39788389,27.71126270,148.71000000,153.86400000,161.24600000,170.07750000,175.33360000,180.63066667,187.97457143,195.99650000,201.47288889,200.84460000,201.28666667,184.18790000,159.45982683,173.82893831,-14.36911149,-15.14416553,0.77505404,67.31872843,53.75249333,47.90015872,50.45364694,31.34841913,88.66410256,170.07750000,213.44702599,126.70797401,1102878170.09897232,966875030.58264601
2025-03-03,178.72000000,179.47000000,139.21000000,142.16000000,1748078985.39322996,-36.55000000,-20.45212915,22.52685765,150.07800000,151.18600000,158.17200000,167.28750000,173.43840000,178.26833333,185.32514286,193.11650000,199.75400000,199.91760000,200.18416667,184.18580000,156.79831501,171.48309103,-14.68477602,-15.05228763,0.36751160,41.42560946,39.50486542,40.05740487,43.83220416,35.50968081,60.47725086,167.28750000,210.28228787,124.29271213,1305125527.32961822,1070139312.95642602
2025-03-04,142.16000000,147.00000000,130.66000000,144.79000000,1438316454.58464003,2.63000000,1.85002814,11.49409116,151.50000000,148.45800000,155.98933333,164.68800000,171.55040000,176.31100000,182.97457143,190.40850000,197.15000000,199.15600000,198.96416667,184.21455000,154.95088193,169.50582503,-14.55494310,-14.95281872,0.39787562,43.30846202,40.73790739,40.78537306,41.03239639,37.35058600,48.39601716,164.68800000,206.44368772,122.93231228,1472956713.13804007,1181472626.57598805
2025-03-05,144.80000000,149.73000000,140.18000000,146.28000000,706791297.23729002,1.49000000,1.02907659,6.59530387,151.12000000,146.29200000,154.45333333,162.28950000,169.42880000,173.97766667,180.63514286,187.73125000,194.79133333,198.33020000,197.79100000,184.23630000,153.61690009,167.78539354,-14.16849345,-14.79595367,0.62746022,44.52087317,41.47516069,41.20747071,40.08052945,38.26056715,43.72045405,162.28950000,202.37280666,122.20619334,1340592607.63867998,1226938124.44411206
2025-03-06,146.27000000,152.90000000,142.44000000,143.31000000,656676724.65380001,-2.97000000,-2.03035275,7.15115882,151.05000000,146.44200000,152.74533333,159.48550000,167.14240000,171.86666667,177.92085714,184.90375000,192.59400000,197.07920000,196.62266667,184.24075000,152.03122316,165.97240143,-13.94117827,-14.62499859,0.68382031,42.35426556,40.38272935,40.60543577,37.62274708,38.04796046,36.77232031,159.48550000,196.35858388,122.61241612,1352383235.86908197,1169936532.30641413
2025-03-07,143.30000000,150.88000000,135.04000000,139.39000000,1039508735.19796002,-3.92000000,-2.73532901,11.05373343,143.18600000,145.94800000,150.30466667,156.73100000,164.69920000,169.97566667,175.28142857,182.37600000,190.12866667,195.64420000,195.30883333,184.21625000,150.08641959,164.00333466,-13.91691506,-14.48338188,0.56646682,39.32332328,38.90717912,39.80451221,33.57784121,36.55792071,27.61768220,156.73100000,190.71453837,122.74746163,1117874439.41338420,1110376304.75617814
2025-03-08,139.39000000,141.09000000,135.29000000,137.01000000,295310260.98049998,-2.38000000,-1.70743956,4.16098716,142.15600000,146.11700000,148.17600000,154.16800000,162.26120000,168.22466667,173.10942857,179.92900000,187.45422222,193.99420000,194.22283333,184.18995000,148.07466273,162.00382839,-13.92916565,-14.37253864,0.44337298,37.37468944,37.98782628,39.31324243,29.42021826,34.17868656,19.90328167,154.16800000,185.78583015,122.55016985,827320694.53083825,1066223110.93022799
2025-03-09,137.01000000,139.88000000,125.41000000,126.51000000,514516598.48729998,-10.50000000,-7.66367418,10.56127290,138.50000000,145.00000000,145.13866667,151.61700000,159.45040000,166.04200000,170.90942857,177.41525000,184.64088889,191.28500000,193.04000000,184.10855000,144.75702231,159.37465591,-14.61763360,-14.42155763,-0.19607597,29.60733770,34.10882325,37.19964492,20.28700321,29.54812544,1.76475875,151.61700000,183.52985509,119.70414491,642560723.31137013,1057758718.22470510
2025-03-10,126.52000000,131.57000000,115.47000000,118.32000000,820279149.59140003,-8.19000000,-6.47379654,12.72526083,132.90800000,142.01400000,141.83066667,149.06700000,156.41320000,163.34200000,168.11057143,174.66925000,181.63977778,188.60300000,191.92950000,183.98405000,140.68978811,156.33357029,-15.64378218,-14.66600254,-0.97777964,24.78590593,31.38210127,35.64009155,15.00028235,24.69884441,-4.39684177,149.06700000,183.10347585,115.03052415,665258293.78219223,1002925450.71043587
2025-03-11,118.32000000,128.43000000,112.00000000,125.35000000,783022212.27215004,7.03000000,5.94151454,13.88607167,129.31600000,140.18300000,140.73333333,146.88800000,153.45160000,160.83800000,165.78800000,171.84525000,178.72733333,186.26620000,190.89066667,183.84450000,138.32982071,154.03849101,-15.70867030,-14.87453609,-0.83413421,35.58987814,36.16092173,37.96937548,16.59571217,21.99780033,5.79153585,146.88800000,181.14948527,112.62651473,690527391.30586219,1021455313.58747220
2025-03-12,125.35000000,131.33000000,121.22000000,126.62000000,552333767.76338995,1.27000000,1.01316314,8.06541683,126.76200000,134.97400000,139.55266667,144.41900000,150.73720000,158.37633333,163.80228571,169.21650000,176.19666667,183.79200000,189.86616667,183.67425000,136.52830983,152.00749168,-15.47918184,-14.99546524,-0.48371660,37.53501651,37.02526568,38.38970713,22.97904854,22.32488307,24.28737948,144.41900000,176.91887394,111.91912606,593092397.81894827,855483418.61616600
2025-03-13,126.61000000,128.76000000,120.76000000,123.37000000,352338027.09973001,-3.25000000,-2.56673511,6.31861622,124.03400000,133.09500000,138.75600000,142.14050000,148.14120000,155.89000000,161.91171429,166.97500000,173.71844444,181.11220000,188.78050000,183.49650000,134.50395447,149.88619600,-15.38224152,-15.07282050,-0.30942102,34.34951459,35.67675755,37.70740669,24.58586936,23.07854516,27.60051775,142.14050000,173.78024281,110.50075719,604497951.04279423,715909322.78681600
2025-03-14,123.36000000,136.03000000,122.98000000,133.54000000,468530950.60996997,10.17000000,8.24349518,10.57879377,125.44000000,131.97000000,138.48000000,140.21400000,146.38160000,153.78200000,160.24171429,165.22575000,171.64022222,178.72080000,187.95833333,183.37860000,134.35565378,148.67536666,-14.31971288,-14.92219897,0.60248610,50.21514529,42.78979425,41.12419969,33.94559180,26.70089404,48.43498731,140.21400000,168.71723668,111.71076332,595300821.46732831,618930772.38934898
2025-03-15,133.53000000,136.53000000,132.44000000,135.86000000,257628407.34355000,2.32000000,1.73730717,3.06298210,128.94800000,130.92800000,137.65866667,138.61000000,145.04320000,151.83566667,158.42857143,163.21525000,169.58911111,176.37060000,187.09650000,183.32395000,134.58709166,147.72608024,-13.13898858,-14.56555690,1.42656832,53.30433275,44.32203177,41.88301445,43.08649878,32.16276229,64.93397177,138.61000000,163.98231728,113.23768272,482770673.01775819,574014483.39997506
2025-03-16,135.86000000,136.71000000,125.21000000,126.13000000,360794496.26160002,-9.73000000,-7.16178419,8.46459591,129.10400000,129.21000000,136.49000000,137.82600000,143.33120000,149.39366667,156.30457143,161.20250000,167.09622222,173.76500000,185.76766667,183.23485000,133.28600064,146.12637060,-12.84036996,-14.22051951,1.38014955,40.61943438,39.48381713,39.64679073,44.91546350,36.41366269,61.91906510,137.82600000,163.74510931,111.90689069,398325129.81564820,544426260.56075501
2025-03-17,126.13000000,130.64000000,125.55000000,128.01000000,347309564.93445998,1.88000000,1.49052565,4.03551891,129.38200000,128.07200000,133.11000000,137.01000000,141.41160000,147.17800000,154.23428571,159.49975000,164.79044444,171.51520000,184.38216667,183.17490000,132.47430823,144.78441722,-12.31010899,-13.83843740,1.52832842,43.72449536,40.84492042,40.28956132,49.08520139,40.63750893,65.98058633,137.01000000,163.09401729,110.92598271,357320289.24986213,475206343.53440505
2025-03-18,128.01000000,128.19000000,121.76000000,125.33000000,395405699.24355000,-2.68000000,-2.09358644,5.02304507,129.77400000,126.90400000,131.98800000,136.51050000,139.66720000,145.08000000,152.15914286,157.89450000,162.84155556,169.32400000,182.81250000,183.11160000,131.37518389,143.34334928,-11.96816539,-13.46438300,1.49621761,40.13443957,39.46456052,39.66123933,50.70539124,43.99346970,64.12923433,136.51050000,163.10833171,109.91266829,365933823.67862618,485215887.36070997
2025-03-19,125.33000000,136.08000000,124.20000000,135.33000000,541158128.72601998,10.00000000,7.97893561,9.47897550,130.13200000,127.78600000,131.35733333,136.39300000,138.19760000,143.67333333,150.40342857,156.47800000,161.32644444,167.48940000,180.70183333,183.11150000,131.98361714,142.74976785,-10.76615071,-12.92473654,2.15858583,56.22710857,46.78507346,43.11532880,65.27533300,51.08742413,93.65115073,136.39300000,162.98984121,109.79615879,380459259.30183619,487880040.38458204
2025-03-20,135.33000000,136.12000000,126.65000000,127.60000000,340143750.52064002,-7.73000000,-5.71196335,6.99770930,128.48000000,128.71400000,130.11200000,135.36400000,136.58400000,142.28266667,148.49914286,154.68500000,159.35577778,165.47820000,178.62150000,183.10700000,131.30921450,141.62756282,-10.31834832,-12.40345890,2.08511058,45.00504000,42.45560209,41.21237712,57.81155951,53.32880259,66.77707335,135.36400000,161.63112366,109.09687634,396962327.93725419,439866500.47750598
2025-03-21,127.60000000,130.18000000,124.81000000,128.48000000,306105567.68725997,0.88000000,0.68965517,4.20846395,128.95000000,129.02700000,129.12333333,134.60500000,136.05080000,140.93433333,146.47314286,152.88525000,157.61888889,163.28160000,176.72633333,183.07470000,130.87395073,140.65366928,-9.77971855,-11.87871083,2.09899228,46.46470041,43.10942424,41.51899499,54.67479098,53.77746539,56.46944217,134.60500000,160.73972262,108.47027738,386024542.22238618,392174836.01901698
2025-03-22,128.47000000,131.84000000,127.80000000,128.51000000,194061126.95637000,0.03000000,0.02334994,3.14470304,129.05000000,129.21600000,128.39800000,132.09500000,135.41800000,139.35133333,144.58828571,151.08625000,156.11644444,161.21640000,174.69600000,183.07955000,130.51026600,139.75413822,-9.24387222,-11.35174311,2.10787089,46.52276585,43.13345350,41.52984345,51.50002788,53.01831955,48.46344453,132.09500000,148.05718360,116.13281640,355374854.62676823,356347571.93831497
2025-03-23,128.50000000,134.06000000,128.21000000,132.84000000,232208409.45648000,4.33000000,3.36938760,4.55252918,130.55200000,130.16300000,128.12000000,131.62900000,135.31880000,138.14800000,143.00457143,149.45825000,154.85644444,159.61260000,172.62066667,183.07555000,130.86868662,139.24197984,-8.37329322,-10.75605313,2.38275991,54.98004083,46.67954006,43.11901273,59.03792271,55.02485394,67.06406026,131.62900000,146.88241294,116.37558706,322735396.66935420,344334610.17398995
2025-03-24,132.85000000,144.96000000,132.04000000,141.01000000,638280711.52938998,8.17000000,6.15025595,9.72525405,131.68800000,130.91000000,129.08666667,131.44000000,135.45200000,137.11266667,141.96114286,148.06400000,153.72355556,158.36260000,170.75233333,183.13355000,132.42888868,139.37294429,-6.94405562,-9.99365363,3.04959801,66.85022597,52.74499045,46.00823526,67.01666112,59.02212300,83.00573736,131.44000000,146.08846462,116.79153538,342159913.23002815,361309586.26593196
2025-03-25,141.01000000,147.48000000,138.17000000,143.64000000,505738904.94536000,2.63000000,1.86511595,6.60236863,134.89600000,131.68800000,130.77466667,131.30800000,135.27040000,136.30266667,141.22742857,146.79875000,152.48622222,156.90980000,168.92350000,183.22650000,134.15367503,139.68902249,-5.53534746,-9.10199239,3.56664493,69.91448058,54.56020427,46.91399089,73.03443556,63.69289385,91.71751898,131.30800000,145.43158326,117.18441674,375278944.11497223,386120636.02611297
2025-03-26,143.64000000,145.49000000,135.89000000,137.34000000,437189263.88718998,-6.30000000,-4.38596491,6.68337510,136.66800000,132.80900000,131.57400000,131.00950000,135.01760000,136.15366667,140.32485714,145.24750000,151.08333333,155.52380000,166.93900000,183.27465000,134.64387888,139.51502083,-4.87114195,-8.25582230,3.38468035,55.23729661,49.58299342,45.02593659,68.88143293,65.42240688,75.79948505,131.00950000,144.29236665,117.72663335,401495683.35495818,393760112.78867197
2025-03-27,137.35000000,140.22000000,135.63000000,138.43000000,341254155.91117001,1.09000000,0.79365079,3.34182745,138.65200000,133.85100000,132.36133333,130.96150000,133.40640000,135.95700000,139.25142857,143.84625000,149.70466667,154.37000000,165.23783333,183.31605000,135.22635905,139.43464891,-4.20828987,-7.44631582,3.23802595,57.10682057,50.43638342,45.42248409,66.29609847,65.71363741,67.46102060,130.96150000,144.12323925,117.79976075,430934289.14591819,393154571.88634294
2025-03-28,138.44000000,139.05000000,127.69000000,129.49000000,515501341.03969002,-8.94000000,-6.45813769,8.20572089,137.98200000,134.26700000,132.76933333,130.58550000,132.89960000,135.76266667,138.12428571,142.37675000,148.18311111,153.16900000,163.48116667,183.28810000,134.34384227,138.69800825,-4.35416598,-6.82788585,2.47371987,40.47081801,43.80248490,42.78137381,51.07873996,60.83533826,31.56554336,130.58550000,143.44590431,117.72509569,487592875.46256018,405164136.06595695
2025-03-29,129.50000000,130.54000000,122.68000000,124.58000000,329643079.81650001,-4.91000000,-3.79179859,6.06949807,134.69600000,133.19200000,132.17200000,130.48900000,132.09120000,135.32600000,136.76742857,141.05300000,146.57866667,151.82080000,161.77316667,183.23285000,132.84171269,137.65222986,-4.81051717,-6.42441211,1.61389494,33.95221757,40.60275771,41.40174677,36.60625675,52.75897776,4.30081473,130.48900000,143.50617554,117.47182446,425865349.11998224,384012631.17500502
2025-03-30,124.58000000,127.08000000,123.00000000,124.82000000,218155180.69158000,0.24000000,0.19264729,3.27500401,130.93200000,132.91400000,131.43600000,130.81400000,131.23280000,134.54733333,135.53542857,139.94050000,145.03577778,150.33080000,160.05083333,183.19485000,131.60760305,136.70169432,-5.09409127,-6.15834795,1.06425667,34.57037319,40.83322559,41.49797246,27.28051525,44.26615692,-6.69076809,130.81400000,142.83865082,118.78934918,368348604.26922619,371813774.19209898
2025-03-31,124.83000000,127.81000000,122.75000000,124.54000000,468042537.66829002,-0.28000000,-0.22432303,4.05351278,128.37200000,132.52000000,131.33000000,130.77350000,130.48200000,133.91000000,135.04200000,138.83075000,143.37244444,148.81220000,158.15466667,183.13730000,130.52027950,135.80082807,-5.28054857,-5.98278807,0.70223950,34.12325934,40.63256885,41.41517898,20.68701017,36.40644134,-10.75185217,130.77350000,142.88081015,118.66618985,374519259.02544624,388007471.19020200
2025-04-01,124.53000000,130.55000000,123.74000000,126.67000000,452578878.01828998,2.13000000,1.71029388,5.46856179,126.02000000,132.33600000,131.24066667,130.77600000,129.97320000,132.17533333,134.53742857,137.59750000,141.86555556,147.33620000,156.40300000,183.07555000,129.92792881,135.12447044,-5.19654163,-5.82553878,0.62899715,41.07962457,42.95872788,42.32852486,19.15424334,30.65570867,-3.84868733,130.77600000,142.87971913,118.67228087,396784203.44687021,413859246.29639399
2025-04-02,126.68000000,136.21000000,117.00000000,117.42000000,796943491.95910001,-9.25000000,-7.30243941,15.16419324,123.60600000,130.79400000,130.71333333,130.47850000,129.18960000,131.35066667,134.02600000,136.30950000,140.29111111,145.72540000,154.80950000,182.97695000,128.00363207,133.81302818,-5.80939611,-5.82231025,0.01291413,26.49798201,36.23291068,39.53545114,13.22881314,24.84674350,-10.00704756,130.47850000,143.59850365,117.35849635,453072633.63075221,470332754.54665601
2025-04-03,117.42000000,120.94000000,112.24000000,117.17000000,683637733.06035995,-0.25000000,-0.21291092,7.40929995,122.12400000,128.41000000,129.50266667,129.66000000,128.81600000,130.43000000,133.44000000,134.93700000,138.94977778,144.13320000,153.37050000,182.90595000,126.33691944,132.58021128,-6.24329184,-5.90650657,-0.33678527,26.19640296,36.06642245,39.46201494,13.76156465,21.15168388,-1.01867380,129.66000000,143.96482730,115.35517270,523871564.27952415,474868456.69975299
2025-04-04,117.17000000,124.00000000,113.25000000,122.79000000,677703415.89485002,5.62000000,4.79644960,9.17470342,121.71800000,126.32500000,129.18200000,129.00650000,128.99480000,129.64700000,132.71457143,133.80825000,137.91577778,142.70400000,151.81233333,182.86255000,125.79123953,131.85501045,-6.06377092,-5.93795944,-0.12581148,43.53290162,42.54115837,41.98961839,21.74287775,21.34874850,22.53113623,129.00650000,143.31291413,114.70008587,615781211.32017827,492064907.79470193
2025-04-05,122.80000000,122.85000000,117.15000000,120.32000000,213707959.93489999,-2.47000000,-2.01156446,4.64169381,120.87400000,124.62300000,128.63800000,128.71600000,128.79360000,128.88066667,132.04771429,133.27100000,136.83555556,141.12260000,150.37366667,182.80645000,124.94951037,131.00056523,-6.05105486,-5.96057852,-0.09047634,38.73423353,40.57118678,41.20070439,24.54125457,22.41291719,28.79792932,128.71600000,143.49644426,113.93555574,564914295.77350020,469716777.39947301
2025-04-06,120.33000000,121.13000000,103.81000000,105.91000000,547868774.14022005,-14.41000000,-11.97639628,14.39375052,116.72200000,121.37100000,127.13133333,127.61100000,127.96520000,127.76466667,129.96771429,132.31050000,135.27800000,139.35120000,148.87016667,182.66430000,122.02035493,129.14200484,-7.12164991,-6.19279280,-0.92885711,21.86268671,31.33593240,36.97196693,18.52133020,21.11572153,13.33254756,127.61100000,145.57521578,109.64678422,583972274.99788618,490378239.22237796
2025-04-07,105.90000000,113.00000000,95.26000000,106.99000000,1310680814.72602010,1.08000000,1.01973374,16.75165250,114.63600000,119.12100000,125.40800000,126.69400000,127.31000000,126.76400000,128.96285714,131.60225000,133.90133333,137.72560000,147.49433333,182.48480000,119.70799263,127.50111559,-7.79312296,-6.51285883,-1.28026413,24.80826821,32.59051851,37.47385963,21.89578302,21.37574202,22.93586500,126.69400000,146.88306364,106.50493636,686719739.55127025,569896186.59101105
2025-04-08,106.98000000,112.58000000,102.96000000,105.40000000,630835932.39868999,-1.59000000,-1.48612020,8.99233502,112.28200000,117.20300000,123.03400000,125.19750000,126.18440000,126.06033333,127.83742857,130.79525000,132.41977778,136.28300000,146.05116667,182.27850000,117.50676300,125.86399592,-8.35723292,-6.88173365,-1.47549927,23.25922871,31.66141688,37.02098100,22.85115693,21.86754699,24.81837681,125.19750000,147.05905277,103.33594723,676159379.41893625,600015471.84923005
2025-04-09,105.40000000,121.00000000,101.26000000,119.05000000,1033143449.36243999,13.65000000,12.95066414,18.72865275,111.53400000,116.62600000,121.39466667,124.77000000,125.51200000,126.08466667,127.05942857,130.06700000,131.33333333,135.27760000,144.71333333,182.12670000,117.74418407,125.35925548,-7.61507141,-7.02840120,-0.58667021,53.29952093,46.06228265,43.17312009,34.59918399,26.11142599,51.57469998,124.77000000,146.76770419,102.77229581,747247386.11245418,681514298.71631598
2025-04-10,119.05000000,119.30000000,108.21000000,112.81000000,632204181.15053999,-6.24000000,-5.24149517,9.31541369,110.03200000,115.45300000,119.75933333,123.98650000,124.97920000,125.66666667,126.18800000,129.29575000,130.68888889,134.15520000,143.25233333,181.96760000,116.98507883,124.42968100,-7.44460217,-7.11164139,-0.33296077,43.87733948,41.68191288,41.25091728,37.35183694,29.85822964,52.33905155,123.98650000,146.53712261,101.43587739,830946630.35558224,697930463.06454098
2025-04-11,112.80000000,122.65000000,112.16000000,121.41000000,514950895.34240001,8.60000000,7.62343764,9.29964539,113.13200000,114.92700000,118.62466667,123.63150000,124.71520000,125.49300000,125.67428571,127.86325000,130.17955556,133.06340000,141.93466667,181.85070000,117.66583593,124.20600093,-6.54016499,-6.99734611,0.45718112,56.57362870,48.97704772,44.78624994,55.23061456,38.31569128,89.06046112,123.63150000,146.10570067,101.15729933,824363054.59601820,704167664.79695201
2025-04-12,121.41000000,134.11000000,119.41000000,132.24000000,588559519.13812006,10.83000000,8.92018779,12.10773412,118.18200000,116.40900000,118.80800000,123.60150000,124.99160000,125.78866667,125.53800000,127.61525000,130.11111111,132.32940000,140.83933333,181.74825000,119.90801502,124.80111197,-4.89309695,-6.57649628,1.68339933,67.63721059,56.45947170,48.83236259,68.54928144,48.39355467,108.86073498,123.60150000,146.02549023,101.17750977,679938795.47843814,683329267.51485407
2025-04-13,132.24000000,133.96000000,125.32000000,128.38000000,525575877.83406001,-3.86000000,-2.91893527,6.53357532,122.77800000,117.53000000,119.06133333,122.97000000,124.71360000,125.61666667,125.59142857,127.20500000,129.90444444,131.45560000,139.69933333,181.65025000,121.21139733,125.06621479,-3.85481746,-6.03216052,2.17734306,60.99135929,53.41383632,47.53678686,74.11650937,56.96787290,108.41378232,122.97000000,143.99765197,101.94234803,658886784.56551218,667523081.99222398
2025-04-14,128.38000000,136.13000000,127.98000000,129.42000000,546940838.03531003,1.04000000,0.81009503,6.34834086,124.85200000,118.19300000,119.36800000,122.25900000,124.78640000,125.40200000,125.90857143,126.78350000,129.48755556,130.68520000,138.61883333,181.51960000,122.47425928,125.38871739,-2.91445812,-5.40862004,2.49416192,62.19243644,54.14094742,47.92521616,77.27170277,63.73581619,104.34347592,122.25900000,141.20220253,103.31579747,561646262.30008626,654446824.20626998
2025-04-15,129.41000000,134.45000000,125.82000000,126.11000000,446714548.40398002,-3.31000000,-2.55756452,6.66872730,127.51200000,118.77200000,119.47266667,121.69750000,124.69160000,125.40133333,125.93028571,126.35350000,129.09755556,130.37120000,137.39750000,181.36195000,123.03360400,125.44214574,-2.40854173,-4.80860438,2.40006264,55.64849492,51.35781677,46.77507887,76.67554836,68.04906025,93.92852458,121.69750000,139.38247057,104.01252943,524548335.75077420,677747483.05317807
2025-04-16,126.10000000,133.91000000,123.49000000,131.33000000,680727729.62111998,5.22000000,4.13924352,8.26328311,129.49600000,121.31400000,119.78333333,121.34250000,124.80440000,125.51200000,126.06485714,126.15200000,128.04466667,130.11120000,136.34500000,181.23485000,124.30997262,125.87828309,-1.56831047,-4.16054560,2.59223512,63.01344031,55.31010113,48.79719132,79.86189411,71.98667153,95.61233925,121.34250000,137.85972785,104.82527215,557703702.60651815,691033378.60126805
2025-04-17,131.33000000,136.20000000,129.50000000,134.83000000,508520833.35896999,3.50000000,2.66504226,5.10165233,130.01400000,124.09800000,120.94400000,121.60950000,124.88400000,125.82866667,126.39228571,126.09750000,127.88177778,130.10140000,135.45433333,181.11670000,125.92843837,126.54137323,-0.61293486,-3.45102345,2.83808859,67.37277394,57.81711920,50.12297232,85.26759359,76.41364555,102.97548967,121.60950000,138.83857271,104.38042729,541695965.45068824,610817380.46456301
2025-04-18,134.84000000,136.02000000,132.47000000,134.04000000,343312222.83749998,-0.79000000,-0.58592301,2.63274993,131.14600000,126.96200000,122.06866667,122.08250000,124.60520000,125.78566667,126.40657143,126.28575000,127.64288889,130.02860000,134.72950000,181.02445000,127.17637093,127.09682706,0.07954386,-2.74490999,2.82445385,65.28850764,57.02935872,49.81915202,87.60604846,80.14444652,102.52925234,122.08250000,140.15378210,104.01121790,505243234.45137614,582065009.50844407
2025-04-19,134.05000000,140.50000000,133.58000000,139.87000000,389745180.09417999,5.83000000,4.34944793,5.16225289,133.23600000,129.04400000,123.20733333,122.83500000,124.45440000,126.19466667,126.52114286,126.82450000,127.50044444,129.86240000,134.23866667,180.99815000,129.12923694,128.04298802,1.08624892,-1.97867821,3.06492712,72.75313357,61.27690240,52.05699737,90.99636352,83.76175219,105.46558619,122.83500000,142.56363001,103.10636999,473804102.86315024,517725182.58161801
2025-04-20,139.86000000,141.96000000,135.64000000,137.86000000,482908343.29459000,-2.01000000,-1.43704869,4.51880452,135.58600000,131.54900000,124.37666667,123.50100000,124.47520000,126.50733333,126.85628571,127.13725000,127.37933333,129.74640000,133.72083333,180.98655000,130.47243126,128.77017410,1.70225716,-1.24249113,2.94474829,66.80912665,59.08043010,51.23500131,87.93696962,85.15349133,93.50392620,123.50100000,144.34004220,102.66195780,481042861.84127218,502795598.79602301
2025-04-21,137.86000000,143.25000000,133.82000000,136.56000000,645692434.21612000,-1.30000000,-0.94298564,6.84027274,136.63200000,133.06400000,126.42000000,123.99550000,124.40040000,126.77566667,127.10057143,127.38575000,127.31644444,128.90340000,133.06350000,180.98525000,131.40898029,129.34719824,2.06178206,-0.58163649,2.64341855,62.82538383,57.62308866,50.69476418,80.67255465,83.65984577,74.69797240,123.99550000,145.60624925,102.38475075,474035802.76027220,515869752.68339503
2025-04-22,136.57000000,150.23000000,134.68000000,148.79000000,727917404.64024997,12.23000000,8.95577036,11.38610237,139.42400000,134.71900000,129.20666667,125.56400000,125.17240000,127.30733333,127.77085714,128.02125000,127.57822222,129.03600000,132.72766667,181.01300000,134.08298333,130.78740577,3.29557755,0.19380631,3.10177124,77.78182431,66.18386738,55.31964747,85.31997286,84.21322147,87.53347564,125.56400000,149.58457224,101.54342776,517915117.01652813,529805541.23360795
2025-04-23,148.78000000,154.21000000,147.13000000,151.10000000,724657996.32039011,2.31000000,1.55252369,4.75870413,142.83600000,136.99100000,132.25333333,127.26050000,126.23320000,127.64366667,128.22142857,128.46025000,128.12466667,129.16220000,132.37816667,181.05555000,136.70098589,132.29204238,4.40894351,1.03683375,3.37210975,79.63858713,67.53522547,56.13067871,86.83874926,85.08839740,90.33945300,127.26050000,153.47724152,101.04375848,594184271.71310616,549713753.08224094
2025-04-24,151.10000000,152.90000000,144.87000000,152.55000000,527261359.19678003,1.45000000,0.95962938,5.31436135,145.37200000,139.30400000,134.48666667,128.74850000,127.34240000,127.94066667,128.93428571,128.87750000,128.88533333,129.28760000,132.12166667,181.08590000,139.13929575,133.79263184,5.34666392,1.89879979,3.44786413,80.84440300,68.39995210,56.64613077,89.42461757,86.53380412,95.20624445,128.74850000,157.18142700,100.31557300,621687507.53362620,547745805.19838798
2025-04-25,152.55000000,157.00000000,149.87000000,150.82000000,647250679.34810996,-1.73000000,-1.13405441,4.67387742,147.96400000,141.77500000,137.02066667,130.27350000,128.39360000,128.39000000,129.57257143,129.49475000,129.45133333,129.43780000,132.27183333,181.12020000,140.93632718,135.05391837,5.88240881,2.69552159,3.18688722,74.52555845,66.10809393,55.82945020,85.45883595,86.17548140,84.02554506,130.27350000,160.04331111,100.50368889,654555974.74433017,567799418.29280102
2025-04-26,150.82000000,153.17000000,147.75000000,149.21000000,264884274.04214999,-1.61000000,-1.06749768,3.59368784,150.49400000,143.56300000,138.87400000,132.43850000,129.29520000,128.74933333,130.16400000,130.02475000,129.95333333,129.63420000,132.35316667,181.14880000,142.20919992,136.10251701,6.10668291,3.37775385,2.72892906,68.54268463,63.93325503,55.05859943,79.72021323,84.02372534,71.11318901,132.43850000,161.02231675,103.85468325,578394342.70953619,526215072.73490399
2025-04-27,149.22000000,150.41000000,145.51000000,147.98000000,237125168.08100000,-1.23000000,-0.82434153,3.28374213,150.33200000,144.87800000,139.92333333,134.48800000,130.51760000,129.36566667,130.59657143,130.59100000,130.50022222,129.85360000,132.56416667,181.19205000,143.09701532,136.98233056,6.11468475,3.92514003,2.18954472,63.84391054,62.22709494,54.45916650,73.64211198,80.56318756,59.79996083,134.48800000,161.20608896,107.76991104,480235895.39768618,499075506.20710695
2025-04-28,147.97000000,153.40000000,144.63000000,147.84000000,522023426.41479999,-0.14000000,-0.09460738,5.92687707,149.68000000,146.25800000,141.22066667,136.61000000,131.74440000,130.14100000,130.79171429,130.90375000,130.81800000,130.28020000,132.73350000,181.23610000,143.82670527,137.78660237,6.04010289,4.34813261,1.69197029,63.25166798,62.02157817,54.38883797,69.25579970,76.79405827,54.17928257,136.61000000,160.15357125,113.06642875,439708981.41656816,516946626.56483698
2025-04-29,147.84000000,150.39000000,145.00000000,146.31000000,369541045.06507999,-1.53000000,-1.03490260,3.64583333,148.43200000,146.90200000,142.34666667,137.97300000,132.68520000,130.85733333,130.86800000,131.37150000,131.05022222,130.84000000,132.70233333,181.24000000,144.20875061,138.41796516,5.79078545,4.63666318,1.15412228,56.39144838,59.67199800,53.59949087,64.13141896,72.57317850,47.24789987,137.97300000,160.36428035,115.58171965,408164918.59022820,514926213.06192702
2025-04-30,146.30000000,148.67000000,140.32000000,147.54000000,403132464.35529000,1.23000000,0.84068075,5.70745044,147.77600000,147.87000000,143.77533333,139.70950000,133.77400000,131.62400000,131.15942857,131.84800000,131.52600000,131.28380000,132.76700000,181.24570000,144.72125052,139.09367144,5.62757907,4.83484635,0.79273272,60.52206932,60.96876512,54.15760450,61.95977512,69.03537738,47.80857062,139.70950000,159.06515792,120.35384208,359341275.59166420,506948625.16799700
2025-05-01,147.54000000,153.99000000,147.54000000,150.85000000,458689825.21600997,3.31000000,2.24345940,4.37169581,148.10400000,149.29900000,145.07666667,141.18150000,135.57160000,132.43000000,131.51428571,132.40650000,132.03355556,131.76840000,132.30266667,181.26125000,145.66413505,139.96451060,5.69962446,5.00780198,0.69182248,69.76904434,64.33545713,55.65538128,62.34968222,66.80681232,53.43542201,141.18150000,159.10208772,123.26091228,398102385.82643616,488248364.26798600
2025-05-02,150.85000000,151.91000000,147.30000000,148.05000000,332262056.95998001,-2.80000000,-1.85614849,3.05601591,148.11800000,149.22500000,145.95800000,141.97200000,137.21400000,133.45100000,132.04457143,132.78675000,132.53844444,132.26200000,132.40083333,181.21355000,146.03119120,140.56343574,5.46775546,5.09979267,0.36796279,56.36673925,59.59197292,54.09528066,57.01409670,63.54257378,43.95714253,141.97200000,159.62466355,124.31933645,417129763.60223216,448682829.49995899
2025-05-03,148.04000000,149.05000000,145.82000000,146.71000000,207747277.73482999,-1.34000000,-0.90509963,2.18184275,147.89200000,148.78600000,146.80266667,142.88850000,138.86640000,134.43566667,132.67685714,132.92925000,132.79133333,132.52540000,132.43283333,181.17330000,146.13562332,141.01873679,5.11688653,5.10321144,0.01367508,50.76632137,57.38312120,53.34849190,50.77918197,59.28810984,33.76132622,142.88850000,159.43880771,126.33819229,354274533.86623818,396991757.64140302
2025-05-04,146.71000000,147.81000000,143.50000000,143.95000000,235442072.04032999,-2.76000000,-1.88126235,2.93776839,147.42000000,147.92600000,147.07466667,143.61500000,139.86240000,135.14100000,133.22342857,132.93700000,133.15466667,132.68720000,132.39400000,181.12165000,145.79937358,141.23586740,4.56350618,4.99527039,-0.43176421,40.75735845,52.97135277,51.81122271,42.70428761,53.76016910,20.59252464,143.61500000,158.90349240,128.32650760,327454739.26128817,367809828.92575800
2025-05-05,143.94000000,147.73000000,142.50000000,146.72000000,295411016.24422997,2.77000000,1.92427926,3.63345839,147.25600000,147.51600000,147.66533333,144.64550000,141.21880000,136.02100000,133.85714286,133.17150000,133.56000000,133.09900000,132.45083333,181.10275000,145.94100841,141.64209945,4.29890897,4.85599811,-0.55708914,52.12507900,56.62267806,53.22283606,44.07547484,50.53193768,31.16254917,144.64550000,157.56006049,131.73093951,305910449.63907617,332625862.61536998
2025-05-06,146.72000000,147.23000000,141.41000000,146.88000000,339458035.32269001,0.16000000,0.10905125,3.96673937,146.46200000,147.28300000,148.35333333,145.42300000,142.23760000,137.38666667,134.43457143,133.38275000,133.96822222,133.47640000,132.57566667,181.06245000,146.08546866,142.03009208,4.05537658,4.69587380,-0.64049722,52.75347056,56.83386157,53.30528047,45.37974841,48.81454126,38.51016271,145.42300000,156.73515667,134.11084333,282064091.66041219,340083238.74342400
2025-05-07,146.89000000,149.54000000,144.68000000,147.32000000,358909988.86087000,0.44000000,0.29956427,3.30859827,146.31600000,147.21700000,148.25533333,146.04750000,142.84080000,138.73100000,135.28885714,133.82850000,134.29000000,133.91620000,132.74750000,181.00010000,146.27539656,142.42193711,3.85345945,4.52739093,-0.67393148,54.71498163,57.45525190,53.54025473,47.32217317,48.31708523,45.33234904,146.04750000,156.21887547,135.87612453,287393678.04059017,352261720.82141101
2025-05-08,147.32000000,164.60000000,147.08000000,164.46000000,947386329.98643994,17.14000000,11.63453706,11.89247896,149.86600000,148.87900000,149.14600000,147.56850000,144.28400000,140.69966667,136.64000000,134.82550000,134.81111111,134.49880000,133.38000000,180.98540000,149.07302786,144.05438621,5.01864164,4.62564107,0.39300057,84.60064194,73.60324446,61.42970904,64.68924669,53.77447238,86.51879531,147.56850000,159.17604251,135.96095749,435321488.49091214,394798011.17857498
2025-05-09,164.46000000,176.15000000,161.07000000,172.78000000,1066435830.02627003,8.32000000,5.05898091,9.16940289,155.63200000,151.52600000,150.49466667,149.21400000,146.01840000,142.49066667,138.06828571,136.02450000,135.45866667,135.40240000,134.28766667,181.01845000,152.72025434,146.18220946,6.53804488,5.00812183,1.52992305,88.87664395,78.02082978,64.48451615,73.22595337,60.25829938,99.16126135,149.21400000,164.85598722,133.57201278,601520240.08810019,464487489.67469394
2025-05-10,172.77000000,178.98000000,168.72000000,177.89000000,576546707.44571996,5.11000000,2.95751823,5.93853099,161.86600000,154.56100000,152.29933333,151.21550000,148.08960000,144.66000000,139.71314286,137.35825000,136.35977778,136.39060000,135.16333333,181.06995000,156.59252290,148.53093468,8.06158822,5.61881511,2.44277311,90.76632565,80.23686367,66.20015760,81.18355191,67.23338356,109.08388863,151.21550000,170.54897517,131.88202483,657747378.32839811,481828913.98373699
2025-05-11,177.89000000,180.26000000,169.35000000,173.19000000,560754526.12960005,-4.70000000,-2.64208219,6.13300354,167.12800000,156.79500000,153.89800000,153.04700000,149.76400000,146.38600000,141.63542857,138.52125000,137.13222222,137.28420000,135.93950000,181.08165000,159.14598092,150.35753211,8.78844880,6.25274185,2.53570695,76.43452959,72.86542702,63.26692898,81.38963521,71.95213411,100.26463741,153.04700000,173.44554288,132.64845712,702006676.48978019,492035384.07509595
2025-05-12,173.20000000,181.46000000,168.31000000,174.22000000,1096750784.26202011,1.03000000,0.59472256,7.59237875,172.50800000,159.41200000,155.64733333,154.31850000,151.33960000,147.78533333,143.55628571,139.94125000,138.12622222,138.11180000,136.78700000,181.06680000,161.46506078,152.12512233,9.33993845,6.87018117,2.46975728,77.37404394,73.44859494,63.63538752,81.56728906,75.15718576,94.38749566,154.31850000,176.67596551,131.96103449,849574835.57001019,568484256.80530000
2025-05-13,174.22000000,184.83000000,166.18000000,183.75000000,805977156.69272006,9.53000000,5.47009528,10.70485593,176.36600000,163.11600000,158.04133333,155.95100000,153.32800000,149.63100000,145.79485714,141.60575000,139.44111111,138.96660000,137.62383333,181.16105000,164.89351296,154.46770586,10.42580711,7.58130636,2.84450075,84.31643433,78.18160721,66.84612478,86.88241503,79.06559551,102.51605406,155.95100000,181.81245508,130.08954492,821293000.91126621,628307244.70108902
2025-05-14,183.75000000,184.88000000,173.23000000,176.64000000,650301806.43097997,-7.11000000,-3.86938776,6.34013605,177.13800000,166.38500000,160.06333333,157.15550000,154.79880000,151.20500000,147.44028571,142.95200000,140.59266667,139.62660000,138.30350000,181.18985000,166.70066482,156.11009802,10.59056680,8.18315845,2.40740835,66.14605525,68.27595319,62.54688567,84.93640950,81.02253351,92.76416148,157.15550000,184.54863051,129.76236949,738066196.19220817,669793218.14015400
2025-05-15,176.63000000,178.33000000,166.70000000,169.16000000,607575969.68482006,-7.48000000,-4.23460145,6.58438544,175.39200000,168.62900000,161.50466667,158.07250000,156.05080000,152.64000000,149.05028571,144.17300000,141.58422222,140.26300000,139.02066667,181.15250000,167.07902408,157.07675742,10.00226665,8.54698009,1.45528657,51.99915516,59.60822457,58.42204194,76.92278046,79.65594916,71.45644306,158.07250000,185.79850442,130.34649558,744272048.64002824,701009713.48421311
2025-05-16,169.16000000,174.21000000,166.36000000,167.40000000,473923633.57257998,-1.76000000,-1.04043509,4.64057697,174.23400000,170.68100000,162.60800000,158.98200000,157.28440000,153.84233333,150.36428571,145.71025000,142.48933333,140.84240000,139.67716667,181.09805000,167.12840499,157.84144206,9.28696293,8.69497665,0.59198627,49.03786343,57.72710273,57.49115420,69.20072489,76.17087440,55.26042587,158.98200000,186.67729057,131.28670943,726905870.12862420,714456273.30920196
2025-05-17,167.40000000,169.99000000,164.01000000,165.94000000,377239175.69117999,-1.46000000,-0.87216249,3.57228196,172.57800000,172.54300000,163.80066667,159.88000000,157.97040000,154.87933333,151.32714286,147.18400000,143.56755556,141.57140000,140.35400000,181.03065000,166.94557345,158.44133524,8.50423821,8.65682897,-0.15259076,46.40704856,56.12426286,56.70899328,52.95168024,68.43114302,21.99275468,159.88000000,187.23586149,132.52413851,583003548.41445613,716289191.99223304
2025-05-18,165.94000000,176.77000000,164.54000000,173.30000000,544510554.62809002,7.36000000,4.43533807,7.37013378,170.48800000,173.42700000,165.57333333,161.15300000,158.85840000,156.18800000,152.61057143,148.88150000,144.81488889,142.54580000,140.98683333,181.02280000,167.92317753,159.54197707,8.38120046,8.60170327,-0.22050280,59.53836760,61.93637566,59.60022186,50.13900548,62.33376384,25.74948877,161.15300000,188.51934206,133.78665794,530710228.00153029,676001614.45639801
2025-05-19,173.30000000,173.94000000,159.44000000,166.86000000,670683465.64663994,-6.44000000,-3.71609925,8.36699365,168.53200000,172.83500000,167.10066667,162.18050000,159.43080000,157.08766667,153.68028571,150.07675000,145.79422222,143.38660000,141.64116667,181.01365000,167.75961176,160.08405285,7.67555891,8.41647440,-0.74091548,47.35525726,54.98386751,56.17477270,43.14822588,55.93858452,17.56750859,162.18050000,188.73132235,135.62967765,534786559.84466219,636426378.01843512
2025-05-20,166.87000000,173.11000000,164.51000000,168.59000000,526700156.84318000,1.73000000,1.03679732,5.15371247,168.41800000,171.90500000,168.55866667,163.23300000,160.14160000,158.11200000,154.89400000,151.47125000,146.86688889,144.26760000,142.30966667,181.02610000,167.88736380,160.71412301,7.17324079,8.16782767,-0.99458688,50.61299012,56.41756014,56.86963134,40.75447763,50.87721555,20.50900178,163.23300000,188.99742517,137.46857483,518611397.27633417,631441722.95818102
2025-05-21,168.59000000,175.99000000,165.51000000,173.53000000,749188809.37931013,4.94000000,2.93018566,6.21626431,169.64400000,171.93900000,170.33533333,164.36700000,161.11440000,159.34433333,156.09971429,152.77425000,148.36955556,145.20480000,143.06000000,181.06290000,168.75546167,161.66344723,7.09201445,7.95266503,-0.86065058,59.25306489,60.35114012,58.81531523,45.63139179,49.12860763,38.63696011,164.36700000,189.83130740,138.90269260,573664432.43768024,650285151.28315198
2025-05-22,173.54000000,180.87000000,172.59000000,179.68000000,640424778.41729999,6.15000000,3.54405578,4.77123430,172.39200000,172.48500000,172.49266667,165.94850000,162.38240000,160.37400000,157.38114286,153.96025000,149.98488889,146.45000000,143.84066667,181.14865000,170.43615988,162.99800669,7.43815319,7.84976266,-0.41160947,67.69595424,64.68053580,61.09525442,56.94084401,51.73268642,67.35715917,165.94850000,191.07247745,140.82452255,626301552.98290420,604652550.69868004
2025-05-23,179.68000000,187.71000000,173.23000000,174.01000000,1104030043.56186008,-5.67000000,-3.15560997,8.05877115,172.53400000,171.51100000,173.12933333,167.31350000,163.42920000,161.13766667,158.52314286,155.10100000,151.50955556,147.58680000,144.39066667,181.22895000,170.98598144,163.81370990,7.17227154,7.71426444,-0.54199290,55.07150870,58.28004924,58.00601278,55.14014055,52.86850447,59.68341272,167.31350000,190.95944571,143.66755429,738205450.76965833,634457839.38559401
2025-05-24,174.00000000,178.33000000,172.50000000,175.87000000,407150995.30293000,1.86000000,1.06890409,3.35057471,174.33600000,171.43400000,173.33533333,168.90950000,164.61160000,161.91500000,159.55171429,156.26225000,152.77222222,148.64840000,144.92783333,181.27520000,171.73736891,164.70676843,7.03060048,7.57753164,-0.54693116,58.14418317,59.70693160,58.72049621,56.13280918,53.95660604,60.48521547,168.90950000,190.09682141,147.72217859,685498956.70091629,610142758.27278900
2025-05-25,175.87000000,176.88000000,169.14000000,175.74000000,435707799.23409998,-0.13000000,-0.07391824,4.40097800,175.76600000,172.09200000,173.19200000,170.36050000,165.73960000,162.74566667,160.63400000,157.50300000,154.17066667,149.75680000,145.56783333,181.22095000,172.35315831,165.52404484,6.82911347,7.42784801,-0.59873454,57.81257237,59.55163675,58.64772325,56.64130446,54.85150551,60.22090235,170.36050000,188.96701326,151.75398674,667300485.17910028,592955941.22771704
2025-05-26,175.75000000,179.02000000,173.48000000,174.91000000,391142612.45651001,-0.83000000,-0.47228861,3.15220484,176.04200000,172.84300000,173.30666667,171.76200000,166.70200000,163.60233333,161.72971429,158.59250000,155.35955556,151.13680000,146.17583333,181.11375000,172.74651857,166.21930078,6.52721779,7.24772197,-0.72050418,55.39217434,58.49201184,58.16746088,56.00164313,55.23488472,57.53515996,171.76200000,186.80258454,156.72141546,595691245.79454017,584677839.11610997
2025-05-27,174.92000000,179.41000000,171.24000000,176.71000000,452738959.54561001,1.80000000,1.02910068,4.67070661,175.44800000,173.92000000,173.47266667,173.23150000,167.84840000,164.56000000,162.52742857,159.63950000,156.34777778,152.53120000,146.96283333,180.99805000,173.35628494,166.99638961,6.35989533,7.07015664,-0.71026131,59.77483631,60.16875044,58.92856676,57.69759348,56.05578764,60.98120515,173.23150000,183.05546484,163.40753516,558154082.02020216,592227817.50155306
2025-05-28,176.72000000,177.45000000,168.92000000,172.21000000,437379320.47623003,-4.50000000,-2.54654519,4.82684473,175.08800000,173.81100000,172.70333333,173.61900000,168.86840000,165.37233333,163.13057143,160.59375000,157.32177778,153.86740000,147.75666667,180.85965000,173.17993341,167.38258297,5.79735044,6.81559540,-1.01824496,46.16722377,54.19779456,56.25838089,49.52828071,53.87995199,40.82493814,173.61900000,182.55767976,164.68032024,424823937.40307617,581514694.08636689
2025-05-29,172.22000000,175.34000000,165.96000000,166.71000000,450903344.10681999,-5.50000000,-3.19377504,5.44652189,173.25600000,173.79600000,172.04133333,173.31550000,169.77880000,166.05233333,163.53514286,161.26475000,158.15044444,154.82060000,148.45483333,180.64285000,172.18455904,167.33276201,4.85179703,6.42283573,-1.57103869,34.61113634,47.86455866,53.18485299,34.82065561,47.52685320,9.40826042,173.31550000,182.77135973,163.85964027,433574407.16385424,559536681.93238497
2025-05-30,166.71000000,167.51000000,155.22000000,156.20000000,609076479.51084006,-10.51000000,-6.30436087,7.37208326,169.34800000,172.55700000,171.17733333,172.23100000,170.15800000,166.34100000,163.68885714,161.72325000,158.81911111,155.68840000,148.98250000,180.31320000,169.72539611,166.50811297,3.21728314,5.78172521,-2.56444207,21.98953649,38.48878976,47.96023366,24.21920798,39.75763812,-6.85765232,172.23100000,184.13592671,160.32607329,468248143.21920222,567774314.19915104
2025-05-31,156.20000000,158.01000000,152.14000000,156.45000000,364885611.94148999,0.25000000,0.16005122,3.75800256,165.65600000,170.84900000,170.44733333,171.39400000,170.54080000,166.52766667,163.89571429,162.22050000,159.37733333,156.38920000,149.47883333,180.03725000,167.68302748,165.76306757,1.91995991,5.00937215,-3.08941224,22.79319705,38.79986901,48.08681366,20.18512281,33.23346635,-5.91156427,171.39400000,185.21475845,157.57324155,462996743.11619818,529343994.45536900
2025-06-01,156.45000000,157.92000000,150.59000000,157.68000000,315215977.43484002,1.23000000,0.78619367,4.68520294,161.85000000,168.64900000,169.89666667,170.56700000,170.95520000,166.84866667,164.17285714,162.44275000,159.88511111,156.89800000,150.14983333,179.75000000,166.14410017,165.16432182,0.97977835,4.20345339,-3.22367504,27.21988478,40.41717256,48.72708819,21.65707239,29.37466837,6.22188044,170.56700000,185.60185368,155.53214632,435492146.69404423,496823114.35712302
2025-06-02,157.68000000,158.93000000,151.67000000,156.83000000,386842477.22604001,-0.85000000,-0.53906646,4.60426180,158.77400000,166.93100000,168.79866667,169.22100000,170.65000000,167.18600000,164.42971429,162.58600000,160.39155556,157.46700000,150.81083333,179.48630000,164.71116169,164.54696465,0.16419704,3.39560212,-3.23140508,25.98441719,39.62769396,48.29754110,21.65525853,26.80153175,11.36271208,169.22100000,184.10583354,154.33616646,425384778.04400617,425104357.72354102
2025-06-03,156.83000000,163.64000000,154.14000000,155.19000000,455003937.65741998,-1.64000000,-1.04571829,6.05751451,156.47000000,164.86300000,168.02066667,168.14850000,169.94640000,167.56066667,164.68342857,162.65200000,160.73200000,157.98240000,151.35083333,179.17000000,163.24636758,163.85385616,-0.60748858,2.59498398,-3.20247256,23.51344680,38.06278707,47.45530582,19.75721839,24.45342730,10.36480056,168.14850000,183.85115854,152.44584146,426204896.75412619,429889651.95898998
2025-06-04,155.19000000,157.97000000,152.94000000,153.26000000,310274443.07950997,-1.93000000,-1.24363683,3.24118822,155.88200000,162.61500000,166.99866667,167.35350000,168.96120000,167.77866667,164.84685714,162.71300000,161.07422222,158.52540000,151.89983333,178.85775000,161.71000334,163.06912607,-1.35912273,1.80416264,-3.16328537,20.72962907,36.22618799,46.46038600,16.25961217,21.72215559,5.33452532,167.35350000,184.39356335,150.31343665,366444489.46786016,417346316.34353101
2025-06-05,153.27000000,154.61000000,141.53000000,144.29000000,634979837.84159994,-8.97000000,-5.85279916,8.53395968,153.45000000,159.55300000,165.04933333,166.19800000,167.80520000,167.69233333,164.65942857,162.59000000,161.24600000,158.78460000,152.53950000,178.39185000,159.03000282,161.67807970,-2.64807687,0.91371474,-3.56179161,12.48547670,29.10562410,42.17242861,13.40098866,18.94843328,2.30609942,166.19800000,186.11597453,146.28002547,420463334.64788216,441730038.88204002
2025-06-06,144.28000000,152.39000000,144.11000000,147.83000000,322608804.01359999,3.54000000,2.45339247,5.73884114,151.48000000,156.66500000,162.92600000,165.29250000,166.74960000,167.70933333,164.65314286,162.58625000,161.22466667,159.04460000,153.22016667,177.93205000,157.30692547,160.65229601,-3.34537055,0.06189768,-3.40726823,26.35575992,34.63688181,44.28979788,15.14517256,17.68067971,10.07415828,165.29250000,186.83983040,143.74516960,421941899.96363419,428717023.32883900
2025-06-07,147.82000000,152.84000000,146.84000000,150.06000000,212333839.77254000,2.23000000,1.50848948,4.05899066,150.12600000,154.45000000,161.32933333,164.13050000,165.40200000,167.22933333,164.74885714,162.64175000,161.20155556,159.36500000,153.96450000,177.49420000,156.19201386,159.86768149,-3.67566764,-0.68561538,-2.99005225,34.23497627,37.96311181,45.59913790,21.04109785,18.80081909,25.52165537,164.13050000,186.35551907,141.90548093,387040172.47293419,406212475.25847000
2025-06-08,150.07000000,155.30000000,147.88000000,152.45000000,236874131.83445001,2.39000000,1.59269625,4.94435930,149.57800000,153.02400000,159.76800000,163.41000000,164.43440000,166.55166667,164.99171429,162.79525000,161.19933333,159.61660000,154.52116667,177.07905000,155.61631942,159.31822361,-3.70190419,-1.28887315,-2.41303104,42.18967821,41.44689443,46.99239834,30.49053742,22.69739186,46.07682852,163.41000000,186.18982025,140.63017975,343414211.30834019,384809554.03123301
2025-06-09,152.45000000,161.73000000,149.58000000,161.16000000,478105971.72299999,8.71000000,5.71334864,7.96982617,151.15800000,153.52000000,158.79600000,163.03850000,164.11440000,165.99400000,165.40428571,163.13575000,161.42911111,160.08260000,155.32700000,176.60300000,156.46919335,159.45465149,-2.98545813,-1.62819014,-1.35726799,62.19000375,52.13353520,51.69681670,49.92147693,31.77208689,86.22025701,163.03850000,185.70468560,140.37231440,376980517.03703821,371712503.25244898
2025-06-10,161.16000000,165.67000000,156.32000000,165.12000000,578045039.31201994,3.96000000,2.45718541,5.80168776,155.32400000,154.38700000,158.14333333,162.61800000,164.02320000,165.72500000,165.92542857,163.49250000,161.78266667,160.65380000,156.05550000,176.14410000,157.80008668,159.87430693,-2.07422025,-1.71739616,-0.35682409,68.19351852,56.10685539,53.64842524,65.85485924,43.13301100,111.29855571,162.61800000,184.77089227,140.46510773,365593557.33112222,393028445.98950201
2025-06-11,165.12000000,168.36000000,159.21000000,160.97000000,663220131.68288004,-4.15000000,-2.51332364,5.54142442,157.95200000,154.71600000,157.09400000,161.68250000,163.82440000,165.28333333,166.31542857,163.81550000,162.07133333,160.89740000,156.53433333,175.67450000,158.28776565,159.95546938,-1.66770373,-1.70745768,0.03975395,56.84312211,51.24384302,51.37838416,68.05530807,51.44044336,101.28503750,161.68250000,182.33076423,141.03423577,433715822.86497819,427828861.41430598
2025-06-12,160.98000000,161.28000000,152.02000000,152.32000000,454850637.40676999,-8.65000000,-5.37367211,5.75226736,158.40400000,154.26500000,155.76800000,160.59800000,162.98520000,164.23566667,165.96857143,163.95575000,162.17088889,160.92180000,156.93333333,175.17245000,157.36964786,159.38987906,-2.02023120,-1.77001238,-0.25021881,40.13465191,42.80731090,47.04852138,58.77559736,53.88549469,68.55580268,160.59800000,180.79353218,140.40246782,482219182.39182413,434629677.43237895
2025-06-13,152.32000000,152.59000000,140.21000000,148.60000000,775171113.32775998,-3.72000000,-2.44222689,8.12762605,157.63400000,153.60600000,154.56066667,159.23450000,162.25480000,163.30100000,165.27771429,164.07200000,162.22177778,160.84280000,157.25300000,174.74455000,156.02047127,158.59062876,-2.57015749,-1.93004140,-0.64011609,34.84838065,39.73798170,45.33405681,49.11860428,52.29653122,42.76275039,159.23450000,178.75975002,139.70924998,589878578.69048619,466646394.99941301
2025-06-14,148.60000000,148.70000000,141.97000000,144.64000000,244007516.51517001,-3.96000000,-2.66487214,4.52893674,154.33000000,152.74400000,153.79000000,157.67950000,161.29680000,162.48366667,164.32771429,164.02000000,162.15733333,160.71920000,157.56183333,174.31430000,154.26962953,157.55724885,-3.28761931,-2.20155698,-1.08606233,29.82947485,36.68350280,43.57041696,37.99144370,47.52816871,18.91799368,157.67950000,176.61471084,138.74428916,543058887.64892030,460019702.34297907
2025-06-15,144.65000000,153.54000000,144.22000000,152.97000000,422563512.67885000,8.33000000,5.75912611,6.44313861,151.90000000,153.61200000,153.55800000,156.58250000,160.47440000,162.00266667,163.75000000,164.17225000,162.20444444,160.79440000,157.92250000,173.86935000,154.06968653,157.21745264,-3.14776611,-2.39079881,-0.75696730,48.53814571,46.17721137,48.00996396,40.43716140,45.16449961,30.98248499,156.58250000,173.77672532,139.38827468,511962582.32228625,438778069.82670403
2025-06-16,152.97000000,158.80000000,150.30000000,150.72000000,556278400.06253004,-2.25000000,-1.47087664,5.55664509,149.85000000,153.90100000,153.09400000,155.28300000,159.31600000,161.49533333,163.07857143,164.25725000,162.26377778,160.84920000,158.18733333,173.43500000,153.55435014,156.73615985,-3.18180971,-2.54900099,-0.63280872,44.67720636,44.22333714,46.96846438,39.40334147,43.24411356,31.72179728,155.28300000,169.79089419,140.77510581,490574235.99821627,462145029.43159693
2025-06-17,150.73000000,154.33000000,145.61000000,147.57000000,508658147.22473001,-3.15000000,-2.08996815,5.78517880,148.90000000,153.65200000,152.47666667,154.05100000,158.25840000,160.63766667,162.04485714,163.83500000,162.28288889,160.84380000,158.41283333,172.95620000,152.63368089,156.05718505,-3.42350416,-2.72390162,-0.69960254,39.41058644,41.53897401,45.52569876,34.98411042,40.49077918,23.97077289,154.05100000,166.55266961,141.54933039,501335737.96180820,491777460.17681599
2025-06-18,147.58000000,149.28000000,143.65000000,146.34000000,409856193.71815002,-1.23000000,-0.83350274,3.81488007,148.44800000,153.04100000,151.88666667,153.03250000,157.07720000,159.95366667,161.17914286,163.17400000,162.33600000,160.84440000,158.52066667,172.49990000,151.66542229,155.33739356,-3.67197127,-2.91351555,-0.75845572,37.34765358,40.49198544,44.96294023,30.58147326,37.18767721,17.36906536,153.03250000,164.46512345,141.59987655,428272754.03988618,509075666.36518604
2025-06-19,146.35000000,147.90000000,142.92000000,147.04000000,332397675.29724002,0.70000000,0.47833812,3.40280150,148.92800000,151.62900000,151.47200000,152.57450000,155.92920000,159.23533333,160.54714286,162.40275000,162.34311111,160.83440000,158.67366667,172.05110000,150.95381886,154.72277182,-3.76895296,-3.08460303,-0.68434992,39.51002251,41.40883857,45.36401063,28.47527465,34.28354302,16.85873791,152.57450000,164.20503961,140.94396039,445950785.79630023,494504836.72261000
2025-06-20,147.04000000,148.81000000,135.69000000,140.11000000,483166807.07630998,-6.93000000,-4.71300326,8.92274211,146.35600000,149.12800000,151.19333333,151.75750000,154.53720000,158.12133333,159.76742857,161.57575000,162.19266667,160.61960000,158.73283333,171.62305000,149.28553904,153.64034427,-4.35480524,-3.33864347,-1.01616176,28.02082282,35.50146607,42.18806136,24.74097377,31.10268661,12.01754811,151.75750000,164.48562365,139.02937635,458071444.67579222,485017013.49903899
2025-06-21,140.11000000,142.60000000,130.90000000,135.43000000,390271799.64797997,-4.68000000,-3.34023267,8.35058169,143.29800000,146.57400000,150.36666667,150.64500000,152.88600000,156.64633333,158.89571429,160.60600000,161.92844444,160.36720000,158.51016667,171.13060000,147.15391765,152.29142988,-5.13751224,-3.69841723,-1.43909501,22.67690126,32.12511796,40.20455586,21.90616890,28.03718070,9.64414528,150.64500000,164.98142765,136.30857235,424870124.59288222,457722180.29554904
2025-06-22,135.43000000,137.62000000,126.00000000,131.71000000,557857427.53673995,-3.72000000,-2.74680647,8.58007827,140.12600000,144.51300000,149.14333333,149.38900000,151.26600000,155.23633333,157.70742857,159.30500000,161.20066667,160.06720000,158.18700000,170.64340000,144.77793032,150.76687952,-5.98894921,-4.15652362,-1.83242558,19.18665011,29.67765484,38.69556863,20.40695813,25.49377318,10.23332802,149.38900000,165.70826069,133.06973931,434709980.65528411,468022859.30854595
2025-06-23,131.71000000,146.92000000,130.68000000,144.51000000,627079580.57708001,12.80000000,9.71832055,12.33011920,139.76000000,144.10400000,148.61400000,148.85500000,150.37800000,154.19100000,157.06885714,158.50175000,160.57244444,160.07840000,158.05300000,170.18675000,144.73671027,150.30340696,-5.56669670,-4.43855824,-1.12813846,50.58823699,45.31590190,45.97585752,32.41561436,27.80105357,41.64473594,148.85500000,165.07364879,132.63635121,478154658.02707016,453213706.03347796
2025-06-24,144.51000000,146.77000000,142.31000000,145.92000000,395980461.45042002,1.41000000,0.97571102,3.08629161,139.53600000,144.23200000,147.59800000,148.48800000,149.96680000,153.19700000,156.42114286,157.92075000,159.86200000,160.06240000,157.97133333,169.73200000,144.91875484,149.97871015,-5.05995531,-4.56283765,-0.49711766,53.00223062,46.73921355,46.70338420,41.85431201,32.48547305,60.59198993,148.48800000,164.61889954,132.35710046,490871215.25770617,468411000.52700299
2025-06-25,145.93000000,147.95000000,142.25000000,143.57000000,324533547.19572002,-2.35000000,-1.61047149,3.90598232,140.22800000,143.29200000,146.16133333,148.45200000,149.45160000,152.15233333,155.56514286,157.32500000,159.20377778,159.99620000,157.87733333,169.25915000,144.71125410,149.50399088,-4.79273679,-4.60881748,-0.18391931,48.28439742,44.62729658,45.63460620,48.57589503,37.84894704,70.02979100,148.45200000,164.62550478,132.27849522,459144563.28158820,458608003.97868997
2025-06-26,143.57000000,148.00000000,138.62000000,139.06000000,360989062.59112000,-4.51000000,-3.14132479,6.53339834,140.95400000,142.12600000,144.70066667,148.01350000,148.70680000,150.89733333,154.40457143,156.65300000,158.42244444,159.83100000,157.72866667,168.76935000,143.84183039,148.73036193,-4.88853154,-4.66476029,-0.22377125,40.07028265,40.77040278,43.63490426,51.08381547,42.26056985,68.73030671,148.01350000,164.72462365,131.30237635,453288015.87021619,439079070.23154896
2025-06-27,139.05000000,144.85000000,137.14000000,142.09000000,349943506.06527001,3.03000000,2.17891558,5.54476807,143.03000000,141.57800000,144.01866667,147.61500000,148.11720000,149.89333333,153.49257143,155.87275000,157.49666667,159.38360000,157.63283333,168.39665000,143.57231802,148.23848327,-4.66616524,-4.66504128,-0.00112396,47.29839838,44.29863825,45.31482976,57.56895604,47.36336525,77.98013762,147.61500000,164.49985151,130.73014849,411705231.57592219,423207606.11560297
2025-06-28,142.09000000,152.70000000,141.13000000,150.72000000,391373737.69054002,8.63000000,6.07361531,8.14272644,144.27200000,142.01600000,144.16000000,147.52850000,147.93840000,149.36033333,152.77400000,155.46925000,156.92066667,158.94240000,157.70633333,168.08225000,144.67196140,148.42229932,-3.75033792,-4.48210061,0.73176269,62.68181481,52.99807536,49.76463410,69.24072725,54.65581925,98.41054325,147.52850000,164.32656164,130.73043836,364564062.99861419,421359360.51284200
2025-06-29,150.73000000,154.77000000,149.36000000,153.32000000,325934665.45081002,2.60000000,1.72505308,3.58919923,145.75200000,142.64400000,144.73866667,147.13650000,147.94080000,149.26433333,152.13342857,155.08750000,156.56866667,158.45100000,157.80266667,167.71240000,146.00242888,148.78509196,-2.78266308,-4.14221310,1.35955002,66.24405391,55.29291733,51.01765096,77.81382743,62.37515531,108.69117168,147.13650000,162.93110971,131.34189029,350554903.79869223,420713059.52819902
2025-06-30,153.32000000,159.99000000,149.45000000,154.81000000,598342659.37994003,1.49000000,0.97182364,6.87451083,148.00000000,144.11400000,144.86133333,146.62100000,148.36160000,149.20966667,151.55914286,154.61950000,156.28888889,158.08340000,157.86866667,167.35165000,147.35743982,149.23138145,-1.87394163,-3.68855881,1.81461718,68.32343818,56.61712753,51.73751968,80.12929282,68.29320115,103.80147617,146.62100000,160.50125921,132.74074079,405316726.23553622,432230644.75856197
2025-07-01,154.82000000,155.64000000,144.85000000,146.88000000,413588502.76090002,-7.93000000,-5.12240811,6.96938380,149.56400000,145.25900000,144.60533333,145.91650000,148.32360000,148.84966667,150.70685714,153.79950000,155.86533333,157.53660000,157.84916667,166.96210000,147.28398754,149.05720504,-1.77321750,-3.30549055,1.53227304,49.03303165,48.30931062,47.83346522,71.84327471,69.47655900,76.57670612,145.91650000,158.05074432,133.78225568,415836614.26949221,434562315.06985396
2025-07-02,146.87000000,154.47000000,145.85000000,152.27000000,399566857.59118998,5.39000000,3.66966231,5.86913597,151.60000000,147.31500000,144.91866667,145.91400000,148.41200000,148.69766667,150.13714286,153.25600000,155.39800000,156.90700000,157.94183333,166.62380000,148.05106638,149.29518986,-1.24412347,-2.89321713,1.64909366,58.57309002,53.38156382,50.48354409,69.96699714,69.64003838,70.62091467,145.91400000,158.04270870,133.78529130,425761284.57467622,418733258.07529896
2025-07-03,152.28000000,156.35000000,149.86000000,152.36000000,411857243.43208998,0.09000000,0.05910554,4.26188600,151.92800000,148.10000000,145.32000000,146.10200000,148.40840000,148.60333333,149.72714286,152.66825000,155.07577778,156.42140000,158.08200000,166.26425000,148.71397925,149.52221283,-0.80823358,-2.47622042,1.66798684,58.72788396,53.46474269,50.52733352,68.84743646,69.37583774,67.79063390,146.10200000,158.51914367,133.68485633,429857985.72298622,397211024.36080003
2025-07-04,152.35000000,153.88000000,145.22000000,147.70000000,344301514.30936998,-4.66000000,-3.05854555,5.68427962,150.80400000,148.27800000,145.36400000,146.25500000,147.87000000,148.41800000,149.48428571,151.96725000,154.61155556,155.99220000,158.09833333,165.92180000,148.55798244,149.38723410,-0.82925166,-2.14682667,1.31757501,47.66236767,48.56973861,48.22322571,61.30310498,66.68492682,50.53946129,146.25500000,158.67170267,133.83829733,433531355.49469817,392043129.64669502
2025-07-05,147.69000000,148.70000000,145.90000000,147.55000000,173152977.64954001,-0.15000000,-0.10155721,1.89586296,149.35200000,148.67600000,145.86000000,145.98400000,147.16720000,148.52666667,149.23000000,151.28325000,154.03422222,155.59520000,158.10950000,165.54380000,148.40290822,149.25114269,-0.84823447,-1.88710823,1.03887376,47.31798589,48.41408785,48.14947661,56.05473228,63.14152864,41.88113955,145.98400000,158.01418904,133.95381096,348493419.14861816,376905072.69207704
2025-07-06,147.55000000,153.89000000,146.78000000,151.86000000,374754049.20112997,4.31000000,2.92104371,4.81870552,150.34800000,149.95600000,146.95533333,146.04100000,146.80280000,148.66100000,149.06371429,150.66200000,153.41600000,155.31360000,158.18516667,165.27045000,148.93476849,149.44439138,-0.50962288,-1.61161116,1.10198828,57.82514697,53.12299273,50.42275330,56.33411986,60.87239238,47.25757481,146.04100000,158.17601745,133.90598255,340726528.43666422,378281571.35307801
2025-07-07,151.86000000,153.60000000,147.70000000,148.88000000,327954661.16229999,-2.98000000,-1.96233373,3.88515738,149.67000000,150.63500000,148.10000000,146.10650000,146.66520000,148.62166667,148.83657143,150.07875000,152.85755556,154.82520000,157.92550000,165.04580000,148.92634257,149.40258461,-0.47624204,-1.38453734,0.90829530,49.61491364,49.70098229,48.87670356,46.42882319,56.05786932,27.17073094,146.10650000,158.29031027,133.92268973,326404089.15088618,376082686.86278105
2025-07-08,148.89000000,152.88000000,147.85000000,151.67000000,408864092.13441002,2.79000000,1.87399248,3.37833300,149.53200000,150.73000000,148.57733333,146.37300000,146.78800000,148.59566667,148.73600000,149.70275000,152.31977778,154.52140000,157.57366667,164.83175000,149.34844371,149.57054130,-0.22209759,-1.15204939,0.92995180,56.54650088,52.80598661,50.36355946,45.96796051,52.69456638,32.51474876,146.37300000,158.80887696,133.93712304,325805458.89135015,377831722.30716801
2025-07-09,151.68000000,157.93000000,150.53000000,157.05000000,448417630.22509998,5.38000000,3.54717479,4.87869198,151.40200000,151.10300000,149.31933333,146.87350000,147.28440000,148.45866667,148.84428571,149.72400000,151.90444444,154.29060000,157.22633333,164.70975000,150.53329853,150.12457528,0.40872325,-0.83989486,1.24861811,67.03920970,58.23014437,53.10773996,61.73603076,55.70838784,73.79131659,146.87350000,160.19649836,133.55050164,346628682.07449615,390080018.78459704
2025-07-10,157.06000000,165.43000000,155.64000000,164.34000000,547305235.76647997,7.29000000,4.64183381,6.23328664,154.76000000,152.05600000,150.70400000,148.08500000,147.73920000,148.43266667,149.41714286,149.92125000,151.66955556,154.10680000,157.07883333,164.62885000,152.65740645,151.17756970,1.47983674,-0.37594854,1.85578528,76.33207359,64.29604799,56.50754943,72.69289730,61.36989099,95.33890991,148.08500000,163.11559967,133.05440033,421459133.69788420,384976276.42325097
2025-07-11,164.33000000,168.20000000,159.54000000,162.93000000,715116916.43080997,-1.41000000,-0.85797736,5.26988377,156.97400000,153.66100000,152.29533333,149.46000000,148.22760000,148.49800000,149.84857143,150.05250000,151.36333333,153.77180000,156.89066667,164.49295000,154.23780545,152.04812010,2.18968536,0.13717824,2.05250712,71.64389670,62.38448219,55.69260881,74.15093646,65.63023948,91.19233043,149.46000000,164.64674907,134.27325093,489531707.14382017,415129117.79024202
2025-07-12,162.92000000,163.90000000,157.74000000,160.69000000,328647415.71788001,-2.24000000,-1.37482354,3.78099681,159.33600000,154.50300000,153.53533333,150.90900000,148.75240000,148.77700000,150.15228571,150.14900000,151.10733333,153.50540000,156.50633333,164.31095000,155.23045077,152.68825935,2.54219142,0.61818087,1.92401054,64.13459680,59.32759655,54.39223355,71.87376037,67.71141311,80.19845489,150.90900000,164.40040686,137.41759314,489670258.05493623,408037173.60291100
2025-07-13,160.70000000,164.19000000,159.63000000,161.15000000,312565043.60087001,0.46000000,0.28626548,2.83758556,161.23200000,155.38200000,154.23066667,151.74100000,149.34480000,149.19533333,150.40085714,150.29800000,150.98377778,153.21100000,156.24816667,164.12950000,156.14115065,153.31505495,2.82609570,1.05976384,1.76633186,65.03764714,59.76922736,54.61929093,70.71105699,68.71129440,74.71058216,151.74100000,165.61769140,137.86430860,470410448.34822816,398107953.61978900
2025-07-14,161.15000000,168.65000000,160.61000000,162.21000000,658265226.60694003,1.06000000,0.65777226,4.98914055,162.26400000,156.83300000,154.82333333,152.55550000,149.95160000,149.78100000,150.43085714,150.52175000,151.11733333,152.94040000,156.13233333,163.99825000,157.07481978,153.97393977,3.10088001,1.46798707,1.63289294,67.31344985,60.83818126,55.15611441,70.65846110,69.36034997,73.25468336,152.55550000,166.89807479,138.21292521,512379967.62459624,429504324.84954607
2025-07-15,162.21000000,164.26000000,157.23000000,163.98000000,589073859.89953005,1.77000000,1.09117810,4.33388817,162.19200000,158.47600000,155.43466667,153.57600000,150.90640000,150.14800000,150.39828571,151.01400000,151.28466667,152.72180000,156.07533333,163.89705000,158.13715520,154.71512942,3.42202578,1.85879482,1.56323097,71.08489179,62.64615404,56.06175063,73.00858425,70.57642806,77.87289662,153.57600000,168.12950549,139.02249451,520733692.45120621,471096413.07454503
2025-07-16,163.98000000,176.00000000,161.51000000,173.63000000,849924900.12035012,9.65000000,5.88486401,8.83644347,164.33200000,160.65300000,157.21800000,155.30450000,152.43440000,150.91166667,150.76000000,151.65900000,151.63911111,152.66020000,156.20350000,163.78770000,160.52066978,156.11623094,4.40443884,2.36792362,2.03651522,83.52295830,70.69325178,60.58966426,79.19932852,73.45072821,90.69652912,155.30450000,170.78124585,139.82775415,547695289.18911421,518613498.16646701
2025-07-17,173.62000000,178.19000000,168.71000000,175.87000000,781437221.96743011,2.24000000,1.29009964,5.46020044,167.36800000,163.35200000,158.79133333,156.99350000,154.20080000,151.85500000,151.43285714,152.30425000,152.06222222,152.73340000,156.24633333,163.71735000,162.88210520,157.57947309,5.30263211,2.95486532,2.34776679,85.28599337,72.20929897,61.54942360,83.33703125,76.74616256,96.51876864,156.99350000,173.72058648,140.26641352,638253250.43902421,563961754.24697995
2025-07-18,175.88000000,184.67000000,173.24000000,177.28000000,931893082.37479997,1.41000000,0.80172855,6.49874915,170.59400000,165.91300000,160.45266667,158.32150000,155.51160000,152.88633333,152.25228571,152.92500000,152.55311111,152.94480000,156.42000000,163.64685000,165.09716594,159.03877138,6.05839456,3.57557117,2.48282339,86.38629179,73.16263205,62.15478907,80.40587937,77.96606816,85.28550179,158.32150000,177.04914270,139.59385730,762118858.19381022,616264653.27101898
2025-07-19,177.28000000,178.61000000,174.00000000,176.96000000,363940083.07050002,-0.32000000,-0.18050542,2.60040614,173.54400000,167.90400000,162.40333333,159.50350000,156.75320000,153.88366667,153.17571429,153.32000000,153.07977778,153.36000000,156.55950000,163.58510000,166.92221733,160.36626980,6.55594753,4.17164644,2.38430109,84.66211900,72.54648980,61.92390848,77.57136370,77.83450001,77.04509109,159.50350000,179.81879398,139.18820602,703253829.48652220,607816898.55555904
2025-07-20,176.97000000,183.66000000,176.33000000,181.43000000,666377253.90079999,4.47000000,2.52599458,4.14194496,177.03400000,169.61300000,164.66200000,160.83450000,158.26760000,155.26100000,153.98885714,153.72775000,153.90511111,153.85960000,156.69116667,163.52085000,169.15418390,161.92654611,7.22763779,4.78284471,2.44479308,88.50716751,75.66896094,63.87962552,81.11171574,78.92690525,85.48133672,160.83450000,183.23604739,138.43295261,718714508.28677630,619724100.36899102
2025-07-21,181.44000000,199.28000000,178.25000000,195.72000000,1245489002.45573997,14.29000000,7.87631593,11.59060847,181.45200000,172.89200000,167.58600000,163.27650000,160.53400000,157.27066667,155.27457143,154.59650000,154.96933333,154.62040000,156.95850000,163.45790000,173.24123253,164.42976492,8.81146761,5.58856929,3.22289832,94.14140988,82.57907286,69.16323365,84.58577324,80.81319458,92.13093055,163.27650000,189.58116060,136.97183940,797827328.75385416,672761308.97148395
2025-07-22,195.72000000,206.30000000,193.75000000,205.70000000,1728386077.16153002,9.98000000,5.09912119,6.41222154,187.41800000,177.39300000,171.37400000,165.94800000,163.07840000,159.73700000,156.93542857,155.93100000,156.20577778,155.59780000,157.48666667,163.39645000,178.23488906,167.48681937,10.74806969,6.62046937,4.12760032,95.84748797,85.67802114,72.13379113,89.31626782,83.64755233,100.65369880,165.94800000,197.81140623,134.08459377,987217099.79267430,812735175.11584890
2025-07-23,205.70000000,205.75000000,183.97000000,189.40000000,1070982208.46140003,-16.30000000,-7.92416140,10.58823529,189.84200000,180.21800000,173.88933333,167.80000000,164.62560000,161.23333333,158.16571429,156.95100000,157.02688889,156.28200000,157.71216667,163.26010000,179.95259844,169.11001793,10.84258050,7.46489160,3.37768891,61.02029852,65.05798957,61.96124365,81.39731352,82.89747273,78.39699512,167.80000000,200.62915457,134.97084543,1015034925.00999415,888576891.60190201
2025-07-24,189.40000000,191.87000000,179.21000000,182.87000000,971502034.18813002,-6.53000000,-3.44772967,6.68426610,191.02400000,182.28400000,175.61066667,169.55850000,165.80760000,162.46500000,159.18942857,157.90675000,157.50933333,156.87420000,157.83100000,163.10740000,180.40142945,170.12927586,10.27215358,8.02634399,2.24580959,51.94629232,58.86640834,58.51184234,70.16128113,78.65207553,53.17969233,169.55850000,201.61298340,137.50401660,1136547315.23352003,919900572.36002100
2025-07-25,182.88000000,186.85000000,175.63000000,186.76000000,806409380.29808986,3.89000000,2.12719418,6.13517060,192.09000000,184.56200000,177.10533333,171.51900000,167.08560000,163.90466667,160.52228571,158.75150000,157.99022222,157.72360000,158.02850000,162.95010000,181.37967107,171.36118136,10.01848972,8.42477314,1.59371658,56.56367129,61.26226141,59.89953358,62.78021739,73.36145615,41.61773988,171.51900000,202.68991553,140.34808447,1164553740.51297808,941634124.39987695
2025-07-26,186.75000000,189.78000000,184.29000000,184.88000000,331235849.63191998,-1.88000000,-1.00663954,2.93975904,189.92200000,185.68700000,178.56866667,173.17000000,168.60560000,165.43200000,161.93514286,159.60550000,158.52155556,158.46460000,158.16466667,162.86365000,181.91818321,172.36257533,9.55560788,8.65094009,0.90466780,53.57798295,59.43703194,58.90591601,53.58971541,66.77087590,27.22739442,173.17000000,203.44156874,142.89843126,981703109.94821417,889765219.35103393
2025-07-27,184.89000000,190.70000000,184.53000000,188.64000000,418620553.40530998,3.76000000,2.03375162,3.33711937,186.51000000,186.96400000,180.43200000,175.15800000,170.06040000,166.98366667,163.56171429,160.63225000,159.32866667,159.23620000,158.43850000,162.81945000,182.95230887,173.56831049,9.38399838,8.79755175,0.58644664,58.79762130,61.91286475,60.28093361,50.83483607,61.45886262,29.58678296,175.15800000,203.89646247,146.41953753,719750005.19697022,853483552.49482191
2025-07-28,188.64000000,195.26000000,182.16000000,183.11000000,768873079.63637996,-5.53000000,-2.93150975,6.94444444,185.25200000,187.54700000,181.89600000,176.73000000,171.29040000,168.06333333,164.66457143,161.55150000,160.09555556,159.84940000,158.71183333,162.81025000,182.97656905,174.27510231,8.70146674,8.77833475,-0.07686800,49.06169108,56.39051978,57.33663505,42.01944185,54.97905570,16.10021415,176.73000000,203.42573512,150.03426488,659328179.43196619,837181552.22097993
2025-07-29,183.10000000,186.68000000,178.30000000,181.48000000,463596650.71105999,-1.63000000,-0.89017530,4.57673403,184.97400000,187.99900000,183.18066667,177.95150000,172.64160000,169.00200000,165.68057143,162.41250000,160.91422222,160.25580000,159.13316667,162.77925000,182.74632765,174.80879843,7.93752922,8.61017364,-0.67264442,46.34722067,54.81827898,56.48803275,34.37096580,48.10969240,6.89351260,177.95150000,203.04318306,152.85981694,557747102.73655212,847147208.98503602
2025-07-30,181.47000000,182.56000000,170.29000000,177.77000000,585983082.58662999,-3.71000000,-2.04430240,6.76144817,183.17600000,187.63300000,184.10000000,178.62300000,173.85040000,169.76733333,166.65771429,163.35400000,161.46533333,160.50880000,159.48850000,162.72765000,181.98073878,175.02814670,6.95259209,8.27865733,-1.32606524,40.26286220,51.26898057,54.56983082,29.83797979,42.01912153,5.47569631,178.62300000,202.88606016,154.35993984,513661843.19426024,839107791.85361898
2025-07-31,177.77000000,182.70000000,171.44000000,172.22000000,466405400.70146000,-5.55000000,-3.12201159,6.33402711,180.64400000,185.28300000,184.00600000,179.08750000,174.66480000,170.61200000,167.60514286,164.27375000,161.94311111,160.73380000,159.73083333,162.64620000,180.47908666,174.82013583,5.65895083,7.75471603,-2.09576520,32.58401517,46.36942731,51.82281386,21.70623733,35.24816013,-5.37760828,179.08750000,202.42357722,155.75142278,540695753.40816820,761199431.67819095
2025-08-01,172.22000000,172.26000000,159.20000000,162.71000000,722230246.87119007,-9.51000000,-5.52200674,7.58332366,175.45800000,180.98400000,183.12866667,179.18850000,175.21800000,170.96000000,168.19428571,165.04875000,162.27955556,160.94160000,159.82883333,162.54540000,177.74538102,173.92308873,3.82229229,6.96823128,-3.14593899,23.40541431,39.34147872,47.54352998,17.71541723,29.40391250,-5.66157330,179.18850000,202.20460354,156.17239646,601417692.10134423,660583848.64915705
2025-08-02,162.71000000,165.30000000,155.83000000,158.48000000,355113008.83770001,-4.23000000,-2.59971729,5.82017086,170.53200000,177.89200000,181.87533333,179.05500000,175.49040000,171.16400000,168.41600000,165.39800000,162.54933333,161.13920000,159.88366667,162.39995000,174.78147625,172.77915623,2.00232002,5.97504903,-3.97272901,20.34628334,36.64637041,45.78863528,14.05053515,24.28612005,-6.42063465,179.05500000,202.53788470,155.57211530,518665677.94160825,588996928.68678701
2025-08-03,158.49000000,163.14000000,156.28000000,161.97000000,370496365.83064002,3.49000000,2.20217062,4.32834879,166.63000000,175.80200000,180.87600000,179.04300000,175.68720000,171.63966667,168.66314286,165.79925000,162.88111111,161.48580000,160.02883333,162.18050000,172.81047990,171.97847799,0.83200191,4.94643961,-4.11443770,29.47279319,40.32584207,47.45831100,14.55765662,21.04329891,1.58637206,179.04300000,202.56234577,155.52365423,500045620.96552420,528896361.85103798
2025-08-04,161.98000000,169.80000000,161.26000000,169.55000000,444266444.38757998,7.58000000,4.67987899,5.27225583,164.98600000,174.08100000,180.08400000,179.32150000,175.89560000,172.37300000,169.08428571,166.44875000,163.53533333,161.81740000,160.44983333,161.97255000,172.30886761,171.79859073,0.51027688,4.05920706,-3.54893018,45.69078946,47.54422049,50.88653767,21.30371799,21.13010527,21.65094344,179.32150000,202.21337424,156.42962576,471702293.32571423,492682068.25998700
2025-08-05,169.55000000,171.73000000,161.30000000,164.09000000,425083041.90688002,-5.46000000,-3.22028900,6.15157771,163.36000000,172.00200000,177.97533333,178.84450000,175.94200000,172.78066667,169.57600000,167.07450000,164.17222222,162.08480000,160.72083333,161.69545000,171.04442644,171.22758401,-0.18315757,3.21073413,-3.39389171,38.11480759,43.41728217,48.50760488,21.18531745,21.14850933,21.25893369,178.84450000,202.61637589,155.07262411,463437821.56679821,502066787.48748302
2025-08-06,164.09000000,169.93000000,161.13000000,168.09000000,297879603.05790001,4.00000000,2.43768664,5.36291060,164.43600000,169.94700000,175.46800000,178.45550000,176.23800000,173.42100000,170.02800000,167.72450000,164.98066667,162.49520000,161.02133333,161.22605000,170.58989930,170.99517038,-0.40527109,2.48753309,-2.89280418,45.98797237,47.08791569,50.28434216,27.37043854,23.22248573,35.66634415,178.45550000,202.68258400,154.22841600,378567692.80414021,489992692.45274198
2025-08-07,168.10000000,175.51000000,166.70000000,175.36000000,515712927.73764998,7.27000000,4.32506395,5.24092802,167.81200000,169.17200000,174.53200000,178.35950000,176.80640000,174.21066667,170.68514286,168.34050000,165.66622222,163.07560000,161.40316667,160.84075000,171.32376094,171.31849109,0.00526985,1.99108044,-1.98581059,57.71958051,53.11803628,53.33787412,42.47472233,29.63989793,68.14437113,178.35950000,202.62138735,154.09761265,410687676.58413017,464676677.26286906
2025-08-08,175.37000000,179.66000000,173.43000000,176.78000000,648764863.62977004,1.42000000,0.80976277,3.55248902,170.77400000,168.70200000,174.12600000,178.35050000,177.38920000,174.86833333,171.51600000,168.92700000,166.35200000,163.67040000,161.66350000,160.51370000,172.16318234,171.72304731,0.44013503,1.68089136,-1.24075633,59.76779791,54.22950996,53.91478435,54.30581290,37.86186959,87.19369953,178.35050000,202.61470667,154.08629333,466341376.14395618,483193498.55474007
2025-08-09,176.79000000,183.45000000,176.64000000,179.95000000,600713701.94360006,3.17000000,1.79318927,3.85202783,172.85400000,168.92000000,173.67200000,178.27650000,178.02800000,175.38866667,172.44171429,169.55550000,167.16044444,164.46720000,161.91066667,160.16180000,173.36115428,172.33245121,1.02870307,1.55045370,-0.52175063,64.38917081,56.72790327,55.20489974,65.31321632,47.01231850,101.91501197,178.27650000,202.51017060,154.04282940,497630827.65516025,484666560.49043703
2025-08-10,179.96000000,186.18000000,177.51000000,182.66000000,764487779.16299009,2.71000000,1.50597388,4.81773727,176.56800000,169.96400000,173.52400000,177.62350000,178.38920000,176.04633333,173.32171429,170.45000000,168.12933333,165.41180000,162.27216667,159.78830000,174.79174593,173.09745483,1.69429111,1.57922118,0.11506992,68.14314578,58.82403063,56.29628657,73.00946986,55.67803562,107.67233834,177.62350000,200.54647149,154.70052851,565511775.10638225,514474798.33659011
2025-08-11,182.67000000,186.80000000,173.43000000,174.84000000,716297040.55757999,-7.82000000,-4.28117815,7.31920950,177.91800000,171.17700000,172.60400000,176.08050000,178.34800000,176.51800000,174.06342857,171.01425000,168.85711111,166.27440000,162.64750000,159.39695000,174.79916964,173.22653225,1.57263739,1.57790442,-0.00526703,49.92063870,51.04090381,52.44857297,68.94384055,60.09997060,86.63158045,176.08050000,194.81851930,157.34248070,649195262.60631824,513881477.70522910
2025-08-12,174.83000000,193.76000000,173.60000000,191.78000000,928619384.54651999,16.94000000,9.68885838,11.53120174,181.20200000,174.50700000,173.18200000,176.19950000,178.92800000,177.53900000,175.20942857,171.99975000,169.76955556,167.21980000,163.36716667,159.08900000,177.41160508,174.60086319,2.81074188,1.82447192,0.98626997,70.45713797,62.70283273,58.81190715,77.27321518,65.82438546,100.17087463,176.19950000,195.32000701,157.07899299,731776553.96809220,571232115.27611089
2025-08-13,191.77000000,204.96000000,191.48000000,201.51000000,1420646837.29987001,9.73000000,5.07352174,7.02925379,186.14800000,178.46100000,174.51733333,177.13150000,179.91000000,178.84900000,176.47971429,173.34500000,170.84044444,168.33160000,164.31500000,158.81450000,181.11905045,176.59413258,4.52491786,2.36456111,2.16035676,76.96731597,67.54661871,61.87013139,82.22503645,71.29126912,104.09257111,177.13150000,199.20946642,155.05353358,886152948.70211220,676247162.42303395
2025-08-14,201.51000000,209.86000000,186.68000000,192.47000000,1785079918.85764003,-9.04000000,-4.48612972,11.50315121,188.65200000,180.75300000,175.49733333,177.41700000,180.35160000,179.79866667,177.28342857,174.46800000,171.67733333,169.30960000,164.97333333,158.57435000,182.86535038,177.77012276,5.09522762,2.91069441,2.18453321,61.78718433,59.68969385,57.71553031,76.25454581,72.94569468,82.87224807,177.41700000,200.15697278,154.67702722,1123026192.08492017,810328509.87004006
2025-08-15,192.46000000,198.07000000,183.30000000,185.72000000,829105705.03940988,-6.75000000,-3.50704006,7.67432194,189.26400000,182.91600000,176.39733333,177.45900000,179.95160000,180.20166667,177.93457143,175.31450000,172.54044444,170.24280000,165.55666667,158.32850000,183.30452724,178.35900256,4.94552469,3.31766046,1.62786422,52.50797352,54.52365301,54.84599258,65.52589122,70.47242686,55.63281992,177.45900000,200.26003128,154.65796872,1135949777.26020432,850730776.18329310
2025-08-16,185.71000000,190.06000000,185.20000000,189.60000000,394159921.57507998,3.88000000,2.08916649,2.61698347,192.21600000,185.06700000,178.19000000,177.50700000,179.30760000,180.65933333,178.76057143,176.33250000,173.37000000,171.19300000,166.25716667,158.14120000,184.27306151,179.19166904,5.08139248,3.67040687,1.41098561,56.96591542,56.86468819,56.15356250,58.47942569,66.47475981,42.48875747,177.50700000,200.41094781,154.60305219,1071522353.46370435,860358808.03501105
2025-08-17,189.61000000,195.89000000,187.35000000,190.99000000,434881253.74427998,1.39000000,0.73312236,4.50398186,192.05800000,186.63000000,180.35733333,177.90100000,179.37120000,181.11633333,179.61314286,177.31550000,174.22844444,171.99840000,167.00133333,157.95535000,185.30643667,180.06561948,5.24081719,3.98448893,1.25632826,58.63512084,57.71538803,56.62312495,55.05362756,62.66771572,39.82545123,177.90100000,201.47216606,154.32983394,972774727.30325627,852275640.63567400
2025-08-18,191.00000000,191.33000000,180.00000000,182.94000000,618792820.89800000,-8.05000000,-4.21488036,5.93193717,188.34400000,187.24600000,181.75533333,177.97400000,179.37400000,181.31566667,180.20542857,177.96275000,175.01155556,172.59080000,167.59966667,157.67850000,184.94236949,180.27853655,4.66383293,4.12035773,0.54347520,46.18529529,51.32087988,53.18134685,45.40403792,56.91315645,22.38580084,177.97400000,201.60081385,154.34718615,812403924.02288222,849278436.36249697
2025-08-19,182.94000000,185.87000000,175.69000000,176.22000000,585480412.15699995,-6.72000000,-3.67333552,5.56466601,185.09400000,186.87300000,182.20000000,177.89650000,178.95240000,181.14200000,180.55514286,178.25975000,175.64866667,173.01900000,168.20150000,157.40075000,183.60046649,179.97790422,3.62256227,4.02079864,-0.39823637,38.08479714,46.61733865,50.50711888,32.82219968,48.88283753,0.70092397,177.89650000,201.53629631,154.25670369,572484022.68275428,847755107.38383698
2025-08-20,176.22000000,187.97000000,176.04000000,187.94000000,631568652.47851002,11.72000000,6.65077744,6.76994666,185.53800000,187.40100000,183.79000000,178.68250000,179.07480000,180.88266667,180.96400000,178.88500000,176.45044444,173.84020000,169.07666667,157.27530000,184.26808703,180.56768909,3.70039794,3.95671850,-0.25632056,54.70952270,54.54366855,54.65660988,35.06403678,44.27657061,16.63896911,178.68250000,202.57164387,154.79335613,532976612.17057419,834463194.71538901
2025-08-21,187.95000000,190.10000000,179.43000000,180.29000000,539342225.23738003,-7.65000000,-4.07044802,5.67704177,183.67600000,187.94600000,184.60333333,179.56150000,178.74080000,180.03566667,181.09028571,179.37500000,177.14844444,174.40060000,169.88633333,157.15920000,183.65607364,180.54711953,3.10895411,3.78716562,-0.67821151,45.20267765,49.32824079,51.70408107,27.86339160,38.80551094,5.97915293,179.56150000,202.23907369,156.88392631,562013072.90303421,816767713.18336892
2025-08-22,180.30000000,202.40000000,177.27000000,200.69000000,1256886660.78768992,20.40000000,11.31510344,13.93788131,185.61600000,188.83700000,186.29200000,181.67200000,179.44400000,180.41200000,181.75914286,180.36350000,178.23777778,175.36720000,170.82266667,157.08125000,186.27667770,182.03918475,4.23749295,3.87723109,0.36026186,64.78462230,60.35586244,58.01506502,42.96345900,40.19149363,48.50738975,181.67200000,203.94160789,159.40239211,726414154.31171632,849594440.80748606
2025-08-23,200.69000000,208.62000000,195.26000000,204.14000000,973536839.81952000,3.45000000,1.71906921,6.65703324,189.85600000,189.10000000,188.11600000,183.78050000,180.35040000,181.12100000,182.53571429,181.41175000,179.28422222,176.49600000,171.79300000,157.06875000,189.02488113,183.67628217,5.34859895,4.17150466,1.17709429,67.16580658,61.88616062,58.96141410,57.44076738,45.94125155,80.43979906,183.78050000,206.18078240,161.38021760,797362958.09602010,804883441.05945098
2025-08-24,204.15000000,211.99000000,201.09000000,205.98000000,1481731932.84564996,1.84000000,0.90134222,5.33921136,195.80800000,190.45100000,189.85133333,185.60200000,181.47880000,181.76166667,183.23714286,182.46175000,180.20955556,177.66460000,172.83316667,157.11805000,191.63336095,185.32840942,6.30495153,4.59819404,1.70675750,68.52777813,62.72334537,59.46982920,66.10835365,52.66361891,92.99782311,185.60200000,209.03105762,162.17294238,976613262.23375010,774548642.45825195
2025-08-25,205.99000000,213.60000000,185.33000000,187.20000000,1582418695.44156981,-18.78000000,-9.11739004,13.72396718,195.66000000,190.59900000,190.15400000,186.75750000,182.07800000,181.83900000,182.99371429,182.80100000,180.74888889,178.37140000,173.63550000,157.10635000,190.95130542,185.46704576,5.48425966,4.77540716,0.70885250,45.44152013,50.39756358,52.53781794,54.19269650,53.17331144,56.23146663,186.75750000,207.88596608,165.62903392,1166783270.82636213,849879941.49846804
2025-08-26,187.19000000,198.10000000,185.58000000,195.86000000,902012356.43675995,8.66000000,4.62606838,6.68839147,198.77400000,191.22500000,191.55533333,188.14600000,183.40400000,182.07966667,182.71257143,183.30075000,181.53044444,179.31100000,174.53166667,157.12570000,191.70648920,186.23689422,5.46959498,4.91424472,0.55535026,54.01415981,54.85986572,55.05848775,53.86345071,53.40335786,54.78363639,188.14600000,207.70039743,168.59160257,1239317297.06623793,900665184.98463595
2025-08-27,195.85000000,212.08000000,193.78000000,202.95000000,1604543620.28288984,7.09000000,3.61993260,9.34388563,199.22600000,192.42100000,192.30000000,189.52550000,185.18280000,182.74100000,183.09971429,183.94250000,182.45933333,180.33660000,175.40216667,157.14385000,193.43626010,187.47490206,5.96135804,5.12366739,0.83769065,60.16367850,58.21702701,57.00903813,59.87801664,55.56157746,68.51089501,189.52550000,209.17449834,169.87650166,1308848688.96527815,1017631421.63849699
2025-08-28,202.95000000,216.89000000,201.72000000,214.43000000,1535414273.75746012,11.48000000,5.65656566,7.47474747,201.28400000,195.57000000,193.16133333,191.40800000,187.28120000,183.83933333,184.00142857,184.87925000,183.61977778,181.48420000,176.42066667,157.21365000,196.66606623,189.47157598,7.19449026,5.53783196,1.65665829,68.37967475,63.06866689,59.94622766,71.24466715,60.78927402,92.15545341,191.40800000,213.03062519,169.78537481,1421224175.75286603,1109293566.92444277
2025-08-29,214.43000000,218.00000000,199.85000000,205.08000000,1804668250.00783992,-9.35000000,-4.36039733,8.46430070,201.10400000,198.45600000,194.00200000,192.66450000,188.70240000,184.74966667,184.52485714,185.47050000,184.53311111,182.29900000,177.25850000,157.23670000,197.96051758,190.62775554,7.33276205,5.89681798,1.43594407,56.90847329,57.17047000,56.65651622,70.25608140,63.94487648,82.87849124,192.66450000,214.40394799,170.92505201,1485811439.18530416,1231212350.70952702
2025-08-30,205.09000000,207.06000000,197.52000000,202.70000000,788507477.60619998,-2.38000000,-1.16052272,4.65161636,204.20400000,199.93200000,195.13400000,193.66650000,190.24680000,185.76566667,185.03400000,185.64500000,185.17911111,183.09440000,178.18883333,157.26040000,198.68966872,191.52199587,7.16767286,6.15098895,1.01668390,54.13449803,55.72337535,55.84254343,67.64923800,65.17966365,72.58838668,193.66650000,215.31152255,172.02147745,1327029195.61823034,1246906233.22229600
2025-08-31,202.70000000,206.66000000,200.28000000,200.62000000,673804991.87307000,-2.08000000,-1.02614702,3.14750863,205.15600000,201.96500000,195.86866667,194.95550000,191.54800000,187.02933333,185.37628571,185.51800000,185.72911111,183.89300000,178.99466667,157.27960000,198.98664277,192.19592210,6.79072067,6.27893530,0.51178537,51.50171562,54.41032484,55.12036930,60.69994093,63.68642275,54.72697730,194.95550000,214.88216500,175.02883500,1281387722.70549202,1260352509.88586497
2025-09-01,200.62000000,204.58000000,194.19000000,197.32000000,888774733.51504993,-3.30000000,-1.64490081,5.17894527,204.03000000,201.62800000,196.29066667,195.23250000,192.42640000,188.32400000,185.78228571,185.71600000,186.17444444,184.61640000,179.74400000,157.29495000,198.73023619,192.57548342,6.15475276,6.25409879,-0.09934603,47.13719600,52.27824161,53.96499453,52.70007285,60.02430612,38.05160633,195.23250000,215.12729898,175.33770102,1138233945.35192418,1223541317.15860105
2025-09-02,197.32000000,209.68000000,196.77000000,209.65000000,995253298.23912001,12.33000000,6.24873302,6.54267180,203.07400000,202.17900000,198.07133333,195.63950000,193.74120000,189.91333333,186.58714286,186.38550000,186.90088889,185.56520000,180.77650000,157.34625000,200.41019985,193.84026243,6.56993742,6.31726652,0.25267090,61.69268618,58.85063658,57.44288192,59.94717641,59.99859622,59.84433681,195.63950000,216.38968678,174.88931322,1030201750.24825609,1225712963.00056100
2025-09-03,209.64000000,213.02000000,207.42000000,210.77000000,853869392.70959997,1.12000000,0.53422371,2.67124595,204.21200000,202.65800000,200.37466667,196.55450000,194.97400000,191.28733333,187.53000000,186.98575000,187.55288889,186.50100000,181.83016667,157.42770000,202.00401526,195.09431706,6.90969819,6.43575285,0.47394534,62.80891113,59.40465847,57.74546109,65.86443470,61.95387571,73.68555267,196.55450000,218.30596938,174.80303062,840041978.78860819,1162926708.98695588
2025-09-04,210.77000000,211.94000000,201.84000000,202.32000000,562140700.46499002,-8.45000000,-4.00910946,4.79195331,204.13600000,204.17000000,201.33333333,197.38450000,195.76040000,192.56166667,188.39000000,187.42175000,187.69955556,187.07480000,182.67116667,157.49795000,202.05262830,195.62955284,6.42307546,6.43321737,-0.01014192,49.69809563,53.47853678,54.68453101,55.66299500,59.85691547,47.27515406,197.38450000,218.65680517,176.11219483,794768623.36036611,1060898909.48929811
2025-09-05,202.32000000,210.00000000,200.95000000,203.36000000,845694209.95452988,1.04000000,0.51403717,4.47311190,204.68400000,204.92000000,202.87133333,198.07250000,196.90120000,193.73733333,189.55142857,187.78975000,187.64755556,187.62460000,183.57916667,157.62710000,202.25376240,196.20217855,6.05158385,6.35689067,-0.30530682,51.20249766,54.09341658,54.99093582,49.94640658,56.55341251,36.73239472,198.07250000,219.17410071,176.97089929,829146466.97665811,1055267094.84107494
2025-09-06,203.37000000,204.68000000,199.32000000,200.16000000,299268104.11997002,-3.20000000,-1.57356412,2.63559030,205.25200000,204.64100000,202.83600000,198.53100000,197.23640000,194.56400000,190.74228571,188.21600000,187.88666667,188.08220000,184.38733333,157.78130000,201.93164511,196.49535051,5.43629460,6.17277145,-0.73647686,46.11061609,51.79550086,53.82247855,41.65543723,51.58742075,21.79147019,198.53100000,219.38164573,177.68035427,711245141.09764218,924739543.22478294
2025-09-07,200.17000000,207.95000000,200.12000000,206.35000000,452766240.27399999,6.19000000,3.09252598,3.91167508,204.59200000,203.83300000,202.98333333,199.70150000,197.43000000,195.54966667,192.01028571,188.83775000,188.40844444,188.67000000,185.20900000,157.96840000,202.61139202,197.22532455,5.38606747,6.01543066,-0.62936319,56.21735524,55.76122086,55.72153703,49.29622528,50.82368893,46.24129799,199.70150000,219.46705140,179.93594860,602747729.50461829,816474739.87643695
2025-09-08,206.35000000,217.11000000,205.59000000,214.11000000,1218755448.80920982,7.76000000,3.76060092,5.58274776,205.26000000,204.73600000,203.52533333,201.59600000,198.29560000,196.68833333,193.28342857,189.74625000,189.01622222,189.32360000,186.03850000,158.15895000,204.38040863,198.47604125,5.90436738,5.99321800,-0.08885062,65.85182218,60.23519032,57.98200086,61.83448177,54.49395321,76.51553891,201.59600000,219.00838083,184.18361917,675724940.72454011,757883459.75657392
2025-09-09,214.11000000,219.79000000,210.79000000,217.21000000,1074352909.95499992,3.10000000,1.44785391,4.20344683,208.23800000,206.18700000,205.52600000,203.05950000,199.55520000,197.84000000,194.80114286,190.87100000,189.73466667,189.75340000,186.94316667,158.40030000,206.35419192,199.86374190,6.49045002,6.09266441,0.39778561,69.11033962,61.91378643,58.85754611,71.19694618,60.06161753,93.46760348,203.05950000,220.55916192,185.55983808,778167382.62254214,786468002.99145389
2025-09-10,217.22000000,226.00000000,215.09000000,224.07000000,1068145608.20624995,6.86000000,3.15823397,5.02255778,212.38000000,208.53200000,207.40666667,205.24850000,200.93400000,199.48100000,196.40057143,192.40500000,190.52200000,190.12080000,187.99950000,158.66030000,209.07970085,201.65679805,7.42290280,6.35871208,1.06419072,75.35518565,65.43604856,60.74627628,78.59702901,66.24008803,103.31091098,205.24850000,221.67561401,188.82138599,822657662.27288616,825902064.62477195
2025-09-11,224.06000000,228.95000000,221.72000000,228.73000000,982824602.60321999,4.66000000,2.07970723,3.22681425,218.09400000,211.67300000,209.12533333,206.65050000,202.44360000,200.71266667,197.92542857,194.16125000,191.53577778,190.90740000,189.12583333,158.96425000,212.10282380,203.66222042,8.44060338,6.77509034,1.66551304,78.84198234,67.65291433,61.98335882,85.48385577,72.65467727,111.14221276,206.65050000,225.97093747,187.33006253,959368961.96953619,835307051.53358901
2025-09-12,228.73000000,244.04000000,228.11000000,242.18000000,1401494582.28432012,13.45000000,5.88029554,6.96454335,225.26000000,214.92600000,210.97533333,208.55250000,204.81320000,202.06833333,199.79400000,196.16650000,192.88466667,192.09360000,190.45866667,159.46610000,216.73008168,206.51538928,10.21469240,7.46301075,2.75168164,85.80023123,73.08779716,65.27892995,88.93616622,78.08184025,110.64481814,208.55250000,233.50199583,183.60300417,1149114630.37160015,875931179.93810904
2025-09-13,242.18000000,244.14000000,235.73000000,242.38000000,797410753.30843008,0.20000000,0.08258320,3.47262367,230.91400000,218.08700000,213.46200000,210.37250000,207.45960000,203.73200000,201.57771429,197.98725000,194.32044444,193.20600000,191.76533333,159.95635000,220.67622296,209.17202711,11.50419585,8.27124777,3.23294807,85.88307390,73.16094786,65.32556983,91.31517135,82.49295062,108.95961281,210.37250000,239.49366747,181.25133253,1064845691.27144408,870285315.99799192
2025-09-14,242.38000000,249.60000000,239.23000000,239.76000000,1020860755.13829005,-2.62000000,-1.08094727,4.27840581,235.42400000,221.83100000,215.93266667,213.00050000,209.53240000,205.53333333,203.20914286,199.87900000,195.82133333,194.30360000,192.86750000,160.47855000,223.61218866,211.43780288,12.17438578,9.05187537,3.12251040,78.66826361,70.42531458,64.14769257,87.68664566,84.22418230,94.61157237,213.00050000,242.79535683,183.20564317,1054147260.30810225,916157321.46532190
2025-09-15,239.75000000,244.00000000,230.15000000,234.31000000,1116796443.80521011,-5.45000000,-2.27310644,5.77685089,237.47200000,224.92600000,218.17866667,214.92300000,211.69320000,207.02366667,204.90828571,201.53450000,197.41244444,195.21700000,193.84150000,160.96170000,225.25800579,213.13203970,12.12596608,9.66669352,2.45927257,65.03133770,64.91697623,61.73165670,81.49063901,83.31300120,77.84591462,214.92300000,245.02147704,184.82452296,1063877427.42789423,943267544.85039008
2025-09-16,234.32000000,240.95000000,231.26000000,236.96000000,751087110.05172002,2.65000000,1.13098033,4.13537043,239.11800000,228.60600000,220.82133333,216.62350000,213.14400000,208.55600000,206.19914286,203.07450000,199.15644444,196.29400000,194.83616667,161.40560000,227.05831259,214.89707380,12.16123879,10.16560257,1.99563622,68.24338370,66.31454184,62.44924247,78.08684424,81.57094888,71.11863497,216.62350000,247.70083869,185.54616131,1017529928.91759431,988449445.44356501
2025-09-17,236.96000000,246.62000000,232.23000000,244.84000000,1131152511.04479003,7.88000000,3.32545577,6.07275490,239.65000000,232.45500000,223.16733333,218.14400000,214.77200000,210.61933333,207.43714286,204.77600000,200.99800000,197.56120000,195.96750000,161.91150000,229.79395680,217.11506833,12.67888847,10.66825975,2.01062872,76.08267675,70.16938174,64.51393664,81.30293610,81.48161129,80.94558572,218.14400000,251.65024664,184.63775336,963461514.66968846,1056288072.52064395
2025-09-18,244.84000000,253.51000000,242.58000000,247.50000000,969547754.18096995,2.66000000,1.08642379,4.46413985,240.67400000,235.79400000,225.61600000,220.26500000,216.43280000,212.99533333,209.00942857,206.46475000,202.73022222,198.95580000,197.06866667,162.25545000,232.51796345,219.36580401,13.15215944,11.16503969,1.98711975,78.25688485,71.37564894,65.18815853,82.32099262,81.76140507,83.44016774,220.26500000,255.60934966,184.92065034,997888914.84419632,1031367303.05781996
2025-09-19,247.50000000,248.57000000,235.12000000,238.53000000,816472208.89022005,-8.97000000,-3.62424242,5.43434343,240.42800000,237.92600000,228.03000000,222.05650000,218.48600000,214.68166667,210.51828571,207.86150000,204.38444444,200.28200000,197.78216667,162.73730000,233.44289215,220.78537408,12.65751807,11.46353536,1.19398270,57.21125021,62.13287966,61.10306298,72.50674962,78.67651992,60.16720902,222.05650000,257.28418366,186.82881634,957011205.59458220,1005579232.95134199
2025-09-20,238.53000000,241.22000000,236.91000000,239.48000000,370629858.97415000,0.95000000,0.39827275,1.80690060,241.46200000,239.46700000,230.43800000,223.99950000,220.23080000,216.65466667,211.94342857,209.47750000,205.97088889,201.81740000,198.34516667,163.21075000,234.37167797,222.17016119,12.20151678,11.61113165,0.59038514,58.62536938,62.69107284,61.37058908,63.25909292,73.53737759,42.70252359,223.99950000,258.52866660,189.47033340,807777888.62837017,935827658.02813208
2025-09-21,239.48000000,241.82000000,235.32000000,236.16000000,332349583.59000999,-3.32000000,-1.38633706,2.71421413,241.30200000,240.21000000,232.83800000,225.94150000,221.55920000,217.83700000,213.23400000,210.58700000,207.32200000,203.37100000,199.12450000,163.66015000,234.64680444,223.20644555,11.44035889,11.57697710,-0.13661820,51.48915483,59.35538492,59.86900154,50.74864186,65.94113234,20.36366088,225.94150000,258.46325193,193.41974807,724030383.33602834,870780156.12681103
2025-09-22,236.16000000,236.96000000,214.50000000,220.38000000,1306702324.90479016,-15.78000000,-6.68191057,9.51050136,236.41000000,238.03000000,233.77333333,226.47800000,221.79720000,218.37833333,214.30371429,211.05875000,208.29088889,204.53920000,199.74966667,164.04550000,232.45191145,222.99707921,9.45483224,11.15254813,-1.69771589,30.39005423,46.52074135,53.39007289,38.85678063,56.91301511,2.74431169,226.47800000,258.21264426,194.74335574,759140346.10802817,861300930.38885808
2025-09-23,220.39000000,221.71000000,212.34000000,213.30000000,749395007.69619012,-7.08000000,-3.21263273,4.25155406,229.57000000,235.12200000,233.71933333,226.60450000,222.12600000,218.62233333,215.36314286,211.57950000,209.03200000,205.41420000,200.19200000,164.41505000,229.50546353,222.27877705,7.22668649,10.36737580,-3.14068931,24.89711587,42.06834393,50.81548952,26.68178542,46.83593854,-13.62652082,226.60450000,258.09473138,195.11426862,715109796.81107211,856499355.82763410
2025-09-24,213.29000000,216.45000000,204.81000000,211.60000000,934723852.95987999,-1.70000000,-0.79699953,5.45735853,224.18400000,232.30600000,233.34533333,227.06850000,222.48200000,219.43566667,216.03914286,212.22650000,209.67511111,206.36440000,200.63733333,164.78800000,226.75077684,221.48775652,5.26302031,9.34650470,-4.08348439,23.66466256,41.03949057,50.20885677,22.43535866,38.70241192,-10.09874786,227.06850000,257.30043451,196.83656549,738760125.62500429,847885665.60979307
2025-09-25,211.61000000,212.44000000,191.32000000,192.74000000,1356874816.64603019,-18.86000000,-8.91304348,9.98062473,214.83600000,228.14900000,231.25666667,226.53750000,222.16680000,219.33166667,216.39485714,212.30500000,210.07288889,206.85740000,200.70566667,165.11915000,221.51834963,219.35829308,2.16005655,7.90921507,-5.74915852,14.26428293,31.66647872,44.11253448,15.71801420,31.04094601,-14.92784941,226.53750000,258.82590618,194.24909382,936009117.15938032,871893502.89387512
2025-09-26,192.73000000,205.52000000,190.80000000,205.17000000,1107437559.64761996,12.43000000,6.44910242,7.63762777,208.63800000,224.97000000,229.68600000,226.78800000,222.48080000,219.40566667,216.52285714,212.65950000,210.37044444,207.45360000,201.07333333,165.55340000,219.00321892,218.30730840,0.69591051,6.46655416,-5.77064365,34.76023695,41.30473126,48.41963349,18.11701133,26.73296778,0.88509842,226.78800000,258.28273847,195.29326153,1091026712.37090230,907528547.85346508
2025-09-27,205.16000000,205.43000000,199.88000000,203.46000000,426788361.48016000,-1.71000000,-0.83345518,2.70520569,205.25400000,220.83200000,227.10466667,226.64350000,222.23320000,219.04000000,216.50342857,213.17250000,210.41377778,207.98720000,201.43966667,165.94395000,216.61195447,217.20750778,-0.59555331,5.05413267,-5.64968598,33.44050594,40.44852050,47.88982118,19.38283705,24.28292421,9.58266274,226.64350000,258.55680115,194.73019885,915043919.68597627,837092132.89700198
2025-09-28,203.47000000,211.00000000,198.00000000,210.83000000,447175240.70321000,7.37000000,3.62233363,6.38914828,204.76000000,217.16500000,225.00133333,226.47950000,222.23560000,219.23166667,216.64200000,214.03775000,210.82177778,208.60480000,201.99066667,166.36500000,215.72242301,216.73509980,-1.01267679,3.84077078,-4.85344756,44.36504364,45.73715309,50.33390097,26.00826272,24.85803705,28.30871408,226.47950000,258.69626417,194.26273583,854599966.28738022,784854881.54922605
2025-09-29,210.83000000,214.74000000,204.58000000,212.75000000,674793150.79180002,1.92000000,0.91068633,4.81904852,204.99000000,214.58700000,223.20066667,226.25650000,222.65280000,219.56666667,217.37200000,214.65800000,211.42244444,209.20660000,202.66616667,166.81190000,215.26512716,216.43990722,-1.17478006,2.83766061,-4.01244067,47.08038669,47.07298119,50.95917121,31.67962321,27.13189910,40.77507143,226.25650000,258.80347158,193.70952842,802613825.85376418,770686975.73938394
2025-09-30,212.74000000,213.67000000,204.29000000,208.68000000,679647220.11924005,-4.07000000,-1.91304348,4.40913791,208.17800000,211.50700000,221.49200000,225.48700000,222.86560000,219.83533333,217.73828571,215.36775000,211.84644444,209.88340000,203.43233333,167.18760000,214.25203068,215.86509928,-1.61306860,1.94751477,-3.56058337,41.88082636,44.53752660,49.57853893,34.03136059,29.43171960,43.23064258,225.48700000,258.96601281,192.00798719,667168306.54840624,801588711.85389304
2025-10-01,208.68000000,222.77000000,206.31000000,222.04000000,873666054.98368990,13.36000000,6.40214683,7.88767491,211.55200000,210.09500000,220.49733333,225.15250000,223.74080000,220.65933333,218.28371429,215.90150000,212.53644444,210.48860000,204.49166667,167.61850000,215.45017980,216.32249933,-0.87231953,1.38354791,-2.25586744,59.49969985,53.50536174,53.86033121,55.25977683,38.04107201,89.69718648,225.15250000,258.62876771,191.67623229,620414005.61562014,855720358.99326110
2025-10-02,222.04000000,234.99000000,219.52000000,234.74000000,1041743948.15147996,12.70000000,5.71969015,6.96721311,217.80800000,211.53100000,219.82400000,224.78050000,224.87640000,221.49566667,218.86400000,216.66650000,213.68755556,211.15320000,205.70450000,168.16155000,218.41784445,217.68675864,0.73108581,1.25305549,-0.52196968,69.90637006,60.18194472,57.44494212,69.98460494,48.68891632,112.57598218,224.78050000,257.61935406,191.94164594,743405122.94988418,829224521.31792998
2025-10-03,234.74000000,237.00000000,227.13000000,232.84000000,977118748.09201002,-1.90000000,-0.80940615,4.20465196,222.21000000,213.48500000,218.84666667,224.30350000,225.62560000,222.23133333,219.65714286,217.33800000,214.94577778,211.96060000,206.75933333,168.68570000,220.63663761,218.80922096,1.82741665,1.36792772,0.45948893,66.82378040,58.80379881,56.75657986,76.98829362,58.12204209,114.72079670,224.30350000,256.33314632,192.27385368,849393824.42764413,851996895.35751200
2025-10-04,232.84000000,234.05000000,224.07000000,227.86000000,420089668.09434998,-4.98000000,-2.13880776,4.28620512,225.23200000,215.11100000,218.13533333,223.70850000,226.05160000,223.08266667,220.37600000,218.35450000,215.83288889,212.80340000,207.82216667,169.19835000,221.74792413,219.47964904,2.26827509,1.54799719,0.72027790,58.68460942,55.19008035,54.95548957,78.06434582,64.76947667,104.65408413,223.70850000,254.96190051,192.45509949,798453127.88815427,800533476.87095904
2025-10-05,227.86000000,237.22000000,226.45000000,228.56000000,718004023.22143996,0.70000000,0.30720618,4.72658650,229.20800000,218.69300000,217.40733333,223.42100000,226.23120000,223.92266667,221.17428571,219.17200000,216.90555556,213.58260000,208.83000000,169.66450000,222.79593580,220.15226763,2.64366817,1.76713139,0.87653678,59.51633282,55.60839878,55.16417711,78.01604017,69.18499783,95.67812484,223.42100000,254.36806373,192.47393627,806124488.50859416,736646397.52849996
2025-10-06,228.56000000,237.79000000,227.55000000,232.35000000,696237930.30736005,3.79000000,1.65820791,4.48022401,231.27000000,221.41100000,217.15333333,223.19050000,226.37600000,224.99566667,222.17514286,219.90700000,217.60911111,214.40980000,209.77983333,170.18825000,224.26579183,221.05580336,3.20998847,2.05570281,1.15428567,64.19891742,57.92821461,56.30780075,80.78676784,73.05225450,96.25579451,223.19050000,253.77957096,192.60142904,770638863.57332826,695526434.59447408
2025-10-07,232.35000000,235.21000000,219.70000000,219.97000000,999073406.40618002,-12.38000000,-5.32816871,6.67527437,228.31600000,223.06200000,217.12600000,221.94700000,225.48760000,225.44966667,222.47000000,220.04550000,217.96088889,215.15040000,210.49966667,170.64570000,223.60490078,220.97537348,2.62952730,2.17046771,0.45905959,44.17195482,48.83435671,51.80393372,69.45983527,71.85478143,64.66994297,221.94700000,250.80337180,193.09062820,762104755.22426820,752754939.08707595
2025-10-08,219.98000000,229.72000000,217.30000000,229.02000000,692169444.64124000,9.05000000,4.11419739,5.64596782,227.55200000,224.88100000,218.17400000,221.02300000,224.95320000,225.94666667,222.99142857,220.64400000,218.47288889,216.20640000,211.31750000,171.14825000,224.43799297,221.57127174,2.86672123,2.30971841,0.55700282,56.16691044,54.52716486,54.57545923,70.91352202,71.54102829,69.65850949,221.02300000,247.52135912,194.52464088,705114894.53411424,777254359.48087895
2025-10-09,229.03000000,229.69000000,216.53000000,220.93000000,728443051.98443997,-8.09000000,-3.53244258,5.74597214,226.16600000,225.69900000,218.79600000,220.14300000,224.20000000,226.07066667,223.52314286,221.09975000,219.22244444,216.86620000,211.95533333,171.58870000,223.89830174,221.52377013,2.37453161,2.32268105,0.05185056,45.64645645,49.18996877,51.79705335,62.75640985,68.61282215,51.04358527,220.14300000,245.32988054,194.95611946,766785571.31213212,782619349.60014307
2025-10-10,220.93000000,224.46000000,168.79000000,188.43000000,1933764147.70444012,-32.50000000,-14.71054180,25.19802652,218.14000000,223.67400000,218.50866667,217.59050000,222.36480000,224.88266667,223.09657143,220.79500000,219.05733333,217.02900000,212.18183333,171.82580000,218.44163994,219.07237975,-0.63073981,1.73199688,-2.36273669,23.98704160,34.42345202,42.68715126,51.32552927,62.85039119,28.27580545,217.59050000,244.79262722,190.38837278,1009937596.20873225,908031042.35866296
2025-10-11,188.43000000,191.05000000,172.58000000,177.62000000,1336674581.83676982,-10.81000000,-5.73687842,9.80204851,207.19400000,219.23200000,216.67200000,214.66350000,219.99120000,223.17900000,222.45257143,220.30250000,218.49444444,216.56760000,211.94583333,171.99570000,212.16138764,216.00183310,-3.84044546,0.61750841,-4.45795387,20.16747004,31.04214833,40.23131919,38.48272000,54.72783413,5.99249175,214.66350000,245.77030296,183.55669704,1138024926.51461434,954331895.04397106
2025-10-12,177.63000000,199.00000000,173.00000000,197.00000000,1212033480.30208993,19.38000000,10.91093345,14.63716715,202.60000000,215.45800000,216.24133333,213.49450000,218.07760000,221.67300000,222.18542857,219.98625000,218.10711111,216.42480000,211.87066667,172.29400000,209.82886646,214.59428991,-4.76542345,-0.45907796,-4.30634548,40.53745751,42.15471467,46.03888202,39.28316599,49.57961141,18.69027514,213.49450000,245.44263987,181.54636013,1180616941.29379606,971360848.25903201
2025-10-13,196.99000000,209.28000000,190.02000000,208.69000000,1243650930.49898005,11.69000000,5.93401015,9.77714605,198.53400000,213.04300000,216.09866667,213.26400000,216.52520000,220.55000000,222.03057143,219.93425000,218.18733333,216.47900000,212.14100000,172.64530000,209.65365624,214.15693510,-4.50327886,-1.26791814,-3.23536072,49.80767939,47.70066655,49.14891244,45.46413965,48.20778749,39.97684395,213.26400000,245.28448713,181.24351287,1290913238.46534419,998014066.49972892
2025-10-14,208.69000000,211.25000000,191.03000000,202.44000000,1468181584.29200983,-6.25000000,-2.99487278,9.68901241,194.83600000,210.50100000,215.41133333,212.80600000,215.08160000,219.30600000,221.60857143,219.93725000,218.18155556,216.78380000,212.41966667,173.01005000,208.54386297,213.28901398,-4.74515101,-1.96336472,-2.78178630,45.27882313,45.17453541,47.61781759,46.56546508,47.66034669,44.37570186,212.80600000,245.18671187,180.42528813,1438860944.92685819,1102823258.11949492
2025-10-15,202.45000000,208.91000000,192.04000000,193.84000000,1077459951.29180002,-8.60000000,-4.24817230,8.33292171,195.91800000,207.02900000,214.42200000,212.86100000,213.25600000,217.95700000,220.74485714,219.69925000,218.03088889,216.74340000,212.49033333,173.35635000,206.28173021,211.84834628,-5.56661608,-2.68401499,-2.88260109,39.36815032,41.84785103,45.57910584,43.61515799,46.31195045,38.22157306,212.86100000,245.10163856,180.62036144,1267600105.64433026,1138768850.92653084
2025-10-16,193.84000000,198.42000000,182.03000000,184.85000000,1031907451.90110004,-8.99000000,-4.63784565,8.45542716,197.36400000,202.27900000,211.94266667,211.84500000,211.20360000,216.22000000,219.49114286,219.31650000,217.75377778,216.38140000,212.38800000,173.65650000,202.98454094,209.84846878,-6.86392784,-3.51999756,-3.34393028,33.82866808,38.60579714,43.54546651,37.86281062,43.49557051,26.59729083,211.84500000,246.31008134,177.37991866,1206646679.65719604,1172335803.08590484
2025-10-17,184.84000000,187.55000000,174.06000000,181.96000000,1105131379.71511006,-2.89000000,-1.56342981,7.29820385,194.35600000,198.47800000,208.42400000,210.77000000,209.66680000,214.12400000,217.77057143,218.70675000,217.13844444,215.73200000,212.37166667,173.94360000,199.74999618,207.78265628,-8.03266009,-4.42253006,-3.61013003,32.08697230,37.58465923,42.90333973,32.45041233,39.81385112,17.72353476,210.77000000,247.59659565,173.94340435,1185266259.53980017,1182941600.41679811
2025-10-18,181.97000000,188.26000000,181.75000000,187.56000000,390464630.80473000,5.60000000,3.07759947,3.57751278,190.13000000,194.33200000,205.40533333,209.60650000,208.63720000,212.12600000,216.20428571,218.04300000,216.62266667,215.38160000,212.56066667,174.24805000,197.87461216,206.28468174,-8.41006958,-5.22003797,-3.19003161,39.34808757,40.88967810,44.55645235,32.87245619,37.50005281,23.61726297,209.60650000,247.86756185,171.34543815,1014628999.60095024,1152771119.03314686
2025-10-19,187.55000000,192.29000000,183.19000000,187.86000000,467903351.76605999,0.30000000,0.15994882,4.85203946,187.21400000,191.02500000,202.73866667,208.36200000,207.68760000,210.43700000,214.72142857,217.30925000,216.30133333,215.08480000,212.55933333,174.60025000,196.33390259,204.91989050,-8.58598791,-5.89322796,-2.69275995,39.76212003,41.07203652,44.64604184,35.08624913,36.69545158,31.86784424,208.36200000,247.79380688,168.93019312,814573353.09576011,1126717149.01130891
2025-10-20,187.86000000,194.50000000,183.82000000,189.71000000,603125239.27637005,1.85000000,0.98477590,5.68508464,186.38800000,191.15300000,200.14866667,207.41350000,207.56640000,208.77800000,213.44714286,216.45025000,215.99800000,214.86660000,212.71633333,174.96295000,195.31484066,203.79323194,-8.47839129,-6.41026062,-2.06813067,42.65872300,42.27016082,45.21567625,37.95292426,37.11460914,39.62955449,207.41350000,247.71610029,167.11089971,719706410.69267428,993653258.16850209
2025-10-21,189.71000000,197.71000000,182.72000000,185.63000000,882667767.13180995,-4.08000000,-2.15065099,7.90153392,186.54400000,191.95400000,197.03400000,205.59300000,206.78480000,207.09366667,211.98057143,215.37275000,215.67511111,214.63280000,212.46533333,175.27715000,193.82486517,202.44780735,-8.62294218,-6.85279693,-1.77014525,37.84287179,40.29887169,44.16964822,35.67212070,36.63377966,33.74880278,205.59300000,246.39992671,164.78607329,689858473.73881614,948252576.69800591
2025-10-22,185.62000000,187.45000000,177.04000000,180.12000000,728436136.60218000,-5.51000000,-2.96827021,5.60823187,186.17600000,190.26600000,194.37733333,202.86200000,205.85120000,205.75166667,210.13142857,213.82125000,215.09222222,214.04220000,212.06500000,175.57615000,191.71642437,200.79389570,-9.07747132,-7.29773181,-1.77973951,31.99019229,37.70808923,42.77514157,29.21298143,34.16018025,19.31858378,202.86200000,242.75629169,162.96770831,614519425.11623025,899892842.32801497
2025-10-23,180.13000000,193.45000000,179.68000000,191.35000000,660476128.42060995,11.23000000,6.23473240,7.64447899,186.93400000,188.53200000,191.86600000,200.78750000,205.07200000,205.02000000,208.52714286,212.54550000,214.58644444,213.65380000,211.82116667,176.00335000,191.66005139,200.09434787,-8.43429648,-7.52504474,-0.90925173,50.65499041,45.49854517,46.37569989,36.01286280,34.77774110,38.48310619,200.78750000,238.36593327,163.20906673,668521724.63940620,841575362.12017798
2025-10-24,191.36000000,197.00000000,188.83000000,193.59000000,645504079.80876994,2.24000000,1.17062974,4.26943980,188.08000000,187.64700000,190.04333333,199.07400000,204.30560000,204.41966667,207.24314286,211.39125000,214.06155556,213.47920000,211.92766667,176.43635000,191.95696656,199.61254432,-7.65557776,-7.55115135,-0.10442641,53.69667013,46.94243921,47.06888280,50.73271313,40.09606511,72.00600917,199.07400000,234.51949761,163.62850239,704041870.24794829,759307611.67185402
2025-10-25,193.58000000,195.25000000,191.19000000,193.84000000,314665640.87630999,0.25000000,0.12913890,2.09732410,188.90600000,187.64700000,190.40400000,197.33800000,203.71200000,204.45633333,205.93914286,210.37950000,213.38977778,213.28880000,211.89400000,176.87855000,192.24666402,199.18494845,-6.93828443,-7.42857796,0.49029353,54.07579747,47.11303035,47.14844731,61.70059663,47.29757562,90.50663866,197.33800000,229.99415867,164.68184133,646349950.56793618,683028180.63030505
2025-10-26,193.84000000,202.43000000,191.90000000,200.03000000,509121280.43436998,6.19000000,3.19335534,5.43231531,191.78600000,189.16500000,191.89800000,195.72200000,202.83160000,204.28500000,204.90685714,209.45625000,212.75200000,213.28620000,211.84533333,177.28345000,193.44410032,199.24754486,-5.80344454,-7.10355128,1.30010674,63.06203231,51.33902724,49.12429203,71.31621763,55.30378962,103.34107365,195.72200000,223.98652089,167.45747911,571640653.22844815,630749563.48363197
2025-10-27,200.03000000,205.33000000,197.34000000,198.70000000,708336575.41229999,-1.33000000,-0.66490026,3.99440084,195.50200000,190.83900000,192.01133333,194.65850000,201.39000000,204.12633333,204.28742857,208.30275000,211.78577778,213.13320000,211.58316667,177.71290000,194.25270027,199.20698598,-4.95428571,-6.67369817,1.71941246,60.03323557,50.39514302,48.71596254,73.06553074,61.22436999,96.74785222,194.65850000,220.58543075,168.73156925,567620740.99047220,591070083.05335104
2025-10-28,198.71000000,203.99000000,190.22000000,194.15000000,859454239.36775994,-4.55000000,-2.28988425,6.92969654,196.06200000,191.49800000,191.04200000,192.91500000,199.84240000,203.57033333,203.74028571,206.96900000,210.71400000,212.73400000,211.40100000,178.07660000,194.23690023,198.83239443,-4.59549420,-6.25805737,1.66256318,50.14591285,47.15930480,47.31208354,68.87059890,63.77311296,79.06557079,192.91500000,213.18542076,172.64457924,607416363.17990220,637969043.90965390
2025-10-29,194.16000000,201.70000000,189.37000000,193.88000000,904296220.37263000,-0.27000000,-0.13906773,6.35043263,196.12000000,192.10000000,190.47133333,191.56250000,198.48320000,202.94133333,203.23400000,205.85275000,209.69444444,212.26740000,211.25400000,178.38480000,194.18199250,198.46555039,-4.28355789,-5.86315748,1.57959958,49.56462348,46.96409349,47.22780986,65.75584407,64.43402333,68.39948554,191.56250000,206.99475041,176.13024959,659174791.29267430,681608330.77031100
2025-10-30,193.89000000,198.19000000,178.65000000,184.69000000,951567373.37045002,-9.19000000,-4.74004539,10.07787921,194.29000000,191.59800000,189.86133333,191.37550000,196.72840000,202.14166667,203.00400000,204.48300000,208.59177778,211.47980000,210.98850000,178.66635000,192.72168596,197.44513925,-4.72345329,-5.63521664,0.91176335,33.63809237,40.70732022,44.41777415,52.85101517,60.57302061,37.40700428,191.37550000,207.05621222,175.69478778,786555137.79150224,716452544.17971897
2025-10-31,184.69000000,190.26000000,183.70000000,187.21000000,595975738.67528999,2.52000000,1.36444854,3.55189777,191.72600000,191.75600000,190.01866667,191.85500000,194.92280000,200.98066667,202.49085714,203.25925000,207.48622222,210.64940000,210.82000000,178.95530000,191.87373428,196.68698079,-4.81324651,-5.47082261,0.65757610,39.98385409,42.97973344,45.34821089,45.92866279,55.69156800,26.40285235,191.85500000,206.30266745,177.40733255,803926029.43968618,687783341.33406711
2025-11-01,187.21000000,187.55000000,183.79000000,186.35000000,276116739.23029000,-0.86000000,-0.45937717,2.00843972,189.25600000,192.37900000,190.31133333,191.32250000,193.57800000,199.36766667,202.00200000,202.40850000,206.18644444,209.53280000,210.43166667,179.25650000,191.02392900,195.92127851,-4.89734951,-5.35612799,0.45877849,38.47708662,42.37511198,45.07948397,40.23929843,50.54081148,19.63627233,191.32250000,205.75677627,176.88822373,717482062.20328414,642551401.59687793
2025-11-02,186.35000000,188.34000000,182.00000000,187.71000000,326634314.33352000,1.36000000,0.72980950,3.40220016,187.96800000,192.01500000,190.32133333,190.27350000,191.92560000,197.86333333,201.34142857,201.76875000,204.85777778,208.43940000,210.04733333,179.53840000,190.51409377,195.31303566,-4.79894189,-5.24469077,0.44574889,42.58312353,43.74046513,45.61132684,38.14553928,46.40905408,21.61850969,190.27350000,202.23014673,178.31685327,610918077.19643617,609167220.18816900
2025-11-03,187.71000000,189.13000000,163.15000000,166.06000000,1264049328.01724005,-21.65000000,-11.53374887,13.84049864,182.40400000,189.26200000,188.86800000,188.45450000,189.73080000,195.80333333,200.00742857,200.63025000,203.24733333,206.96540000,209.44300000,179.69455000,186.75192550,193.14614413,-6.39421863,-5.47459634,-0.91962229,18.71843598,30.98920949,39.29094142,27.73002761,40.18271192,2.82465899,188.45450000,203.33055844,173.57844156,682868698.72535825,671021745.00901604
2025-11-04,166.06000000,168.42000000,145.85000000,155.03000000,1304788600.22889996,-11.03000000,-6.64217753,13.59147296,176.47200000,185.38100000,186.55600000,186.51400000,188.39480000,193.35233333,198.47457143,199.68750000,201.37066667,205.37980000,208.63750000,179.79950000,181.87162927,190.32272604,-8.45109678,-6.06989643,-2.38120035,13.94168696,26.66833519,36.59509728,23.63127149,34.66556511,1.56268424,186.51400000,207.35951740,165.66848260,753512944.09704816,770034040.94427502
2025-11-05,155.04000000,163.97000000,147.29000000,162.37000000,731570306.64340997,7.34000000,4.73456750,10.75851393,171.50400000,181.61500000,185.00533333,185.39000000,187.78480000,191.01966667,196.76971429,198.61750000,199.73088889,203.88800000,208.00766667,179.91200000,178.87137861,188.25215374,-9.38077513,-6.73207217,-2.64870296,28.51001924,33.40876108,39.47856767,25.22557189,31.51890070,12.63891426,185.39000000,208.87096833,161.90903167,780631857.69067216,792278943.56517899
2025-11-06,162.37000000,162.91000000,153.45000000,155.28000000,566130762.86117995,-7.09000000,-4.36657018,5.82619942,165.29000000,177.27300000,183.34933333,184.05600000,186.11600000,188.86333333,194.49942857,197.41300000,198.28422222,202.09680000,207.15650000,179.99910000,175.24193575,185.80977199,-10.56783624,-7.49922498,-3.06861125,23.83337821,30.45860782,37.74826061,22.44521862,28.49434001,10.34697584,184.05600000,211.11615319,156.99584681,838634662.41685021,778058362.31006694
2025-11-07,155.27000000,164.48000000,149.82000000,161.79000000,661451643.57886004,6.51000000,4.19242658,9.44161783,160.10600000,174.03700000,181.37866667,182.76750000,184.24000000,186.62233333,192.46942857,196.18700000,197.13955556,200.38260000,206.28450000,180.12525000,173.17240717,184.03052962,-10.85812244,-8.17100448,-2.68711797,35.49242945,36.10982024,40.25706337,25.11505213,27.36791072,20.60933495,182.76750000,211.52598095,154.00901905,905598128.26591814,758258102.73117709
2025-11-08,161.80000000,164.89000000,155.80000000,158.02000000,399996303.16123003,-3.77000000,-2.33018110,5.61804697,158.49800000,170.45100000,179.00733333,181.27550000,182.46320000,184.52533333,190.47400000,194.81875000,195.94888889,198.77240000,205.29800000,180.17140000,170.84126761,182.10382372,-11.26255611,-8.78931480,-2.47324131,32.07992327,34.34650591,39.29997708,25.87794738,26.87125627,23.89132961,181.27550000,211.95370243,150.59729757,732787523.29471612,707828111.01003706
2025-11-09,158.01000000,166.57000000,155.11000000,164.53000000,520708062.09548998,6.51000000,4.11973168,7.25270552,160.39800000,168.43500000,177.05333333,180.01650000,181.29080000,183.72866667,188.64457143,193.71500000,195.32200000,197.27340000,204.30566667,180.23855000,169.87030336,180.80205900,-10.93175564,-9.21780297,-1.71395267,43.36367816,39.87710869,41.79344586,31.63890269,28.46047175,37.99576459,180.01650000,211.29804612,148.73495388,575971415.66803420,664742179.88254094
2025-11-10,164.53000000,170.48000000,163.42000000,167.31000000,607111109.27836001,2.78000000,1.68966146,4.29101076,161.38600000,166.44500000,174.87200000,179.10050000,180.58920000,183.38500000,186.78628571,192.34675000,194.48066667,195.89640000,203.28200000,180.31235000,169.47641054,179.80264722,-10.32623669,-9.43948971,-0.88674697,47.80704731,42.14744168,42.83974638,37.62063630,31.51385993,49.83418904,179.10050000,210.76055119,147.44044881,551079576.19502425,665855716.94284797
2025-11-11,167.31000000,171.94000000,153.93000000,154.63000000,766449925.55291998,-12.68000000,-7.57874604,10.76444923,161.25600000,163.27300000,171.93400000,177.82600000,179.49600000,181.97266667,184.91942857,190.34400000,193.39555556,194.58140000,201.82283333,180.33140000,167.19234738,177.93800669,-10.74565931,-9.70072363,-1.04493568,33.44527980,35.48081278,39.46347220,31.84259302,31.62343763,32.28090381,177.82600000,211.31278759,144.33921241,591143408.73337221,714889035.57511103
2025-11-12,154.63000000,161.14000000,151.20000000,153.42000000,645568636.51880002,-1.21000000,-0.78251310,6.42824808,159.58200000,159.84400000,169.21866667,175.92950000,178.13040000,180.13033333,182.75942857,188.35850000,192.11977778,193.38380000,200.34016667,180.35245000,165.07352470,176.12185804,-11.04833334,-9.97024557,-1.07808777,32.33301168,34.90604764,39.15618764,30.90004477,31.38230667,29.93552095,175.92950000,210.47101886,141.38798114,587966807.32136023,746782467.79363906
2025-11-13,153.43000000,157.20000000,141.04000000,144.73000000,812546000.91323006,-8.69000000,-5.66418981,10.53249039,156.92400000,157.71100000,165.94200000,173.48650000,176.40520000,178.20666667,180.58228571,186.28025000,190.60822222,192.04640000,198.75633333,180.33620000,161.94375167,173.79653522,-11.85278355,-10.34675317,-1.50603038,25.13040372,30.97481660,36.99728474,24.58061237,29.11507524,15.51168663,173.48650000,209.64246058,137.33053942,670476746.87176013,701632135.08323801
2025-11-14,144.74000000,145.68000000,135.76000000,138.92000000,871175641.33120000,-5.81000000,-4.01437159,6.85366865,151.80200000,156.10000000,162.89066667,170.74050000,174.37360000,176.37600000,179.16771429,184.03925000,189.05800000,190.97000000,197.16650000,180.29160000,158.40163603,171.21308817,-12.81145214,-10.83969296,-1.97175918,21.32001915,28.62357788,35.62687571,19.29844399,25.84286482,6.20960233,170.74050000,208.68567290,132.79532710,740570262.71890223,658270839.19346797
2025-11-15,138.93000000,144.69000000,138.61000000,139.61000000,332993047.78324997,0.69000000,0.49668874,4.37630461,146.26200000,153.82400000,159.71733333,167.71950000,172.53280000,174.86800000,178.08171429,181.72075000,187.22622222,189.65880000,195.54400000,180.25810000,155.51061510,168.87211868,-13.36150357,-11.34405509,-2.01744849,22.98421072,29.31868878,35.92101454,16.41270875,22.69947946,3.83916731,167.71950000,205.46637466,129.97262534,685746650.41988015,618413113.30745196
2025-11-16,139.60000000,143.38000000,134.42000000,137.17000000,468359686.65837002,-2.44000000,-1.74772581,6.41833811,142.77000000,152.01300000,156.43866667,164.64300000,170.81480000,173.37500000,176.37228571,179.65075000,185.05800000,188.33300000,193.74950000,180.20625000,152.68898201,166.52381359,-13.83483158,-11.84221039,-1.99262120,21.09116291,28.25710026,35.32540849,13.38494727,19.59463540,0.96557100,164.64300000,201.78316019,127.50283981,626128602.64097023,608636005.68717098
2025-11-17,137.17000000,143.28000000,128.82000000,130.99000000,766512711.10863006,-6.18000000,-4.50535831,10.54166363,138.28400000,148.93300000,152.65733333,161.48500000,168.40040000,171.48933333,174.15228571,177.20000000,182.79466667,186.73620000,191.80766667,180.10695000,149.35067708,163.89167925,-14.54100216,-12.38196874,-2.15903342,16.86848497,25.68720334,33.84236705,10.60078736,16.59668605,-1.39101004,161.48500000,198.80160192,124.16839808,650317417.55893624,619142112.44014800
2025-11-18,131.00000000,142.17000000,129.00000000,140.69000000,757005300.54719996,9.70000000,7.40514543,10.05343511,137.47600000,147.20000000,150.96600000,158.82550000,166.28440000,169.91700000,172.38800000,175.19400000,180.85755556,185.29500000,190.17700000,180.07015000,148.01826523,162.17303634,-14.15477112,-12.73652922,-1.41824190,39.63273851,35.70030936,38.09867190,16.24313467,16.47883559,15.77173284,158.82550000,193.93749793,123.71350207,639209277.48573017,654843012.17874503
2025-11-19,140.68000000,142.84000000,130.53000000,137.06000000,583711754.90349996,-3.63000000,-2.58014073,8.75035542,137.10400000,144.45300000,149.76800000,156.44400000,164.01320000,168.16200000,170.76571429,173.90975000,178.82422222,183.86260000,188.47000000,180.02190000,146.33237827,160.31281143,-13.98043316,-12.98531000,-0.99512316,35.29274310,33.83888780,37.16497712,17.19857711,16.71874943,18.15823246,156.44400000,190.61811356,122.26988644,581716500.20019019,661143381.45954597
2025-11-20,137.06000000,144.80000000,131.11000000,133.67000000,972668410.79627001,-3.39000000,-2.47336933,9.98832628,135.91600000,141.08900000,147.85466667,153.76700000,161.35880000,166.43000000,169.30342857,172.81100000,176.63133333,182.09520000,186.76183333,179.97050000,144.38432007,158.33926984,-13.95494977,-13.17923796,-0.77571181,31.43508173,32.13204784,36.29810403,16.46778078,16.63509321,16.13315591,153.76700000,186.13385901,121.40014099,709651572.80279422,697699111.61133695
2025-11-21,133.67000000,135.06000000,121.66000000,128.68000000,1059214775.74426997,-4.99000000,-3.73307399,10.02468766,134.21800000,138.49400000,146.08133333,150.88350000,158.55800000,164.71533333,167.78114286,171.10300000,174.60266667,179.97400000,185.23350000,179.88030000,141.96827083,156.14228689,-14.17401606,-13.37819358,-0.79582248,26.34800275,29.72447046,35.04264435,17.56265107,16.94427917,18.79939489,150.88350000,181.24129153,120.52570847,827822590.61997426,726975596.63047194
2025-11-22,128.69000000,129.94000000,125.08000000,127.59000000,332301149.10065001,-1.09000000,-0.84706248,3.77651721,133.53800000,135.91100000,143.80133333,147.87750000,155.89560000,162.59000000,166.06771429,169.07550000,172.34866667,177.86900000,183.80500000,179.78385000,139.75622916,154.02730268,-14.27107351,-13.55676956,-0.71430395,25.27582587,29.20305412,34.76854080,19.93768745,17.94208193,23.92889849,147.87750000,174.56577448,121.18922552,740980278.21837819,695648847.88865697
2025-11-23,127.60000000,133.54000000,127.56000000,130.58000000,368727256.45107001,2.99000000,2.34344384,4.68652038,131.51600000,134.49600000,141.97200000,146.10350000,153.36360000,160.48966667,164.43114286,167.27900000,170.34088889,175.92340000,182.45466667,179.70015000,138.34450160,152.29046544,-13.94596384,-13.63460842,-0.31135542,34.10279612,32.73406414,36.19706157,26.14111459,20.67509282,37.07315815,146.10350000,172.41704526,119.78995474,663324669.39915216,651266973.44244099
2025-11-24,130.58000000,139.87000000,128.44000000,138.44000000,632869856.70086002,7.86000000,6.01929851,8.75325471,131.79200000,134.44800000,140.23266667,145.27400000,151.51360000,158.64300000,162.96628571,165.89400000,169.23000000,174.12100000,181.54966667,179.57005000,138.35919366,151.26450504,-12.90531138,-13.48874901,0.58343764,51.99217235,41.15115965,39.81257510,41.59911817,27.64976793,69.49781864,145.27400000,171.44830673,119.09969327,673156289.75862432,627436394.97940707
2025-11-25,138.43000000,140.50000000,133.13000000,138.96000000,409226323.33043998,0.52000000,0.37561398,5.32399046,132.85000000,134.38300000,138.34266667,144.10350000,149.58360000,156.60733333,161.63285714,164.74675000,168.37088889,172.25320000,180.44616667,179.40095000,138.45162541,150.35306022,-11.90143481,-13.17128617,1.26985136,53.00501452,41.67786753,40.04710793,52.65351756,35.98435114,85.99185039,144.10350000,169.12723633,119.07976367,560467872.26545823,635059722.53412604
2025-11-26,138.96000000,144.75000000,135.50000000,143.02000000,562094537.22552001,4.06000000,2.92170409,6.65659182,135.71800000,134.96800000,137.56866667,143.49050000,147.85040000,154.75133333,160.57285714,163.77325000,167.17133333,170.71420000,179.43883333,179.22660000,139.15445227,149.80987057,-10.65541831,-12.66811260,2.01269429,60.76121769,45.80901065,41.89187215,65.87157581,45.94675936,105.72120870,143.49050000,167.95587616,119.02512384,461043824.56170827,644433207.59084105
2025-11-27,143.01000000,144.29000000,140.47000000,140.85000000,331918081.73149002,-2.17000000,-1.51727031,2.67114188,138.37000000,135.95400000,136.73066667,142.44350000,145.97600000,152.97466667,159.13000000,162.60550000,165.66377778,168.95080000,178.27250000,179.06490000,139.41530576,149.14617646,-9.73087069,-12.08066422,2.34979352,54.94499845,43.99209908,41.18508635,71.55771432,54.48374435,105.70565427,142.44350000,165.35436093,119.53263907,460967211.08787620,600973744.65312696
2025-11-28,140.85000000,143.60000000,136.01000000,137.33000000,490598696.88362998,-3.52000000,-2.49911253,5.38871140,139.72000000,135.61800000,136.23733333,141.40900000,144.82680000,151.08966667,157.52257143,161.34225000,164.21688889,167.27880000,177.01550000,178.88045000,139.09448949,148.27090413,-9.17641463,-11.49981430,2.32339967,46.31517711,41.10694152,40.04158766,70.27788849,59.74845906,91.33674734,141.40900000,163.19952223,119.61847777,485341499.17438823,574333084.28676999
2025-11-29,137.33000000,138.10000000,134.76000000,135.91000000,254173125.62851000,-1.42000000,-1.03400568,2.43209787,139.21400000,135.50300000,136.03666667,139.97800000,144.06200000,149.46366667,155.86742857,159.99725000,162.92955556,166.22840000,175.80266667,178.64125000,138.60456803,147.35528160,-8.75071357,-10.94999415,2.19928059,43.04253574,39.95378819,39.57900469,67.42360171,62.30683995,77.65712524,139.97800000,158.95239116,121.00360884,409602152.95991820,541379221.35927105
2025-11-30,135.92000000,140.19000000,133.26000000,133.48000000,357882224.67242998,-2.43000000,-1.78794791,5.09858740,138.11800000,135.48400000,135.62800000,138.28650000,142.90640000,147.67266667,153.96600000,158.69350000,161.78800000,165.34560000,174.32666667,178.42545000,137.81617295,146.32748296,-8.51131001,-10.46225733,1.95094731,37.58837633,37.96555146,38.77902930,59.18394325,61.26587438,55.02008099,138.28650000,152.41443466,124.15856534,399333333.22831619,479900602.74688703
2025-12-01,133.48000000,133.74000000,123.11000000,126.66000000,635198829.37354004,-6.82000000,-5.10937968,7.96373989,134.84600000,135.28200000,134.92733333,136.88800000,141.76160000,145.68300000,151.90771429,157.35700000,160.55911111,163.93880000,172.52533333,178.21295000,136.09983865,144.87063237,-8.77079372,-10.12396460,1.35317088,26.34516727,32.94585381,36.61184956,44.92423081,55.81865986,23.13537271,136.88800000,149.67814851,124.09785149,413954191.65792018,437499008.10981399
2025-12-02,126.66000000,140.88000000,126.01000000,138.68000000,675106831.85338998,12.02000000,9.48997316,11.74009158,134.41200000,136.39100000,135.44000000,136.15100000,140.83720000,144.04866667,150.32285714,156.04025000,159.47288889,162.53860000,170.95600000,178.06935000,136.49678655,144.41206701,-7.91528046,-9.68222778,1.76694731,54.88530580,46.53684384,42.51958936,53.93285134,55.19005702,51.41844000,136.15100000,146.37052085,125.93147915,482591941.68230021,471779576.38508809
2025-12-03,138.67000000,146.08000000,137.76000000,144.67000000,560511341.40006006,5.99000000,4.31929622,5.99985577,135.88000000,137.80000000,135.70533333,136.14800000,140.30320000,143.33566667,148.91685714,154.81725000,158.51311111,161.38320000,169.56950000,177.96300000,137.75420400,144.43117316,-6.67696915,-9.08117605,2.40420690,63.37252487,51.84317355,45.17655164,67.24242041,59.20751148,83.31223828,136.14800000,146.35694675,125.93905325,496574470.58558619,490957984.87998706
2025-12-04,144.67000000,146.91000000,137.80000000,139.01000000,383629221.93813002,-5.66000000,-3.91235225,6.29708993,136.50000000,137.85700000,135.83533333,136.15250000,139.28240000,142.80166667,147.61171429,153.44650000,157.38644444,160.28660000,168.07700000,177.79155000,137.94740339,144.02960478,-6.08220139,-8.48138112,2.39917973,52.23095865,47.03139463,43.20732406,67.09718784,61.83740360,77.61675631,136.15250000,146.36666947,125.93833053,522465689.84751022,466033921.40371400
2025-12-05,139.01000000,140.75000000,130.73000000,133.29000000,457172027.12607998,-5.72000000,-4.11481188,7.20811452,136.46200000,137.29000000,135.81000000,135.83650000,137.92160000,141.83233333,146.07114286,151.77800000,156.22333333,159.25540000,166.42600000,177.62370000,137.23087979,143.23407850,-6.00319871,-7.98574464,1.98254593,43.05189552,42.66562919,41.30849775,58.98916164,60.88798962,55.19150569,135.83650000,145.99116141,125.68183859,542323650.33824027,470828491.78327799
2025-12-06,133.29000000,134.13000000,131.28000000,132.19000000,178276609.96259999,-1.10000000,-0.82526821,2.13819491,137.56800000,136.20700000,136.04400000,135.58750000,137.02400000,141.06266667,144.52371429,150.11525000,155.15822222,158.26000000,164.96300000,177.44170000,136.45535982,142.41599861,-5.96063879,-7.58072347,1.62008468,41.37395968,41.85062524,40.94739219,52.04319460,57.93972461,40.25013457,135.58750000,145.84815736,125.32684264,450939206.45605218,432446699.05698597
2025-12-07,132.20000000,136.35000000,127.70000000,132.24000000,413797116.36681002,0.05000000,0.03782434,6.54311649,136.28000000,135.34600000,136.35400000,135.65000000,136.17680000,140.07766667,142.93885714,148.56750000,153.84466667,157.15360000,163.35000000,177.23525000,135.80684293,141.66222093,-5.85537801,-7.23565437,1.38027637,41.49832804,41.90565294,40.97186673,47.48257791,54.45400904,33.53971564,135.65000000,145.80745306,125.49254694,398677263.35873616,440634602.52051800
2025-12-08,132.25000000,139.36000000,131.52000000,133.25000000,440265638.92837000,1.01000000,0.76376286,5.92816635,133.99600000,134.93800000,136.53200000,135.27800000,135.71760000,139.25200000,142.00142857,147.05175000,152.50377778,156.06140000,161.88866667,177.00310000,135.41348248,141.03909346,-5.62561098,-6.91364570,1.28803472,44.35949394,43.09236867,41.48306785,45.85673261,51.58825023,34.39369737,135.27800000,145.20050520,125.35549480,374628122.86439818,435601296.72499198
2025-12-09,133.24000000,144.93000000,131.62000000,137.88000000,623533690.78880000,4.63000000,3.47467167,9.98949264,133.77000000,135.13500000,136.49466667,135.31900000,135.67600000,138.36366667,141.51142857,145.88150000,151.26022222,155.02480000,161.04616667,176.82245000,135.79294671,140.80508653,-5.01213982,-6.53334452,1.52120470,56.15540923,48.36695871,43.81077742,51.25742958,51.47797668,50.81633539,135.31900000,145.27921327,125.35878673,422609016.63453221,472537353.24102098
2025-12-10,137.87000000,142.57000000,135.39000000,136.26000000,624546006.02724004,-1.62000000,-1.17493473,5.20780445,134.36400000,135.41300000,136.31466667,135.44850000,135.54200000,137.32866667,140.76542857,144.60775000,149.84311111,154.03740000,160.35683333,176.62440000,135.86480106,140.46841346,-4.60361239,-6.14739810,1.54378570,51.56539345,46.71427261,43.18360982,50.51930712,51.15842016,49.24108104,135.44850000,145.38576273,125.51123727,456083812.41476423,499203731.37650204
2025-12-11,136.26000000,137.79000000,129.00000000,136.41000000,581262368.19525003,0.15000000,0.11008366,6.45090269,135.20800000,136.38800000,135.87400000,135.83500000,135.51160000,136.72133333,140.22628571,143.35925000,148.45888889,153.16320000,159.34700000,176.42775000,135.94867782,140.16779024,-4.21911242,-5.76174096,1.54262854,52.00131606,46.89755507,43.26208560,48.79319416,50.37001150,45.63955950,135.83500000,145.25147940,126.41852060,536680964.06129420,493810085.25867301
2025-12-12,136.41000000,140.12000000,130.35000000,132.27000000,542914566.18939996,-4.14000000,-3.03496811,7.16223151,135.21400000,135.74700000,135.30200000,136.06900000,135.56280000,136.01633333,139.38285714,141.97325000,147.08377778,151.98160000,158.07333333,176.21455000,135.38272739,139.58276874,-4.20004135,-5.44940104,1.24935969,40.05994267,42.49646306,41.60699830,40.45869373,47.06623891,27.24360338,136.06900000,144.83276487,127.30523513,562504454.02581227,480590858.69227397
2025-12-13,132.28000000,134.28000000,131.60000000,133.14000000,195790564.90788001,0.87000000,0.65774552,2.02600544,135.19200000,134.59400000,135.02266667,136.19700000,135.26080000,135.63000000,138.67200000,141.15025000,145.73400000,150.77260000,156.91833333,175.99670000,135.03769241,139.10552661,-4.06783421,-5.17308767,1.10525347,43.34096563,43.70752965,42.09278814,37.49674185,43.87640655,24.73741243,136.19700000,144.69392477,127.70007523,513609439.22171420,444118781.04305601
2025-12-14,133.13000000,133.66000000,127.98000000,129.40000000,227172804.50154999,-3.74000000,-2.80907316,4.26650642,133.49600000,133.63300000,134.58866667,135.74500000,134.95440000,135.31266667,137.66828571,140.50950000,144.50533333,149.48380000,155.84433333,175.78265000,134.17035511,138.38659871,-4.21624360,-4.98171886,0.76547526,33.79742847,39.77868546,40.57846352,28.28666520,38.67982610,7.50034339,135.74500000,144.68952258,126.80047742,434337261.96426421,428473139.29939801
2025-12-15,129.39000000,135.43000000,123.63000000,127.81000000,505572419.27462000,-1.59000000,-1.22874807,9.11971559,131.80600000,133.08500000,134.21066667,135.18750000,134.72000000,134.91933333,136.53971429,139.64550000,143.18533333,148.03940000,154.89366667,175.58815000,133.19183894,137.60314696,-4.41130802,-4.86763669,0.45632867,30.38420000,38.18671527,39.94102339,25.39924785,34.25296668,7.69181017,135.18750000,144.66248840,125.71251160,410542544.61374015,433313178.51425201
2025-12-16,127.81000000,130.14000000,124.87000000,129.15000000,368318615.17013001,1.34000000,1.04843127,4.12330804,130.35400000,132.78100000,134.37666667,134.49400000,134.73880000,134.65200000,135.81171429,138.99225000,141.91422222,146.64840000,154.01350000,175.45290000,132.57001757,136.97698792,-4.40697036,-4.77550342,0.36853307,36.83545211,40.38037849,40.75940209,25.57132955,31.35908764,13.99581337,134.49400000,143.57744567,125.41055433,367953794.00871623,452317379.03500497
2025-12-17,129.15000000,133.99000000,121.36000000,123.27000000,574312574.39111996,-5.88000000,-4.55284553,9.77932636,128.55400000,131.88400000,133.34933333,133.61500000,134.56600000,134.39466667,134.95028571,138.02925000,140.48222222,145.23080000,152.94200000,175.28700000,131.13924563,135.96165548,-4.82240985,-4.78488471,-0.03752514,24.75556618,34.51660377,38.36567224,19.74872684,27.48896737,4.26824578,133.61500000,143.47768139,123.75231861,374233395.64906013,468368924.83743602
2025-12-18,123.28000000,129.05000000,116.88000000,119.60000000,589276513.97563004,-3.67000000,-2.97720451,9.87183647,125.84600000,130.51900000,131.67800000,132.72850000,134.12680000,133.69166667,134.23228571,137.06875000,139.44977778,143.74520000,151.80433333,175.09660000,129.36397707,134.74968100,-5.38570393,-4.90504855,-0.48065538,19.87406392,31.41087044,36.95228623,16.69507701,23.89100392,2.30322319,132.72850000,144.23543754,121.22156246,452930585.46261013,483270012.34216201
2025-12-19,119.60000000,127.87000000,117.61000000,126.27000000,508624593.21844000,6.67000000,5.57692308,8.57859532,125.22000000,129.35800000,130.82866667,132.24650000,133.64000000,133.33200000,133.87085714,136.11225000,138.81066667,142.57680000,150.74700000,174.94380000,128.88798060,134.12155649,-5.23357588,-4.97075402,-0.26282187,43.96994053,41.79448527,41.06948104,24.59820969,24.12673917,25.54115071,132.24650000,143.99732935,120.49567065,509220943.20598823,471779102.58512604
2025-12-20,126.27000000,126.89000000,125.30000000,125.81000000,155070613.06538999,-0.46000000,-0.36429872,1.25920646,124.82000000,128.31300000,130.33000000,131.86300000,133.11400000,133.07000000,133.47657143,135.07475000,137.99822222,141.34880000,149.75000000,174.79690000,128.41444512,133.50588563,-5.09144051,-4.99489132,-0.09654919,42.90220794,41.32381770,40.87737964,29.20718282,25.82022039,35.98110768,131.86300000,143.94042583,119.78557417,439120581.96414214,424831563.28894103
2025-12-21,125.80000000,126.62000000,123.40000000,126.03000000,227009325.56382000,0.22000000,0.17486686,2.55961844,124.19600000,127.27500000,129.91933333,131.83150000,132.43440000,132.98166667,133.15828571,134.35975000,137.34822222,140.14240000,148.84850000,174.66075000,128.04760741,132.95211633,-4.90450892,-4.97681484,0.07230592,43.68701208,41.66655889,41.01506909,35.91350373,29.18464817,49.37121485,131.83150000,143.96919990,119.69380010,410858724.04288018,389406259.02579796
2025-12-22,126.03000000,128.78000000,124.20000000,125.93000000,337356985.61644000,-0.10000000,-0.07934619,3.63405538,124.72800000,126.64100000,129.49866667,131.19400000,131.83760000,132.92633333,133.01371429,133.67250000,136.55133333,138.90680000,147.75816667,174.56895000,127.72182166,132.43195956,-4.71013791,-4.92347945,0.21334154,43.36191803,41.54622115,40.96981355,40.20468982,32.85799539,54.89807868,131.19400000,143.15521346,119.23278654,363467606.28794420,368850500.96850193
2025-12-23,125.93000000,126.93000000,122.16000000,124.01000000,303158690.00044000,-1.92000000,-1.52465656,3.78781863,125.61000000,125.72800000,128.88266667,130.16100000,131.30480000,132.70733333,132.53714286,133.15450000,135.79555556,138.06580000,146.59850000,174.44985000,127.15077217,131.80811071,-4.65733854,-4.87025127,0.21291273,37.01557358,39.17633327,40.08371739,39.61534577,35.11044552,48.62514629,130.16100000,140.70664994,119.61535006,306244041.49290621,379587313.47775799
2025-12-24,124.02000000,124.30000000,120.63000000,122.53000000,196266334.88911000,-1.48000000,-1.19345214,2.95920013,124.86200000,125.04100000,127.85933333,129.33700000,130.76960000,132.17700000,132.12200000,132.74475000,134.86222222,137.41580000,145.41000000,174.31220000,126.43988414,131.12084325,-4.68095910,-4.83239283,0.15143373,32.60190368,37.38316366,39.39832617,37.41743878,35.87944327,40.49342979,129.33700000,139.54121812,119.13278188,243772389.82704020,376496666.51651400
2025-12-25,122.52000000,124.46000000,119.71000000,120.06000000,222666013.39610001,-2.47000000,-2.01583286,3.87691805,123.71200000,124.26600000,126.77933333,128.67550000,130.23280000,131.54700000,131.73314286,132.25600000,133.81222222,136.56960000,144.07716667,174.15025000,125.45836351,130.30152152,-4.84315802,-4.83454587,-0.00861215,26.31735508,34.50751961,38.25906438,31.14016666,34.29968440,24.82113119,128.67550000,139.49734628,117.85365372,257291469.89318219,348206025.92866200
2025-12-26,120.05000000,125.14000000,119.24000000,122.26000000,407793789.60079998,2.20000000,1.83241712,4.91461891,122.95800000,123.57700000,125.83600000,128.17900000,130.05680000,130.85500000,131.54971429,131.88325000,133.09288889,135.90920000,142.80316667,173.95575000,124.96630758,129.70585326,-4.73954568,-4.81554583,0.07600015,38.90498290,39.06222174,39.87494902,35.49579996,34.69838959,37.09062071,128.17900000,139.23065270,117.12734730,293448362.70057821,352153543.37172902
2025-12-27,122.27000000,125.08000000,121.86000000,124.73000000,167427635.64651000,2.47000000,2.02028464,2.63351599,122.71800000,123.72300000,125.33333333,127.80350000,129.49880000,130.31766667,131.46800000,131.72675000,132.45533333,135.16800000,141.64616667,173.75380000,124.92995257,129.33727154,-4.40731897,-4.73390046,0.32658149,50.33580799,43.84540148,41.66363533,44.91125548,38.10267822,58.52841000,127.80350000,138.78428949,116.82271051,259462492.70659217,311465049.49726802
2025-12-28,124.74000000,125.64000000,123.08000000,125.27000000,227049720.92228001,0.54000000,0.43293514,2.05226872,122.97000000,124.29000000,124.80866667,127.40450000,128.72280000,129.91566667,131.31628571,131.34125000,132.02288889,134.51300000,140.50266667,173.57530000,124.98226756,129.03599217,-4.05372461,-4.59786529,0.54414068,52.65952100,44.87732086,42.05687818,51.01001938,42.40512527,68.21980759,127.40450000,138.12893835,116.68006165,244240698.89096022,275242370.19193304
